,,,,Redraft,,,,,,2 QB,Dynasty,Dynasty 2 QB,AAV,,Health Report,
Rank,Name,Team,Pos,Fantrax,Sleeper,ESPN,MFL,NFFC,Yahoo,Sleeper,Sleeper,Sleeper,MFL,ESPN,Status,Injury
1,Jahmyr Gibbs,DET,RB,1.45,1.70,1.78,3.21,1.62,1.80,2.10,2.80,3.50,,63.70,Ques,Back
2,Bijan Robinson,ATL,RB,1.82,2.70,2.68,2.83,1.62,1.70,1.70,1.00,2.00,,62.01,,
3,Ja'Marr Chase,CIN,WR,3.16,3.40,4.62,3.96,3.21,3.20,4.30,4.80,1.50,26.40,57.84,,
4,Puka Nacua,LAR,WR,4.42,4.00,3.67,6.64,4.48,4.50,5.50,6.10,5.50,,58.83,,
5,Christian McCaffrey,SF,RB,5.45,5.60,6.35,17.10,6.62,5.60,7.80,8.90,26.00,28.08,53.01,,
6,Jaxon Smith-Njigba,SEA,WR,5.56,6.80,5.76,7.32,5.73,6.10,6.10,8.70,6.00,,54.77,,
7,Jonathan Taylor,IND,RB,7.71,7.00,8.19,14.37,8.41,7.10,8.90,3.00,16.00,17.75,50.57,,
8,CeeDee Lamb,DAL,WR,12.05,8.30,10.58,14.87,11.71,9.80,12.40,11.80,13.50,30.38,47.58,,
9,Amon-Ra St. Brown,DET,WR,7.98,8.40,8.21,11.05,7.62,8.70,11.60,10.90,8.50,19.61,51.58,,
10,Justin Jefferson,MIN,WR,11.84,10.70,12.00,14.67,12.72,12.20,15.00,7.10,12.00,27.38,46.34,,
11,James Cook,BUF,RB,10.82,11.00,13.45,18.74,11.58,9.90,14.70,5.40,19.50,19.26,42.58,,
12,De'Von Achane,MIA,RB,13.08,12.40,12.32,20.51,14.38,15.30,19.40,14.20,8.00,,45.36,,
13,Ashton Jeanty,LV,RB,9.89,13.50,17.61,14.33,10.72,13.30,17.40,15.90,7.50,,38.39,,
14,Saquon Barkley,PHI,RB,16.82,14.80,17.04,28.74,17.98,13.50,25.40,13.10,36.00,23.74,36.85,,
15,Drake London,ATL,WR,18.84,15.50,19.35,22.64,18.69,17.30,22.50,16.70,15.50,13.36,37.83,,
16,Omarion Hampton,LAC,RB,15.61,16.80,21.42,22.82,14.45,18.70,23.60,17.70,10.00,,36.28,,
17,Trey McBride,ARI,TE,24.16,17.30,18.83,17.47,22.75,23.80,18.00,19.80,24.00,17.77,35.58,,
18,Chase Brown,CIN,RB,14.35,17.70,26.27,29.61,15.63,16.80,26.60,26.90,22.00,,31.74,,
19,A.J. Brown,NE,WR,17.81,19.00,26.77,31.98,24.90,26.20,26.90,17.80,50.00,20.39,29.37,,
20,Kenneth Walker,KC,RB,18.42,20.80,25.92,30.98,19.65,19.30,24.00,12.20,31.50,14.72,30.21,,
21,Brock Bowers,LV,TE,16.24,21.30,23.45,16.61,22.35,20.20,21.90,23.20,23.50,,30.91,,
22,Derrick Henry,BAL,RB,21.87,22.80,20.79,33.88,23.63,18.90,33.50,21.50,48.00,26.34,33.79,,
23,George Pickens,DAL,WR,26.66,23.40,28.18,31.51,25.18,22.40,32.30,27.00,26.50,11.70,26.57,,
24,Josh Allen,BUF,QB,32.46,24.30,22.61,6.22,27.93,19.30,3.40,20.40,18.00,26.09,28.74,,
25,Jeremiyah Love,ARI,RB,30.07,25.10,18.85,5.29,24.82,26.90,31.40,22.60,4.00,37.07,38.48,,
26,Nico Collins,HOU,WR,23.31,26.10,27.75,34.98,24.79,21.30,29.30,25.30,32.00,21.49,28.20,,
27,Rashee Rice,KC,WR,26.77,26.80,22.18,37.69,28.60,32.90,37.80,29.30,46.00,12.72,34.53,,
28,Malik Nabers,NYG,WR,35.24,28.60,40.39,30.59,33.87,35.60,35.60,24.40,14.00,,21.18,Ques,Knee - ACL
29,Josh Jacobs,GB,RB,40.45,29.00,27.55,48.89,36.31,30.50,39.00,30.50,43.50,19.65,28.86,,
30,Chris Olave,NO,WR,28.21,30.30,35.24,39.54,29.43,32.00,35.40,28.60,30.00,13.65,24.34,,
31,Kyren Williams,LAR,RB,28.44,31.20,41.19,37.89,32.50,30.10,46.20,32.20,37.50,26.12,21.33,,
32,Breece Hall,NYJ,RB,31.18,32.40,36.18,41.08,33.02,37.90,44.90,33.00,28.00,12.89,24.35,,
33,Lamar Jackson,BAL,QB,48.13,33.60,40.06,17.50,53.63,34.80,10.40,34.00,20.00,26.35,14.42,,
34,Tetairoa McMillan,CAR,WR,37.50,34.30,40.54,41.80,36.17,39.60,44.40,35.40,25.50,,20.54,,
35,Tee Higgins,CIN,WR,37.55,35.50,56.95,54.04,37.92,34.00,49.70,31.60,68.00,9.94,12.97,,
36,Bucky Irving,TB,RB,58.31,36.00,55.20,57.38,52.09,51.30,50.30,38.90,41.50,,15.15,,
37,Javonte Williams,DAL,RB,32.58,37.10,38.16,48.89,35.59,35.00,52.10,42.00,44.00,17.70,23.45,,
38,DeVonta Smith,PHI,WR,29.43,38.60,38.49,41.98,36.32,29.50,53.20,40.40,67.50,21.26,20.32,,
39,Emeka Egbuka,TB,WR,40.55,39.30,42.55,41.33,39.80,46.20,55.00,37.30,29.50,,19.07,,
40,Travis Etienne,NO,RB,35.97,40.20,48.65,52.46,38.68,42.20,56.90,47.20,62.00,15.63,17.30,,
41,Colston Loveland,CHI,TE,43.81,41.60,45.47,40.80,46.20,38.90,40.10,39.00,38.00,,13.66,,
42,Ladd McConkey,LAC,WR,57.05,42.80,53.10,46.25,41.08,46.10,57.80,50.00,40.00,,14.43,,
43,Garrett Wilson,NYJ,WR,38.87,43.80,35.68,41.69,39.07,47.60,51.20,35.10,35.50,12.38,24.23,,
44,Zay Flowers,BAL,WR,37.79,44.00,43.41,47.24,37.52,40.30,53.70,44.90,71.50,,19.15,,
45,Cam Skattebo,NYG,RB,42.53,44.60,42.95,49.33,46.17,41.50,60.80,41.70,53.50,,18.88,,
46,Tyler Warren,IND,TE,54.31,46.60,47.04,44.69,61.33,48.50,47.80,51.30,33.50,,13.16,,
47,Jaylen Waddle,DEN,WR,46.35,47.60,59.41,58.49,47.84,45.50,58.90,43.80,70.00,17.40,12.27,,
48,Drake Maye,NE,QB,54.50,48.60,47.79,17.59,55.91,46.30,8.30,46.90,21.50,,11.09,,
49,Luther Burden,CHI,WR,48.03,49.10,76.79,62.98,45.35,58.00,59.10,48.40,47.50,,7.93,,
50,TreVeyon Henderson,NE,RB,45.85,50.20,69.08,55.16,50.16,57.70,62.90,52.10,17.50,,8.79,,
51,Davante Adams,LAR,WR,48.85,51.00,46.50,62.42,51.65,49.10,62.10,49.30,91.50,16.02,16.03,,
52,Quinshon Judkins,CLE,RB,54.13,52.50,53.27,51.50,53.57,53.70,66.10,53.80,34.00,,16.22,,
53,Joe Burrow,CIN,QB,56.33,53.60,59.96,25.65,54.25,45.20,13.40,44.00,11.50,16.01,8.25,,
54,David Montgomery,HOU,RB,51.27,53.80,74.40,69.72,51.94,54.80,71.40,59.50,76.00,16.74,8.19,,
55,Mike Evans,SF,WR,60.66,55.90,88.25,72.46,56.17,65.20,71.30,62.20,95.50,15.66,5.62,Ques,Quadriceps
56,Terry McLaurin,WAS,WR,52.44,56.70,61.02,66.40,50.18,55.00,69.40,60.70,88.00,11.79,12.43,,
57,Jameson Williams,DET,WR,53.77,57.90,67.00,62.84,51.58,63.60,67.30,55.80,69.50,8.60,10.22,,
58,D'Andre Swift,CHI,RB,50.60,58.80,71.90,62.63,54.56,50.00,73.80,58.70,72.00,20.60,8.11,,
59,DJ Moore,BUF,WR,58.15,59.00,70.70,68.44,61.30,65.70,77.40,61.00,93.50,15.20,8.65,,
60,Bhayshul Tuten,JAX,RB,63.08,60.10,77.91,66.76,63.40,64.30,76.20,56.70,66.00,,8.24,,
61,Carnell Tate,TEN,WR,66.23,61.80,69.21,11.46,64.53,77.60,78.50,66.40,42.00,32.43,8.67,,
62,Jalen Hurts,PHI,QB,70.47,62.30,54.28,35.98,77.19,56.10,28.50,53.50,51.50,15.08,9.43,,
63,Jayden Daniels,WAS,QB,63.19,62.90,51.99,33.18,70.27,52.90,16.30,57.30,49.50,,9.74,,
64,Harold Fannin,CLE,TE,72.50,64.20,76.72,66.05,84.70,71.50,70.60,67.40,44.50,6.86,5.20,,
65,Sam LaPorta,DET,TE,90.68,65.90,67.68,67.47,98.13,65.40,74.80,62.50,74.00,7.54,6.06,,
66,Rome Odunze,CHI,WR,62.53,66.20,71.57,64.48,59.34,69.70,80.20,70.90,52.00,,8.17,,
67,Tucker Kraft,GB,TE,75.24,67.50,103.97,63.93,84.79,60.60,75.50,68.00,58.00,11.02,2.88,Ques,Knee - ACL
68,Kyle Pitts,ATL,TE,83.11,68.30,65.87,64.88,87.49,73.80,79.60,74.00,75.50,13.14,6.37,,
69,Christian Watson,GB,WR,59.50,69.10,99.86,69.38,56.18,69.90,80.40,71.90,79.50,10.33,3.33,,
70,Jadarian Price,SEA,RB,66.97,70.80,78.39,13.34,73.41,65.90,93.40,87.50,64.00,28.39,9.05,,
71,Brian Thomas,JAX,WR,69.97,71.00,103.42,64.96,72.44,86.30,89.60,80.60,60.00,,2.74,,
72,DK Metcalf,PIT,WR,80.00,71.10,87.61,83.44,73.31,86.20,89.70,79.10,89.50,11.59,4.70,,
73,Jaylen Warren,PIT,RB,73.16,73.70,102.84,75.82,71.68,75.70,86.50,78.20,77.50,11.58,2.85,,
74,Caleb Williams,CHI,QB,65.98,74.30,91.69,31.93,72.84,71.70,20.80,69.40,56.00,,3.73,,
75,RJ Harvey,DEN,RB,71.16,75.60,125.97,80.76,78.26,95.50,83.90,65.10,59.50,,1.56,,
76,Jordyn Tyson,NO,WR,82.87,76.90,97.81,15.25,81.32,91.20,88.20,75.20,55.50,33.89,3.55,,
77,Chuba Hubbard,CAR,RB,88.85,77.50,111.40,80.76,76.68,70.40,100.20,96.60,84.00,10.58,2.29,,
78,Marvin Harrison,ARI,WR,73.16,78.00,89.68,73.90,69.89,79.30,94.40,86.90,62.50,,4.84,,
79,Makai Lemon,PHI,WR,90.00,79.60,110.16,17.09,92.99,98.80,98.80,83.80,73.50,28.13,2.48,Ques,Undisclosed
80,Courtland Sutton,DEN,WR,74.89,80.10,85.83,92.02,75.09,97.30,95.00,84.20,114.00,7.53,4.90,,
81,Jaxson Dart,NYG,QB,90.73,80.60,74.58,53.67,90.08,77.70,34.20,77.60,57.50,,5.03,,
82,Michael Wilson,ARI,WR,93.15,82.00,106.50,99.82,87.32,102.20,98.30,89.60,86.00,8.15,2.51,,
83,Justin Herbert,LAC,QB,78.84,83.70,108.36,41.75,77.36,66.60,30.00,76.60,39.50,16.36,3.22,,
84,Dak Prescott,DAL,QB,76.63,84.50,89.18,51.57,82.46,76.70,42.90,85.50,124.00,11.19,4.12,,
85,Rico Dowdle,PIT,RB,92.23,85.10,108.33,91.80,91.88,84.10,103.70,109.70,102.00,8.16,2.43,,
86,Rhamondre Stevenson,NE,RB,82.76,86.40,112.42,91.66,83.08,84.70,96.90,93.70,109.50,8.97,1.90,,
87,Tony Pollard,TEN,RB,82.50,87.70,88.76,86.77,82.88,87.40,101.70,101.80,142.00,12.41,4.90,,
88,Parker Washington,JAX,WR,82.56,88.70,102.65,90.49,78.53,94.60,102.70,102.50,97.50,11.30,3.00,,
89,J.K. Dobbins,DEN,RB,94.89,89.90,122.13,97.64,101.73,100.30,111.40,120.20,118.00,8.55,1.63,,
90,Alec Pierce,IND,WR,80.97,90.00,96.00,85.87,77.39,81.60,114.40,112.80,92.00,13.02,3.92,PUP-P,Ankle
91,Dalton Kincaid,BUF,TE,124.23,91.20,136.17,106.98,124.37,99.70,97.50,88.70,80.00,4.71,1.16,,
92,George Kittle,SF,TE,108.60,92.60,94.15,86.43,119.81,90.40,106.50,116.90,108.00,9.23,3.05,PUP-P,Achilles
93,Chris Godwin,TB,WR,90.73,93.90,143.81,95.28,96.18,97.90,112.30,124.00,156.00,10.68,1.42,,
94,Jakobi Meyers,JAX,WR,104.55,94.80,114.26,111.03,97.15,125.40,113.00,105.50,130.00,6.52,1.82,,
95,Kyle Monangai,CHI,RB,92.85,95.30,130.50,95.29,92.44,96.30,107.10,94.60,82.00,8.50,1.48,,
96,Travis Kelce,KC,TE,120.56,96.90,101.51,95.70,123.14,95.70,104.30,125.50,151.50,6.19,2.55,,
97,Trevor Lawrence,JAX,QB,87.45,97.40,95.01,50.31,81.62,86.10,38.00,90.00,94.00,15.05,3.16,,
98,Jake Ferguson,DAL,TE,106.90,98.10,110.41,105.43,118.75,112.60,110.60,113.80,107.50,4.22,1.95,,
99,Matthew Stafford,LAR,QB,87.58,98.40,78.47,58.85,92.70,100.60,64.80,107.70,143.50,13.00,4.79,,
100,Jordan Addison,MIN,WR,106.39,100.70,121.75,107.88,106.56,120.30,119.60,121.30,80.50,6.42,1.69,,
101,Michael Pittman,PIT,WR,99.68,101.00,90.32,105.25,91.50,120.30,120.30,125.60,116.50,9.23,4.36,,
102,Patrick Mahomes,KC,QB,97.81,102.00,104.68,53.19,100.03,95.60,41.90,98.90,61.50,18.64,3.60,Ques,Knee - ACL
103,Blake Corum,LAR,RB,101.06,103.30,138.15,108.55,99.41,97.60,116.20,114.30,105.50,,1.23,,
104,Oronde Gadsden,LAC,TE,136.11,104.50,168.99,125.68,137.47,125.00,116.00,116.30,78.00,5.98,0.26,,
105,Quentin Johnston,LAC,WR,92.08,105.80,143.21,103.28,90.74,113.10,122.20,133.30,131.50,7.34,1.19,,
106,Wan'Dale Robinson,TEN,WR,105.56,106.70,115.29,111.74,102.37,130.20,124.60,127.50,87.50,6.07,1.84,,
107,Kenneth Gainwell,TB,RB,106.15,107.10,121.85,105.84,95.66,113.80,125.00,134.90,126.00,9.60,1.54,,
108,Brock Purdy,SF,QB,98.48,107.30,103.10,58.92,94.76,99.20,48.20,107.80,106.00,8.98,2.82,,
109,Aaron Jones,MIN,RB,124.42,109.70,121.08,109.07,130.02,118.70,125.50,140.50,188.50,6.72,1.64,,
110,Jacory Croskey-Merritt,WAS,RB,124.50,110.90,141.38,119.69,125.98,116.90,130.50,154.10,134.00,,1.05,,
111,Josh Downs,IND,WR,110.15,111.40,127.58,99.85,109.68,121.00,128.90,161.10,148.00,5.07,1.45,,
112,Bo Nix,DEN,QB,103.00,112.70,93.19,53.28,103.06,101.40,43.40,103.30,54.00,,3.28,,
113,Jayden Reed,GB,WR,111.23,113.20,138.96,121.92,110.03,121.70,127.70,137.40,140.00,3.62,1.14,,
114,Isaiah Likely,NYG,TE,135.32,114.80,128.46,106.45,128.50,108.40,121.20,151.20,123.50,5.76,1.48,,
115,Dallas Goedert,PHI,TE,126.19,115.50,101.22,101.59,130.98,105.30,118.10,128.00,139.50,4.42,1.97,,
T116,Hunter Henry,NE,TE,207.11,116.60,141.97,129.44,162.28,128.70,123.60,129.80,208.00,3.40,0.97,,
T116,Romeo Doubs,NE,WR,119.55,116.60,149.10,138.91,121.96,132.10,136.20,160.90,134.50,5.27,0.96,,
118,Jordan Mason,MIN,RB,119.55,118.60,152.93,128.37,117.56,121.00,133.90,162.00,149.50,7.86,0.82,,
119,Mark Andrews,BAL,TE,137.10,119.00,121.84,112.02,136.62,114.50,115.70,134.50,162.00,5.10,1.42,,
120,Rachaad White,WAS,RB,90.02,120.70,125.19,112.68,111.13,120.00,142.70,179.50,158.00,9.34,1.53,,
121,Jared Goff,DET,QB,100.44,121.40,140.54,63.43,100.13,115.70,61.20,136.20,197.50,8.98,1.22,,
122,Kenyon Sadiq,NYJ,TE,183.94,122.30,133.57,21.31,163.50,129.50,132.50,146.50,90.00,13.16,1.28,,
123,Brandon Aubrey,DAL,K,150.00,124.00,85.31,-,-,84.70,215.10,142.10,98.00,,5.30,,
124,Cameron Dicker,LAC,K,190.50,127.30,108.37,-,-,124.40,219.50,147.90,115.50,1.58,2.20,,
125,Jonathon Brooks,CAR,RB,90.07,130.80,128.68,97.61,112.36,110.80,135.00,152.60,132.00,,1.56,,
126,Jason Myers,SEA,K,185.67,131.50,117.90,-,-,126.50,227.40,139.80,161.50,2.18,1.83,,
127,KC Concepcion,CLE,WR,117.74,132.00,145.56,20.87,130.65,132.00,131.90,130.60,65.50,18.47,1.09,Ques,Shoulder
128,Matthew Golden,GB,WR,127.35,133.60,106.44,131.03,124.05,131.30,147.50,200.40,116.00,,2.19,,
129,Xavier Worthy,KC,WR,128.61,134.40,135.22,124.85,120.15,127.30,134.50,156.60,127.50,,1.23,Ques,Shoulder
130,Stefon Diggs,FA,WR,148.92,134.90,166.21,153.67,140.70,132.60,143.50,170.90,234.00,4.50,0.29,,
131,Zach Charbonnet,SEA,RB,163.34,136.00,151.36,110.03,153.44,127.70,148.50,174.90,96.00,6.42,1.12,PUP-P,Knee - ACL
132,Khalil Shakir,BUF,WR,132.50,137.00,135.09,129.43,124.56,133.40,138.70,173.70,150.00,4.85,1.14,,
133,Jayden Higgins,HOU,WR,119.95,138.60,158.76,122.59,117.77,134.10,141.90,170.50,98.50,,0.77,,
134,Brian Robinson,ATL,RB,182.39,139.30,167.82,170.87,182.84,125.10,139.30,167.00,211.50,2.38,0.65,,
135,Jordan Love,GB,QB,117.90,140.80,159.38,70.84,117.82,125.10,65.10,132.00,137.50,6.31,0.39,,
136,Ka'imi Fairbairn,HOU,K,166.67,141.60,135.23,-,-,120.70,222.40,166.10,129.50,1.29,1.51,,
137,Cam Little,JAX,K,183.25,142.50,136.71,101.06,-,128.50,223.20,165.70,190.00,2.32,1.30,,
138,Tyler Allgeier,ARI,RB,136.60,143.20,169.48,162.87,137.02,129.70,143.90,168.50,100.00,3.87,0.10,,
139,Baker Mayfield,TB,QB,115.77,143.70,149.12,78.00,113.04,128.00,68.20,138.50,110.00,8.63,0.88,,
140,Deebo Samuel,SF,WR,141.87,146.20,149.10,145.67,171.49,129.20,146.20,176.50,230.00,3.98,0.82,,
141,Jalen Coker,CAR,WR,127.40,147.50,160.01,133.24,131.32,134.00,145.70,178.30,147.50,2.75,0.72,,
142,Brenton Strange,JAX,TE,148.68,148.70,166.87,133.06,151.62,127.70,129.40,164.00,101.50,3.89,0.16,,
143,Woody Marks,HOU,RB,145.73,150.30,150.27,141.81,141.74,132.30,149.10,175.20,125.50,,0.88,,
144,Harrison Mevis,LAR,K,273.33,151.90,133.73,129.11,-,133.50,224.20,182.60,-,1.46,1.31,,
145,Andy Borregales,NE,K,215.58,154.00,170.30,-,-,145.30,230.80,183.90,-,,0.04,,
146,Ricky Pearsall,SF,WR,999.00,155.90,152.18,117.21,99.86,112.10,178.40,188.80,85.50,,0.71,IR,Knee - PCL
147,Kyler Murray,MIN,QB,110.18,156.00,149.57,80.85,117.28,109.30,85.30,206.60,-,11.09,1.14,,
148,Chris Rodriguez,JAX,RB,138.42,157.10,168.98,136.69,144.82,132.60,161.60,285.30,242.00,4.71,0.37,,
149,Tyrone Tracy,NYG,RB,142.06,158.30,167.49,138.84,134.12,130.40,150.50,179.60,155.50,,0.25,,
150,Rashid Shaheed,SEA,WR,143.45,159.00,156.24,152.11,144.29,129.90,160.10,227.60,185.50,3.82,0.68,,
151,Tyler Shough,NO,QB,122.45,160.90,153.59,83.00,113.77,129.50,82.30,172.20,174.00,4.98,0.89,,
152,Travis Hunter,JAX,WR,257.45,161.70,117.62,138.52,194.79,127.80,168.80,143.80,104.00,,1.59,,
153,Alvin Kamara,NO,RB,168.26,161.90,156.34,155.06,177.79,128.20,161.10,238.00,199.50,4.06,0.58,,
154,Chig Okonkwo,WAS,TE,164.66,163.00,168.56,129.21,160.91,127.10,156.00,226.90,212.00,3.68,0.27,,
155,Jonah Coleman,DEN,RB,183.15,164.90,170.19,26.28,150.36,131.50,165.40,228.80,111.50,12.85,0.01,,
156,T.J. Hockenson,MIN,TE,157.42,165.90,132.66,136.09,179.94,130.90,158.40,236.90,172.00,4.46,1.04,,
157,Juwan Johnson,NO,TE,147.18,166.70,163.46,130.78,150.61,131.30,137.30,177.50,154.00,3.06,0.26,,
158,Tyjae Spears,TEN,RB,154.68,167.90,168.34,130.14,163.03,133.50,164.00,242.50,180.00,4.71,0.14,,
159,Malik Willis,MIA,QB,127.87,168.90,166.86,76.42,138.79,123.20,105.30,211.60,-,7.16,0.20,,
160,Isiah Pacheco,DET,RB,162.44,169.20,157.61,146.15,164.51,127.50,175.60,245.10,167.50,3.46,0.64,,
161,Denzel Boston,CLE,WR,162.85,170.70,167.77,26.47,157.60,131.00,167.30,229.60,103.50,10.36,0.10,,
162,Omar Cooper,NYJ,WR,150.45,172.70,169.58,22.96,170.64,131.60,166.50,212.00,83.50,16.51,0.30,,
163,Dalton Schultz,HOU,TE,174.74,173.80,167.54,157.08,179.37,129.90,140.70,169.30,220.00,1.84,0.12,,
164,Eddy Pineiro,SF,K,213.58,174.50,149.89,-,-,143.50,236.30,233.90,-,1.03,0.90,,
165,Will Reichard,MIN,K,245.55,175.50,165.66,-,-,139.30,278.60,287.80,232.00,,0.33,,
166,Jauan Jennings,MIN,WR,144.31,176.80,169.70,166.03,155.89,129.70,151.40,230.00,179.50,2.98,0.24,,
167,Chris Boswell,PIT,K,260.27,178.40,162.23,-,-,140.30,277.40,215.50,-,1.64,0.33,,
168,Sam Darnold,SEA,QB,290.68,179.60,163.57,97.00,140.42,124.00,84.60,209.30,201.50,8.07,0.26,,
169,De'Zhaun Stribling,SF,WR,149.03,179.80,168.94,33.17,225.54,-,181.90,275.20,239.50,7.91,0.11,Ques,Hamstring
170,Jake Bates,DET,K,232.50,181.00,154.96,-,-,139.00,229.50,181.00,-,1.24,0.80,,
171,Evan McPherson,CIN,K,214.00,182.60,169.01,-,-,143.40,278.50,273.00,260.00,,0.13,,
172,Jalen Nailor,LV,WR,169.84,183.90,169.72,119.93,171.27,129.30,182.00,301.30,253.50,2.33,0.08,,
173,Harrison Butker,KC,K,233.67,184.60,150.46,-,-,134.00,233.30,232.30,-,,0.88,,
174,Keaton Mitchell,LAC,RB,163.08,185.50,170.62,130.56,155.74,133.10,173.50,305.30,198.00,2.04,0.12,,
175,Jalen McMillan,TB,WR,162.89,186.00,167.08,146.75,157.55,130.60,170.10,237.80,157.50,,0.15,,
176,Cam Ward,TEN,QB,211.65,187.10,167.16,90.71,147.36,127.80,92.50,217.60,146.00,,0.18,,
177,Fernando Mendoza,LV,QB,272.01,188.40,166.86,18.57,186.44,123.20,87.90,199.40,112.00,31.60,0.14,,
178,AJ Barner,SEA,TE,188.37,188.60,168.58,162.39,192.94,128.30,159.00,219.80,136.00,2.57,0.08,,
179,C.J. Stroud,HOU,QB,204.23,190.90,166.23,87.02,141.90,126.90,91.50,214.80,133.50,6.18,0.18,,
180,Antonio Williams,WAS,WR,-,191.20,170.19,30.71,193.97,-,169.80,221.20,128.00,10.12,0.19,,
181,Jerry Jeudy,CLE,WR,207.33,192.30,161.65,150.88,179.97,-,176.30,292.80,217.50,4.54,0.65,,
182,Tank Dell,HOU,WR,212.80,193.40,169.17,172.62,224.52,-,203.70,308.70,122.00,2.60,0.08,Ques,Knee - ACL + MCL
183,Emmett Johnson,KC,RB,300.42,194.30,169.97,38.34,163.26,130.40,170.90,231.80,138.00,7.34,0.01,,
184,Dylan Sampson,CLE,RB,159.76,196.20,170.79,159.86,157.66,132.00,174.30,242.90,152.00,,0.15,,
185,Nicholas Singleton,TEN,RB,309.06,197.50,170.16,34.06,200.40,132.40,193.70,276.20,121.50,10.23,0.01,,
186,Zachariah Branch,ATL,WR,245.04,197.80,170.18,39.11,222.15,-,195.90,289.00,173.50,5.81,0.02,,
187,Tank Bigsby,PHI,RB,181.50,199.60,168.19,159.88,186.24,132.10,177.90,303.30,177.50,2.40,0.20,,
188,James Conner,ARI,RB,177.03,200.30,169.99,166.19,206.66,127.30,152.60,233.60,183.50,2.09,0.03,Ques,Foot
189,Cairo Santos,CHI,K,226.25,201.20,166.72,-,-,144.50,314.90,350.50,-,,0.37,,
190,Tyler Loop,BAL,K,203.83,203.10,162.77,-,-,141.00,280.00,244.50,224.00,,0.60,,
191,Cyrus Allen,KC,WR,336.90,206.90,169.71,63.30,241.86,-,242.50,374.50,-,1.82,0.01,Ques,Lower Leg
192,Daniel Jones,IND,QB,208.61,208.70,160.16,92.34,154.33,129.60,107.30,257.30,264.00,5.80,0.58,,
193,Tyreek Hill,FA,WR,237.56,209.50,169.73,-,230.36,132.80,202.10,294.70,222.00,5.04,0.04,Ques,Knee - ACL
194,Ja'Kobi Lane,BAL,WR,-,210.40,169.65,48.39,257.51,-,210.80,295.70,194.00,1.70,0.01,,
195,Terrance Ferguson,LAR,TE,265.72,211.90,166.98,160.55,224.69,128.30,188.20,330.60,164.00,,0.12,,
196,Kayshon Boutte,NE,WR,196.00,212.90,170.63,169.39,209.85,-,197.40,323.50,187.50,2.29,0.16,,
197,Bryce Young,CAR,QB,219.51,213.90,168.32,109.82,163.70,125.40,109.80,264.20,236.00,4.60,0.19,,
198,Adonai Mitchell,NYJ,WR,216.08,214.50,169.53,179.56,201.49,-,197.40,322.10,231.50,,0.07,,
199,David Njoku,LAC,TE,242.06,215.00,169.91,202.48,225.75,125.30,172.60,287.20,228.00,2.32,0.03,,
200,Isaac TeSlaa,DET,WR,171.15,215.10,170.26,174.65,187.22,124.90,196.50,319.30,191.50,,0.19,,
201,Mike Washington,LV,RB,314.21,217.10,170.39,37.39,185.98,131.10,199.00,246.30,182.00,3.90,0.07,,
202,Eli Stowers,PHI,TE,250.81,218.10,170.01,26.60,238.80,-,188.70,235.30,113.50,10.02,,,
203,Cade Otton,TB,TE,207.00,219.40,170.51,192.22,216.16,-,179.90,299.90,246.00,2.27,0.32,,
204,Kaytron Allen,WAS,RB,304.65,220.10,170.26,42.28,200.46,-,209.50,327.20,176.00,6.85,0.01,,
205,Tre Tucker,LV,WR,158.85,221.40,168.02,152.97,168.85,-,192.00,321.60,269.50,3.08,0.12,,
206,Braelon Allen,NYJ,RB,190.53,222.10,170.16,181.24,208.96,-,200.20,314.30,175.50,,0.10,,
207,Tre' Harris,LAC,WR,182.62,223.00,170.75,171.19,177.38,-,201.30,328.20,170.50,,0.22,,
208,Kimani Vidal,LAC,RB,199.98,224.10,170.29,165.11,197.34,-,206.50,335.40,160.00,3.02,0.01,,
209,Gunnar Helm,TEN,TE,212.49,224.40,170.12,174.95,208.67,-,179.60,312.30,181.50,2.73,0.05,,
210,Troy Franklin,DEN,WR,195.45,226.90,171.03,168.00,213.50,-,212.80,326.90,188.00,,0.04,,
211,Jake Elliott,PHI,K,-,229.10,168.98,-,-,129.20,434.00,461.70,-,,0.04,,
212,Chase McLaughlin,TB,K,334.90,230.40,168.79,-,-,142.50,316.80,315.00,-,1.20,0.16,,
213,Malik Washington,MIA,WR,186.38,232.70,170.09,127.47,200.56,-,205.20,427.20,195.50,2.95,0.05,,
214,Aaron Rodgers,PIT,QB,254.37,233.60,169.36,126.89,191.62,117.70,155.00,375.70,-,5.25,0.26,,
215,Cooper Kupp,SEA,WR,241.85,233.70,168.87,174.06,233.47,-,257.00,370.40,-,2.78,0.11,,
216,Jacoby Brissett,ARI,QB,241.32,235.30,170.03,115.14,176.44,-,152.80,359.90,-,5.29,0.20,,
217,Germie Bernard,PIT,WR,251.49,236.10,170.17,31.53,242.74,-,240.70,305.20,119.50,7.57,0.09,,
218,Brandon Aiyuk,SF,WR,211.95,237.40,170.70,187.79,205.76,132.40,250.70,381.50,159.50,1.60,0.04,Reserve-DNR,Knee - ACL + MCL
219,Ryan Flournoy,DAL,WR,184.57,238.20,170.15,160.44,194.82,-,204.20,402.60,-,1.78,0.22,,
220,Greg Dulcich,MIA,TE,209.63,239.00,170.37,92.74,215.56,134.50,183.10,453.70,-,2.54,0.28,,
221,Calvin Ridley,TEN,WR,198.04,240.80,167.28,174.50,221.38,-,251.10,320.80,266.00,2.72,0.11,,
222,Ray Davis,BUF,RB,200.77,241.50,170.87,168.35,213.59,-,213.00,384.50,241.50,,0.06,,
223,Jaylen Wright,MIA,RB,289.52,242.30,170.13,183.67,231.53,-,258.30,516.90,244.00,,,,
224,Shedeur Sanders,CLE,QB,278.49,242.60,169.36,170.88,238.92,-,163.30,368.60,-,,0.02,,
225,Chris Bell,MIA,WR,304.19,244.30,170.83,33.51,247.05,-,243.00,372.70,144.00,8.57,0.03,NFI-A,Knee - ACL
226,MarShawn Lloyd,GB,RB,274.03,245.30,170.65,149.03,222.32,-,263.10,499.30,-,3.26,0.02,,
227,Ted Hurst,TB,WR,253.42,246.10,170.21,38.02,249.85,-,249.60,331.80,200.00,5.89,,,
228,Demond Claiborne,MIN,RB,334.59,247.50,170.25,45.87,222.22,-,254.50,383.50,251.50,3.01,,,
229,Jaydon Blue,DAL,RB,213.27,248.40,170.00,157.12,220.43,-,253.90,367.60,218.00,,0.01,,
230,Sean Tucker,TB,RB,246.88,249.50,170.18,161.18,207.38,-,214.00,347.40,238.00,1.83,,,
231,Trey Benson,ARI,RB,310.11,250.20,169.94,-,245.38,-,194.90,311.40,141.50,,,Ques,Knee
232,Jake Tonges,SF,TE,267.65,251.20,170.87,172.08,228.83,-,206.80,440.00,233.50,1.90,0.04,,
233,Pat Freiermuth,PIT,TE,202.57,251.70,168.92,155.88,220.73,126.40,235.80,474.40,242.50,2.14,0.23,,
234,Darnell Mooney,NYG,WR,219.93,253.40,170.46,-,225.47,-,260.10,445.60,263.50,1.87,0.19,,
235,Elic Ayomanor,TEN,WR,286.18,254.90,170.02,182.38,247.95,-,269.60,425.50,229.50,,0.01,,
236,Elijah Sarratt,BAL,WR,337.04,255.00,170.10,45.90,259.48,-,259.00,368.30,152.50,3.72,,,
237,Kaelon Black,SF,RB,323.63,256.20,170.14,42.99,226.43,-,245.70,396.00,249.50,2.29,0.01,Ques,Thigh
238,Emanuel Wilson,SEA,RB,198.21,257.20,170.48,-,198.19,-,255.80,438.00,193.50,1.41,0.02,,
239,Colby Parkinson,LAR,TE,200.45,258.30,170.97,129.89,218.94,-,186.50,337.00,268.00,1.99,0.05,,
240,Garrett Groshek,FA,FB,-,259.00,-,-,-,-,-,-,-,,,,
241,Ben Skowronek,PIT,WR,-,260.00,169.95,-,-,-,-,-,-,,,,
242,Jam Miller,NE,RB,-,260.50,169.98,61.47,241.67,-,640.50,-,272.00,,,,
243,Travis Koontz,FA,TE,-,262.00,-,-,-,-,404.50,-,-,,,,
244,Tyrell Shavers,BUF,WR,-,263.00,169.97,-,-,-,647.50,-,-,,,PUP-P,Knee - ACL
245,Austin Reed,FA,QB,-,264.00,-,-,-,-,-,-,-,,,,
246,Tyson Bagent,CHI,QB,-,265.00,169.93,-,247.45,-,350.50,-,-,,,,
247,Kyle Trask,FA,QB,-,266.00,169.99,-,-,-,-,-,-,,,,
248,Kellen Mond,FA,QB,-,267.00,-,-,-,-,-,-,-,,,,
249,Jamie Newman,FA,QB,-,268.50,-,-,-,-,-,-,-,,,,
T250,Cam Akers,FA,RB,-,269.50,169.99,-,-,-,-,-,-,,,,
T250,Derek Carr,NO,QB,-,269.50,170.01,-,241.53,-,-,-,-,,,Reserve-Ret,Personal
252,Camden Brown,DAL,WR,-,271.00,-,-,-,-,-,-,-,,,,
253,Blaine Gabbert,FA,QB,-,272.00,-,-,-,-,-,-,-,,,,
254,Malik Turner,SF,WR,-,273.00,170.03,-,-,-,-,-,-,,,,
255,Kolbe Katsis,DEN,WR,-,275.00,-,-,-,-,-,-,-,,,,
T256,Noah Brown,FA,WR,-,278.50,170.03,-,-,-,-,-,-,,,Ques,Ribs
T256,Jared Scott,FA,TE,-,278.50,-,-,-,-,396.00,531.00,-,,,,
258,Mante' Morrow,LAC,WR,-,281.00,-,-,-,-,-,-,-,,,,
259,Kadarius Calloway,TB,RB,-,282.50,-,-,-,-,-,-,-,,,,
260,Dontario Drummond,FA,WR,-,283.00,-,-,-,-,-,-,-,,,,
261,Sherman Badie,FA,RB,-,284.00,-,-,-,-,-,-,-,,,,
262,Ben Sauls,NYG,K,-,285.50,169.84,-,-,-,-,-,-,,,,
263,Malick Meiga,CAR,WR,-,286.50,-,-,-,-,636.50,-,-,,,,
264,Sandro Platzgummer,FA,RB,-,287.00,-,-,-,-,416.00,-,-,,,,
265,Bailey Zappe,NYJ,QB,-,288.00,169.99,-,-,-,-,-,-,,,,
266,Khalil Herbert,SF,RB,-,289.00,170.01,-,-,-,362.00,-,-,,,,
267,Jonnu Smith,FA,TE,-,290.00,170.02,-,251.00,-,482.40,-,-,,,,
268,Zack Moss,FA,RB,-,291.00,170.02,-,-,-,-,-,-,,,Ques,Neck
269,Jamal Pettigrew,FA,TE,-,292.50,-,-,-,-,-,623.50,-,,,,
270,Joe Flacco,CIN,QB,338.17,293.00,169.95,-,258.74,-,302.70,594.00,-,,,,
271,Ty Montgomery,FA,RB,-,294.30,-,-,-,-,-,-,-,,,,
272,Stone Smartt,PHI,TE,-,295.00,170.00,-,-,-,638.50,-,-,,,,
273,Noah Fant,NO,TE,-,296.00,169.99,-,242.10,-,570.30,-,-,,,,
274,Jonathan Brown,FA,K,-,297.00,-,-,-,-,-,-,-,,,,
275,Diontae Johnson,FA,WR,-,298.00,169.99,-,-,-,-,-,-,,,,
276,Ty Chandler,NO,RB,-,299.00,169.99,-,-,-,454.00,-,-,,,,
277,Tyler Badie,DEN,RB,-,300.50,170.10,-,241.15,-,392.00,-,-,,,,
278,Jawhar Jordan,HOU,RB,-,301.00,170.09,-,242.43,-,598.20,-,-,,,,
279,Rocky Lombardi,FA,QB,-,302.00,-,-,-,-,-,-,-,,,,
280,Alex Quevedo,FA,K,-,303.00,-,-,-,-,-,-,-,,,,
281,Lirim Hajrullahu,FA,K,-,304.00,-,-,-,-,-,-,-,,,,
282,Joshua Palmer,BUF,WR,337.15,305.70,169.87,-,244.74,-,541.60,-,-,,,,
283,Easop Winston,FA,WR,-,306.00,-,-,-,-,-,-,-,,,,
284,Tyler Huntley,BAL,QB,334.08,308.00,169.98,-,248.21,-,546.80,-,-,,,,
285,Joshua Karty,FA,K,-,309.00,169.99,-,-,-,-,-,-,,,,
286,Kai Locksley,FA,WR,-,310.00,-,-,-,-,-,-,-,,,,
287,Broc Rutter,FA,QB,-,312.50,-,-,-,-,-,-,-,,,,
288,Mike Nugent,FA,K,-,313.00,-,-,-,-,-,-,-,,,,
289,Toriano Clinton,FA,RB,-,314.00,-,-,-,-,-,-,-,,,,
290,Adam Thielen,MIN,WR,-,316.00,170.02,-,-,-,-,-,-,,,Reserve-Ret,Undisclosed
291,Brett Maher,FA,K,-,317.50,-,-,-,-,-,-,-,,,,
292,Armani Rogers,FA,TE,-,318.00,-,-,-,-,-,-,-,,,,
293,Dillon Gabriel,CLE,QB,-,320.00,169.98,-,240.94,-,-,-,-,,,,
294,Jake Haener,FA,QB,-,321.00,169.99,-,-,-,-,-,-,,,,
295,Anthony Schwartz,FA,WR,-,322.00,-,-,-,-,-,-,-,,,,
296,Dorian Thompson-Robinson,FA,QB,-,323.00,169.97,-,-,-,-,-,-,,,,
297,Dazz Newsome,FA,WR,-,324.00,-,-,-,-,-,-,-,,,,
298,Nathan Peterman,FA,QB,-,325.00,-,-,-,-,448.50,-,-,,,,
299,Adam Trautman,DEN,TE,-,326.50,169.95,-,-,-,661.30,-,-,,,,
300,Tyron Billy-Johnson,FA,WR,-,327.50,-,-,-,-,-,-,-,,,,
301,Alton Howard,FA,WR,-,328.00,-,-,-,-,-,-,-,,,,
302,Austin Aune,FA,QB,-,329.00,-,-,-,-,-,-,-,,,,
303,Aidan O'Connell,LV,QB,-,330.30,169.99,-,-,-,-,-,-,,,,
304,Holton Ahlers,FA,QB,-,331.50,-,-,-,-,-,-,-,,,,
305,Dresser Winn,FA,QB,-,332.00,-,-,-,-,-,-,-,,,,
306,Jameis Winston,NYG,QB,338.58,334.50,169.93,-,254.91,-,311.40,-,-,,,,
307,Drew Allar,PIT,QB,-,335.50,169.94,51.04,-,-,492.80,-,-,3.56,,,
308,Jaron Brown,FA,WR,-,336.00,-,-,-,-,-,-,-,,,,
309,Ashton Dulin,IND,WR,-,337.00,170.00,-,241.70,-,553.50,-,-,,,,
310,A.J. Rose,FA,RB,-,338.00,-,-,-,-,-,-,-,,,,
311,Brandon Lewis,FA,WR,-,339.00,-,-,-,-,458.50,-,-,,,,
312,Jerick McKinnon,FA,RB,-,340.00,-,-,-,-,-,-,-,,,,
313,Michael Gallup,FA,WR,-,342.00,-,-,-,-,-,-,-,,,,
314,Josh Lambo,FA,K,-,343.50,-,-,-,-,-,-,-,,,,
315,Mason Stokke,FA,FB,-,344.00,-,-,-,-,-,-,-,,,,
316,Cade York,NYJ,K,-,345.20,169.95,-,-,-,438.00,-,-,,,,
317,Noah Gray,KC,TE,-,346.00,169.93,-,258.74,-,330.70,691.00,-,,,,
318,Jared Bernhardt,FA,WR,-,347.00,-,-,-,-,-,-,-,,,,
319,Tyler Scott,LAR,WR,-,348.00,169.99,-,-,-,563.80,-,-,,,,
320,Russell Wilson,FA,QB,-,349.00,169.99,-,-,-,-,-,-,,,,
321,Aaron Shampklin,FA,RB,-,351.00,170.00,-,-,-,395.50,-,-,,,,
322,CJ Daniels,LAR,WR,-,352.50,169.94,65.47,241.67,-,523.90,-,-,,,,
323,Tiyon Evans,FA,RB,-,353.00,-,-,-,-,497.60,-,-,,,,
324,John Metchie,CAR,WR,335.50,355.00,169.97,-,242.85,-,536.00,-,-,,0.01,,
325,Jalon Daniels,TB,QB,-,356.00,-,-,-,-,-,-,-,,,,
326,Ben DiNucci,FA,QB,-,357.50,-,-,-,-,-,-,-,,,,
327,Robert Woods,LAR,WR,-,358.00,170.02,-,-,-,-,-,-,,,Reserve-Ret,Undisclosed
328,Zack Kuntz,LV,TE,-,360.00,170.00,-,-,-,447.80,539.50,-,,,,
329,Thomas Odukoya,FA,TE,-,362.00,170.00,-,-,-,503.60,-,-,,,Ques,Undisclosed
330,Keric Wheatfall,FA,WR,-,363.00,-,-,-,-,510.80,-,-,,,,
331,Nate Stanley,FA,QB,-,364.00,-,-,-,-,-,-,-,,,,
332,Demarcus Robinson,SF,WR,-,365.00,169.99,-,243.59,-,574.00,-,-,,,,
333,Jacob Copeland,FA,WR,-,366.00,-,-,-,-,457.90,-,-,,,,
334,Taylen Green,CLE,QB,-,367.30,169.97,72.10,-,-,484.50,-,-,0.69,,,
335,Kendrick Bourne,ARI,WR,324.70,368.50,170.00,-,256.45,-,335.90,-,-,1.02,,,
336,Younghoe Koo,FA,K,-,368.80,169.76,-,-,-,-,561.00,-,,0.02,,
337,Spencer Sanders,FA,QB,-,370.30,-,-,-,-,-,-,-,,,,
338,C.J. Ham,MIN,FB,-,371.50,170.00,-,-,-,-,-,-,,,Reserve-Ret,Undisclosed
339,Chris Naggar,FA,K,-,372.80,-,-,-,-,-,557.50,-,,,,
340,Leddie Brown,FA,RB,-,373.00,-,-,-,-,-,-,-,,,,
341,Pro Wells,FA,TE,-,374.00,-,-,-,-,-,-,-,,,,
342,Cam Sutton,FA,TE,-,375.50,-,-,-,-,-,-,-,,,,
343,Spencer Shrader,IND,K,-,376.90,169.92,-,-,-,-,660.00,-,,,,
344,Caleb Douglas,MIA,WR,-,377.90,170.27,55.78,255.15,-,322.90,636.60,-,1.89,,,
345,Spencer Nigh,FA,FB,-,379.00,-,-,-,-,444.50,-,-,,,,
346,Samson Nacua,FA,WR,-,380.00,-,-,-,-,-,-,-,,,,
347,Kyre Duplessis,SEA,WR,-,381.00,-,-,-,-,582.80,-,-,,,,
348,Parker White,FA,K,-,382.30,-,-,-,-,-,-,168.00,,,,
349,Justin Joly,DEN,TE,-,384.10,169.99,55.01,247.81,-,304.10,673.00,-,1.56,,,
350,Nick Foles,FA,QB,-,385.60,-,-,-,-,360.00,-,-,,,,
351,Zach Wilson,NO,QB,-,386.30,169.96,-,-,-,-,-,-,,,,
352,Eric Gray,NYG,RB,-,386.50,169.99,-,-,-,-,-,-,,,,
353,Jonathan Garibay,FA,K,-,388.30,-,-,-,-,-,529.80,206.50,,,,
354,Seth McGowan,IND,RB,-,389.10,170.15,63.94,253.49,-,498.70,-,-,0.75,,,
355,James Blackman,FA,QB,-,390.30,-,-,-,-,-,-,-,,,,
356,Kyle Juszczyk,SF,FB,-,391.00,169.98,-,241.17,-,475.30,-,-,,,,
357,Stetson Bennett,LAR,QB,-,392.80,169.97,-,-,-,-,-,-,,,,
358,Cade Klubnik,NYJ,QB,-,393.00,169.93,62.74,241.15,-,284.60,698.20,-,1.78,,,
359,Colt McCoy,FA,QB,-,394.00,-,-,-,-,-,-,-,,,,
360,Justin Fields,KC,QB,335.11,398.00,169.86,185.33,257.24,-,248.40,-,-,2.23,,,
361,Albert Okwuegbunam,LV,TE,-,400.50,169.98,-,240.93,-,417.50,-,-,,,,
362,Moliki Matavao,NO,TE,-,401.00,170.00,-,-,-,-,-,-,,,,
363,Naz Bohannon,FA,TE,-,402.00,-,-,-,-,512.80,-,-,,,,
364,Dan Bailey,FA,K,-,403.20,-,-,-,-,390.70,527.50,120.00,,,,
365,Trace McSorley,FA,QB,-,404.00,-,-,-,-,-,-,-,,,,
366,Tyler Bass,BUF,K,-,404.90,169.80,-,-,134.50,431.40,458.10,-,,0.02,,
367,Brenen Thompson,LAC,WR,-,407.00,169.93,52.59,246.77,-,347.10,-,265.50,1.68,,,
368,Cody Fajardo,FA,QB,-,408.80,-,-,-,-,-,-,-,,,,
369,DJ Uiagalelei,LAC,QB,-,411.50,-,-,-,-,-,-,-,,,,
370,Kaden Wetjen,PIT,WR,-,412.00,169.97,63.53,-,-,609.50,-,-,,,,
371,Tyler Goodson,ATL,RB,-,413.00,169.98,-,-,-,386.00,-,-,,,,
372,Stephon Robinson,FA,WR,-,413.50,-,-,-,-,357.00,-,-,,,,
373,Nate Boerkircher,JAX,TE,-,415.50,169.97,62.05,-,-,623.90,-,-,,,,
374,Philip Rivers,FA,QB,-,416.80,169.73,-,-,-,-,-,-,,0.01,,
375,Dominic Zvada,NYG,K,-,417.30,-,-,-,-,479.30,548.00,-,,,,
376,Damon Sheehy-Guiseppi,FA,WR,-,421.00,-,-,-,-,-,-,-,,,,
377,Darren Waller,FA,TE,-,422.00,170.03,-,244.50,-,518.90,-,-,,,Ques,Groin
378,T.Y. Hilton,FA,WR,-,422.50,-,-,-,-,-,-,-,,,,
379,Kyle McCord,GB,QB,-,424.50,169.99,-,-,-,-,-,-,,,,
380,Kenny Pickett,CAR,QB,-,425.00,169.94,-,241.81,-,617.00,-,-,,,,
381,Deion Burks,IND,WR,-,426.00,169.99,65.06,242.51,-,548.30,-,-,,,,
382,Wil Lutz,DEN,K,-,428.70,170.32,-,-,133.50,321.40,325.90,-,1.22,0.05,,
383,Odell Beckham,NYG,WR,-,430.00,169.25,-,242.78,-,463.50,550.00,-,,0.04,,
384,Kameron Brown,FA,WR,-,431.00,-,-,-,-,589.20,-,-,,,,
385,Zavion Thomas,CHI,WR,-,431.10,169.94,51.08,246.56,-,329.10,674.50,-,2.49,,,
386,Nick Sciba,FA,K,-,433.50,-,-,-,-,-,-,-,,,,
387,Bryce Lance,NO,WR,-,435.30,169.96,54.83,249.92,-,494.90,-,-,1.18,,,
388,Mike Rigerman,FA,TE,-,436.00,-,-,-,-,-,-,-,,,,
389,Cole Beasley,FA,WR,-,437.30,-,-,-,-,446.30,-,-,,,,
390,Trey Smack,GB,K,-,439.90,169.53,55.90,-,-,431.70,409.80,-,,0.03,,
391,Jake Bargas,FA,FB,-,441.00,-,-,-,-,-,-,-,,,,
392,Daniel Crawford,FA,TE,-,443.50,-,-,-,-,-,-,-,,,,
393,Charlie Smyth,NO,K,-,444.60,169.98,-,-,-,440.10,-,-,,0.01,,
394,Israel Abanikanda,DAL,RB,-,446.80,169.96,-,-,-,550.10,672.00,-,,,,
395,Matt Gay,LV,K,-,449.40,169.56,-,-,-,421.60,542.80,-,,0.01,,
396,Le'Meke Brockington,ATL,WR,-,449.50,-,-,-,-,-,-,-,,,,
397,Zaire Mitchell-Paden,NO,TE,-,451.50,169.99,-,-,-,516.50,-,-,,,,
398,Ty Simpson,LAR,QB,338.44,452.90,169.90,29.82,252.56,-,190.90,344.30,169.50,10.42,0.01,,
399,Colson Yankoff,WAS,TE,-,453.80,170.00,-,-,-,-,-,-,,,,
400,Mac Jones,SF,QB,335.22,454.90,169.92,191.50,252.57,-,238.60,-,-,1.35,,,
401,Nick Guggemos,FA,TE,-,456.00,-,-,-,-,-,-,-,,,,
402,Andre Szmyt,CLE,K,-,457.00,169.80,-,-,-,385.00,-,-,,,,
403,Jalen Milroe,SEA,QB,-,458.50,169.96,-,240.99,-,306.00,-,257.50,,,,
404,Montana Lemonious-Craig,FA,WR,-,460.80,-,-,-,-,-,-,-,,,Ques,Lower Body
405,Julio Jones,FA,WR,-,461.50,-,-,-,-,483.60,-,-,,,,
406,Nick Chubb,FA,RB,-,462.00,169.96,-,241.73,-,557.50,-,-,,0.01,,
407,Blake Grupe,IND,K,-,463.50,170.22,-,-,-,472.10,555.00,-,,0.01,,
408,John Lovett,FA,RB,-,465.00,-,-,-,-,409.00,-,-,,,,
409,Henry Ruggs,FA,WR,-,466.50,-,-,-,-,412.10,-,-,,,,
410,Jeremy Ruckert,NYJ,TE,-,467.00,169.97,-,-,-,-,-,-,,,,
411,Tarik Black,FA,WR,-,468.00,-,-,-,-,-,-,-,,,,
412,Jamaal Williams,FA,RB,-,469.00,170.01,-,-,-,-,-,-,,,,
413,Lucas Havrisik,FA,K,-,471.80,169.99,-,-,-,-,-,-,,,,
414,Cade Stover,HOU,TE,-,472.30,169.99,-,-,-,651.90,-,-,,,,
415,J.J. McCarthy,MIN,QB,330.98,473.80,169.68,172.58,254.69,-,191.70,401.50,-,,,,
416,Cole Kmet,CHI,TE,327.61,474.00,169.76,-,260.68,-,287.60,-,-,1.15,0.01,,
417,Emani Bailey,FA,RB,-,475.50,-,-,-,-,-,-,-,,,,
T418,Skylar Thompson,BAL,QB,-,476.50,169.99,-,-,-,-,-,-,,,,
T418,Ethan Wolf,FA,TE,-,476.50,-,-,-,-,-,-,-,,,,
420,Ajou Ajou,FA,WR,-,478.50,-,-,-,-,-,-,-,,,,
421,Nikko Remigio,KC,WR,-,480.50,169.98,-,-,-,-,-,-,,,,
422,Eli Heidenreich,PIT,RB,-,481.90,169.96,59.83,248.71,-,556.10,680.20,-,1.73,,,
423,Easton Dean,FA,TE,-,482.00,-,-,-,-,-,-,-,,,,
424,Jack Strand,ATL,QB,-,483.00,-,-,-,-,490.30,-,-,,,,
425,Colbie Young,CIN,WR,-,484.60,169.94,64.51,244.28,-,642.40,-,-,,,,
426,Nick Westbrook-Ikhine,IND,WR,-,485.70,170.10,-,244.08,-,473.40,-,-,,,,
427,Nick Folk,ATL,K,-,485.90,170.00,-,-,129.40,423.00,554.00,-,,0.03,,
428,Joey Slye,TEN,K,-,487.00,169.99,-,-,-,419.00,-,-,,,,
429,Kaden Davis,CHI,WR,-,488.50,169.99,-,-,-,-,-,-,,,,
430,Ray-Ray McCloud,FA,WR,-,490.50,170.00,-,-,-,-,-,-,,,,
431,Titus Swen,FA,RB,-,491.00,-,-,-,-,526.90,-,-,,,,
432,Travon McMillian,FA,RB,-,492.00,-,-,-,-,-,-,-,,,,
433,C.J. Beathard,FA,QB,-,493.00,-,-,-,-,-,-,-,,,,
434,Jaylin Lane,WAS,WR,-,494.00,170.02,-,241.66,-,575.70,-,-,,,,
435,Jordan Whittington,LAR,WR,-,495.00,169.87,-,242.11,-,548.50,-,-,,,,
436,Taysom Hill,FA,TE,-,496.30,170.01,-,241.90,-,445.00,-,-,,,,
437,Trey Palmer,NO,WR,-,497.00,170.00,-,-,-,591.70,-,-,,,,
438,Phillip Lindsay,FA,RB,-,498.50,-,-,-,-,-,-,-,,,,
439,Sergio Castillo,FA,K,-,500.00,-,-,-,-,-,-,-,,,,
440,Deon Jackson,FA,RB,-,501.00,-,-,-,-,-,-,-,,,,
441,Amba Etta-Tawo,FA,WR,-,502.00,-,-,-,-,-,-,-,,,,
442,DeWayne McBride,FA,RB,-,503.20,169.94,-,-,-,485.50,-,-,,,,
443,Evan Hull,ARI,RB,-,503.50,170.00,-,-,-,535.90,-,-,,,,
444,Camerun Peoples,FA,RB,-,505.50,-,-,-,-,-,-,-,,,,
445,Malachi Fields,NYG,WR,279.12,506.30,169.97,42.60,237.98,-,256.10,399.30,184.00,5.58,,,
446,Phil Mafah,DAL,RB,-,507.50,169.97,-,244.59,-,533.20,-,-,,,,
447,Adam Randall,BAL,RB,-,508.80,170.26,49.25,255.19,-,313.00,675.00,-,2.19,,,
448,Jake Bobo,SEA,WR,-,509.50,169.92,-,241.32,-,480.50,-,-,,,Ques,Leg
449,Hassan Hall,FA,RB,-,510.50,-,-,-,-,-,-,-,,,,
450,Terique Owens,FA,WR,-,511.50,-,-,-,-,-,-,-,,,,
T451,Corey Sutton,FA,WR,-,512.50,-,-,-,-,-,-,-,,,,
T451,Cody Parkey,FA,K,-,512.50,-,-,-,-,-,-,-,,,,
453,Matthew Hibner,BAL,TE,-,514.50,169.98,65.57,-,-,573.60,-,-,1.24,,,
454,Jashaun Corbin,FA,RB,-,515.00,-,-,-,-,-,-,-,,,,
455,Cameron Latu,PHI,TE,-,517.00,170.01,-,-,-,-,-,-,,,,
456,Michael Thomas,FA,WR,-,518.00,-,-,-,-,-,-,-,,,,
457,Tim Tebow,FA,TE,-,519.70,-,-,-,-,373.30,620.00,-,,,,
458,Hakeem Butler,DEN,WR,-,520.30,-,-,-,-,-,-,-,,,,
459,Teagan Quitoriano,ARI,TE,-,521.50,170.01,-,-,-,-,-,-,,,,
460,Jake Moody,WAS,K,-,523.90,169.77,-,-,-,426.50,-,-,,0.01,,
461,Keenen Brown,FA,TE,-,524.00,-,-,-,-,-,-,-,,,,
462,Skyler Bell,BUF,WR,314.30,525.20,169.86,46.02,259.91,-,264.10,479.70,248.00,3.59,,,
463,Hendon Hooker,TEN,QB,-,527.50,169.96,-,-,-,461.80,-,-,,,,
464,Patrick Ricard,NYG,FB,-,528.50,170.03,-,-,-,378.00,-,-,,,,
465,Will Kacmarek,MIA,TE,-,529.80,169.95,66.19,-,-,342.00,524.00,-,,,,
T466,A.J. Richardson,FA,WR,-,530.50,-,-,-,-,-,-,-,,,,
T466,Clyde Edwards-Helaire,FA,RB,-,530.50,169.98,-,-,-,-,-,-,,,,
468,Brock Rechsteiner,NO,WR,-,532.00,-,-,-,-,-,-,-,,,,
469,Brock Wright,DET,TE,-,533.00,169.89,-,241.12,-,592.90,-,-,,,,
470,Malik Benson,LV,WR,-,534.30,169.98,74.28,242.28,-,478.30,611.50,-,,,,
471,Carson Beck,ARI,QB,331.92,535.60,169.94,47.44,252.88,-,241.30,667.10,-,7.78,0.01,,
472,Ryan Fitzgerald,CAR,K,-,536.50,169.82,-,-,-,451.80,546.50,-,,0.01,,
473,Clayton Tune,FA,QB,-,537.50,169.99,-,-,-,-,-,-,,,,
474,John Ross,FA,WR,-,538.00,170.02,-,-,-,-,-,-,,,,
475,Haynes King,CAR,QB,-,539.00,-,-,-,-,-,-,-,,,,
476,Ezekiel Elliott,FA,RB,-,540.00,169.97,-,-,-,-,-,-,,,,
477,Fred Brown,FA,WR,-,541.00,-,-,-,-,-,-,-,,,,
478,Isaiah McKenzie,FA,WR,-,542.00,-,-,-,-,-,-,-,,,,
479,Oscar Delp,NO,TE,338.51,543.20,169.97,45.76,253.76,-,299.80,641.50,260.50,2.41,,,
480,Jaylin Noel,HOU,WR,294.34,544.60,171.16,165.88,249.81,-,266.40,439.00,240.00,,0.04,NFI-A,Finger
481,Marvin Mims,DEN,WR,307.49,545.90,170.07,-,261.34,-,276.90,515.70,-,,,,
482,Le'Veon Moss,MIA,RB,-,546.30,-,-,-,-,602.50,-,259.50,,,Reserve-Ret,Undisclosed
483,Kirk Cousins,LV,QB,247.09,547.70,170.09,173.91,235.69,-,184.30,540.00,-,2.98,0.02,,
484,Christian Scotland-Williamson,FA,TE,-,548.50,-,-,-,-,-,-,-,,,,
485,Eli Raridon,NE,TE,-,550.50,169.92,41.12,246.16,-,290.00,476.70,-,4.04,,,
486,Kalil Pimpleton,FA,WR,-,552.00,-,-,-,-,359.00,-,-,,,,
487,Peyton Barber,FA,RB,-,553.00,-,-,-,-,-,-,-,,,,
488,Joe Mixon,FA,RB,-,554.50,169.98,-,244.20,-,275.50,397.00,274.00,,,Ques,Foot
489,Kansei Matsuzawa,LV,K,-,555.80,-,-,-,-,-,669.00,-,,,,
490,Roman Wilson,PIT,WR,-,556.30,169.94,-,241.82,-,485.20,533.00,-,,0.01,,
491,Kendre Miller,NO,RB,-,557.00,170.06,-,243.19,-,310.20,-,-,,,,
492,Tony Brown,FA,WR,-,557.50,170.01,-,-,-,-,-,-,,,,
493,Darnell Washington,PIT,TE,332.66,559.70,169.59,-,259.21,-,246.90,467.30,-,,0.04,,
494,Kaleb Johnson,PIT,RB,325.89,560.80,170.04,-,257.77,-,274.00,434.90,178.00,,,,
495,Ja'Tavion Sanders,CAR,TE,-,561.40,169.99,-,256.62,-,328.80,-,-,,,,
496,Justin Tucker,FA,K,-,562.00,169.53,-,-,-,-,-,-,,0.01,,
497,Brittain Brown,CHI,RB,-,563.00,169.97,-,-,-,-,-,-,,,,
498,Jimmy Kibble,NE,WR,-,564.00,-,-,-,-,-,-,-,,,IR,Undisclosed
499,Keon Coleman,BUF,WR,291.44,565.60,170.05,193.35,249.35,-,268.10,503.90,245.50,,0.01,,
500,Geno Smith,NYJ,QB,274.63,566.40,170.36,136.06,191.12,-,154.20,465.50,-,5.66,0.21,,
501,Chimere Dike,TEN,WR,305.28,568.60,171.03,157.18,237.90,-,247.00,346.10,227.50,1.70,0.06,,
502,Tommy DeVito,NE,QB,-,569.80,169.89,-,243.14,-,440.00,-,-,,,,
503,KaVontae Turpin,DAL,WR,-,570.90,169.82,-,244.03,-,326.10,530.00,-,,,,
504,Matt McCrane,FA,K,-,571.00,-,-,-,-,-,-,-,,,,
505,Diego Pavia,FA,QB,-,573.80,-,-,-,-,365.00,-,-,,,,
506,DJ Giddens,IND,RB,324.49,574.20,170.12,-,257.12,-,323.80,-,170.00,,,,
T507,Tyreik McAllister,FA,WR,-,575.50,169.99,-,-,-,388.50,-,-,,,,
T507,Max Klare,LAR,TE,-,575.50,169.99,47.68,249.31,-,285.90,426.90,247.50,2.62,,,
509,Bo Melton,GB,WR,-,577.50,169.94,-,-,-,613.30,-,-,,,,
510,Will Howard,PIT,QB,-,579.20,169.92,-,243.73,-,307.80,-,-,,,,
511,Sean Clifford,CIN,QB,-,581.00,169.99,-,-,-,-,-,-,,,,
512,Konata Mumpfield,LAR,WR,-,582.80,169.93,-,241.47,-,602.50,-,-,,,,
513,Jordan James,SF,RB,238.72,583.00,170.44,113.75,226.89,-,286.40,500.40,252.00,,0.03,Ques,Ribs
514,Keenan Allen,FA,WR,294.67,584.20,170.03,-,251.73,-,273.90,-,-,,0.01,,
515,Jerome Ford,WAS,RB,324.99,584.70,169.99,-,248.74,-,521.50,-,-,,,,
516,Tory Horton,SEA,WR,300.04,586.40,171.02,-,251.83,-,251.70,412.00,256.00,,0.04,,
517,Pat Bryant,DEN,WR,312.60,588.40,171.28,185.06,249.01,-,239.40,416.50,165.50,,0.04,,
518,Brashard Smith,KC,RB,311.25,590.90,170.05,-,259.07,-,305.30,692.50,250.00,,,,
519,Devin Neal,NO,RB,321.49,591.10,169.97,-,257.14,-,289.00,490.90,237.50,,,,
520,Jordan Howard,FA,RB,-,592.00,-,-,-,-,-,-,-,,,,
521,Christian Kirk,SF,WR,262.07,593.10,171.05,-,230.16,-,271.10,-,-,1.00,0.06,Ques,Calf
522,Najee Harris,FA,RB,312.16,593.50,169.99,-,256.48,-,296.10,496.20,267.50,,,Ques,Achilles
523,Parker Romo,FA,K,-,595.50,169.96,-,-,-,-,528.00,-,,,,
524,Ben Yurosek,MIN,TE,-,596.50,169.99,-,-,-,-,-,-,,,,
525,Michael Trigg,DAL,TE,-,597.90,169.95,76.20,241.33,-,312.60,520.60,270.00,,,,
526,Kalif Raymond,CHI,WR,-,598.80,169.94,-,243.14,-,565.10,-,-,,,,
527,Michael Penix,ATL,QB,299.20,599.50,169.99,155.96,233.38,-,185.10,484.50,186.00,,0.02,Ques,Knee - ACL
528,Jack Bech,LV,WR,257.90,600.50,171.35,182.53,255.61,-,272.50,494.30,254.00,,0.04,,
529,T.J. Yeldon,FA,RB,-,601.00,-,-,-,-,-,-,-,,,,
530,Andrei Iosivas,CIN,WR,311.52,602.30,170.12,-,258.35,-,295.20,-,-,1.02,,,
531,Jalen Tolbert,MIA,WR,335.44,602.50,170.28,-,256.71,-,331.80,-,-,1.03,,,
532,Theo Johnson,NYG,TE,335.37,604.40,170.38,-,248.23,-,211.20,435.00,226.00,,0.02,,
533,Behren Morton,NE,QB,-,605.50,169.98,-,-,-,-,-,-,,,,
534,Tahj Washington,MIA,WR,-,606.50,170.00,-,-,-,-,-,-,,,,
535,Tip Reiman,ARI,TE,-,607.50,169.99,-,-,-,503.00,-,-,,,PUP-P,Ankle
536,Ollie Gordon,MIA,RB,304.81,608.00,170.24,-,257.22,-,339.60,-,219.50,,,,
537,Mike Gesicki,CIN,TE,266.54,609.30,170.76,-,251.16,-,237.40,687.20,-,1.14,0.13,,
538,Rashod Bateman,BAL,WR,282.36,610.00,170.88,186.95,248.31,-,269.20,487.40,-,1.27,0.13,,
539,Jadon Haselwood,FA,WR,-,611.00,-,-,-,-,466.60,-,-,,,,
540,Jarquez Hunter,LAR,RB,-,611.20,169.97,-,246.19,-,332.10,-,-,,,,
541,Tavon Austin,FA,WR,-,615.00,-,-,-,-,-,-,-,,,,
542,Justice Hill,BAL,RB,228.45,616.00,170.66,-,241.91,-,267.30,564.80,-,1.94,0.03,,
543,Lil'Jordan Humphrey,DEN,WR,-,617.70,169.92,-,-,-,622.70,-,-,,,,
544,Tua Tagovailoa,ATL,QB,269.42,618.80,170.37,145.33,207.56,-,157.80,392.90,-,4.42,0.08,,
545,Malik Davis,DAL,RB,314.20,619.10,170.01,-,253.73,-,327.40,-,-,1.72,,,
546,Antonio Callaway,FA,WR,-,621.00,-,-,-,-,-,-,-,,,,
547,Luke Musgrave,GB,TE,-,622.90,169.89,-,242.54,-,350.30,537.00,-,,,PUP-P,Neck
548,Dontayvion Wicks,PHI,WR,230.56,623.50,170.49,-,232.44,-,261.00,645.50,-,1.60,0.02,,
549,Josh Oliver,MIN,TE,-,624.50,169.93,-,241.17,-,639.00,-,-,,,,
550,Amari Cooper,FA,WR,-,625.50,170.03,-,-,-,-,-,-,,,,
551,Anthony Landphere,FA,TE,-,626.50,-,-,-,-,-,-,-,,,,
552,Myles Price,MIN,WR,-,627.50,169.95,-,-,-,449.20,-,-,,,,
553,Luke Stocker,FA,TE,-,628.30,-,-,-,-,470.80,-,-,,,,
554,Treylon Burks,WAS,WR,-,629.10,170.09,-,246.06,-,467.50,-,-,,,,
555,Tyquan Thornton,KC,WR,325.49,629.70,170.04,-,257.49,-,292.10,-,-,1.17,,,
556,Kyle Williams,NE,WR,316.60,631.70,169.92,-,256.52,-,296.50,688.00,235.50,,,,
557,Chris Brazzell,CAR,WR,999.00,632.40,170.01,38.31,256.07,-,325.20,493.10,192.00,5.09,0.01,IR,Knee
558,Brandin Cooks,FA,WR,-,633.00,170.01,-,-,-,665.80,-,-,,,,
559,Grayson Gunter,FA,TE,-,634.00,-,-,-,-,384.50,-,-,,,,
560,Sincere McCormick,SF,RB,-,636.50,169.99,-,-,-,394.00,-,-,,,,
561,Tez Johnson,TB,WR,320.54,637.20,169.95,-,256.96,-,524.90,-,276.00,,,,
562,Jahan Dotson,ATL,WR,316.42,638.70,170.11,-,259.27,-,332.90,-,-,1.19,,,
563,Dont'e Thornton,LV,WR,-,639.00,169.96,-,242.44,-,539.70,-,-,,,,
564,George Holani,SEA,RB,295.30,640.10,170.21,84.52,233.36,-,291.10,643.50,-,1.26,,,
565,Randall Cobb,FA,WR,-,641.00,-,-,-,-,458.10,-,-,,,,
566,Tarik Cohen,FA,RB,-,642.80,-,-,-,-,-,-,-,,,,
567,DeMario Douglas,NE,WR,-,643.40,169.92,-,249.98,-,334.80,-,-,,,,
568,Dyami Brown,WAS,WR,-,644.50,170.17,-,241.94,-,606.10,-,-,,,,
569,Cole Payton,PHI,QB,-,645.50,169.99,66.85,-,-,614.00,-,-,1.23,,,
570,Tutu Atwell,MIA,WR,-,646.20,169.97,-,251.69,-,581.50,-,-,,0.01,,
571,Erick All,CIN,TE,-,647.80,169.96,-,244.16,-,346.60,-,-,,,,
572,Mason Taylor,NYJ,TE,273.54,647.90,169.91,-,249.43,-,208.10,316.50,145.50,,,,
573,Julius Chestnut,TEN,RB,-,649.30,169.97,-,-,-,-,-,-,,0.01,,
574,Lew Nichols,PIT,RB,-,650.30,169.99,-,-,-,528.30,-,-,,,,
575,LeQuint Allen,JAX,RB,294.60,651.30,170.20,-,253.26,-,301.00,-,275.50,,,,
576,Michael Mayer,LV,TE,331.11,652.70,170.13,-,260.82,-,265.50,511.80,262.00,,,Ques,Nose
577,Xavier Legette,CAR,WR,315.60,653.00,170.67,-,263.31,-,336.50,-,-,,0.01,,
578,Evan Engram,DEN,TE,253.29,654.80,170.50,-,244.09,-,244.10,696.30,-,0.99,0.11,,
579,Carlos Hyde,FA,RB,-,655.50,-,-,-,-,-,-,-,,,,
580,Khalid Abdullah,FA,RB,-,657.00,-,-,-,-,-,-,-,,,,
581,Audric Estime,NO,RB,-,658.70,169.99,-,247.22,-,338.20,689.50,-,,,,
582,Samaje Perine,CIN,RB,294.61,659.90,170.78,-,255.65,-,323.70,575.50,-,1.16,0.01,,
583,Devaughn Vele,NO,WR,317.44,660.50,171.16,-,256.83,-,294.10,-,-,,0.05,,
584,Jarrett Stidham,DEN,QB,-,661.50,169.99,-,243.69,-,577.40,-,-,,,,
585,Ty Johnson,BUF,RB,314.15,662.00,170.32,-,255.14,-,343.40,-,-,0.96,0.01,,
586,Will Levis,TEN,QB,-,663.20,169.98,-,241.15,-,521.30,-,-,,,,
587,Elijah Arroyo,SEA,TE,336.80,664.30,169.95,-,261.77,-,287.60,573.00,255.50,,,,
588,Dawson Knox,BUF,TE,338.35,665.50,169.81,-,259.35,-,293.10,670.80,-,0.90,,,
589,Vinny Anthony,ATL,WR,-,666.00,-,-,-,-,-,-,-,,,,
590,Dane Key,DEN,WR,-,667.00,-,-,-,-,-,-,-,,,,
591,Will Shipley,PHI,RB,-,668.70,170.04,-,242.34,-,551.60,-,-,,,,
592,Anthony Richardson,IND,QB,-,669.30,169.97,-,252.17,-,262.00,676.30,-,1.86,,,
593,Jalin Hyatt,NYG,WR,-,670.40,169.99,-,240.96,-,534.20,656.20,-,,,,
594,Davis Cheek,FA,QB,-,671.00,-,-,-,-,-,-,-,,,,
595,Deshaun Watson,CLE,QB,311.56,672.30,169.94,115.06,239.41,-,187.30,692.20,-,2.39,0.02,,
596,Darius Slayton,NYG,WR,318.13,673.60,170.09,-,261.88,-,298.50,-,-,0.94,,,
597,Nick Nash,WAS,WR,-,674.00,170.00,-,-,-,-,-,-,,,,
598,Trevor Etienne,CAR,RB,-,675.00,170.05,-,245.89,-,476.90,-,-,,0.05,,
599,Calvin Austin,NYG,WR,-,676.50,169.96,-,249.44,-,571.50,-,-,,,,
600,Tanner McKee,PHI,QB,-,677.50,169.96,-,241.47,-,552.00,-,-,,,,
601,Deuce Vaughn,FA,RB,-,678.30,169.99,-,-,-,501.00,-,-,,,,
602,Mack Hollins,NE,WR,315.70,679.20,169.93,-,256.57,-,496.60,-,-,1.08,,,
603,Isaiah Bond,CLE,WR,324.49,681.00,169.98,-,256.18,-,349.80,-,273.50,,,,
604,Emari Demercado,KC,RB,262.21,682.40,170.18,-,250.31,-,340.40,-,-,1.67,,,
605,Riley Patterson,MIA,K,-,683.10,169.98,-,-,-,399.50,-,-,,,,
606,Olamide Zaccheaus,ATL,WR,324.33,683.70,170.03,-,256.86,-,345.20,-,-,,,,
607,Isaiah Davis,NYJ,RB,315.36,685.70,170.16,-,251.69,-,300.00,-,-,,,,
608,Adam Prentice,DEN,FB,-,686.00,170.04,-,-,-,-,-,-,,,,
609,Tayon Fleet-Davis,FA,RB,-,687.00,-,-,-,-,-,-,-,,,,
610,Devin Singletary,NYG,RB,322.61,688.50,170.06,-,260.00,-,517.10,-,-,1.24,,,
611,Jose Borregales,FA,K,-,689.50,-,-,-,-,-,-,-,,,,
612,Troy Hairston,FA,FB,-,690.50,170.00,-,-,-,408.00,-,-,,,,
613,Chad Ryland,ARI,K,-,691.00,169.89,-,-,-,467.30,-,-,,0.01,,
614,Jalen Royals,KC,WR,-,692.50,169.94,-,243.63,-,508.80,-,-,,,,
615,Kevin Coleman,MIA,WR,338.12,693.00,169.98,60.46,243.45,-,499.30,695.30,258.00,1.88,,,
616,Luke McCaffrey,WAS,WR,-,694.30,169.98,169.89,246.67,-,600.00,-,-,1.40,,,
617,Taiwan Jones,FA,RB,-,695.50,-,-,-,-,413.00,-,-,,,,
618,Hollywood Brown,PHI,WR,288.25,696.50,170.02,-,250.39,-,344.30,-,-,1.59,,,
619,Jason Sanders,NYJ,K,-,697.50,169.85,-,-,-,427.00,-,-,,,,
620,Cole Kelley,FA,QB,-,698.50,-,-,-,-,-,-,-,,,,
621,Charlie Kolar,LAC,TE,-,699.00,170.00,-,243.56,-,341.50,-,-,,,,
622,Bruce Miller,FA,FB,-,700.30,-,-,-,-,489.90,-,-,,,,
T623,Connor Neighbors,FA,FB,-,-,-,-,-,-,-,-,-,,,,
T623,Brady Russell,SEA,FB,-,-,170.01,-,-,-,-,-,-,,,,
T623,Lucas Scott,BAL,FB,-,-,-,-,-,-,-,-,-,,,,
T623,Sutton Smith,FA,FB,-,-,-,-,-,-,-,-,-,,,,
T623,Alstevis Squirewell,FA,FB,-,-,-,-,-,-,-,-,-,,,,
T623,Riley Nowakowski,PIT,FB,-,-,169.98,61.80,-,-,-,-,-,,,,
T623,Zach Ojile,FA,FB,-,-,-,-,-,-,-,-,-,,,,
T623,Jamize Olawale,FA,FB,-,-,-,-,-,-,-,-,-,,,,
T623,Ricky Ortiz,FA,FB,-,-,-,-,-,-,-,-,-,,,,
T623,Robbie Ouzts,SEA,FB,-,-,169.99,-,-,-,-,-,-,,,Ques,Undisclosed
T623,Derek Parish,FA,FB,-,-,170.00,-,-,-,-,-,-,,,,
T623,Henry Pearson,FA,FB,-,-,170.00,-,-,-,-,-,-,,,,
T623,Monte Pottebaum,FA,FB,-,-,-,-,-,-,-,-,-,,,,
T623,Andrew Beck,NYJ,FB,-,-,170.02,-,-,-,-,-,-,,,,
T623,Max Bredeson,MIN,FB,-,-,169.99,-,-,-,-,-,-,,,,
T623,Algernon Brown,FA,FB,-,-,-,-,-,-,-,-,-,,,,
T623,Robert Burns,FA,FB,-,-,-,-,-,-,-,-,-,,,,
T623,Michael Burton,CLE,FB,-,-,170.01,-,-,-,-,-,-,,,,
T623,Jason Cabinda,FA,FB,-,-,-,-,-,-,-,-,-,,,,
T623,Chandler Cox,FA,FB,-,-,-,-,-,-,-,-,-,,,,
T623,Jeremy Cox,FA,FB,-,-,-,-,-,-,-,-,-,,,,
T623,Reggie Gilliam,NE,FB,-,-,169.96,-,-,-,-,-,-,,,,
T623,Corey Knox,FA,FB,-,-,-,-,-,-,-,-,-,,,,
T623,Brock Lampe,FA,FB,-,-,-,-,-,-,-,-,-,,,,
T623,Hunter Luepke,DAL,FB,-,-,169.95,-,-,-,666.00,-,-,,,,
T623,Scott Matlock,LAC,FB,-,-,169.97,-,-,-,-,-,-,,,,
T623,Connor Heyward,LV,FB,-,-,170.01,-,-,-,684.00,-,-,,,,
T623,Zander Horvath,FA,FB,-,-,-,-,-,-,-,-,-,,,,
T623,Alec Ingold,LAC,FB,-,-,170.02,-,-,-,-,-,-,,,,
T623,Jakob Johnson,FA,FB,-,-,170.02,-,-,-,-,-,-,,,,
T623,Jordan Jones,FA,FB,-,-,-,-,-,-,-,-,-,,,,
T623,John Baron,FA,K,-,-,-,-,-,-,-,-,-,,,,
T623,Tanner Brown,NO,K,-,-,169.93,-,-,-,-,-,-,,,,
T623,Randy Bullock,FA,K,-,-,-,-,-,-,-,-,-,,,,
T623,Gabe Brkic,FA,K,-,-,-,-,-,-,-,-,223.50,,,,
T623,Ryan Coe,FA,K,-,-,-,-,-,-,-,-,-,,,,
T623,Caden Davis,FA,K,-,-,169.91,-,-,-,-,-,-,,,,
T623,Anders Carlson,FA,K,-,-,170.00,211.95,-,-,-,-,-,,,,
T623,Daniel Carlson,FA,K,-,-,169.99,-,-,-,-,-,-,,,,
T623,Luke Drzewiecki,FA,K,-,-,-,-,-,-,-,-,-,,,,
T623,Christopher Dunn,FA,K,-,-,170.00,-,-,-,-,-,-,,,,
T623,Dominik Eberle,FA,K,-,-,-,-,-,-,-,-,-,,,,
T623,Nick Ralston,FA,FB,-,-,-,-,-,-,-,-,-,,,,
T623,Bronson Rechsteiner,FA,FB,-,-,-,-,-,-,-,-,-,,,,
T623,Michael Badgley,FA,K,-,-,170.02,-,-,-,-,-,-,,,,
T623,Taylor Bertolet,FA,K,-,-,-,-,-,-,-,-,-,,,,
T623,Rodrigo Blankenship,FA,K,-,-,-,-,-,-,-,-,-,,,,
T623,Chris Blewitt,FA,K,-,-,-,-,-,-,-,-,-,,,,
T623,Chris Swain,FA,FB,-,-,-,-,-,-,-,-,-,,,,
T623,Carl Tucker,FA,FB,-,-,-,-,-,-,-,-,-,,,,
T623,Soma Vainuku,FA,FB,-,-,-,-,-,-,-,-,-,,,,
T623,Ben VanSumeren,BUF,FB,-,-,169.99,-,-,-,-,-,-,,,Ques,Knee
T623,Jack Westover,NE,FB,-,-,169.99,-,-,-,-,-,-,,,,
T623,Eli Wilson,FA,FB,-,-,-,-,-,-,-,-,-,,,,
T623,Ryan Yurachek,FA,FB,-,-,-,-,-,-,-,-,-,,,,
T623,Corey Acosta,FA,K,-,-,-,-,-,-,-,-,-,,,,
T623,Ramiz Ahmed,FA,K,-,-,-,-,-,-,-,-,-,,,,
T623,Matt Ammendola,FA,K,-,-,-,-,-,-,-,-,-,,,,
T623,Phillip Andersen,FA,K,-,-,-,-,-,-,-,-,-,,,,
T623,Taylor Russolino,FA,K,-,-,-,-,-,-,-,-,-,,,,
T623,Austin Seibert,FA,K,-,-,169.96,-,-,-,-,-,-,,,,
T623,Mason Shipley,FA,K,-,-,-,-,-,-,-,-,-,,,,
T623,Justin Rohrwasser,FA,K,-,-,-,-,-,-,-,-,-,,,,
T623,Gabriel Plascencia,FA,K,-,-,-,-,-,-,-,-,-,,,,
T623,Jack Podlesny,FA,K,-,-,-,-,-,-,-,-,-,,,,
T623,B.T. Potter,TB,K,-,-,-,-,-,-,-,-,-,,,,
T623,Matt Prater,FA,K,-,-,169.86,-,-,-,-,536.00,-,,0.01,,
T623,Laith Marjan,PIT,K,-,-,-,-,-,-,-,-,-,,,,
T623,Brandon McManus,FA,K,-,-,169.98,-,-,-,-,-,-,,,,
T623,Andrew Mevis,FA,K,-,-,-,-,-,-,-,-,-,,,,
T623,Trevor Moore,FA,K,-,-,-,-,-,-,-,-,-,,,,
T623,Cole Murphy,FA,K,-,-,-,-,-,-,-,-,-,,,,
T623,Mike Meyer,FA,K,-,-,-,-,-,-,-,-,-,,,,
T623,JJ Molson,FA,K,-,-,-,-,-,-,-,-,-,,,,
T623,Brayden Narveson,FA,K,-,-,169.99,-,-,-,-,-,-,,,,
T623,Quinn Nordin,FA,K,-,-,-,-,-,-,-,-,-,,,,
T623,Jude McAtamney,FA,K,-,-,169.94,-,-,-,-,-,-,,,,
T623,Tucker McCann,FA,K,-,-,-,-,-,-,-,-,-,,,,
T623,James McCourt,FA,K,-,-,-,-,-,-,-,-,-,,,,
T623,Austin MacGinnis,FA,K,-,-,-,-,-,-,-,-,-,,,,
T623,John Lunsford,FA,K,-,-,-,-,-,-,-,-,-,,,,
T623,Cole Hedlund,FA,K,-,-,-,-,-,-,-,-,-,,,,
T623,Dustin Hopkins,FA,K,-,-,169.98,-,-,-,-,-,-,,,,
T623,John Hoyland,FA,K,-,-,-,-,-,-,-,-,-,,,,
T623,Brian Johnson,FA,K,-,-,-,-,-,-,-,-,213.50,,,,
T623,Greg Joseph,FA,K,-,-,170.00,-,-,-,-,-,-,,,,
T623,Lenny Krieg,FA,K,-,-,-,-,-,-,-,-,-,,,,
T623,Alex Kessman,FA,K,-,-,-,-,-,-,-,572.50,-,,,,
T623,Jonathan Kim,FA,K,-,-,-,-,-,-,-,-,-,,,,
T623,Zane Gonzalez,MIA,K,-,-,169.94,-,-,-,-,-,-,,,,
T623,Alex Hale,FA,K,-,-,-,-,-,-,-,-,-,,,,
T623,Clayton Hatfield,FA,K,-,-,-,-,-,-,-,-,-,,,,
T623,Blake Haubeil,FA,K,-,-,-,-,-,-,-,-,-,,,,
T623,Kai Forbath,FA,K,-,-,-,-,-,-,-,-,-,,,,
T623,Chris Freeman,FA,K,-,-,-,-,-,-,-,-,-,,,,
T623,Elliott Fry,FA,K,-,-,-,-,-,-,-,-,-,,,,
T623,Graham Gano,FA,K,-,-,169.94,-,-,-,-,-,-,,0.01,Ques,Neck
T623,Will Ferrin,FA,K,-,-,-,-,-,-,-,-,-,,,,
T623,Chad Kelly,FA,QB,-,-,-,-,-,-,-,-,-,,,,
T623,D'Eriq King,FA,QB,-,-,-,-,-,-,-,-,-,,,,
T623,Athan Kaliakmanis,WAS,QB,-,-,169.99,-,-,-,-,671.50,-,,,,
T623,Case Keenum,CHI,QB,-,-,169.99,-,-,-,-,-,-,,,,
T623,Emory Jones,FA,QB,-,-,-,-,-,-,-,-,-,,,,
T623,Sam Howell,DAL,QB,-,-,169.95,-,241.31,-,616.30,-,-,,,,
T623,Brian Hoyer,FA,QB,-,-,-,-,-,-,-,-,-,,,,
T623,Josh Johnson,CIN,QB,-,-,170.01,-,-,-,-,-,-,,,,
T623,Brian Lewerke,FA,QB,-,-,-,-,-,-,-,-,-,,,,
T623,Levi Lewis,FA,QB,-,-,-,-,-,-,-,-,-,,,,
T623,Chase Litton,FA,QB,-,-,-,-,-,-,-,-,-,,,,
T623,Sefo Liufau,FA,QB,-,-,-,-,-,-,-,-,-,,,,
T623,Drew Lock,SEA,QB,-,-,169.95,-,241.59,-,383.00,-,-,,,,
T623,Devin Leary,FA,QB,-,-,169.95,-,-,-,-,-,-,,,,
T623,Mitch Leidner,FA,QB,-,-,-,-,-,-,-,-,-,,,,
T623,Riley Leonard,IND,QB,338.53,-,169.98,-,241.32,-,337.70,-,-,,,,
T623,Marcus Mariota,WAS,QB,-,-,170.01,-,255.06,-,303.90,-,-,,,,
T623,Adrian Martinez,SF,QB,-,-,169.99,-,-,-,-,-,-,,,,
T623,Trey Lance,LAC,QB,336.58,-,169.95,-,242.83,-,488.90,-,-,,,,
T623,Kyle Lauletta,FA,QB,-,-,-,-,-,-,-,-,-,,,,
T623,Josh Love,FA,QB,-,-,-,-,-,-,-,-,-,,,,
T623,Nick Fitzgerald,FA,QB,-,-,-,-,-,-,-,-,-,,,,
T623,Jake Fromm,FA,QB,-,-,-,-,-,-,-,-,-,,,,
T623,Chase Garbers,FA,QB,-,-,-,-,-,-,-,-,-,,,,
T623,Ethan Garbers,FA,QB,-,-,-,-,-,-,-,-,-,,,,
T623,Jimmy Garoppolo,FA,QB,-,-,169.97,-,241.48,-,-,-,-,,,,
T623,Mike Glennon,FA,QB,-,-,-,-,-,-,-,-,-,,,,
T623,Joshua Dobbs,FA,QB,-,-,170.01,-,-,-,-,-,-,,,,
T623,Jeff Driskel,FA,QB,-,-,170.02,-,-,-,-,-,-,,,,
T623,Kyron Drones,GB,QB,-,-,-,-,-,-,-,-,-,,,,
T623,Max Duggan,FA,QB,-,-,169.96,-,-,-,-,-,-,,,,
T623,Sam Ehlinger,DEN,QB,-,-,169.99,-,-,-,-,-,-,,,,
T623,Quinn Ewers,MIA,QB,-,-,169.93,-,242.65,-,309.50,-,-,,,,
T623,Danny Ezechukwu,FA,QB,-,-,-,-,-,-,-,-,-,,,,
T623,Joe Fagnano,BAL,QB,-,-,-,-,-,-,-,-,-,,,,
T623,Will Grier,CAR,QB,-,-,-,-,-,-,375.00,-,-,,,Reserve-Ret,Undisclosed
T623,Mark Gronowski,MIA,QB,-,-,-,-,-,-,-,-,-,,,,
T623,Jarrett Guarantano,FA,QB,-,-,-,-,-,-,-,-,-,,,,
T623,Anthony Gordon,FA,QB,-,-,-,-,-,-,560.00,-,-,,,,
T623,Michael Hiers,FA,QB,-,-,-,-,-,-,-,-,-,,,,
T623,Jaren Hall,FA,QB,-,-,169.99,-,-,-,502.50,682.50,-,,,,
T623,Gavin Hardison,FA,QB,-,-,-,-,-,-,-,-,-,,,,
T623,Felix Harper,FA,QB,-,-,-,-,-,-,369.00,-,-,,,,
T623,Sam Hartman,WAS,QB,-,-,-,-,-,-,-,-,-,,,,
T623,Taylor Heinicke,FA,QB,-,-,170.02,-,-,-,-,-,-,,,,
T623,Seth Henigan,FA,QB,-,-,-,-,-,-,-,-,-,,,,
T623,Chad Henne,FA,QB,-,-,-,-,-,-,462.00,-,-,,,,
T623,Jacob Clark,LV,QB,-,-,-,-,-,-,-,-,-,,,,
T623,Dustin Crum,FA,QB,-,-,-,-,-,-,-,-,-,,,,
T623,Andy Dalton,PHI,QB,-,-,170.01,-,242.69,-,626.00,-,-,,,,
T623,Matthew Caldwell,LAR,QB,-,-,-,-,-,-,-,-,-,,,,
T623,Kevin Davidson,FA,QB,-,-,-,-,-,-,-,-,-,,,,
T623,Hunter Dekkers,NO,QB,-,-,-,-,-,-,-,-,-,,,,
T623,Tim DeMorat,FA,QB,-,-,-,-,-,-,-,-,-,,,,
T623,Jack Coan,FA,QB,-,-,-,-,-,-,-,-,-,,,,
T623,Jake Coker,FA,QB,-,-,-,-,-,-,-,-,-,,,,
T623,Brady Cook,NYJ,QB,-,-,169.97,-,-,-,-,-,-,,,,
T623,Case Cookus,FA,QB,-,-,-,-,-,-,-,-,-,,,,
T623,Chevan Cordeiro,FA,QB,-,-,-,-,-,-,-,-,-,,,,
T623,Matt Corral,FA,QB,-,-,-,-,-,-,-,-,-,,,,
T623,K.J. Costello,FA,QB,-,-,-,-,-,-,-,-,-,,,,
T623,Ian Book,FA,QB,-,-,-,-,-,-,-,-,-,,,,
T623,Anthony Boone,FA,QB,-,-,-,-,-,-,-,-,-,,,,
T623,Tim Boyle,FA,QB,-,-,170.03,-,-,-,-,-,-,,,,
T623,Carter Bradley,JAX,QB,-,-,-,-,-,-,-,-,-,,,,
T623,Teddy Bridgewater,DET,QB,-,-,169.95,-,242.62,-,620.50,-,-,,,,
T623,Max Brosmer,MIN,QB,-,-,169.98,-,-,-,-,-,-,,,,
T623,Anthony Brown,FA,QB,-,-,169.99,-,-,-,-,-,-,,,,
T623,Jake Browning,TB,QB,338.37,-,169.97,-,243.40,-,619.70,-,-,,,,
T623,Shane Buechele,BUF,QB,-,-,169.98,-,-,-,-,-,-,,,,
T623,James Turner,FA,K,-,-,-,-,-,-,-,-,-,,,,
T623,Jake Verity,FA,K,-,-,-,-,-,-,415.00,-,205.50,,,,
T623,Tristan Vizcaino,FA,K,-,-,-,-,-,-,-,-,-,,,,
T623,Nick Vogel,FA,K,-,-,-,-,-,-,-,-,-,,,,
T623,Matthew Trickett,FA,K,-,-,-,-,-,-,-,-,-,,,,
T623,Maddux Trujillo,FA,K,-,-,-,-,-,-,-,-,-,,,,
T623,Trey Wolff,FA,K,-,-,-,-,-,-,-,-,-,,,,
T623,Matthew Wright,FA,K,-,-,170.01,-,-,-,-,-,-,,,,
T623,Drew Stevens,WAS,K,-,-,-,-,-,-,-,-,-,,,,
T623,Caleb Shudak,FA,K,-,-,-,-,-,-,-,-,206.00,,,,
T623,Sam Sloman,FA,K,-,-,-,-,-,-,-,-,-,,,,
T623,Ryan Santoso,FA,K,-,-,-,-,-,-,-,-,-,,,,
T623,Greg Zuerlein,FA,K,-,-,169.97,-,-,-,-,-,-,,,Ques,Knee
T623,Matt Barkley,FA,QB,-,-,-,-,-,-,-,-,-,,,,
T623,Connor Bazelak,TB,QB,-,-,-,-,-,-,-,-,-,,,,
T623,Jason Bean,FA,QB,-,-,-,-,-,-,-,-,-,,,,
T623,Austin Allen,FA,QB,-,-,-,-,-,-,-,-,-,,,,
T623,Brandon Allen,NYG,QB,-,-,170.01,-,-,-,-,-,-,,,,
T623,Kyle Allen,BUF,QB,-,-,169.96,-,243.31,-,578.60,-,-,,,,
T623,Luke Altmyer,DET,QB,-,-,-,-,-,-,-,-,-,,,,
T623,Drew Anderson,FA,QB,-,-,-,-,-,-,-,-,-,,,,
T623,Zack Annexstad,FA,QB,-,-,-,-,-,-,-,-,-,,,,
T623,Zach Evans,FA,RB,-,-,169.99,-,-,-,481.70,-,-,,,,
T623,Tavien Feaster,FA,RB,-,-,-,-,-,-,-,-,-,,,,
T623,Darrynton Evans,FA,RB,-,-,169.99,-,-,-,-,-,-,,,,
T623,BJ Emmons,FA,RB,-,-,-,-,-,-,-,-,-,,,,
T623,D'Onta Foreman,FA,RB,-,-,170.02,-,-,-,-,-,-,,,,
T623,Leonard Fournette,FA,RB,-,-,-,-,-,-,-,-,-,,,,
T623,Jake Funk,FA,RB,-,-,-,-,-,-,356.50,-,-,,,,
T623,Wayne Gallman,FA,RB,-,-,-,-,-,-,-,-,-,,,,
T623,Ja'Quan Gardner,FA,RB,-,-,-,-,-,-,-,-,-,,,,
T623,Myles Gaskin,FA,RB,-,-,170.00,-,-,-,-,-,-,,,,
T623,Miles Davis,CAR,RB,-,-,-,-,-,-,629.50,-,-,,,,
T623,Greg Desrosiers,LAC,RB,-,-,-,-,-,-,-,-,-,,,,
T623,AJ Dillon,CAR,RB,-,-,169.97,-,241.08,-,678.50,-,-,,,,
T623,Tyrion Davis-Price,FA,RB,-,-,170.00,-,-,-,-,-,-,,,,
T623,Synjyn Days,FA,RB,-,-,-,-,-,-,-,-,-,,,,
T623,Austin Ekeler,FA,RB,-,-,170.01,-,243.14,-,580.30,-,-,,,,
T623,CJ Donaldson,NO,RB,-,-,-,-,-,-,477.00,-,-,,,,
T623,Elijah Dotson,FA,RB,-,-,170.00,-,-,-,-,-,-,,,,
T623,Kenyan Drake,FA,RB,-,-,-,-,-,-,-,-,-,,,,
T623,Mataeo Durant,FA,RB,-,-,-,-,-,-,-,-,-,,,,
T623,Trestan Ebner,FA,RB,-,-,-,-,-,-,-,-,-,,,,
T623,Chase Edmonds,FA,RB,-,-,170.02,-,-,-,-,-,-,,,,
T623,Donovan Edwards,MIA,RB,-,-,170.00,-,-,-,-,-,-,,,,
T623,Gus Edwards,FA,RB,-,-,170.02,-,-,-,-,-,-,,,,
T623,Trenton Cannon,FA,RB,-,-,-,-,-,-,-,-,-,,,,
T623,Michael Carter,TEN,RB,-,-,170.01,-,243.32,-,664.80,-,-,,,,
T623,Nathan Carter,ATL,RB,-,-,169.97,-,241.14,-,-,-,-,,,,
T623,Anderson Castle,IND,RB,-,-,-,-,-,-,654.50,-,-,,,,
T623,Malcolm Brown,FA,RB,-,-,-,-,-,-,-,-,-,,,,
T623,Kentrel Bullock,CIN,RB,-,-,-,-,-,-,-,-,-,,,,
T623,Rex Burkhead,FA,RB,-,-,-,-,-,-,-,-,-,,,,
T623,James Butler,FA,RB,-,-,-,-,-,-,-,-,-,,,,
T623,Josh Caldwell,FA,RB,-,-,-,-,-,-,-,-,-,,,,
T623,Kennedy Brooks,FA,RB,-,-,-,-,-,-,-,-,-,,,,
T623,Tahj Brooks,CIN,RB,-,-,170.06,-,253.35,-,569.60,-,-,,,,
T623,Tony Brooks-James,FA,RB,-,-,-,-,-,-,-,-,-,,,,
T623,Matt Colburn,FA,RB,-,-,-,-,-,-,-,-,-,,,,
T623,Corey Clement,FA,RB,-,-,-,-,-,-,-,-,-,,,,
T623,Snoop Conner,FA,RB,-,-,-,-,-,-,-,-,-,,,,
T623,Dean Connors,LAR,RB,-,-,-,-,-,-,-,-,-,,,,
T623,Dalvin Cook,FA,RB,-,-,169.99,-,-,-,-,-,-,,0.01,,
T623,Chris Collier,LV,RB,-,-,169.99,-,-,-,-,-,-,,,IR,Undisclosed
T623,DeeJay Dallas,JAX,RB,-,-,170.03,-,-,-,-,-,-,,,,
T623,Damarea Crockett,FA,RB,-,-,-,-,-,-,-,-,-,,,,
T623,Mohamed Ibrahim,FA,RB,-,-,170.00,-,-,-,-,-,-,,,,
T623,Godwin Igwebuike,FA,RB,-,-,-,-,-,-,-,-,-,,,,
T623,Keaontay Ingram,FA,RB,-,-,170.00,-,-,-,-,-,-,,,,
T623,Caleb Huntley,FA,RB,-,-,-,-,-,-,-,-,-,,,,
T623,Kareem Hunt,FA,RB,338.54,-,170.01,-,250.19,-,593.70,-,-,,,,
T623,Devontae Jackson,FA,RB,-,-,-,-,-,-,-,-,-,,,,
T623,Ja'Quinden Jackson,FA,RB,-,-,-,-,-,-,-,-,-,,,,
T623,Isaiah Jacobs,FA,RB,-,-,-,-,-,-,-,-,-,,,,
T623,Jermar Jefferson,FA,RB,-,-,169.97,-,-,-,-,-,-,,,,
T623,Terrell Jennings,NE,RB,-,-,169.99,-,-,-,-,-,-,,,,
T623,Amar Johnson,LAC,RB,-,-,169.99,-,-,-,-,-,-,,,,
T623,D'Ernest Johnson,FA,RB,-,-,170.03,-,-,-,-,-,-,,,,
T623,Kerryon Johnson,FA,RB,-,-,-,-,-,-,-,-,-,,,,
T623,Montrell Johnson,FA,RB,-,-,-,-,-,-,-,-,-,,,Ques,Undisclosed
T623,Roschon Johnson,CHI,RB,-,-,169.96,-,241.25,-,-,-,-,,,,
T623,Austin Jones,FA,RB,-,-,-,-,-,-,-,-,-,,,,
T623,Cash Jones,ATL,RB,-,-,-,-,-,-,-,-,-,,,,
T623,Ronald Jones,FA,RB,-,-,-,-,-,-,-,-,-,,,,
T623,Shermari Jones,FA,RB,-,-,-,-,-,-,-,-,-,,,,
T623,Joshua Kelley,FA,RB,-,-,170.00,-,-,-,-,-,-,,,,
T623,John Kelly,FA,RB,-,-,170.02,-,-,-,-,-,-,,,,
T623,Jacob Kibodi,FA,RB,-,-,169.98,-,-,-,-,-,-,,,,
T623,Corey Kiner,ARI,RB,-,-,170.00,-,-,-,-,-,-,,,,
T623,Bam Knight,ARI,RB,-,-,170.07,-,242.11,-,674.50,-,-,,,,
T623,Brenden Knox,FA,RB,-,-,-,-,-,-,-,-,-,,,,
T623,Bryant Koback,FA,RB,-,-,-,-,-,-,-,-,-,,,,
T623,Lan Larison,NE,RB,-,-,169.99,-,241.30,-,494.00,-,-,,,,
T623,Dylan Laube,LV,RB,-,-,170.04,-,-,-,-,-,-,,,,
T623,Ray Lawry,FA,RB,-,-,-,-,-,-,-,-,-,,,,
T623,Dion Lewis,FA,RB,-,-,-,-,-,-,-,-,-,,,,
T623,Darnell Holland,FA,RB,-,-,-,-,-,-,-,-,-,,,,
T623,Travis Homer,PIT,RB,-,-,169.99,-,-,-,-,-,-,,,,
T623,Nyheim Hines,FA,RB,-,-,170.01,-,-,-,-,-,-,,,,
T623,Brian Hill,FA,RB,-,-,-,-,-,-,-,-,-,,,,
T623,Roman Hemby,LV,RB,-,-,-,-,-,-,-,-,-,,,,
T623,Darrell Henderson,FA,RB,-,-,-,-,-,-,-,-,-,,,,
T623,Robert Henry,WAS,RB,-,-,-,57.83,241.27,-,-,-,-,,,,
T623,Hassan Haskins,FA,RB,-,-,170.00,-,-,-,355.00,-,-,,,,
T623,JaMycal Hasty,FA,RB,-,-,170.01,-,-,-,-,-,-,,,,
T623,Jamal Haynes,CIN,RB,-,-,-,-,-,-,-,-,-,,,,
T623,Derrick Gore,FA,RB,-,-,-,-,-,-,-,-,-,,,,
T623,Frank Gore,BUF,RB,-,-,169.94,-,241.33,-,-,655.00,-,,,,
T623,Isaac Guerendo,SF,RB,325.87,-,170.07,-,246.10,-,443.80,566.00,-,,,PUP-P,Pectoral
T623,Melvin Gordon,FA,RB,-,-,-,-,-,-,-,-,-,,,,
T623,Antonio Gibson,FA,RB,-,-,169.98,-,-,-,682.50,-,-,,,Ques,Knee - ACL
T623,Anthony Hankerson,MIA,RB,-,-,-,-,-,-,-,-,-,,,,
T623,Deion Hankins,FA,RB,-,-,-,-,-,-,-,-,-,,,,
T623,TJ Harden,FA,RB,-,-,-,-,-,-,-,-,-,,,,
T623,JaQuan Hardy,FA,RB,-,-,-,-,-,-,-,-,-,,,,
T623,Kevin Harris,FA,RB,-,-,-,-,-,-,-,-,-,,,,
T623,Graham Mertz,HOU,QB,-,-,169.99,-,-,-,-,-,-,,,,
T623,Cam Miller,MIA,QB,-,-,169.99,-,-,-,-,-,-,,,,
T623,Davis Mills,HOU,QB,-,-,169.99,-,243.83,-,505.60,-,-,,0.01,,
T623,Jalen Morton,FA,QB,-,-,-,-,-,-,-,-,-,,,,
T623,Miller Moss,CHI,QB,-,-,-,-,-,-,-,-,-,,,,
T623,Nick Mullens,JAX,QB,-,-,170.04,-,243.63,-,610.80,-,-,,,,
T623,Joe Milton,DAL,QB,-,-,169.91,-,244.71,-,352.90,-,-,,,,
T623,Gardner Minshew,ARI,QB,-,-,169.96,-,243.01,-,515.30,-,-,,,,
T623,Tanner Mordecai,FA,QB,-,-,-,-,-,-,-,-,-,,,,
T623,Chandler Morris,FA,QB,-,-,-,-,-,-,-,-,-,,,,
T623,Andrew Peasley,FA,QB,-,-,-,-,-,-,-,-,-,,,,
T623,Chris Oladokun,KC,QB,-,-,169.98,-,-,-,-,-,-,,,,
T623,Shea Patterson,FA,QB,-,-,-,-,-,-,-,-,-,,,,
T623,Garrett Nussmeier,KC,QB,-,-,169.99,57.87,241.16,-,308.50,-,-,1.66,,,
T623,Luis Perez,FA,QB,-,-,-,-,-,-,-,-,-,,,,
T623,E.J. Perry,FA,QB,-,-,-,-,-,-,-,-,-,,,,
T623,Brandon Peters,FA,QB,-,-,-,-,-,-,-,-,-,,,,
T623,Drew Plitt,FA,QB,-,-,-,-,-,-,509.10,-,-,,,,
T623,Jack Plummer,FA,QB,-,-,-,-,-,-,-,-,-,,,,
T623,Michael Pratt,FA,QB,-,-,169.97,-,-,-,-,-,-,,,,
T623,Desmond Ridder,FA,QB,-,-,169.98,-,-,-,-,-,-,,,,
T623,Jake Retzlaff,FA,QB,-,-,-,-,-,-,-,-,-,,,,
T623,Spencer Rattler,NO,QB,-,-,169.97,-,242.14,-,576.00,-,-,,,,
T623,Peter Pujals,FA,QB,-,-,-,-,-,-,-,-,-,,,,
T623,Brogan Roback,FA,QB,-,-,-,-,-,-,-,-,-,,,,
T623,Sawyer Robertson,FA,QB,-,-,-,-,-,-,-,-,-,,,,
T623,Brett Rypien,FA,QB,-,-,170.02,-,-,-,-,-,-,,,,
T623,Kurtis Rourke,SF,QB,-,-,169.99,-,-,-,-,-,-,,,,
T623,Nathan Rourke,FA,QB,-,-,169.96,-,-,-,514.30,-,-,,,,
T623,Mason Rudolph,PIT,QB,-,-,169.97,-,241.26,-,544.40,-,-,,,,
T623,Cooper Rush,ATL,QB,-,-,170.02,-,-,-,588.20,-,-,,,,
T623,Cole Stoudt,FA,QB,-,-,-,-,-,-,-,-,-,,,,
T623,Chris Streveler,FA,QB,-,-,-,-,-,-,-,-,-,,,,
T623,Carson Strong,FA,QB,-,-,-,-,-,-,-,-,-,,,,
T623,Joel Stave,FA,QB,-,-,-,-,-,-,-,-,-,,,,
T623,Tommy Stevens,FA,QB,-,-,-,-,-,-,-,-,-,,,,
T623,Easton Stick,IND,QB,-,-,170.03,-,-,-,-,-,-,,,,
T623,J'Mar Smith,FA,QB,-,-,-,-,-,-,-,-,-,,,,
T623,Brendan Sorsby,FA,QB,999.00,-,-,-,-,-,-,-,-,,,,
T623,Kedon Slovis,ARI,QB,-,-,169.99,-,-,-,-,-,-,,,,
T623,Trevor Siemian,FA,QB,-,-,170.02,-,-,-,-,-,-,,,Ques,Undisclosed
T623,Brandon Silvers,FA,QB,-,-,-,-,-,-,-,-,-,,,,
T623,Carson Wentz,MIN,QB,-,-,170.00,-,241.15,-,656.50,-,-,,,,
T623,Mike White,FA,QB,-,-,170.03,-,-,-,-,-,-,,,,
T623,Hajj-Malik Williams,FA,QB,-,-,-,-,-,-,-,-,-,,,,
T623,Ryan Willis,FA,QB,-,-,-,-,-,-,-,-,-,,,,
T623,Ameer Abdullah,JAX,RB,-,-,170.02,-,-,-,-,-,-,,,,
T623,John Wolford,FA,QB,-,-,170.01,-,-,-,-,-,-,,,,
T623,Logan Woodside,FA,QB,-,-,-,-,-,-,-,-,-,,,,
T623,Ben Wooldridge,FA,QB,-,-,-,-,-,-,-,-,-,,,,
T623,Ryan Tannehill,FA,QB,-,-,-,-,-,-,-,-,-,,,,
T623,Tyrod Taylor,GB,QB,338.58,-,169.95,-,242.93,-,566.70,-,-,,,,
T623,Vincent Testaverde,FA,QB,-,-,-,-,-,-,-,-,-,,,,
T623,Nate Sudfeld,FA,QB,-,-,-,-,-,-,422.50,-,-,,,,
T623,Taulia Tagovailoa,FA,QB,-,-,-,-,-,-,387.00,-,-,,,,
T623,E.J. Warner,FA,QB,-,-,-,-,-,-,-,-,-,,,,
T623,Payton Thorne,FA,QB,-,-,-,-,-,-,372.00,-,-,,,,
T623,Nick Tiano,FA,QB,-,-,-,-,-,-,-,-,-,,,,
T623,Jordan Travis,FA,QB,-,-,169.98,-,-,-,-,-,-,,,,
T623,Mitchell Trubisky,TEN,QB,-,-,170.01,-,241.10,-,649.20,-,-,,,,
T623,Kazmeir Allen,FA,RB,-,-,-,-,-,-,-,-,-,,,,
T623,Rasheen Ali,BAL,RB,-,-,170.00,-,242.78,-,527.20,-,-,,,,
T623,Salvon Ahmed,CHI,RB,-,-,170.01,-,-,-,-,-,-,,,,
T623,Kalen Ballage,FA,RB,-,-,-,-,-,-,-,-,-,,,,
T623,Damon Bankston,NYG,RB,-,-,-,-,-,-,-,-,-,,,,
T623,B.J. Baylor,FA,RB,-,-,-,-,-,-,-,-,-,,,,
T623,Greg Bell,FA,RB,-,-,-,-,-,-,354.00,-,-,,,,
T623,Coleman Bennett,CHI,RB,-,-,-,-,-,-,-,-,-,,,,
T623,Ulysses Bentley,IND,RB,-,-,169.98,-,-,-,-,-,-,,,,
T623,Raheem Blackshear,FA,RB,-,-,169.98,-,-,-,-,-,-,,,,
T623,Khari Blasingame,FA,RB,-,-,170.02,-,-,-,-,-,-,,,,
T623,Mike Boone,FA,RB,-,-,170.03,-,-,-,-,-,-,,,,
T623,Davon Booth,CLE,RB,-,-,-,-,-,-,-,-,-,,,,
T623,Max Borghi,FA,RB,-,-,-,-,-,-,-,-,-,,,,
T623,Isaiah Bowser,FA,RB,-,-,-,-,-,-,-,-,-,,,,
T623,Gary Brightwell,CIN,RB,-,-,169.99,-,-,-,-,-,-,,,,
T623,British Brooks,HOU,RB,-,-,169.98,-,-,-,-,-,-,,,,
T623,Chris Brooks,GB,RB,303.64,-,170.15,139.00,251.37,-,348.10,-,-,1.70,,NFI-A,Hamstring
T623,Yasir Abdullah,JAX,LB,-,-,170.05,-,-,-,-,-,-,,,,
T623,Matthew Adams,FA,LB,-,-,171.71,-,-,-,-,-,-,,,,
T623,Mitchell Agude,FA,LB,-,-,170.71,-,-,-,-,-,-,,,,
T623,Austin Ajiake,IND,LB,-,-,171.16,-,-,-,-,-,-,,,,
T623,Azeez Al-Shaair,HOU,LB,-,-,172.99,-,-,-,-,278.80,-,6.53,0.17,,
T623,Christian Albright,FA,LB,-,-,-,-,-,-,-,-,-,,,,
T623,Jaylan Alexander,FA,LB,-,-,-,-,-,-,-,-,-,,,,
T623,Kwon Alexander,FA,LB,-,-,175.18,-,-,-,-,-,-,,,,
T623,CJ Allen,IND,LB,-,-,173.45,20.95,-,-,-,208.10,-,,,,
T623,Dakota Allen,FA,LB,-,-,-,-,-,-,-,-,-,,,,
T623,Troy Andersen,ATL,LB,-,-,170.00,-,-,-,-,-,-,,,PUP-P,Knee
T623,Liam Anderson,CIN,LB,-,-,-,-,-,-,-,-,-,,,,
T623,Joe Andreessen,BUF,LB,-,-,171.40,-,-,-,-,-,-,,,,
T623,Andrew Ankrah,FA,LB,-,-,-,-,-,-,-,685.00,-,,,,
T623,Alex Anzalone,TB,LB,-,-,175.98,-,-,-,-,382.30,-,3.48,,,
T623,Kam Arnold,KC,LB,-,-,-,-,-,-,-,-,-,,,,
T623,Brian Asamoah,FA,LB,-,-,170.00,-,-,-,-,-,-,,,Ques,Knee
T623,C. J. Avery,FA,LB,-,-,-,-,-,-,-,-,-,,,,
T623,Joe Bachie,DET,LB,-,-,170.20,-,-,-,-,-,-,,,,
T623,Levelle Bailey,DEN,LB,-,-,170.00,-,-,-,-,-,-,,,,
T623,Markus Bailey,FA,LB,-,-,170.00,-,-,-,-,-,-,,,,
T623,Wesley Bailey,LAR,LB,-,-,-,-,-,-,-,-,-,,,,
T623,Rueben Bain,TB,LB,-,-,175.62,-,-,-,-,158.90,-,,,,
T623,Jerome Baker,FA,LB,-,-,170.00,-,-,-,-,-,-,,,,
T623,Keshawn Banks,ATL,LB,-,-,170.04,-,-,-,-,-,-,,,,
T623,Shad Banks,TEN,LB,-,-,-,-,-,-,-,-,-,,,,
T623,Jaishawn Barham,DAL,LB,-,-,170.97,66.81,-,-,-,521.50,-,,,,
T623,Derrick Barnes,DET,LB,-,-,173.12,-,-,-,-,449.50,-,,,,
T623,Krys Barnes,FA,LB,-,-,170.00,-,-,-,-,-,-,,,,
T623,Zaire Barnes,NYG,LB,-,-,170.00,-,-,-,-,-,-,,,,
T623,Amare Barno,FA,LB,-,-,170.00,-,-,-,-,-,-,,,Ques,Knee
T623,Michael Barrett,FA,LB,-,-,170.00,-,-,-,-,-,-,,,,
T623,Shaquil Barrett,FA,LB,-,-,172.18,-,-,-,-,-,-,,,,
T623,Justin Barron,DAL,LB,-,-,-,-,-,-,-,-,-,,,,
T623,Jared Bartlett,JAX,LB,-,-,-,-,-,-,-,-,-,,,,
T623,Cody Barton,TEN,LB,-,-,174.99,-,-,-,-,420.80,-,3.58,,,
T623,Lander Barton,LAC,LB,-,-,-,-,-,-,-,-,-,,,,
T623,Boogie Basham,FA,LB,-,-,169.64,-,-,-,-,-,-,,,,
T623,Jeffrey Bassa,KC,LB,-,-,170.04,-,-,-,-,-,-,,,,
T623,Tyler Batty,MIN,LB,-,-,170.98,-,-,-,-,-,-,,,,
T623,Zack Baun,PHI,LB,-,-,165.99,-,-,-,-,119.00,-,,0.83,,
T623,Quinton Bell,SF,LB,-,-,170.00,-,-,-,-,-,-,,,,
T623,Nick Bellore,WAS,LB,-,-,169.71,-,-,-,-,-,-,,,Reserve-Ret,Personal
T623,Ja'Whaun Bentley,FA,LB,-,-,171.45,-,-,-,-,-,-,,,,
T623,Terrel Bernard,BUF,LB,-,-,175.27,-,-,-,-,259.90,-,,,,
T623,JD Bertrand,ATL,LB,-,-,170.40,-,-,-,-,-,-,,,,
T623,Tatum Bethune,SF,LB,-,-,170.96,-,-,-,-,-,-,,,Ques,Groin
T623,Ezekiel Bigger,FA,LB,-,-,-,-,-,-,-,-,-,,,,
T623,Wesley Bissainthe,KC,LB,-,-,-,-,-,-,-,-,-,,,,
T623,Kendrick Blackshire,FA,LB,-,-,-,-,-,-,-,-,-,,,,
T623,Chris Board,FA,LB,-,-,171.40,-,-,-,-,-,-,,,Ques,Chest
T623,Bryce Boettcher,IND,LB,-,-,171.13,47.36,-,-,-,608.80,-,,,,
T623,Curtis Bolton,FA,LB,-,-,171.45,-,-,-,-,-,-,,,,
T623,Nick Bolton,KC,LB,-,-,118.64,-,-,-,-,159.20,-,,1.83,,
T623,Nik Bonitto,DEN,LB,-,-,169.94,-,-,-,-,143.80,-,,0.50,,
T623,Jordan Botelho,FA,LB,-,-,-,-,-,-,-,-,-,,,,
T623,Tyus Bowser,FA,LB,-,-,172.62,-,-,-,-,-,-,,,,
T623,Swayze Bozeman,CIN,LB,-,-,170.00,-,-,-,-,-,-,,,,
T623,Nigel Bradham,FA,LB,-,-,-,-,-,-,-,-,-,,,,
T623,William Bradley-King,SF,LB,-,-,170.00,-,-,-,-,-,-,,,IR,Undisclosed
T623,Chris Braswell,TB,LB,-,-,170.00,-,-,-,-,-,-,,,,
T623,K.J. Britt,NE,LB,-,-,170.93,-,-,-,-,-,-,,,,
T623,Jordyn Brooks,MIA,LB,-,-,72.75,-,-,-,-,157.50,-,,6.33,,
T623,Cam Brown,FA,LB,-,-,-,-,-,-,-,-,-,,,,
T623,Elliott Brown,ARI,LB,-,-,-,-,-,-,-,-,-,,,,
T623,Sean Brown,TEN,LB,-,-,-,-,-,-,-,-,-,,,,
T623,Baron Browning,ARI,LB,-,-,170.07,-,-,-,-,-,-,,,,
T623,Carson Bruener,PIT,LB,-,-,170.00,-,-,-,-,-,-,,,,
T623,Teddye Buchanan,BAL,LB,-,-,171.69,-,-,-,-,485.20,-,,,PUP-P,Knee - ACL
T623,John Bullock,TB,LB,-,-,170.00,-,-,-,-,-,-,,,,
T623,Oren Burks,CIN,LB,-,-,173.04,-,-,-,-,-,-,,,,
T623,Amari Burney,FA,LB,-,-,170.00,-,-,-,-,-,-,,,,
T623,Brian Burns,NYG,LB,-,-,123.84,-,-,-,-,111.20,-,5.17,1.17,,
T623,Devin Bush,CHI,LB,-,-,172.22,-,-,-,-,361.60,-,4.41,0.50,,
T623,Chance Campbell,PHI,LB,-,-,170.00,-,-,-,-,-,-,,,,
T623,De'Vondre Campbell,FA,LB,-,-,173.35,-,-,-,-,-,-,,,,
T623,Jack Campbell,DET,LB,-,-,90.51,-,-,-,-,141.90,-,,3.33,,
T623,Jihaad Campbell,PHI,LB,-,-,175.79,-,-,-,-,255.80,-,,,,
T623,Jaylon Carlies,IND,LB,-,-,170.00,-,-,-,-,-,-,,,,
T623,Daylan Carnell,FA,LB,-,-,-,-,-,-,-,-,-,,,,
T623,Owen Carney,FA,LB,-,-,-,-,-,-,-,-,-,,,,
T623,Abdul Carter,NYG,LB,-,-,174.88,-,-,-,-,150.20,-,,,Ques,Ankle
T623,Barrett Carter,CIN,LB,-,-,176.28,-,-,-,-,353.20,-,,0.17,,
T623,Lorenzo Carter,FA,LB,-,-,171.65,-,-,-,-,-,-,,,,
T623,Blake Cashman,MIN,LB,-,-,82.88,-,-,-,-,266.30,-,7.45,4.50,,
T623,K'Lavon Chaisson,WAS,LB,-,-,170.39,-,-,-,-,592.80,-,1.49,,,
T623,Tahj Chambers,IND,LB,-,-,-,-,-,-,-,-,-,,,,
T623,Chaz Chambliss,MIN,LB,-,-,170.00,-,-,-,-,-,-,,,,
T623,Leo Chenal,WAS,LB,-,-,171.67,-,-,-,-,457.00,-,,,,
T623,Claudin Cherelus,CAR,LB,-,-,170.29,-,-,-,-,-,-,,,,
T623,Cole Christiansen,KC,LB,-,-,170.00,-,-,-,-,-,-,0.91,,,
T623,Jimmy Ciarlo,BUF,LB,-,-,-,-,-,-,-,-,-,,,,
T623,Damone Clark,DET,LB,-,-,170.00,-,-,-,-,-,-,,,,
T623,Jack Cochrane,KC,LB,-,-,171.09,-,-,-,-,-,-,,,,
T623,Jordan Colbert,FA,LB,-,-,-,-,-,-,-,-,-,,,Ques,Neck
T623,DJ Coleman,FA,LB,-,-,170.00,-,-,-,-,-,-,,,,
T623,Zaven Collins,ARI,LB,-,-,170.49,-,-,-,-,677.30,-,,,,
T623,Junior Colson,LAC,LB,-,-,169.81,-,-,-,-,-,-,,,Ques,Shoulder
T623,Branson Combs,JAX,LB,-,-,170.00,-,-,-,-,-,-,,,,
T623,Edgerrin Cooper,GB,LB,-,-,174.93,-,-,-,-,98.60,-,,,,
T623,Jonathon Cooper,DEN,LB,-,-,173.34,-,-,-,-,447.70,-,,,,
T623,Carter Coughlin,FA,LB,-,-,170.00,-,-,-,-,-,-,,,,
T623,Brenton Cox,GB,LB,-,-,170.21,-,-,-,-,-,-,,,,
T623,Keyron Crawford,LV,LB,-,-,170.00,-,-,-,-,-,-,,,,
T623,Jordan Crook,FA,LB,-,-,-,-,-,-,-,-,-,,,,
T623,Maxx Crosby,LV,LB,-,-,76.16,-,-,-,-,73.30,-,,4.50,,
T623,Zach Cunningham,FA,LB,-,-,171.31,-,-,-,-,-,-,,,Ques,Hamstring
T623,Kendal Daniels,ATL,LB,-,-,170.31,74.20,-,-,-,-,-,,,,
T623,Lavonte David,FA,LB,-,-,172.06,-,-,-,-,503.90,-,,,,
T623,Demario Davis,NYJ,LB,-,-,174.86,-,-,-,-,386.70,-,3.60,0.67,,
T623,Jamin Davis,PIT,LB,-,-,170.00,-,-,-,-,-,-,,,,
T623,Akeem Davis-Gaither,IND,LB,-,-,174.88,-,-,-,-,571.50,-,,,,
T623,Divine Deablo,ATL,LB,-,-,174.95,-,-,-,-,471.50,-,,,,
T623,Nakobe Dean,LV,LB,-,-,146.55,-,-,-,-,196.70,-,,1.17,,
T623,Dominic Deluca,BAL,LB,-,-,-,-,-,-,-,-,-,,,,
T623,SirVocea Dennis,TB,LB,-,-,172.71,-,-,-,-,431.80,-,,,,
T623,Dani Dennis-Sutton,GB,LB,-,-,170.69,78.00,-,-,-,619.00,-,,,,
T623,Mohamoud Diabate,TEN,LB,-,-,170.00,-,-,-,-,-,-,,,,
T623,Yaya Diaby,TB,LB,-,-,176.80,-,-,-,-,371.00,-,,0.17,,
T623,Xzavier Dickson,FA,LB,-,-,-,-,-,-,-,-,-,,,,
T623,Fadil Diggs,NO,LB,-,-,170.00,-,-,-,-,-,-,,,,
T623,Victor Dimukeje,FA,LB,-,-,170.00,-,-,-,-,-,-,,,,
T623,Jack Dingle,CIN,LB,-,-,-,-,-,-,-,-,-,,,,
T623,Stephen Dix,FA,LB,-,-,-,-,-,-,-,-,-,,,,
T623,Tyrel Dodson,MIA,LB,-,-,173.84,-,-,-,-,268.80,-,,0.83,,
T623,Shaun Dolac,LAR,LB,-,-,170.41,-,-,-,-,-,-,,,Ques,Knee - PCL
T623,Jaden Dugger,SF,LB,-,-,170.00,-,-,-,-,-,-,,,,
T623,Khalid Duke,FA,LB,-,-,170.00,-,-,-,-,-,-,,,,
T623,Bud Dupree,LAC,LB,-,-,172.63,-,-,-,-,-,-,,,,
T623,Landis Durham,FA,LB,-,-,-,-,-,-,-,-,-,,,,
T623,Troy Dye,LAC,LB,-,-,171.12,-,-,-,-,-,-,,,,
T623,Kenny Dyson,FA,LB,-,-,170.00,-,-,-,-,-,-,,,,
T623,Arnold Ebiketie,PHI,LB,-,-,170.58,-,-,-,-,-,-,,,,
T623,Tremaine Edmunds,NYG,LB,-,-,173.02,-,-,-,-,277.70,-,5.19,1.00,,
T623,T.J. Edwards,CHI,LB,-,-,176.81,-,-,-,-,373.10,-,4.45,0.50,NFI-A,Calf
T623,Sam Eguavoen,FA,LB,-,-,174.37,-,-,-,-,-,-,,,,
T623,Tommy Eichenberg,LV,LB,-,-,170.00,-,-,-,-,-,-,,,,
T623,Milo Eifler,FA,LB,-,-,170.00,-,-,-,-,-,-,,,,
T623,Kaleb Elarms-Orr,BUF,LB,-,-,170.32,53.99,-,-,-,509.30,-,,,,
T623,Keyshaun Elliott,CHI,LB,-,-,170.00,-,-,-,-,-,-,,,PUP-P,Undisclosed
T623,Christian Elliss,NE,LB,-,-,172.80,-,-,-,-,469.20,-,2.14,,,
T623,Jonah Elliss,DEN,LB,-,-,170.00,-,-,-,-,-,-,,,,
T623,Kaden Elliss,NO,LB,-,-,175.95,-,-,-,-,300.10,-,5.54,,,
T623,Kingsley Enagbare,NYJ,LB,-,-,170.00,-,-,-,-,-,-,,,,
T623,Rashaan Evans,FA,LB,-,-,171.66,-,-,-,-,-,-,,,,
T623,Donovan Ezeiruaku,DAL,LB,-,-,175.43,-,-,-,-,464.40,-,,,,
T623,Andrew Farmer,SF,LB,-,-,170.00,-,-,-,-,-,-,,,IR,Back
T623,Olakunle Fatukasi,FA,LB,-,-,-,-,-,-,-,-,-,,,,
T623,Tony Fields,CHI,LB,-,-,170.00,-,-,-,-,-,-,,,,
T623,Aiden Fisher,HOU,LB,-,-,170.15,-,-,-,-,-,-,,,,
T623,Demetrius Flannigan-Fowles,BUF,LB,-,-,169.80,-,-,-,-,-,-,,0.17,,
T623,Jaylan Ford,NO,LB,-,-,170.00,-,-,-,-,-,-,,,,
T623,Trace Ford,NYG,LB,-,-,-,-,-,-,-,-,-,,,,
T623,Caden Fordham,TB,LB,-,-,-,-,-,-,-,-,-,,,,
T623,Dante Fowler,SEA,LB,-,-,173.48,-,-,-,-,-,-,,,,
T623,Tomon Fox,LAR,LB,-,-,170.00,-,-,-,-,-,-,,,,
T623,Zaire Franklin,GB,LB,-,-,173.73,-,-,-,-,131.30,-,5.35,,,
T623,Theron Gaines,BUF,LB,-,-,-,-,-,-,-,-,-,,,,
T623,Dallas Gant,FA,LB,-,-,170.00,-,-,-,-,-,-,,,,
T623,Jake Ganus,FA,LB,-,-,-,-,-,-,-,-,-,,,,
T623,Dennis Gardeck,JAX,LB,-,-,170.00,-,-,-,-,-,-,,,,
T623,Rashan Gary,DAL,LB,-,-,170.96,-,-,-,-,240.80,-,,,,
T623,Willie Gay,MIA,LB,-,-,169.23,-,-,-,-,-,-,,,,
T623,Ali Gaye,HOU,LB,-,-,169.74,-,-,-,-,-,-,,,,
T623,Eric Gentry,CIN,LB,-,-,-,-,-,-,-,-,-,,,,
T623,Brandon George,FA,LB,-,-,-,-,-,-,-,-,-,,,,
T623,Jack Gibbens,ARI,LB,-,-,169.90,-,-,-,-,577.00,-,,,,
T623,Luke Gifford,SF,LB,-,-,171.45,-,-,-,-,-,-,,,,
T623,Joe Giles-Harris,CIN,LB,-,-,170.02,-,-,-,-,-,-,,,,
T623,Cam Gill,CAR,LB,-,-,170.00,-,-,-,-,-,-,,,,
T623,Trevis Gipson,CAR,LB,-,-,170.54,-,-,-,-,-,-,,,,
T623,Jake Golday,MIN,LB,-,-,171.30,43.77,-,-,-,411.10,-,,,,
T623,Chauncey Golston,NYG,LB,-,-,170.94,-,-,-,-,-,-,,,,
T623,Cameron Goode,MIA,LB,-,-,170.00,-,-,-,-,-,-,,,,
T623,Brandon Graham,FA,LB,-,-,168.73,-,-,-,-,-,-,,,,
T623,Jalen Graham,SF,LB,-,-,170.00,-,-,-,-,-,-,,,,
T623,Cedric Gray,TEN,LB,-,-,135.99,-,-,-,-,248.10,-,,1.17,,
T623,Mike Green,BAL,LB,-,-,170.93,-,-,-,-,507.80,-,,,,
T623,Jonathan Greenard,PHI,LB,-,-,174.46,-,-,-,-,296.30,-,3.01,0.83,PUP-P,Pectoral
T623,Dre Greenlaw,SF,LB,-,-,174.79,-,-,-,-,407.40,-,3.00,,,
T623,Antonio Grier,FA,LB,-,-,170.00,-,-,-,-,-,-,,,Ques,Undisclosed
T623,Kamu Grugier-Hill,FA,LB,-,-,172.26,-,-,-,-,-,-,,,,
T623,Derick Hall,SEA,LB,-,-,170.22,-,-,-,-,589.30,-,,,,
T623,Dominique Hampton,FA,LB,-,-,170.00,-,-,-,-,-,-,,,,
T623,Nick Hampton,CAR,LB,-,-,170.00,-,-,-,-,-,-,,,,
T623,Jake Hansen,HOU,LB,-,-,170.00,-,-,-,-,-,-,,,Ques,Ankle
T623,Aaron Hansford,FA,LB,-,-,-,-,-,-,-,-,-,,,,
T623,Daniel Hardy,CHI,LB,-,-,170.90,-,-,-,-,-,-,,,,
T623,Jaylen Harrell,TEN,LB,-,-,170.00,-,-,-,-,-,-,,,,
T623,Charles Harris,FA,LB,-,-,171.28,-,-,-,-,-,-,,,,
T623,Christian Harris,ATL,LB,-,-,173.78,-,-,-,-,482.60,-,,,,
T623,Connor Harris,FA,LB,-,-,-,-,-,-,-,-,-,,,,
T623,Darius Harris,FA,LB,-,-,171.59,-,-,-,-,-,-,,,Ques,Undisclosed
T623,Demone Harris,FA,LB,-,-,171.31,-,-,-,-,-,-,,,,
T623,Malik Harrison,PIT,LB,-,-,170.00,-,-,-,-,-,-,,,,
T623,Ronnie Harrison,MIA,LB,-,-,170.00,-,-,-,-,-,-,,,,
T623,Marquis Haynes,FA,LB,-,-,171.40,-,-,-,-,-,-,,,,
T623,Romello Height,SF,LB,-,-,171.01,-,-,-,-,523.00,-,,,Ques,Elbow
T623,Daiyan Henley,LAC,LB,-,-,175.91,-,-,-,-,122.00,-,,,,
T623,Nick Herbig,PIT,LB,-,-,170.80,-,-,-,-,364.00,-,,,,
T623,Neville Hewitt,FA,LB,-,-,171.39,-,-,-,-,-,-,,,,
T623,Shaka Heyward,CIN,LB,-,-,170.00,-,-,-,-,-,-,,,,
T623,Clarence Hicks,FA,LB,-,-,-,-,-,-,-,-,-,,,,
T623,Jordan Hicks,FA,LB,-,-,173.83,-,-,-,-,-,-,,,,
T623,Jay Higgins,BAL,LB,-,-,170.00,-,-,-,-,-,-,,,,
T623,Alex Highsmith,PIT,LB,-,-,164.84,-,-,-,-,271.30,-,,0.83,,
T623,Anthony Hill,TEN,LB,-,-,171.18,-,-,-,-,222.40,-,,,,
T623,Jamal Hill,HOU,LB,-,-,170.00,-,-,-,-,-,-,,,Ques,Wrist
T623,Nikhal Hill-Green,FA,LB,-,-,-,-,-,-,-,-,-,,,,
T623,Cole Holcomb,PIT,LB,-,-,172.50,-,-,-,-,-,-,,,,
T623,Ty'Ron Hopper,GB,LB,-,-,170.00,-,-,-,-,-,-,,,,
T623,James Houston,DAL,LB,-,-,169.93,-,-,-,-,-,-,,,,
T623,Justin Houston,FA,LB,-,-,-,-,-,-,-,-,-,,,,
T623,Khaleke Hudson,FA,LB,-,-,170.00,-,-,-,-,-,-,,,,
T623,Parker Hughes,JAX,LB,-,-,170.00,-,-,-,-,-,-,,,,
T623,Andrzej Hughes-Murray,FA,LB,-,-,-,-,-,-,-,-,-,,,,
T623,Jake Hummel,HOU,LB,-,-,170.00,-,-,-,-,-,-,,,,
T623,Jalyx Hunt,PHI,LB,-,-,171.19,-,-,-,-,376.00,-,,,,
T623,Danielle Hunter,HOU,LB,-,-,149.44,-,-,-,-,193.60,-,7.31,0.83,,
T623,Erick Hunter,DET,LB,-,-,-,-,-,-,-,-,-,,,,
T623,Ruben Hyppolite,CHI,LB,-,-,170.00,-,-,-,-,-,-,,,,
T623,Thomas Incoom,CAR,LB,-,-,170.89,-,-,-,-,-,-,,,Ques,Shoulder
T623,Adisa Isaac,BAL,LB,-,-,170.00,-,-,-,-,-,-,,,,
T623,Jared Ivey,SEA,LB,-,-,170.00,-,-,-,-,-,-,,,,
T623,Brennan Jackson,LV,LB,-,-,170.00,-,-,-,-,-,-,,,,
T623,D'Marco Jackson,CHI,LB,-,-,171.21,-,-,-,-,629.30,-,1.59,,,
T623,Drake Jackson,WAS,LB,-,-,170.00,-,-,-,-,-,-,,,,
T623,Nick Jackson,TB,LB,-,-,170.00,-,-,-,-,-,-,,,,
T623,Storey Jackson,FA,LB,-,-,-,-,-,-,-,-,-,,,,
T623,Curtis Jacobs,FA,LB,-,-,170.00,-,-,-,-,-,-,,,,
T623,Khalil Jacobs,NE,LB,-,-,-,-,-,-,-,-,-,,,,
T623,Shemar James,DAL,LB,-,-,172.24,-,-,-,-,-,-,,,,
T623,Justin Jefferson,CLE,LB,-,-,170.20,-,-,-,-,-,-,,0.17,,
T623,Keonta Jenkins,BUF,LB,-,-,170.00,-,-,-,-,-,-,,,,
T623,Anfernee Jennings,NO,LB,-,-,170.82,-,-,-,-,-,-,,,,
T623,Josey Jewell,FA,LB,-,-,173.32,-,-,-,-,-,-,,,Ques,Concussion
T623,Buddy Johnson,LV,LB,-,-,170.00,-,-,-,-,-,-,,,,
T623,Caleb Johnson,FA,LB,-,-,170.00,-,-,-,-,-,-,,,Ques,Shoulder
T623,Deandre Johnson,FA,LB,-,-,-,-,-,-,-,-,-,,,,
T623,Dyontae Johnson,FA,LB,-,-,170.00,-,-,-,-,-,-,,,,
T623,Emany Johnson,LAC,LB,-,-,-,-,-,-,-,-,-,,,,
T623,Jamon Johnson,FA,LB,-,-,170.00,-,-,-,-,-,-,,,,
T623,Patrick Johnson,LV,LB,-,-,170.00,-,-,-,-,-,-,,,,
T623,Cam Jones,FA,LB,-,-,170.00,-,-,-,-,-,-,,,,
T623,Carl Jones,BAL,LB,-,-,170.00,-,-,-,-,-,-,,,,
T623,Deion Jones,FA,LB,-,-,175.15,-,-,-,-,-,-,,,,
T623,Dre'Mont Jones,NE,LB,-,-,170.00,-,-,-,-,626.80,-,,,,
T623,Ernest Jones,SEA,LB,-,-,155.62,-,-,-,-,202.10,-,,0.83,,
T623,Patrick Jones,CAR,LB,-,-,171.06,-,-,-,-,-,-,,,,
T623,Truman Jones,TEN,LB,-,-,170.00,-,-,-,-,-,-,,,,
T623,Vi Jones,FA,LB,-,-,170.00,-,-,-,-,-,-,,,,
T623,Ale Kaho,WAS,LB,-,-,-,-,-,-,-,-,-,,,,
T623,Mikail Kamara,SF,LB,-,-,-,-,-,-,-,-,-,,,IR,Knee
T623,Mohamed Kamara,TB,LB,-,-,170.00,-,-,-,-,-,-,,,,
T623,Khalid Kareem,NYG,LB,-,-,170.00,-,-,-,-,-,-,,,,
T623,Jack Kelly,NYG,LB,-,-,170.00,-,-,-,-,-,-,,,,
T623,Nyjalik Kelly,GB,LB,-,-,-,-,-,-,-,-,-,,,,
T623,Keith Kelsey,FA,LB,-,-,-,-,-,-,-,-,-,,,,
T623,Eric Kendricks,FA,LB,-,-,173.51,-,-,-,-,-,-,,,,
T623,Mychal Kendricks,FA,LB,-,-,-,-,-,-,-,-,-,,,,
T623,Kyle Kennard,LAC,LB,-,-,170.00,-,-,-,-,-,-,,,,
T623,Arden Key,IND,LB,-,-,170.00,-,-,-,-,644.00,-,,,,
T623,Austin Keys,ARI,LB,-,-,170.00,-,-,-,-,-,-,,,,
T623,Isiah King,FA,LB,-,-,-,-,-,-,-,-,-,,,,
T623,Kobe King,NYJ,LB,-,-,170.00,-,-,-,-,-,-,,,IR,Undisclosed
T623,Niles King,FA,LB,-,-,-,-,-,-,-,-,-,,,,
T623,Jack Kiser,JAX,LB,-,-,170.75,-,-,-,-,-,-,,0.17,Ques,Knee
T623,Demetrius Knight,CIN,LB,-,-,175.28,-,-,-,-,357.70,-,,,,
T623,Tyrice Knight,SEA,LB,-,-,171.28,-,-,-,-,502.10,-,,,,
T623,Jamree Kromah,CHI,LB,-,-,-,-,-,-,-,-,-,,,,
T623,Jackson Kuwatch,CAR,LB,-,-,170.00,-,-,-,-,-,-,,,,
T623,William Kwenkeu,FA,LB,-,-,170.00,-,-,-,-,-,-,,,,
T623,Nate Landman,LAR,LB,-,-,152.50,-,-,-,-,247.30,-,,1.00,,
T623,Harold Landry,NE,LB,-,-,176.57,-,-,-,-,263.80,-,,,PUP-P,Undisclosed
T623,DeMarcus Lawrence,SEA,LB,-,-,173.59,-,-,-,-,562.10,-,,0.67,,
T623,Malachi Lawrence,DAL,LB,-,-,171.34,52.32,-,-,-,428.60,-,,,,
T623,Carl Lawson,FA,LB,-,-,171.29,-,-,-,-,-,-,,,,
T623,Deontae Lawson,PHI,LB,-,-,-,-,-,-,-,-,-,,,,
T623,Keli Lawson,FA,LB,-,-,-,-,-,-,-,-,-,,,,
T623,Eku Leota,ARI,LB,-,-,170.00,-,-,-,-,-,-,,,,
T623,Cody Lindenberg,LV,LB,-,-,170.00,-,-,-,-,-,-,,,,
T623,Marist Liufau,DAL,LB,-,-,171.00,-,-,-,-,-,-,,,,
T623,Damon Lloyd,FA,LB,-,-,-,-,-,-,-,-,-,,,,
T623,Devin Lloyd,CAR,LB,-,-,176.44,-,-,-,-,197.80,-,,,,
T623,David Long,FA,LB,-,-,170.00,-,-,-,-,-,-,,,,
T623,Kyle Louis,MIA,LB,-,-,170.00,59.51,-,-,-,681.50,-,,,,
T623,Jesse Luketa,NE,LB,-,-,170.00,-,-,-,-,-,-,,,,
T623,Frankie Luvu,WAS,LB,-,-,175.12,-,-,-,-,336.50,-,3.40,,,
T623,Blake Lynch,FA,LB,-,-,170.00,-,-,-,-,-,-,,,,
T623,Nate Lynn,FA,LB,-,-,-,-,-,-,-,-,-,,,,
T623,Khalil Mack,LAC,LB,-,-,175.77,-,-,-,-,485.20,-,,,,
T623,Boye Mafe,CIN,LB,-,-,173.00,-,-,-,-,391.80,-,,,,
T623,Jordan Magee,WAS,LB,-,-,170.00,-,-,-,-,-,-,,,,
T623,DeAngelo Malone,ATL,LB,-,-,170.00,-,-,-,-,-,-,,,PUP-P,Undisclosed
T623,Marte Mapu,HOU,LB,-,-,171.06,-,-,-,-,-,-,,,,
T623,Chandler Martin,FA,LB,-,-,-,-,-,-,-,-,-,,,,
T623,Jacob Martin,TEN,LB,-,-,171.67,-,-,-,-,-,-,,,,
T623,Josh Martin,FA,LB,-,-,-,-,-,-,-,-,-,,,,
T623,Nick Martin,SF,LB,-,-,170.00,-,-,-,-,-,-,,,,
T623,Bam Martin-Scott,CAR,LB,-,-,170.00,-,-,-,-,-,-,,,,
T623,Easton Mascarenas-Arnold,CLE,LB,-,-,169.73,-,-,-,-,-,-,,,,
T623,Luke Masterson,FA,LB,-,-,170.00,-,-,-,-,-,-,,,,
T623,Tyler Matakevich,FA,LB,-,-,174.95,-,-,-,-,-,-,,,,
T623,Ochaun Mathis,FA,LB,-,-,170.00,-,-,-,-,-,-,,,,
T623,Wayne Matthews,CHI,LB,-,-,-,-,-,-,-,-,-,,,,
T623,Kana'i Mauga,FA,LB,-,-,170.00,-,-,-,-,-,-,,,,
T623,Francisco Mauigoa,NYJ,LB,-,-,170.00,-,-,-,-,-,-,,,Ques,Neck
T623,Dorian Mausi,TEN,LB,-,-,170.00,-,-,-,-,-,-,,,,
T623,Albert McClellan,FA,LB,-,-,-,-,-,-,-,-,-,,,,
T623,Marcelino McCrary-Ball,NYJ,LB,-,-,169.74,-,-,-,-,-,-,,,,
T623,Dasan McCullough,DEN,LB,-,-,-,-,-,-,-,-,-,,,,
T623,Cooper McDonald,KC,LB,-,-,170.00,-,-,-,-,-,-,,,,
T623,Isaiah McDuffie,GB,LB,-,-,171.20,-,-,-,-,635.50,-,,,,
T623,Micah McFadden,NYG,LB,-,-,170.60,-,-,-,-,514.00,-,,,,
T623,Cameron McGrone,LV,LB,-,-,170.00,-,-,-,-,-,-,,,,
T623,Derrick McLendon,FA,LB,-,-,170.00,-,-,-,-,-,-,,,,
T623,Jalen McLeod,JAX,LB,-,-,170.00,-,-,-,-,-,-,,,,
T623,Raekwon McMillan,FA,LB,-,-,171.56,-,-,-,-,-,-,,,,
T623,Kain Medrano,WAS,LB,-,-,170.00,-,-,-,-,-,-,,,,
T623,Akheem Mesidor,LAC,LB,-,-,170.00,48.47,-,-,-,265.20,-,,,,
T623,Matt Milano,FA,LB,-,-,172.13,-,-,-,-,-,-,,,,
T623,Ventrell Miller,JAX,LB,-,-,172.84,-,-,-,-,352.50,-,4.49,,,
T623,Smael Mondon,PHI,LB,-,-,170.17,-,-,-,-,-,-,,,,
T623,Jeremiah Moon,FA,LB,-,-,170.00,-,-,-,-,-,-,,,,
T623,Trey Moore,MIA,LB,-,-,170.00,-,-,-,-,-,-,,,,
T623,Nicholas Morrow,FA,LB,-,-,170.00,-,-,-,-,-,-,,,,
T623,Arron Mosby,GB,LB,-,-,170.00,-,-,-,-,-,-,,,,
T623,C.J. Mosley,FA,LB,-,-,173.05,-,-,-,-,-,-,,,,
T623,Darius Muasau,NYG,LB,-,-,170.00,-,-,-,-,-,-,,,,
T623,Jamil Muhammad,FA,LB,-,-,-,-,-,-,-,-,-,,,,
T623,Chad Muma,NE,LB,-,-,170.23,-,-,-,-,-,-,,,,
T623,Red Murdock,DEN,LB,-,-,170.00,83.35,-,-,-,-,-,,,,
T623,Caleb Murphy,NYG,LB,-,-,170.00,-,-,-,-,-,-,,,,
T623,Gabriel Murphy,FA,LB,-,-,170.00,-,-,-,-,-,-,,,,
T623,Kenneth Murray,FA,LB,-,-,170.00,-,-,-,-,442.10,-,,,,
T623,Tanner Muse,FA,LB,-,-,171.78,-,-,-,-,-,-,,,,
T623,Carl Nassib,FA,LB,-,-,-,-,-,-,-,-,-,,,,
T623,Elias Neal,LAR,LB,-,-,-,-,-,-,-,-,-,,,,
T623,Anthony Nelson,TB,LB,-,-,170.68,-,-,-,-,-,-,,,,
T623,Garrett Nelson,FA,LB,-,-,-,-,-,-,-,-,-,,,,
T623,Yannick Ngakoue,FA,LB,-,-,171.32,-,-,-,-,-,-,,,,
T623,Ben Niemann,FA,LB,-,-,171.74,-,-,-,-,-,-,,,,
T623,Nick Niemann,GB,LB,-,-,170.00,-,-,-,-,-,-,,,,
T623,Maema Njongmeta,CAR,LB,-,-,170.00,-,-,-,-,-,-,,,,
T623,Bryce Notree,FA,LB,-,-,-,-,-,-,-,601.50,-,,,,
T623,Trevor Nowaske,DET,LB,-,-,170.00,-,-,-,-,-,-,,,,
T623,Uchenna Nwosu,SEA,LB,-,-,172.56,-,-,-,-,568.40,-,,,,
T623,Patrick O'Connell,SEA,LB,-,-,170.00,-,-,-,-,-,-,,,,
T623,Connor O'Toole,SEA,LB,-,-,170.00,-,-,-,-,-,-,,,,
T623,Namdi Obiazor,NE,LB,-,-,170.00,82.88,-,-,-,-,-,,,,
T623,Amen Ogbongbemiga,FA,LB,-,-,169.98,-,-,-,-,-,-,,,,
T623,Adetokunbo Ogundeji,FA,LB,-,-,170.00,-,-,-,-,-,-,,,,
T623,David Ojabo,MIA,LB,-,-,170.00,-,-,-,-,-,-,,,,
T623,Azeez Ojulari,ATL,LB,-,-,170.00,-,-,-,-,-,-,,,,
T623,BJ Ojulari,ARI,LB,-,-,170.66,-,-,-,-,-,-,,,,
T623,Bobby Okereke,FA,LB,-,-,171.90,-,-,-,-,338.20,-,3.52,,,
T623,Ogbo Okoronkwo,FA,LB,-,-,171.30,-,-,-,-,-,-,,,,
T623,Oluwafemi Oladejo,TEN,LB,-,-,170.00,-,-,-,-,-,-,,,,
T623,Collin Oliver,GB,LB,-,-,170.00,-,-,-,-,-,-,,,,
T623,Segun Olubi,LV,LB,-,-,170.00,-,-,-,-,-,-,,,,
T623,Foyesade Oluokun,JAX,LB,-,-,137.66,-,-,-,-,152.60,-,,1.83,,
T623,Joshua Onujiogu,FA,LB,-,-,-,-,-,-,-,-,-,,,,
T623,Anfernee Orji,NYG,LB,-,-,170.00,-,-,-,-,-,-,,,,
T623,K.C. Ossai,HOU,LB,-,-,-,-,-,-,-,-,-,,,,
T623,DeMarvion Overshown,DAL,LB,-,-,173.23,-,-,-,-,404.00,-,,0.33,,
T623,Odafe Oweh,WAS,LB,-,-,176.20,-,-,-,-,422.40,-,,0.33,,
T623,Jeremiah Owusu-Koramoah,CLE,LB,-,-,170.00,-,-,-,-,-,-,,,PUP-R,Neck
T623,Ivan Pace,MIN,LB,-,-,171.10,-,-,-,-,437.40,-,,,,
T623,Owen Pappoe,ARI,LB,-,-,170.76,-,-,-,-,-,-,,,,
T623,T.J. Parker,BUF,LB,-,-,169.65,67.00,-,-,-,-,-,,,,
T623,Micah Parsons,GB,LB,-,-,158.03,-,-,-,-,95.20,-,,1.00,PUP-P,Knee - ACL
T623,Langston Patterson,DAL,LB,-,-,-,-,-,-,-,-,-,,,,
T623,Chris Paul,SEA,LB,-,-,170.19,-,-,-,-,-,-,,,,
T623,James Pearce,ATL,LB,-,-,174.42,-,-,-,-,410.50,-,,,,
T623,Harold Perkins,ATL,LB,-,-,170.00,71.74,-,-,-,-,-,,,,
T623,Denzel Perryman,LAC,LB,-,-,176.79,-,-,-,-,-,-,1.71,,,
T623,Darryl Peterson,LAR,LB,-,-,-,-,-,-,-,-,-,,,,
T623,Del'Shawn Phillips,LAC,LB,-,-,170.00,-,-,-,-,-,-,,,,
T623,Jacob Phillips,FA,LB,-,-,170.00,-,-,-,-,-,-,,,Ques,Biceps
T623,Jaelan Phillips,CAR,LB,-,-,172.87,-,-,-,-,293.70,-,,,,
T623,Jason Pierre-Paul,FA,LB,-,-,169.81,-,-,-,-,-,-,,,,
T623,Anthony Pittman,FA,LB,-,-,170.00,-,-,-,-,-,-,,,,
T623,Elijah Ponder,NE,LB,-,-,170.00,-,-,-,-,-,-,,,,
T623,Bumper Pool,FA,LB,-,-,-,-,-,-,-,-,-,,,,
T623,Marcus Porter,FA,LB,-,-,-,-,-,-,-,-,-,,,,
T623,Mani Powell,TEN,LB,-,-,-,-,-,-,-,-,-,,,,
T623,Germaine Pratt,FA,LB,-,-,173.31,-,-,-,-,-,-,,,,
T623,Isaiah Pryor,FA,LB,-,-,-,-,-,-,-,-,-,,,,
T623,Alani Pututau,FA,LB,-,-,-,-,-,-,-,-,-,,,,
T623,Jack Pyburn,TB,LB,-,-,-,-,-,-,-,-,-,,,,
T623,Shaquille Quarterman,FA,LB,-,-,170.00,-,-,-,-,-,-,,,,
T623,Patrick Queen,PIT,LB,-,-,173.51,-,-,-,-,262.00,-,,0.17,,
T623,TJ Quinn,GB,LB,-,-,-,-,-,-,-,-,-,,,,
T623,Jose Ramirez,PHI,LB,-,-,170.00,-,-,-,-,-,-,,,,
T623,Garmon Randolph,LAC,LB,-,-,-,-,-,-,-,-,-,,,,
T623,Haason Reddick,FA,LB,-,-,172.41,-,-,-,-,-,-,,,,
T623,Troy Reeder,DET,LB,-,-,171.45,-,-,-,-,-,-,,,,
T623,Arvell Reese,NYG,LB,-,-,174.46,22.68,-,-,-,149.70,-,,,,
T623,Otis Reese,FA,LB,-,-,170.00,-,-,-,-,-,-,,,,
T623,Jalen Reeves-Maybin,FA,LB,-,-,172.00,-,-,-,-,-,-,,,,
T623,Karene Reid,DEN,LB,-,-,170.00,-,-,-,-,-,-,,,,
T623,Winston Reid,CLE,LB,-,-,170.19,-,-,-,-,-,-,1.34,,,
T623,Mason Reiger,MIA,LB,-,-,-,-,-,-,-,-,-,,,,
T623,LaRoy Reynolds,FA,LB,-,-,-,-,-,-,-,-,-,,,,
T623,Jon Rhattigan,CHI,LB,-,-,170.00,-,-,-,-,-,-,,,,
T623,Forrest Rhyne,FA,LB,-,-,-,-,-,-,-,-,-,,,,
T623,Monty Rice,FA,LB,-,-,170.00,-,-,-,-,-,-,,,,
T623,Bo Richter,MIN,LB,-,-,170.60,-,-,-,-,-,-,,,,
T623,Cam Riley,FA,LB,-,-,-,-,-,-,-,-,-,,,,
T623,Duke Riley,FA,LB,-,-,173.25,-,-,-,-,-,-,,,,
T623,Chauncey Rivers,FA,LB,-,-,-,-,-,-,-,-,-,,,,
T623,Elandon Roberts,FA,LB,-,-,173.25,-,-,-,-,-,-,,,,
T623,Jacob Roberts,MIN,LB,-,-,-,-,-,-,-,-,-,,,,
T623,Curtis Robinson,DAL,LB,-,-,170.00,-,-,-,-,-,-,,,,
T623,Mark Robinson,FA,LB,-,-,170.00,-,-,-,-,-,-,,,,
T623,Que Robinson,DEN,LB,-,-,170.00,-,-,-,-,-,-,,,,
T623,Tavius Robinson,BAL,LB,-,-,170.00,-,-,-,-,-,-,,,,
T623,Jacob Rodriguez,MIA,LB,-,-,170.42,30.81,-,-,-,467.40,-,,,,
T623,Malcolm Rodriguez,DET,LB,-,-,170.70,-,-,-,-,-,-,2.68,,,
T623,Jimmy Rolder,DET,LB,-,-,170.37,70.98,-,-,-,-,-,,,Ques,Hamstring
T623,Josh Ross,MIN,LB,-,-,-,-,-,-,-,-,-,,,,
T623,Christian Rozeboom,TB,LB,-,-,170.95,-,-,-,-,398.70,-,,,,
T623,Kaimon Rucker,BAL,LB,-,-,-,-,-,-,-,-,-,,,,
T623,Chris Rumph,NO,LB,-,-,170.00,-,-,-,-,-,-,,,,
T623,Chapelle Russell,FA,LB,-,-,-,-,-,-,-,-,-,,,,
T623,J.J. Russell,FA,LB,-,-,170.00,-,-,-,-,-,-,,,Ques,Concussion
T623,Jack Sanborn,CHI,LB,-,-,170.20,-,-,-,-,440.20,-,,,,
T623,Drew Sanders,DEN,LB,-,-,170.00,-,-,-,-,-,-,,,,
T623,Jack Sawyer,PIT,LB,-,-,170.47,-,-,-,-,-,-,,,,
T623,Carson Schwesinger,CLE,LB,-,-,121.70,-,-,-,-,91.10,-,,2.00,,
T623,Nic Scourton,CAR,LB,-,-,170.00,-,-,-,-,663.50,-,,,IR,Knee - ACL
T623,Nephi Sewell,CHI,LB,-,-,170.00,-,-,-,-,-,-,,,,
T623,Noah Sewell,CHI,LB,-,-,170.00,-,-,-,-,-,-,,,PUP-P,Achilles
T623,Karson Sharar,ARI,LB,-,-,170.00,-,-,-,-,-,-,,,Ques,Hamstring
T623,Ty Shelby,FA,LB,-,-,170.00,-,-,-,-,-,-,,,,
T623,Jamie Sheriff,SEA,LB,-,-,170.00,-,-,-,-,-,-,,,,
T623,Jamien Sherwood,NYJ,LB,-,-,165.62,-,-,-,-,104.00,-,,0.83,,
T623,Cody Simon,ARI,LB,-,-,172.21,-,-,-,-,633.10,-,,,,
T623,Trenton Simpson,BAL,LB,-,-,170.67,-,-,-,-,609.80,-,,,,
T623,Alex Singleton,DEN,LB,-,-,168.23,-,-,-,-,270.00,-,7.58,0.83,,
T623,Jackson Sirmon,NO,LB,-,-,-,-,-,-,-,-,-,,,,
T623,Brandon Smith,FA,LB,-,-,170.00,-,-,-,-,-,-,,,,
T623,Nolan Smith,PHI,LB,-,-,172.43,-,-,-,-,436.00,-,,,,
T623,Roquan Smith,BAL,LB,-,-,153.95,-,-,-,-,80.30,-,,0.83,,
T623,Tyreke Smith,KC,LB,-,-,170.00,-,-,-,-,-,-,,,,
T623,James Smith-Williams,FA,LB,-,-,171.71,-,-,-,-,-,-,,,,
T623,Xavian Sorey,LV,LB,-,-,-,-,-,-,-,-,-,,,,
T623,Barryn Sorrell,GB,LB,-,-,170.62,-,-,-,-,-,-,,,,
T623,Baylon Spector,FA,LB,-,-,170.00,-,-,-,-,-,-,,,,
T623,E.J. Speed,HOU,LB,-,-,171.98,-,-,-,-,-,-,,,PUP-P,Quadriceps
T623,Omar Speights,LAR,LB,-,-,172.07,-,-,-,-,489.00,-,,,,
T623,Robert Spillane,NE,LB,-,-,174.21,-,-,-,-,260.50,-,7.21,0.67,,
T623,Isaiah Stalbird,NO,LB,-,-,170.00,-,-,-,-,-,-,,,,
T623,Cam'Ron Stewart,MIN,LB,-,-,-,-,-,-,-,-,-,,,,
T623,Josaiah Stewart,LAR,LB,-,-,170.37,-,-,-,-,-,-,,,,
T623,Justin Strnad,DEN,LB,-,-,172.12,-,-,-,-,606.70,-,,,,
T623,Grant Stuard,LAR,LB,-,-,170.31,-,-,-,-,-,-,,,,
T623,Danny Stutsman,NO,LB,-,-,170.99,-,-,-,-,622.50,-,,,,
T623,Sonny Styles,WAS,LB,-,-,167.51,14.13,-,-,-,118.60,-,,0.67,,
T623,Ty Summers,FA,LB,-,-,171.46,-,-,-,-,-,-,,,Ques,Foot
T623,Chazz Surratt,SEA,LB,-,-,170.96,-,-,-,-,-,-,,,,
T623,Josh Sweat,ARI,LB,-,-,173.85,-,-,-,-,366.30,-,,,PUP-P,Knee
T623,Bradyn Swinson,NE,LB,-,-,170.24,-,-,-,-,-,-,,,,
T623,Sione Takitaki,HOU,LB,-,-,171.73,-,-,-,-,-,-,,,,
T623,Jahlani Tavai,FA,LB,-,-,171.62,-,-,-,-,-,-,,,,
T623,Kayvon Thibodeaux,NYG,LB,-,-,172.41,-,-,-,-,317.90,-,,,,
T623,Brayden Thomas,FA,LB,-,-,-,-,-,-,-,-,-,,,,
T623,Chris Thomas,FA,LB,-,-,-,-,-,-,-,-,-,,,,
T623,DQ Thomas,FA,LB,-,-,-,-,-,-,-,-,-,,,,
T623,Drake Thomas,SEA,LB,-,-,174.84,-,-,-,-,413.80,-,4.46,,,
T623,Isaiah Thomas,FA,LB,-,-,170.00,-,-,-,-,-,-,,,,
T623,Keir Thomas,LAR,LB,-,-,170.95,-,-,-,-,-,-,,,,
T623,Xavier Thomas,FA,LB,-,-,170.00,-,-,-,-,-,-,,,Ques,Undisclosed
T623,Shaq Thompson,FA,LB,-,-,174.11,-,-,-,-,-,-,,,,
T623,Dondrea Tillman,DEN,LB,-,-,170.00,-,-,-,-,-,-,,,,
T623,Channing Tindall,ATL,LB,-,-,170.99,-,-,-,-,-,-,,,,
T623,Henry To'oTo'o,HOU,LB,-,-,175.24,-,-,-,-,340.00,-,,,,
T623,Drue Tranquill,KC,LB,-,-,175.35,-,-,-,-,362.80,-,3.68,0.17,,
T623,Bralen Trice,ATL,LB,-,-,170.88,-,-,-,-,-,-,,,,
T623,Jeremiah Trotter,PHI,LB,-,-,170.38,-,-,-,-,-,-,,,,
T623,Josiah Trotter,TB,LB,-,-,170.84,40.89,-,-,-,239.40,-,,,,
T623,Nadame Tucker,LAC,LB,-,-,-,-,-,-,-,-,-,,,,
T623,Tuli Tuipulotu,LAC,LB,-,-,160.86,-,-,-,-,194.80,-,,0.83,,
T623,Dallas Turner,MIN,LB,-,-,165.81,-,-,-,-,254.70,-,,0.83,,
T623,Ezekiel Turner,FA,LB,-,-,170.00,-,-,-,-,-,-,,,Ques,Foot
T623,Jordan Turner,DEN,LB,-,-,170.00,-,-,-,-,-,-,,,NFI-A,Undisclosed
T623,Joshua Uche,MIA,LB,-,-,170.00,-,-,-,-,591.70,-,,,,
T623,Edefuan Ulofoshio,CLE,LB,-,-,170.39,-,-,-,-,-,-,,,,
T623,Princely Umanmielen,CAR,LB,-,-,170.63,-,-,-,-,-,-,,,,
T623,Andrew Van Ginkel,MIN,LB,-,-,143.18,-,-,-,-,190.10,-,5.03,1.00,,
T623,Lukas Van Ness,GB,LB,-,-,172.74,-,-,-,-,628.30,-,,,,
T623,Kyle Van Noy,FA,LB,-,-,172.52,-,-,-,-,-,-,,,,
T623,Zach VanValkenburg,FA,LB,-,-,-,-,-,-,-,-,-,,,,
T623,Joseph Vaughn,SEA,LB,-,-,-,-,-,-,-,-,-,,,,
T623,Devin Veresuk,IND,LB,-,-,-,-,-,-,-,-,-,,,,
T623,Jared Verse,CLE,LB,-,-,168.83,-,-,-,-,100.50,-,,0.33,,
T623,Nick Vigil,FA,LB,-,-,174.64,-,-,-,-,-,-,,,,
T623,Bobby Wagner,FA,LB,-,-,172.55,-,-,-,-,385.30,-,2.86,,,
T623,Anthony Walker,FA,LB,-,-,172.06,-,-,-,-,-,-,,,,
T623,Arden Walker,MIN,LB,-,-,-,-,-,-,-,-,-,,,,
T623,David Walker,TB,LB,-,-,170.93,-,-,-,-,-,-,,,,
T623,Jailin Walker,FA,LB,-,-,-,-,-,-,-,-,-,,,,
T623,Jalon Walker,ATL,LB,-,-,172.52,-,-,-,-,377.90,-,,,,
T623,Johnny Walker,DEN,LB,-,-,-,-,-,-,-,-,-,,,,
T623,Mykal Walker,NYJ,LB,-,-,170.00,-,-,-,-,-,-,,,,
T623,Quay Walker,LV,LB,-,-,165.59,-,-,-,-,115.60,-,,0.83,,
T623,Trevin Wallace,CAR,LB,-,-,175.21,-,-,-,-,512.00,-,,,Ques,Shoulder
T623,Garret Wallow,SF,LB,-,-,170.58,-,-,-,-,-,-,,,,
T623,Eddie Walls,LAR,LB,-,-,-,-,-,-,-,-,-,,,IR,Undisclosed
T623,Jihad Ward,FA,LB,-,-,171.40,-,-,-,-,-,-,,,,
T623,Fred Warner,SF,LB,-,-,77.08,-,-,-,-,110.50,-,8.77,5.50,,
T623,Nathaniel Watson,CLE,LB,-,-,170.00,-,-,-,-,-,-,,,Ques,Biceps
T623,T.J. Watt,PIT,LB,-,-,144.13,-,-,-,-,82.40,-,6.74,0.83,,
T623,Marlowe Wax,LAC,LB,-,-,170.00,-,-,-,-,-,-,,,,
T623,Rashad Weaver,FA,LB,-,-,170.00,-,-,-,-,-,-,,,,
T623,West Weeks,IND,LB,-,-,-,-,-,-,-,-,-,,,,
T623,Kristian Welch,GB,LB,-,-,170.00,-,-,-,-,-,-,,,,
T623,Carson Wells,FA,LB,-,-,-,-,-,-,-,-,-,,,,
T623,Julius Welschof,PIT,LB,-,-,-,-,-,-,-,-,-,,,,
T623,Pete Werner,NO,LB,-,-,170.83,-,-,-,-,604.00,-,,,,
T623,Ja'Markis Weston,SEA,LB,-,-,-,-,-,-,-,-,-,,,IR,Undisclosed
T623,DaShaun White,FA,LB,-,-,170.00,-,-,-,-,-,-,,,,
T623,Devin White,DET,LB,-,-,168.68,-,-,-,-,339.20,-,,,,
T623,Kyzir White,FA,LB,-,-,170.00,-,-,-,-,-,-,,,,
T623,Benton Whitley,CLE,LB,-,-,170.00,-,-,-,-,-,-,,,,
T623,Nate Wieland,FA,LB,-,-,-,-,-,-,-,-,-,,,,
T623,Dorian Williams,BUF,LB,-,-,172.50,-,-,-,-,690.00,-,,,Ques,Lower Body
T623,James Williams,TEN,LB,-,-,170.43,-,-,-,-,-,-,,,,
T623,Quincy Williams,CLE,LB,-,-,176.32,-,-,-,-,365.20,-,,,,
T623,Scooby Williams,MIN,LB,-,-,-,-,-,-,-,-,-,,,,
T623,Reid Williford,BAL,LB,-,-,-,-,-,-,-,-,-,,,,
T623,Eric Wilson,MIN,LB,-,-,175.71,-,-,-,-,456.40,-,2.94,,,
T623,Logan Wilson,FA,LB,-,-,170.00,-,-,-,-,333.00,-,,,,
T623,Mack Wilson,ARI,LB,-,-,175.17,-,-,-,-,473.30,-,2.93,0.17,,
T623,Payton Wilson,PIT,LB,-,-,171.29,-,-,-,-,318.40,-,,,,
T623,Riley Wilson,NE,LB,-,-,-,-,-,-,-,-,-,,,,
T623,Jacoby Windmon,PIT,LB,-,-,170.00,-,-,-,-,-,-,,,,
T623,Dee Winters,DAL,LB,-,-,174.48,-,-,-,-,404.80,-,,,,
T623,D.J. Wonnum,DET,LB,-,-,170.10,-,-,-,-,569.50,-,,,,
T623,Jackson Woodard,MIA,LB,-,-,-,-,-,-,-,-,-,,,,
T623,Wade Woodaz,HOU,LB,-,-,170.00,76.90,-,-,-,-,-,,,,
T623,Josh Woods,ATL,LB,-,-,171.69,-,-,-,-,-,-,,,,
T623,Chandler Wooten,FA,LB,-,-,170.00,-,-,-,-,-,-,,,,
T623,Javin Wright,TB,LB,-,-,-,-,-,-,-,-,-,,,,
T623,Kadofi Wright,FA,LB,-,-,-,-,-,-,-,-,-,,,,
T623,Oshane Ximines,FA,LB,-,-,171.57,-,-,-,-,-,-,,,,
T623,Taurean York,DEN,LB,-,-,-,-,-,-,-,-,-,,,,
T623,Byron Young,LAR,LB,-,-,172.01,-,-,-,-,148.00,-,,0.83,,
T623,Chase Young,NO,LB,-,-,171.31,-,-,-,-,403.30,-,4.13,0.83,,
T623,Jordan Young,FA,LB,-,-,-,-,-,-,-,-,-,,,,
T623,Zion Young,BAL,LB,-,-,170.00,67.14,-,-,-,-,-,,,,
T623,Nash Hutmacher,TB,OG,-,-,-,-,-,-,-,-,-,,,,
T623,Dylan Parham,NYJ,OG,-,-,-,-,-,-,-,-,-,,,,
T623,Chris Williams,FA,OG,-,-,171.00,-,-,-,-,-,-,,,,
T623,Hunter Thedford,FA,OT,-,-,-,-,-,-,-,-,-,,,,
T623,Leroy Watson,FA,OT,-,-,-,-,-,-,-,-,-,,,,
T623,Bryan Anger,DAL,P,-,-,171.05,-,-,-,-,-,-,,,,
T623,Matt Araiza,KC,P,-,-,172.04,-,-,-,-,-,-,,,,
T623,Jake Bailey,ATL,P,-,-,176.89,-,-,-,-,-,-,,,,
T623,Bryce Baringer,NE,P,-,-,173.17,-,-,-,-,-,-,,,,
T623,Corey Bojorquez,CLE,P,-,-,149.25,-,-,-,-,-,-,,1.00,,
T623,Jack Browning,FA,P,-,-,169.60,-,-,-,-,-,-,,,,
T623,James Burnip,FA,P,-,-,170.00,-,-,-,-,-,-,,,,
T623,Jake Camarda,FA,P,-,-,169.43,-,-,-,-,-,-,,,,
T623,AJ Cole,LV,P,-,-,141.58,-,-,-,-,-,-,,1.00,,
T623,Logan Cooke,JAX,P,-,-,183.73,-,-,-,-,-,-,,,,
T623,Jeremy Crawshaw,DEN,P,-,-,175.92,-,-,-,-,-,-,,1.00,,
T623,Michael Dickson,SEA,P,-,-,175.54,-,-,-,-,-,-,,,,
T623,Riley Dixon,TB,P,-,-,177.44,-,-,-,-,-,-,,,,
T623,Tommy Doman,BUF,P,-,-,174.04,-,-,-,-,-,-,,,,
T623,Ryan Eckley,BAL,P,-,-,171.50,-,-,-,-,-,-,,,,
T623,Ethan Evans,LAR,P,-,-,171.38,-,-,-,-,-,-,,,,
T623,Jack Fox,DET,P,-,-,177.32,-,-,-,-,-,-,,,,
T623,Trenton Gill,FA,P,-,-,171.53,-,-,-,-,-,-,,,,
T623,Jamie Gillan,FA,P,-,-,170.96,-,-,-,-,-,-,,,,
T623,Blake Gillikin,ARI,P,-,-,166.03,-,-,-,-,-,-,,1.00,,
T623,Matt Haack,WAS,P,-,-,175.88,-,-,-,-,-,-,,,,
T623,Matthew Hayball,ATL,P,-,-,170.67,-,-,-,-,-,-,,,,
T623,Lou Hedley,FA,P,-,-,170.00,-,-,-,-,-,-,,,,
T623,Johnny Hekker,MIN,P,-,-,173.66,-,-,-,-,-,-,,,,
T623,Cameron Johnston,PIT,P,-,-,178.37,-,-,-,-,-,-,,1.00,,
T623,Kai Kroeger,HOU,P,-,-,176.73,-,-,-,-,-,-,,,,
T623,Ty Long,FA,P,-,-,-,-,-,-,-,-,-,,,,
T623,Braden Mann,PHI,P,-,-,173.62,-,-,-,-,-,-,,,,
T623,Sam Martin,CAR,P,-,-,174.77,-,-,-,-,-,-,,1.00,,
T623,Austin McNamara,NYJ,P,-,-,169.08,-,-,-,-,-,-,,,,
T623,Thomas Morstead,FA,P,-,-,166.25,-,-,-,-,-,-,,,,
T623,Pat O'Donnell,FA,P,-,-,173.90,-,-,-,-,-,-,,,,
T623,Michael Palardy,FA,P,-,-,174.06,-,-,-,-,-,-,,,,
T623,Bradley Pinion,MIA,P,-,-,140.09,-,-,-,-,-,-,,4.00,,
T623,Ryan Rehkow,CIN,P,-,-,171.92,-,-,-,-,-,-,,,,
T623,Brad Robbins,FA,P,-,-,170.00,-,-,-,-,-,-,,,,
T623,Rigoberto Sanchez,IND,P,-,-,179.76,-,-,-,-,-,-,,,,
T623,JK Scott,LAC,P,-,-,178.43,-,-,-,-,-,-,,,,
T623,Ryan Stonehouse,FA,P,-,-,170.95,-,-,-,-,-,-,,,,
T623,Jordan Stout,NYG,P,-,-,177.65,-,-,-,-,-,-,,1.00,,
T623,Tory Taylor,CHI,P,-,-,169.71,-,-,-,-,-,-,,,,
T623,Tommy Townsend,TEN,P,-,-,143.92,-,-,-,-,-,-,,1.00,,
T623,Corliss Waitman,SF,P,-,-,179.35,-,-,-,-,-,-,,,,
T623,Tress Way,WAS,P,-,-,176.27,-,-,-,-,-,-,,,NFI-A,Pectoral
T623,Daniel Whelan,GB,P,-,-,170.82,-,-,-,-,-,-,,,,
T623,Matt Wile,FA,P,-,-,-,-,-,-,-,-,-,,,,
T623,Mitch Wishnowsky,BUF,P,-,-,172.46,-,-,-,-,-,-,,,,
T623,Brandon Wright,FA,P,-,-,-,-,-,-,-,-,-,,,,
T623,Ryan Wright,NO,P,-,-,176.26,-,-,-,-,-,-,,,,
T623,Ty Zentner,FA,P,-,-,170.00,-,-,-,-,-,-,,,,
T623,Joey Aguilar,JAX,QB,-,-,-,-,-,-,-,-,-,,,,
T623,Christian Kuntz,PIT,C,-,-,173.97,-,-,-,-,-,-,,,,
T623,Keith Abney,DET,CB,-,-,170.70,65.09,-,-,-,341.40,-,,,,
T623,Micah Abraham,FA,CB,-,-,170.13,-,-,-,-,-,-,,,,
T623,Kris Abrams-Draine,DEN,CB,-,-,170.34,-,-,-,-,-,-,,,,
T623,Paulson Adebo,NYG,CB,-,-,177.02,-,-,-,-,422.60,-,,0.80,,
T623,Jaire Alexander,FA,CB,-,-,170.54,-,-,-,-,-,-,,,,
T623,Dee Alford,BUF,CB,-,-,170.85,-,-,-,-,-,-,,,,
T623,Marcus Allen,MIN,CB,-,-,-,-,-,-,-,-,-,,,,
T623,Trey Amos,WAS,CB,-,-,170.22,-,-,-,-,597.50,-,,,PUP-P,Lower Leg
T623,Prince Amukamara,FA,CB,-,-,-,-,-,-,-,-,-,,,,
T623,Chigozie Anusiem,LV,CB,-,-,169.91,-,-,-,-,-,-,,,,
T623,Eli Apple,FA,CB,-,-,173.18,-,-,-,-,-,-,,,,
T623,Jalyn Armour-Davis,FA,CB,-,-,170.00,-,-,-,-,-,-,,,Ques,Achilles
T623,Da'Veawn Armstead,MIN,CB,-,-,-,-,-,-,-,-,-,,,,
T623,Cornell Armstrong,FA,CB,-,-,171.93,-,-,-,-,-,-,,,Ques,Hamstring
T623,Damon Arnette,FA,CB,-,-,170.00,-,-,-,-,-,-,,,,
T623,Terrion Arnold,FA,CB,-,-,170.00,-,-,-,-,-,-,,0.20,,
T623,Alex Austin,MIA,CB,-,-,170.00,-,-,-,-,-,-,,,,
T623,Brent Austin,DEN,CB,-,-,-,-,-,-,-,678.80,-,,,,
T623,Tre Avery,CLE,CB,-,-,170.00,-,-,-,-,-,-,,,,
T623,Chidobe Awuzie,BAL,CB,-,-,171.51,-,-,-,-,-,-,,,,
T623,Johnson Bademosi,FA,CB,-,-,-,-,-,-,-,-,-,,,,
T623,Darrell Baker,MIA,CB,-,-,170.00,-,-,-,-,-,-,,,PUP-P,Undisclosed
T623,Johnathan Baldwin,GB,CB,-,-,171.33,-,-,-,-,-,-,,,,
T623,Corey Ballentine,JAX,CB,-,-,170.00,-,-,-,-,-,-,,,,
T623,Mory Bamba,NYJ,CB,-,-,-,-,-,-,-,-,-,,,,
T623,Deonte Banks,NYG,CB,-,-,171.02,-,-,-,-,-,-,,,,
T623,Jahdae Barron,DEN,CB,-,-,170.00,-,-,-,-,-,-,,,,
T623,Shemar Bartholomew,GB,CB,-,-,170.00,-,-,-,-,-,-,,,,
T623,Miles Battle,MIA,CB,-,-,170.00,-,-,-,-,-,-,,,,
T623,Dalys Beanum,NO,CB,-,-,-,-,-,-,-,-,-,,,,
T623,Christian Benford,BUF,CB,-,-,169.90,-,-,-,-,614.00,-,,,,
T623,Jakorian Bennett,PHI,CB,-,-,170.00,-,-,-,-,-,-,,,,
T623,Jarrick Bernard-Converse,NYG,CB,-,-,170.00,-,-,-,-,-,-,,,,
T623,Caleb Biggers,FA,CB,-,-,-,-,-,-,-,-,-,,,,
T623,Beanie Bishop,FA,CB,-,-,170.00,-,-,-,-,-,-,,,Reserve-Sus,Suspension
T623,Korie Black,NYG,CB,-,-,170.00,-,-,-,-,-,-,,,,
T623,Mekhi Blackmon,IND,CB,-,-,170.00,-,-,-,-,-,-,,,,
T623,Josh Blackwell,CHI,CB,-,-,171.18,-,-,-,-,-,-,,,,
T623,DaRon Bland,DAL,CB,-,-,175.01,-,-,-,-,583.80,-,,0.60,,
T623,Isaiah Bolden,FA,CB,-,-,170.00,-,-,-,-,-,-,,,,
T623,Ethan Bonner,MIA,CB,-,-,170.00,-,-,-,-,-,-,,,,
T623,Andrew Booth,FA,CB,-,-,170.00,-,-,-,-,-,-,,,,
T623,Dicaprio Bootle,FA,CB,-,-,170.00,-,-,-,-,-,-,,,Ques,Undisclosed
T623,Cedric Boswell,FA,CB,-,-,-,-,-,-,-,-,-,,,,
T623,Kris Boyd,FA,CB,-,-,170.00,-,-,-,-,-,-,,,Ques,Abdomen
T623,Ekow Boye-Doe,FA,CB,-,-,169.79,-,-,-,-,-,-,,,,
T623,Devan Boykin,PIT,CB,-,-,-,-,-,-,-,-,-,,,,
T623,Lance Boykin,FA,CB,-,-,170.00,-,-,-,-,-,-,,,,
T623,Christian Braswell,JAX,CB,-,-,170.00,-,-,-,-,-,-,,,,
T623,JuJu Brents,MIA,CB,-,-,170.00,-,-,-,-,-,-,,,,
T623,Trikweze Bridges,DAL,CB,-,-,170.00,-,-,-,-,-,-,,,,
T623,Tyrone Broden,FA,CB,-,-,-,-,-,-,-,-,-,,,Ques,Undisclosed
T623,Natrone Brooks,ATL,CB,-,-,169.62,-,-,-,-,-,-,,,,
T623,Ike Brown,FA,CB,-,-,-,-,-,-,-,-,-,,,,
T623,Montaric Brown,JAX,CB,-,-,169.95,-,-,-,-,-,-,0.90,,,
T623,Tony Brown,FA,CB,-,-,171.70,-,-,-,-,-,-,,,,
T623,Tre Brown,NYJ,CB,-,-,170.00,-,-,-,-,-,-,,,,
T623,Jarvis Brownlee,NYJ,CB,-,-,170.00,-,-,-,-,-,-,,,Ques,Hip
T623,Cobee Bryant,ATL,CB,-,-,170.17,-,-,-,-,-,-,,,,
T623,Myles Bryant,CLE,CB,-,-,170.00,-,-,-,-,-,-,,,,
T623,Denzel Burke,ARI,CB,-,-,170.57,-,-,-,-,-,-,,,,
T623,Artie Burns,FA,CB,-,-,171.60,-,-,-,-,-,-,,,Ques,Knee - ACL
T623,Josh Butler,DAL,CB,-,-,169.69,-,-,-,-,-,-,,,,
T623,Keydrain Calligan,TEN,CB,-,-,-,-,-,-,-,-,-,,,,
T623,James Campbell,FA,CB,-,-,-,-,-,-,-,-,-,,,,
T623,Tyson Campbell,CLE,CB,-,-,172.97,-,-,-,-,579.50,-,1.73,0.60,,
T623,Channing Canada,NE,CB,-,-,-,-,-,-,-,-,-,,,,
T623,Jadon Canady,KC,CB,-,-,170.00,-,-,-,-,-,-,,,,
T623,Brandon Carr,FA,CB,-,-,-,-,-,-,-,-,-,,,,
T623,Caelen Carson,DAL,CB,-,-,171.02,-,-,-,-,-,-,,,,
T623,Ajani Carter,FA,CB,-,-,-,-,-,-,-,-,-,,,,
T623,Michael Carter,PHI,CB,-,-,170.82,-,-,-,-,-,-,,,,
T623,T.J. Carter,FA,CB,-,-,170.00,-,-,-,-,-,-,,,,
T623,Tariq Castro-Fields,PHI,CB,-,-,170.00,-,-,-,-,-,-,,,,
T623,Tyreek Chappell,MIN,CB,-,-,-,-,-,-,-,-,-,,,,
T623,Brandon Cisse,GB,CB,-,-,170.60,-,-,-,-,348.50,-,,,,
T623,Jordan Clark,NYJ,CB,-,-,170.00,-,-,-,-,-,-,,,,
T623,Kei'Trel Clark,ARI,CB,-,-,170.00,-,-,-,-,-,-,,,,
T623,Brandon Codrington,HOU,CB,-,-,170.00,-,-,-,-,-,-,,,,
T623,Ryan Cooper,FA,CB,-,-,-,-,-,-,-,-,-,,,,
T623,Bryce Cosby,FA,CB,-,-,-,-,-,-,-,-,-,,,,
T623,Te'Cory Couch,BUF,CB,-,-,-,-,-,-,-,-,-,,,,
T623,Brandon Crossley,NE,CB,-,-,-,-,-,-,-,-,-,,,,
T623,Elijah Culp,ARI,CB,-,-,-,-,-,-,-,-,-,,,,
T623,Michael Dansby,SEA,CB,-,-,173.19,-,-,-,-,-,-,,,,
T623,Ronald Darby,FA,CB,-,-,173.77,-,-,-,-,-,-,,,,
T623,Carlton Davis,NE,CB,-,-,175.98,-,-,-,-,-,-,,0.40,Ques,Undisclosed
T623,Cortez Davis,FA,CB,-,-,-,-,-,-,-,-,-,,,,
T623,Fred Davis,WAS,CB,-,-,-,-,-,-,-,-,-,,,,
T623,Jaden Davis,ARI,CB,-,-,170.00,-,-,-,-,-,-,,,IR,Undisclosed
T623,Jalen Davis,CIN,CB,-,-,171.58,-,-,-,-,-,-,,,,
T623,Michael Davis,FA,CB,-,-,171.63,-,-,-,-,-,-,,,Ques,Shoulder
T623,Tacario Davis,CIN,CB,-,-,170.00,-,-,-,-,-,-,,,,
T623,Jamel Dean,PIT,CB,-,-,174.43,-,-,-,-,-,-,,,,
T623,Mansoor Delane,KC,CB,-,-,173.80,52.10,-,-,-,272.40,-,,,Ques,Shoulder
T623,Charles Demmings,MIN,CB,-,-,170.64,-,-,-,-,-,-,,,,
T623,M.J. Devonshire,GB,CB,-,-,170.00,-,-,-,-,-,-,,,,
T623,Marcellas Dial,NE,CB,-,-,170.00,-,-,-,-,-,-,,,,
T623,Trevon Diggs,FA,CB,-,-,170.00,-,-,-,-,-,-,,,,
T623,Thaddeus Dixon,NYG,CB,-,-,-,-,-,-,-,-,-,,,IR,Achilles
T623,Khalil Dorsey,DET,CB,-,-,170.00,-,-,-,-,-,-,,,,
T623,Rasul Douglas,WAS,CB,-,-,172.13,-,-,-,-,-,-,,,,
T623,Storm Duck,MIA,CB,-,-,169.77,-,-,-,-,-,-,,,PUP-P,Knee
T623,Cobie Durant,DAL,CB,-,-,170.30,-,-,-,-,-,-,,,,
T623,Brandin Echols,PIT,CB,-,-,170.00,-,-,-,-,-,-,,,,
T623,Johnathan Edwards,IND,CB,-,-,170.00,-,-,-,-,-,-,,,,
T623,Wyett Ekeler,FA,CB,-,-,-,-,-,-,-,-,-,,,,
T623,Kaiir Elam,KC,CB,-,-,170.00,-,-,-,-,-,-,,,,
T623,Martin Emerson,NO,CB,-,-,170.38,-,-,-,-,-,-,,,,
T623,Akayleb Evans,CAR,CB,-,-,171.06,-,-,-,-,-,-,,,,
T623,Darren Evans,FA,CB,-,-,-,-,-,-,-,-,-,,,,
T623,Daylen Everette,PIT,CB,-,-,169.87,-,-,-,-,544.00,-,,,,
T623,KC Eziomume,CHI,CB,-,-,-,-,-,-,-,-,-,,,,
T623,Caleb Farley,FA,CB,-,-,170.00,-,-,-,-,-,-,,,,
T623,Junior Faulk,FA,CB,-,-,-,-,-,-,-,-,-,,,,
T623,Cor'Dale Flott,TEN,CB,-,-,170.00,-,-,-,-,-,-,,,,
T623,Dallis Flowers,CHI,CB,-,-,170.00,-,-,-,-,-,-,,,,
T623,Tre Flowers,FA,CB,-,-,172.36,-,-,-,-,-,-,,,,
T623,Emmanuel Forbes,LAR,CB,-,-,170.54,-,-,-,-,-,-,,,,
T623,Mike Ford,ATL,CB,-,-,172.44,-,-,-,-,-,-,,,,
T623,Tyrell Ford,FA,CB,-,-,-,-,-,-,-,-,-,,,,
T623,Zah Frazier,FA,CB,-,-,170.00,-,-,-,-,-,-,,,,
T623,Andre Fuller,SEA,CB,-,-,170.35,-,-,-,-,-,-,,,,
T623,Kendall Fuller,FA,CB,-,-,172.33,-,-,-,-,-,-,,,,
T623,Travon Fuller,FA,CB,-,-,-,-,-,-,-,-,-,,,,
T623,Kristian Fulton,KC,CB,-,-,170.00,-,-,-,-,-,-,,,,
T623,Tyrek Funderburk,CAR,CB,-,-,170.00,-,-,-,-,-,-,,,,
T623,Don Gardner,FA,CB,-,-,-,-,-,-,-,-,-,,,,
T623,Sauce Gardner,IND,CB,-,-,172.91,-,-,-,-,665.70,-,,,Ques,Calf
T623,Mekhi Garner,FA,CB,-,-,170.00,-,-,-,-,-,-,,,,
T623,Eric Garror,FA,CB,-,-,170.00,-,-,-,-,-,-,,,,
T623,Allan George,FA,CB,-,-,-,-,-,-,-,-,-,,,,
T623,Kenneth George,FA,CB,-,-,-,-,-,-,-,-,-,,,,
T623,Zyon Gilbert,FA,CB,-,-,-,-,-,-,-,-,-,,,,
T623,Steven Gilmore,FA,CB,-,-,170.00,-,-,-,-,-,-,,,,
T623,Christian Gonzalez,NE,CB,-,-,144.35,-,-,-,-,455.60,-,,0.40,,
T623,Mario Goodrich,TEN,CB,-,-,-,-,-,-,-,-,-,,,,
T623,Kyler Gordon,CHI,CB,-,-,173.70,-,-,-,-,-,-,,,PUP-P,Calf
T623,Thomas Graham,FA,CB,-,-,170.00,-,-,-,-,-,-,,,,
T623,Nick Grant,FA,CB,-,-,-,-,-,-,-,-,-,,,,
T623,A.J. Green,MIA,CB,-,-,170.00,-,-,-,-,-,-,,,,
T623,Art Green,NYG,CB,-,-,170.00,-,-,-,-,-,-,,,,
T623,Renardo Green,SF,CB,-,-,172.80,-,-,-,-,-,-,,,,
T623,Shaquill Griffin,FA,CB,-,-,171.64,-,-,-,-,-,-,,,,
T623,Jaylon Guilbeau,FA,CB,-,-,-,-,-,-,-,-,-,,,Ques,Undisclosed
T623,Kamal Hadden,GB,CB,-,-,170.00,-,-,-,-,-,-,,,,
T623,Devin Hafford,FA,CB,-,-,-,-,-,-,-,-,-,,,,
T623,Maxwell Hairston,BUF,CB,-,-,171.01,-,-,-,-,590.50,-,,,,
T623,Bryce Hall,FA,CB,-,-,170.00,-,-,-,-,-,-,,,,
T623,Darren Hall,ATL,CB,-,-,170.00,-,-,-,-,-,-,,,,
T623,Kemon Hall,TB,CB,-,-,170.00,-,-,-,-,-,-,,,,
T623,Stephen Hall,HOU,CB,-,-,-,-,-,-,-,-,-,,,,
T623,TJ Hall,NO,CB,-,-,169.93,-,-,-,-,-,-,,,,
T623,Tyler Hall,FA,CB,-,-,170.00,-,-,-,-,-,-,,,,
T623,Al'zillion Hamilton,LAR,CB,-,-,-,-,-,-,-,-,-,,,PUP-P,Undisclosed
T623,Antonio Hamilton,WAS,CB,-,-,171.65,-,-,-,-,-,-,,,,
T623,Elijah Hamilton,FA,CB,-,-,-,-,-,-,-,-,-,,,,
T623,Matt Hankins,FA,CB,-,-,-,-,-,-,-,-,-,,,,
T623,Justin Hardee,FA,CB,-,-,173.93,-,-,-,-,-,-,,,Ques,Undisclosed
T623,Myles Harden,CLE,CB,-,-,169.86,-,-,-,-,-,-,,,,
T623,Daequan Hardy,PIT,CB,-,-,170.00,-,-,-,-,-,-,,,IR,Undisclosed
T623,Marcus Harris,TEN,CB,-,-,170.00,-,-,-,-,-,-,,,,
T623,Cam Hart,LAC,CB,-,-,169.92,-,-,-,-,-,-,,,,
T623,Ahmari Harvey,PIT,CB,-,-,-,-,-,-,-,-,-,,,,
T623,Tre Hawkins,WAS,CB,-,-,170.00,-,-,-,-,-,-,,,IR,Undisclosed
T623,Josh Hayes,TB,CB,-,-,170.00,-,-,-,-,-,-,,,,
T623,Amari Henderson,FA,CB,-,-,-,-,-,-,-,-,-,,,,
T623,C.J. Henderson,ATL,CB,-,-,170.00,-,-,-,-,-,-,,,,
T623,Tre Herndon,FA,CB,-,-,171.91,-,-,-,-,-,-,,,,
T623,Tyron Herring,CLE,CB,-,-,-,-,-,-,-,-,-,,,,
T623,Faion Hicks,FA,CB,-,-,170.00,-,-,-,-,-,-,,,,
T623,Dax Hill,CIN,CB,-,-,177.76,-,-,-,-,637.30,-,,0.40,,
T623,Nijuel Hill,FA,CB,-,-,-,-,-,-,-,-,-,,,,
T623,Troy Hill,FA,CB,-,-,173.49,-,-,-,-,-,-,,,,
T623,Mike Hilton,FA,CB,-,-,173.99,-,-,-,-,-,-,,,Ques,Shoulder
T623,Nate Hobbs,SF,CB,-,-,171.04,-,-,-,-,-,-,,,,
T623,Preston Hodge,JAX,CB,-,-,-,-,-,-,-,-,-,,,,
T623,Ka'dar Hollman,FA,CB,-,-,170.00,-,-,-,-,-,-,,,,
T623,Darnay Holmes,ATL,CB,-,-,170.99,-,-,-,-,-,-,,,,
T623,Colton Hood,NYG,CB,-,-,170.64,83.56,-,-,-,521.50,-,,,,
T623,Delonte Hood,FA,CB,-,-,-,-,-,-,-,-,-,,,,
T623,Jaycee Horn,CAR,CB,-,-,169.80,-,-,-,-,664.00,-,,,,
T623,Xavien Howard,FA,CB,-,-,173.78,-,-,-,-,-,-,,,,
T623,Mike Hughes,ATL,CB,-,-,170.37,-,-,-,-,-,-,,,,
T623,Marlon Humphrey,BAL,CB,-,-,177.53,-,-,-,-,478.00,-,2.89,0.40,,
T623,Alijah Huzzie,HOU,CB,-,-,170.00,-,-,-,-,-,-,,,,
T623,Noah Igbinoghene,SEA,CB,-,-,170.68,-,-,-,-,-,-,,,,
T623,Davison Igbinosun,BUF,CB,-,-,170.00,-,-,-,-,-,-,,,,
T623,Ja'Marcus Ingram,HOU,CB,-,-,170.00,-,-,-,-,-,-,,,,
T623,Keenan Isaac,FA,CB,-,-,170.00,-,-,-,-,-,-,,,,
T623,DJ Ivey,CIN,CB,-,-,169.65,-,-,-,-,-,-,,,,
T623,Adoree' Jackson,FA,CB,-,-,171.76,-,-,-,-,-,-,,,,
T623,Dane Jackson,JAX,CB,-,-,170.00,-,-,-,-,-,-,,,Reserve-Ret,Personal
T623,Domani Jackson,GB,CB,-,-,170.00,-,-,-,-,-,-,,,,
T623,Donte Jackson,LAC,CB,-,-,170.00,-,-,-,-,-,-,,,,
T623,Lamar Jackson,FA,CB,-,-,169.09,-,-,-,-,-,-,,,,
T623,Mike Jackson,CAR,CB,-,-,175.18,-,-,-,-,647.20,-,2.12,0.20,,
T623,DJ James,FA,CB,-,-,170.00,-,-,-,-,-,-,,,,
T623,D'Shawn Jamison,PIT,CB,-,-,170.00,-,-,-,-,-,-,,,,
T623,Shemar Jean-Charles,SEA,CB,-,-,170.00,-,-,-,-,-,-,,,,
T623,Josh Jobe,SEA,CB,-,-,172.26,-,-,-,-,-,-,,,,
T623,Alex Johnson,LAR,CB,-,-,-,-,-,-,-,-,-,,,,
T623,Brandon Johnson,SEA,CB,-,-,170.00,-,-,-,-,-,-,,,,
T623,Chris Johnson,MIA,CB,-,-,170.34,65.20,-,-,-,491.40,-,,,,
T623,Isaiah Johnson,FA,CB,-,-,-,-,-,-,-,-,-,,,Ques,Knee - ACL
T623,Jaylon Johnson,CHI,CB,-,-,170.05,-,-,-,-,-,-,,,,
T623,Leonard Johnson,FA,CB,-,-,-,-,-,-,-,-,-,,,,
T623,Nazeeh Johnson,TEN,CB,-,-,170.00,-,-,-,-,-,-,,,,
T623,Taron Johnson,LV,CB,-,-,173.33,-,-,-,-,-,-,,,,
T623,Will Johnson,ARI,CB,-,-,172.01,-,-,-,-,-,-,,,,
T623,Shaun Jolly,FA,CB,-,-,-,-,-,-,-,-,-,,,,
T623,Chris Jones,FA,CB,-,-,171.39,-,-,-,-,-,-,,,,
T623,DaShawn Jones,FA,CB,-,-,-,-,-,-,-,-,-,,,,
T623,Devin Jones,FA,CB,-,-,-,-,-,-,-,-,-,,,,
T623,Dom Jones,FA,CB,-,-,170.00,-,-,-,-,-,-,,,Ques,Knee
T623,Elijah Jones,FA,CB,-,-,-,-,-,-,-,-,-,,,,
T623,Elijah Jones,ARI,CB,-,-,170.00,-,-,-,-,-,-,,,,
T623,Jack Jones,SF,CB,-,-,170.00,-,-,-,-,-,-,,,,
T623,Jarrian Jones,JAX,CB,-,-,170.00,-,-,-,-,-,-,,,,
T623,Jaylon Jones,CHI,CB,-,-,171.21,-,-,-,-,-,-,,,,
T623,Jaylon Jones,IND,CB,-,-,170.00,-,-,-,-,-,-,,,,
T623,Jonathan Jones,PHI,CB,-,-,174.71,-,-,-,-,-,-,,,,
T623,Marcus Jones,NE,CB,-,-,173.16,-,-,-,-,472.90,-,,,,
T623,Marlon Jones,GB,CB,-,-,-,-,-,-,-,-,-,,,,
T623,Nic Jones,NYG,CB,-,-,170.00,-,-,-,-,-,-,,,,
T623,Kelvin Joseph,FA,CB,-,-,170.00,-,-,-,-,-,-,,,,
T623,Kyu Blu Kelly,FA,CB,-,-,170.00,-,-,-,-,-,-,,,Ques,Knee
T623,Anthony Kendall,CLE,CB,-,-,170.00,-,-,-,-,-,-,,,Ques,Undisclosed
T623,Derion Kendrick,DAL,CB,-,-,170.93,-,-,-,-,-,-,,,,
T623,Donte Kent,PIT,CB,-,-,170.00,-,-,-,-,-,-,,,PUP-P,Undisclosed
T623,Jalen Kimber,CIN,CB,-,-,-,-,-,-,-,-,-,,,,
T623,Desmond King,FA,CB,-,-,174.21,-,-,-,-,-,-,,,,
T623,Kalen King,ARI,CB,-,-,170.00,-,-,-,-,-,-,,,,
T623,Kevin King,FA,CB,-,-,171.63,-,-,-,-,-,-,,,Ques,Undisclosed
T623,Luther Kirk,FA,CB,-,-,-,-,-,-,-,-,-,,,,
T623,Kader Kohou,KC,CB,-,-,169.89,-,-,-,-,629.00,-,,,,
T623,Bilhal Kone,BAL,CB,-,-,170.00,-,-,-,-,-,-,,,,
T623,Chris Lammons,FA,CB,-,-,171.49,-,-,-,-,-,-,,,Ques,Foot
T623,Cam Lampkin,LAR,CB,-,-,-,-,-,-,-,-,-,,,,
T623,Kamari Lassiter,HOU,CB,-,-,139.23,-,-,-,-,395.60,-,,1.00,,
T623,Marshon Lattimore,FA,CB,-,-,171.90,-,-,-,-,-,-,,,Ques,Knee - ACL
T623,Des Lawrence,FA,CB,-,-,-,-,-,-,-,-,-,,,,
T623,Will Lee,CAR,CB,-,-,169.81,-,-,-,-,-,-,,,,
T623,Deommodore Lenoir,SF,CB,-,-,170.81,-,-,-,-,-,-,,,,
T623,Deane Leonard,LAC,CB,-,-,170.00,-,-,-,-,-,-,,,,
T623,Cam Lewis,CHI,CB,-,-,170.48,-,-,-,-,-,-,,,,
T623,Jourdan Lewis,JAX,CB,-,-,173.97,-,-,-,-,-,-,,,,
T623,David Long,FA,CB,-,-,170.00,-,-,-,-,-,-,,,,
T623,Robert Longerbeam,BAL,CB,-,-,170.00,-,-,-,-,-,-,,,,
T623,Keni-H Lovely,JAX,CB,-,-,-,-,-,-,-,-,-,,,,
T623,Duron Lowe,FA,CB,-,-,-,-,-,-,-,-,-,,,,
T623,Chase Lucas,TB,CB,-,-,170.00,-,-,-,-,-,-,,,PUP-P,Undisclosed
T623,Jeadyn Lukus,FA,CB,-,-,-,-,-,-,-,-,-,,,,
T623,Darrell Luter,SF,CB,-,-,170.00,-,-,-,-,-,-,,,,
T623,Bralyn Lux,CIN,CB,-,-,170.00,-,-,-,-,-,-,,,,
T623,Avonte Maddox,DET,CB,-,-,171.63,-,-,-,-,-,-,,,,
T623,Jason Maitre,FA,CB,-,-,-,-,-,-,-,-,-,,,Ques,Undisclosed
T623,Dontae Manning,CHI,CB,-,-,-,-,-,-,-,-,-,,,,
T623,Paul Manning,FA,CB,-,-,-,-,-,-,-,-,-,,,Ques,Undisclosed
T623,Devon Marshall,JAX,CB,-,-,-,-,-,-,-,-,-,,,,
T623,Jason Marshall,MIA,CB,-,-,169.89,-,-,-,-,-,-,,,,
T623,Keyon Martin,BAL,CB,-,-,170.00,-,-,-,-,-,-,,,,
T623,Hezekiah Masses,LV,CB,-,-,170.00,-,-,-,-,-,-,,,,
T623,Damarri Mathis,CLE,CB,-,-,170.00,-,-,-,-,-,-,,,,
T623,Arthur Maulet,FA,CB,-,-,170.00,-,-,-,-,-,-,,,,
T623,Mac McCain,FA,CB,-,-,-,-,-,-,-,-,-,,,,
T623,Jeremiah McClendon,FA,CB,-,-,-,-,-,-,-,-,-,,,,
T623,Nick McCloud,FA,CB,-,-,170.00,-,-,-,-,-,-,,,Ques,Groin
T623,Zyon McCollum,TB,CB,-,-,176.92,-,-,-,-,652.50,-,,0.40,,
T623,Jermod McCoy,LV,CB,-,-,169.52,78.50,-,-,-,218.70,-,,,Ques,Knee
T623,Roger McCreary,DET,CB,-,-,170.20,-,-,-,-,-,-,,,,
T623,Deshawn McCuin,FA,CB,-,-,-,-,-,-,-,-,-,,,,
T623,Latrell McCutchin,FA,CB,-,-,-,-,-,-,-,-,-,,,Ques,Undisclosed
T623,Matthew McDoom,BAL,CB,-,-,-,-,-,-,-,-,-,,,,
T623,Trent McDuffie,LAR,CB,-,-,152.18,-,-,-,-,659.50,-,,0.60,,
T623,Dwight McGlothern,MIN,CB,-,-,169.91,-,-,-,-,-,-,,,Ques,Hip
T623,Kool-Aid McKinstry,NO,CB,-,-,177.48,-,-,-,-,-,-,,0.40,,
T623,Kyler McMichael,FA,CB,-,-,-,-,-,-,-,-,-,,,,
T623,Ja'Quan McMillian,DEN,CB,-,-,169.72,-,-,-,-,-,-,,,,
T623,Jalen McMurray,TEN,CB,-,-,-,-,-,-,-,-,-,,,,
T623,Mac McWilliams,PHI,CB,-,-,170.00,-,-,-,-,-,-,,,,
T623,Max Melton,ARI,CB,-,-,170.68,-,-,-,-,-,-,,,,
T623,Cam Miller,CAR,CB,-,-,-,-,-,-,-,-,-,,,,
T623,D.J. Miller,BUF,CB,-,-,-,-,-,-,-,-,-,,,,
T623,Kobee Minor,NE,CB,-,-,170.00,-,-,-,-,-,-,,,,
T623,Cameron Mitchell,FA,CB,-,-,170.00,-,-,-,-,-,-,,,Ques,Undisclosed
T623,Quinyon Mitchell,PHI,CB,-,-,169.74,-,-,-,-,600.00,-,,,,
T623,Devin Moore,DAL,CB,-,-,169.79,-,-,-,-,-,-,,,,
T623,Kenny Moore,FA,CB,-,-,170.00,-,-,-,-,-,-,,,,
T623,T.J. Moore,FA,CB,-,-,-,-,-,-,-,-,-,,,,
T623,Fabian Moreau,WAS,CB,-,-,174.05,-,-,-,-,-,-,,,,
T623,Benjamin Morrison,TB,CB,-,-,172.08,-,-,-,-,-,-,,0.40,,
T623,Malkelm Morrison,FA,CB,-,-,-,-,-,-,-,-,-,,,,
T623,Emmanuel Moseley,FA,CB,-,-,171.72,-,-,-,-,-,-,,,Ques,Illness
T623,Quandre Mosely,FA,CB,-,-,-,-,-,-,-,-,-,,,,
T623,Riley Moss,DEN,CB,-,-,172.48,-,-,-,-,631.50,-,,,,
T623,Jabbar Muhammad,JAX,CB,-,-,-,-,-,-,-,-,-,,,,
T623,Malik Muhammad,CHI,CB,-,-,170.72,-,-,-,-,-,-,,,,
T623,Byron Murphy,MIN,CB,-,-,172.19,-,-,-,-,646.00,-,,,,
T623,Sean Murphy-Bunting,ARI,CB,-,-,170.74,-,-,-,-,-,-,,,,
T623,Julian Neal,SEA,CB,-,-,170.00,-,-,-,-,-,-,,,Ques,Leg
T623,Nik Needham,FA,CB,-,-,171.57,-,-,-,-,-,-,,,,
T623,Greg Newsome,NYG,CB,-,-,170.06,-,-,-,-,-,-,,,,
T623,Quinton Newsome,ARI,CB,-,-,-,-,-,-,-,-,-,,,,
T623,Josh Newton,CIN,CB,-,-,170.00,-,-,-,-,-,-,,,,
T623,DeCarlos Nicholson,CAR,CB,-,-,-,-,-,-,-,-,-,,,,
T623,Parry Nickerson,FA,CB,-,-,172.90,-,-,-,-,-,-,,,,
T623,Keisean Nixon,GB,CB,-,-,179.09,-,-,-,-,587.00,-,,0.40,,
T623,Drey Norwood,LAR,CB,-,-,-,-,-,-,-,-,-,,,,
T623,Caleb Offord,LV,CB,-,-,-,-,-,-,-,-,-,,,,
T623,Jeff Okudah,FA,CB,-,-,170.00,-,-,-,-,-,-,,,Ques,Concussion
T623,Jordan Oladokun,FA,CB,-,-,-,-,-,-,-,-,-,,,,
T623,Donovan Olumba,FA,CB,-,-,-,-,-,-,-,-,-,,,,
T623,Amani Oruwariye,BAL,CB,-,-,171.78,-,-,-,-,-,-,,,,
T623,Jacob Parrish,TB,CB,-,-,172.81,-,-,-,-,-,-,,,,
T623,Rico Payton,NYG,CB,-,-,170.00,-,-,-,-,-,-,,,IR,Undisclosed
T623,D'Arco Perkins-McAllister,KC,CB,-,-,-,-,-,-,-,-,-,,,,
T623,Patrick Peterson,FA,CB,-,-,-,-,-,-,-,-,-,,,,
T623,Bryce Phillips,KC,CB,-,-,-,-,-,-,-,-,-,,,,
T623,Clark Phillips,ATL,CB,-,-,170.00,-,-,-,-,-,-,,,,
T623,Dru Phillips,NYG,CB,-,-,173.70,-,-,-,-,-,-,,,,
T623,James Pierre,MIN,CB,-,-,170.55,-,-,-,-,-,-,,,,
T623,Jalen Pitre,HOU,CB,-,-,166.08,-,-,-,-,309.20,-,,0.60,,
T623,Derrek Pitts,FA,CB,-,-,170.00,-,-,-,-,-,-,,,,
T623,Carlins Platel,FA,CB,-,-,-,-,-,-,-,-,-,,,,
T623,D'Angelo Ponds,NYJ,CB,-,-,169.48,76.52,-,-,-,519.90,-,,,Ques,Calf
T623,Darien Porter,LV,CB,-,-,170.00,-,-,-,-,-,-,,,,
T623,Daryl Porter,PIT,CB,-,-,170.00,-,-,-,-,-,-,,,,
T623,Jackson Porter,FA,CB,-,-,-,-,-,-,-,-,-,,,,
T623,Joey Porter,PIT,CB,-,-,172.59,-,-,-,-,535.00,-,,,PUP-P,Back
T623,Bobby Price,FA,CB,-,-,170.00,-,-,-,-,-,-,,,,
T623,Jayden Price,NO,CB,-,-,-,-,-,-,-,-,-,,,,
T623,Toriano Pride,BUF,CB,-,-,170.00,-,-,-,-,-,-,,,,
T623,Troy Pride,FA,CB,-,-,170.00,-,-,-,-,-,-,,,,
T623,De'Antre Prince,FA,CB,-,-,170.00,-,-,-,-,-,-,,,,
T623,Nehemiah Pritchett,SEA,CB,-,-,170.00,-,-,-,-,-,-,,,,
T623,Karon Prunty,NE,CB,-,-,170.00,-,-,-,-,-,-,,,,
T623,Ephesians Prysock,SF,CB,-,-,170.00,-,-,-,-,-,-,,,,
T623,Myles Purchase,LAC,CB,-,-,-,-,-,-,-,-,-,,,,
T623,Brendan Radley-Hiles,FA,CB,-,-,-,-,-,-,-,-,-,,,,
T623,Ennis Rakestraw,DET,CB,-,-,170.72,-,-,-,-,-,-,,,,
T623,D.J. Reed,DET,CB,-,-,178.55,-,-,-,-,-,-,,0.40,,
T623,Nikko Reed,LAC,CB,-,-,170.00,-,-,-,-,-,-,,,Ques,Hamstring
T623,Michael Reid,NO,CB,-,-,-,-,-,-,-,-,-,,,,
T623,Shavon Revel,DAL,CB,-,-,170.58,-,-,-,-,603.00,-,,,,
T623,Decamerion Richardson,LV,CB,-,-,170.00,-,-,-,-,-,-,,,,
T623,Eli Ricks,FA,CB,-,-,170.00,-,-,-,-,-,-,,,,
T623,Quincy Riley,NO,CB,-,-,170.55,-,-,-,-,-,-,,,,
T623,Kelee Ringo,PHI,CB,-,-,170.00,-,-,-,-,-,-,,,,
T623,Chandler Rivers,BAL,CB,-,-,170.00,-,-,-,-,-,-,,,,
T623,Amik Robertson,WAS,CB,-,-,170.76,-,-,-,-,-,-,,,,
T623,Nickell Robey-Coleman,FA,CB,-,-,-,-,-,-,-,-,-,,,,
T623,Ethan Robinson,MIA,CB,-,-,-,-,-,-,-,-,-,,,,
T623,Jaden Robinson,DEN,CB,-,-,-,-,-,-,-,-,-,,,,
T623,Jakob Robinson,SF,CB,-,-,-,-,-,-,-,-,-,,,Ques,Forearm
T623,Marquise Robinson,BAL,CB,-,-,-,-,-,-,-,-,-,,,,
T623,Micah Robinson,TEN,CB,-,-,170.00,-,-,-,-,-,-,,,,
T623,Robert Rochell,CAR,CB,-,-,170.00,-,-,-,-,-,-,,,,
T623,Isaiah Rodgers,MIN,CB,-,-,170.37,-,-,-,-,-,-,,,,
T623,Eric Rogers,LAC,CB,-,-,-,-,-,-,-,-,-,,,Ques,Undisclosed
T623,Christian Roland-Wallace,KC,CB,-,-,170.00,-,-,-,-,-,-,,,Ques,Back
T623,D'Angelo Ross,CLE,CB,-,-,171.67,-,-,-,-,-,-,,,,
T623,De'Shawn Rucker,DET,CB,-,-,-,-,-,-,-,-,-,,,,
T623,Darius Rush,WAS,CB,-,-,170.00,-,-,-,-,-,-,,,,
T623,KeiVarae Russell,FA,CB,-,-,-,-,-,-,-,-,-,,,,
T623,Mike Sainristil,WAS,CB,-,-,174.20,-,-,-,-,494.10,-,,,,
T623,Asante Samuel,PIT,CB,-,-,170.00,-,-,-,-,-,-,,,,
T623,Marcus Sayles,FA,CB,-,-,-,-,-,-,-,-,-,,,,
T623,Eric Scott,FA,CB,-,-,170.00,-,-,-,-,-,-,,,,
T623,Keionte Scott,TB,CB,-,-,171.01,-,-,-,-,444.90,-,,,,
T623,Kevon Seymour,FA,CB,-,-,173.53,-,-,-,-,-,-,,,,
T623,Kendall Sheffield,FA,CB,-,-,170.00,-,-,-,-,-,-,,,Ques,Undisclosed
T623,Duke Shelley,FA,CB,-,-,170.00,-,-,-,-,-,-,,,,
T623,Rodney Shelley,LAC,CB,-,-,-,-,-,-,-,-,-,,,,
T623,Jaylin Simpson,GB,CB,-,-,170.00,-,-,-,-,-,-,,,,
T623,Doneiko Slaughter,PIT,CB,-,-,-,-,-,-,-,-,-,,,,
T623,Darius Slay,FA,CB,-,-,171.09,-,-,-,-,-,-,,,Reserve-Ret,Undisclosed
T623,Avery Smith,LAC,CB,-,-,-,-,-,-,-,-,-,,,,
T623,Cam Smith,FA,CB,-,-,170.00,-,-,-,-,-,-,,,,
T623,Jaylin Smith,HOU,CB,-,-,170.00,-,-,-,-,-,-,,,,
T623,Keidron Smith,NYJ,CB,-,-,170.00,-,-,-,-,-,-,,,,
T623,Melvin Smith,KC,CB,-,-,-,-,-,-,-,-,-,,,,
T623,Terell Smith,CHI,CB,-,-,170.00,-,-,-,-,-,-,,,Ques,Knee
T623,Tremon Smith,HOU,CB,-,-,171.65,-,-,-,-,-,-,,,,
T623,Chau Smith-Wade,CAR,CB,-,-,170.45,-,-,-,-,-,-,,,,
T623,L'Jarius Sneed,KC,CB,-,-,170.09,-,-,-,-,-,-,,,,
T623,Ameer Speed,DAL,CB,-,-,170.00,-,-,-,-,-,-,,,,
T623,Benjamin St-Juste,GB,CB,-,-,170.55,-,-,-,-,-,-,,,,
T623,Brandon Stephens,NYJ,CB,-,-,173.63,-,-,-,-,-,-,,0.40,Ques,Neck
T623,Tyrique Stevenson,CHI,CB,-,-,172.06,-,-,-,-,658.50,-,,,,
T623,Reddy Steward,DAL,CB,-,-,170.00,-,-,-,-,-,-,,,,
T623,Qwan'tez Stiggers,NYJ,CB,-,-,170.04,-,-,-,-,-,-,,,Ques,Knee
T623,Tarheeb Still,LAC,CB,-,-,171.51,-,-,-,-,-,-,,,,
T623,Derek Stingley,HOU,CB,-,-,168.24,-,-,-,-,553.00,-,,,,
T623,Eric Stokes,LV,CB,-,-,170.05,-,-,-,-,-,-,,,,
T623,Upton Stout,SF,CB,-,-,172.74,-,-,-,-,610.30,-,,,,
T623,Greg Stroman,FA,CB,-,-,172.06,-,-,-,-,-,-,,,,
T623,Dorian Strong,BUF,CB,-,-,170.00,-,-,-,-,-,-,,,NFI-R,Neck
T623,Patrick Surtain,DEN,CB,-,-,159.56,-,-,-,-,551.40,-,,0.20,,
T623,Cameron Sutton,FA,CB,-,-,171.99,-,-,-,-,-,-,,,,
T623,T.J. Tampa,BAL,CB,-,-,170.00,-,-,-,-,-,-,,,,
T623,Alontae Taylor,TEN,CB,-,-,180.34,-,-,-,-,389.70,-,,0.40,,
T623,Ja'Sir Taylor,CIN,CB,-,-,170.00,-,-,-,-,-,-,,,,
T623,Keith Taylor,FA,CB,-,-,170.00,-,-,-,-,-,-,,,Ques,Undisclosed
T623,Reese Taylor,DEN,CB,-,-,-,-,-,-,-,-,-,,,,
T623,Cam Taylor-Britt,IND,CB,-,-,169.76,-,-,-,-,-,-,,,,
T623,A.J. Terrell,ATL,CB,-,-,177.85,-,-,-,-,-,-,,0.40,,
T623,Avieon Terrell,ATL,CB,-,-,170.56,79.29,-,-,-,281.40,-,,,,
T623,Ambry Thomas,PHI,CB,-,-,170.00,-,-,-,-,-,-,,,,
T623,Azareye'h Thomas,NYJ,CB,-,-,170.00,-,-,-,-,-,-,,,,
T623,Starling Thomas,ARI,CB,-,-,170.00,-,-,-,-,-,-,,,,
T623,Tavierre Thomas,MIN,CB,-,-,170.00,-,-,-,-,-,-,,,,
T623,Stantley Thomas-Oliver,FA,CB,-,-,170.00,-,-,-,-,-,-,,,,
T623,NaJee Thompson,FA,CB,-,-,170.00,-,-,-,-,-,-,,,,
T623,Corey Thornton,CAR,CB,-,-,170.79,-,-,-,-,-,-,,,,
T623,Tre Tomlinson,FA,CB,-,-,170.28,-,-,-,-,-,-,,,,
T623,Cory Trice,FA,CB,-,-,170.00,-,-,-,-,-,-,,,Ques,Knee
T623,DJ Turner,CIN,CB,-,-,172.12,-,-,-,-,-,-,,,,
T623,Carrington Valentine,GB,CB,-,-,169.95,-,-,-,-,-,-,,,Ques,Leg
T623,Greedy Vance,LV,CB,-,-,170.00,-,-,-,-,-,-,,,,
T623,Zemaiah Vaughn,MIN,CB,-,-,-,-,-,-,-,-,-,,,,
T623,Zelmar Vedder,KC,CB,-,-,-,-,-,-,-,-,-,,,,
T623,David Vereen,FA,CB,-,-,-,-,-,-,-,-,-,,,,
T623,Car'lin Vigers,WAS,CB,-,-,-,-,-,-,-,-,-,,,,
T623,Kindle Vildor,NE,CB,-,-,170.00,-,-,-,-,-,-,,,,
T623,Shaun Wade,PHI,CB,-,-,-,-,-,-,-,-,-,,,,
T623,Kani Walker,BUF,CB,-,-,-,-,-,-,-,-,-,,,,
T623,Josh Wallace,LAR,CB,-,-,169.80,-,-,-,-,-,-,,,,
T623,Levi Wallace,FA,CB,-,-,171.64,-,-,-,-,-,-,,,,
T623,Justin Walley,IND,CB,-,-,170.00,-,-,-,-,596.00,-,,,,
T623,Charvarius Ward,IND,CB,-,-,170.18,-,-,-,-,-,-,,,,
T623,Denzel Ward,CLE,CB,-,-,168.47,-,-,-,-,581.00,-,,,,
T623,Jaylen Watson,LAR,CB,-,-,172.28,-,-,-,-,-,-,,,,
T623,Isas Waxter,LAC,CB,-,-,-,-,-,-,-,-,-,,,,
T623,Sam Webb,DEN,CB,-,-,170.00,-,-,-,-,-,-,,,,
T623,Chris Westry,FA,CB,-,-,-,-,-,-,-,-,-,,,,
T623,Ryan White,FA,CB,-,-,-,-,-,-,-,-,-,,,,
T623,Tre'Davious White,FA,CB,-,-,172.99,-,-,-,-,-,-,,,,
T623,Nick Whiteside,DET,CB,-,-,170.00,-,-,-,-,-,-,,,,
T623,Nate Wiggins,BAL,CB,-,-,176.39,-,-,-,-,580.00,-,,0.40,,
T623,Damarion Williams,TB,CB,-,-,170.00,-,-,-,-,-,-,,,,
T623,Darious Williams,LAR,CB,-,-,170.00,-,-,-,-,-,-,,,Reserve-Ret,Undisclosed
T623,Dee Williams,FA,CB,-,-,170.00,-,-,-,-,-,-,,,,
T623,Garrett Williams,ARI,CB,-,-,171.37,-,-,-,-,-,-,,,PUP-P,Achilles
T623,Jaylin Williams,FA,CB,-,-,170.00,-,-,-,-,-,-,,,,
T623,Josh Williams,TEN,CB,-,-,170.00,-,-,-,-,-,-,,,,
T623,Nohl Williams,KC,CB,-,-,169.77,-,-,-,-,-,-,,,,
T623,Divaad Wilson,FA,CB,-,-,170.00,-,-,-,-,-,-,,,Ques,Undisclosed
T623,Marco Wilson,MIA,CB,-,-,170.00,-,-,-,-,-,-,,,,
T623,Ahkello Witherspoon,WAS,CB,-,-,171.92,-,-,-,-,-,-,,,Reserve-Ret,Undisclosed
T623,Devon Witherspoon,SEA,CB,-,-,148.26,-,-,-,-,334.50,-,,1.00,,
T623,Samuel Womack,NYJ,CB,-,-,170.00,-,-,-,-,-,-,,,,
T623,A.J. Woods,ATL,CB,-,-,-,-,-,-,-,-,-,,,,
T623,Charles Woods,NE,CB,-,-,170.00,-,-,-,-,-,-,,,,
T623,Riq Woolen,PHI,CB,-,-,170.86,-,-,-,-,-,-,,,,
T623,Ceyair Wright,CIN,CB,-,-,-,-,-,-,-,-,-,,,,
T623,Collin Wright,HOU,CB,-,-,-,-,-,-,-,-,-,,,,
T623,Nahshon Wright,NYJ,CB,-,-,170.67,-,-,-,-,653.70,-,1.44,,,
T623,Rejzohn Wright,NO,CB,-,-,170.00,-,-,-,-,-,-,,,,
T623,Rock Ya-Sin,DET,CB,-,-,170.13,-,-,-,-,-,-,,,,
T623,Isaac Yiadom,NO,CB,-,-,171.92,-,-,-,-,-,-,,,,
T623,Abu Daramy-Swaray,FA,DB,-,-,-,-,-,-,-,-,-,,,,
T623,Mario Addison,FA,DE,-,-,-,-,-,-,-,694.30,-,,,,
T623,David Agoha,FA,DE,-,-,-,-,-,-,-,-,-,,,,
T623,Brevin Allen,FA,DE,-,-,170.00,-,-,-,-,-,-,,,,
T623,Henry Anderson,FA,DE,-,-,-,-,-,-,-,-,-,,,,
T623,Ryder Anderson,FA,DE,-,-,-,-,-,-,-,-,-,,,,
T623,Will Anderson,HOU,DE,-,-,102.67,-,-,-,-,92.30,-,,1.83,,
T623,Vincent Anthony,KC,DE,-,-,-,-,-,-,-,-,-,,,,
T623,Felix Anudike-Uzomah,KC,DE,-,-,170.01,-,-,-,-,-,-,,,,
T623,Dorance Armstrong,WAS,DE,-,-,173.08,-,-,-,-,-,-,,,PUP-P,Knee - ACL
T623,Denico Autry,FA,DE,-,-,172.14,-,-,-,-,-,-,,,,
T623,Genard Avery,FA,DE,-,-,171.62,-,-,-,-,-,-,,,,
T623,Allen Bailey,FA,DE,-,-,-,-,-,-,-,-,-,,,,
T623,David Bailey,NYJ,DE,-,-,175.13,29.24,-,-,-,210.20,-,,,,
T623,Derek Barnett,FA,DE,-,-,171.38,-,-,-,-,-,-,,,,
T623,Tyler Baron,NYJ,DE,-,-,170.00,-,-,-,-,-,-,,,PUP-P,Knee
T623,Alex Barrett,FA,DE,-,-,173.24,-,-,-,-,-,-,,,,
T623,Robert Beal,MIA,DE,-,-,170.00,-,-,-,-,-,-,,,,
T623,Rayshaun Benny,BAL,DE,-,-,170.00,-,-,-,-,-,-,,,,
T623,Rashod Berry,FA,DE,-,-,-,-,-,-,-,-,-,,,,
T623,Angelo Blackson,FA,DE,-,-,172.63,-,-,-,-,-,-,,,,
T623,Austin Booker,CHI,DE,-,-,174.49,-,-,-,-,462.70,-,,,,
T623,Joey Bosa,FA,DE,-,-,172.30,-,-,-,-,421.20,-,,,,
T623,Nick Bosa,SF,DE,-,-,133.12,-,-,-,-,97.30,-,4.82,1.50,Ques,Knee - ACL
T623,Derrick Brown,CAR,DE,-,-,166.74,-,-,-,-,380.50,-,,0.50,,
T623,Earnest Brown,TEN,DE,-,-,170.00,-,-,-,-,-,-,,,,
T623,Markaviest Bryant,FA,DE,-,-,-,-,-,-,-,-,-,,,,
T623,Jonathan Bullard,DAL,DE,-,-,173.32,-,-,-,-,-,-,,,,
T623,Jordan Burch,ARI,DE,-,-,170.78,-,-,-,-,-,-,,,,
T623,Ethan Burke,BAL,DE,-,-,-,-,-,-,-,-,-,,,,
T623,Solomon Byrd,HOU,DE,-,-,170.00,-,-,-,-,-,-,,,,
T623,Calais Campbell,BAL,DE,-,-,167.95,-,-,-,-,-,-,,,,
T623,Andre Carter,FA,DE,-,-,170.00,-,-,-,-,-,-,,,,
T623,T.J. Carter,FA,DE,-,-,-,-,-,-,-,-,-,,,,
T623,Bradley Chubb,BUF,DE,-,-,176.30,-,-,-,-,388.00,-,2.61,,,
T623,Adrian Clayborn,FA,DE,-,-,-,-,-,-,-,534.00,-,,,,
T623,Micheal Clemons,IND,DE,-,-,170.00,-,-,-,-,-,-,,,,
T623,Kameron Cline,FA,DE,-,-,170.00,-,-,-,-,-,-,,,,
T623,Jadeveon Clowney,HOU,DE,-,-,172.48,-,-,-,-,647.30,-,,,,
T623,Myles Cole,NO,DE,-,-,170.00,-,-,-,-,-,-,,,,
T623,Seth Coleman,MIA,DE,-,-,-,-,-,-,-,-,-,,,,
T623,Gus Cumberlander,FA,DE,-,-,-,-,-,-,-,-,-,,,,
T623,Caden Curry,IND,DE,-,-,170.00,-,-,-,-,501.80,-,,,,
T623,Mike Danna,BUF,DE,-,-,170.04,-,-,-,-,-,-,,,,
T623,Marcus Davenport,FA,DE,-,-,171.57,-,-,-,-,-,-,,,,
T623,Devean Deal,FA,DE,-,-,-,-,-,-,-,-,-,,,,
T623,Ethan Downs,KC,DE,-,-,170.00,-,-,-,-,-,-,,,IR,Knee - ACL
T623,Anthony Dunn,KC,DE,-,-,-,-,-,-,-,-,-,,,,
T623,Quindarius Dunnigan,JAX,DE,-,-,-,-,-,-,-,-,-,,,,
T623,Zach Durfee,JAX,DE,-,-,170.00,-,-,-,-,-,-,,,,
T623,Samson Ebukam,ATL,DE,-,-,172.73,-,-,-,-,547.00,-,,,,
T623,Paschal Ekeji,NYJ,DE,-,-,-,-,-,-,-,-,-,,,,
T623,A.J. Epenesa,PHI,DE,-,-,170.65,-,-,-,-,-,-,,,,
T623,Logan Fano,CLE,DE,-,-,-,-,-,-,-,-,-,,,,
T623,Keldric Faulk,TEN,DE,-,-,170.00,59.19,-,-,-,224.60,-,,,,
T623,Viliami Fehoko,FA,DE,-,-,170.00,-,-,-,-,-,-,,,,
T623,Clelin Ferrell,MIA,DE,-,-,170.41,-,-,-,-,-,-,,,,
T623,Michael Fletcher,FA,DE,-,-,-,-,-,-,-,-,-,,,,
T623,Leonard Floyd,FA,DE,-,-,171.98,-,-,-,-,-,-,,,,
T623,Isaiah Foskey,CIN,DE,-,-,170.00,-,-,-,-,-,-,,0.17,,
T623,Morgan Fox,FA,DE,-,-,171.48,-,-,-,-,-,-,,,,
T623,John Franklin-Myers,TEN,DE,-,-,171.50,-,-,-,-,632.50,-,1.28,,,
T623,Amari Gainer,NE,DE,-,-,170.00,-,-,-,-,-,-,,,,
T623,Jalan Gaines,SEA,DE,-,-,-,-,-,-,-,-,-,,,,
T623,Patrick Gamble,FA,DE,-,-,-,-,-,-,-,-,-,,,,
T623,Myles Garrett,LAR,DE,-,-,70.07,-,-,-,-,71.10,-,,5.33,Ques,Lower Body
T623,Jonathan Garvin,CHI,DE,-,-,170.00,-,-,-,-,-,-,,,,
T623,Joe Gaziano,FA,DE,-,-,170.00,-,-,-,-,-,-,,,,
T623,William Gholston,FA,DE,-,-,172.48,-,-,-,-,-,-,,,,
T623,Ashton Gillotte,KC,DE,-,-,170.00,-,-,-,-,-,-,,,Ques,Hamstring
T623,Anthony Goodlow,PIT,DE,-,-,170.00,-,-,-,-,-,-,,,,
T623,Ta'Quon Graham,FA,DE,-,-,170.00,-,-,-,-,-,-,,,,
T623,Carl Granderson,NO,DE,-,-,177.57,-,-,-,-,205.00,-,,,,
T623,BJ Green,JAX,DE,-,-,170.00,-,-,-,-,-,-,,,,
T623,Yetur Gross-Matos,FA,DE,-,-,170.00,-,-,-,-,-,-,,,,
T623,George Gumbs,IND,DE,-,-,170.00,-,-,-,-,-,-,,,,
T623,Logan Hall,HOU,DE,-,-,170.00,-,-,-,-,-,-,,,,
T623,Jalen Harris,FA,DE,-,-,170.00,-,-,-,-,-,-,,,,
T623,Zach Harrison,ATL,DE,-,-,178.22,-,-,-,-,-,-,,0.33,NFI-A,Undisclosed
T623,Sabastian Harsh,HOU,DE,-,-,-,-,-,-,-,-,-,,,,
T623,Jahfari Harvey,LV,DE,-,-,170.00,-,-,-,-,-,-,,,,
T623,Ahmed Hassanein,DET,DE,-,-,170.00,-,-,-,-,-,-,,,,
T623,Michael Heldman,NO,DE,-,-,-,-,-,-,-,-,-,,,,
T623,Trey Hendrickson,BAL,DE,-,-,169.73,-,-,-,-,192.10,-,5.09,0.50,,
T623,KJ Henry,SF,DE,-,-,170.00,-,-,-,-,-,-,,,,
T623,Malik Herring,TEN,DE,-,-,170.00,-,-,-,-,-,-,,,,
T623,Josh Hines-Allen,JAX,DE,-,-,175.75,-,-,-,-,155.70,-,,0.33,,
T623,Michael Hoecht,BUF,DE,-,-,170.00,-,-,-,-,-,-,,,Ques,Achilles
T623,Jalyn Holmes,TEN,DE,-,-,171.59,-,-,-,-,-,-,,,,
T623,Xavier Holmes,NE,DE,-,-,-,-,-,-,-,-,-,,,,
T623,Dylan Horton,HOU,DE,-,-,170.00,-,-,-,-,-,-,,,,
T623,Cashius Howell,CIN,DE,-,-,170.00,62.85,-,-,-,304.60,-,,,,
T623,Aidan Hubbard,SEA,DE,-,-,-,-,-,-,-,-,-,,,,
T623,Sam Hubbard,FA,DE,-,-,171.52,-,-,-,-,-,-,,,,
T623,Bryce Huff,FA,DE,-,-,170.00,-,-,-,-,-,-,,,,
T623,Jerry Hughes,FA,DE,-,-,169.42,-,-,-,-,-,-,,,,
T623,Kody Huisman,BUF,DE,-,-,-,-,-,-,-,-,-,,,,
T623,Adin Huntington,CLE,DE,-,-,169.86,-,-,-,-,-,-,,,,
T623,Quintayvious Hutchins,NE,DE,-,-,170.00,-,-,-,-,-,-,,,Ques,Undisclosed
T623,Aidan Hutchinson,DET,DE,-,-,125.37,-,-,-,-,64.70,-,,1.50,,
T623,Gabe Jacas,NE,DE,-,-,170.67,73.57,-,-,-,-,-,,,,
T623,Landon Jackson,BUF,DE,-,-,170.00,-,-,-,-,-,-,,,Ques,Knee
T623,Tarron Jackson,FA,DE,-,-,170.00,-,-,-,-,-,-,,,Ques,Undisclosed
T623,Keyshawn James-Newby,PHI,DE,-,-,170.00,-,-,-,-,-,-,,,Ques,Ankle
T623,Javontae Jean-Baptiste,WAS,DE,-,-,170.00,-,-,-,-,-,-,,,Ques,Pectoral
T623,Cedric Johnson,CIN,DE,-,-,170.00,-,-,-,-,-,-,,,,
T623,Desjuan Johnson,LAR,DE,-,-,170.69,-,-,-,-,-,-,,,,
T623,DJ Johnson,WAS,DE,-,-,170.00,-,-,-,-,-,-,,,,
T623,Jermaine Johnson,TEN,DE,-,-,171.40,-,-,-,-,567.00,-,,,,
T623,Kingsley Jonathan,NYJ,DE,-,-,170.00,-,-,-,-,-,-,,,,
T623,Andre Jones,BUF,DE,-,-,170.00,-,-,-,-,-,-,,,,
T623,Chandler Jones,FA,DE,-,-,-,-,-,-,-,-,-,,,,
T623,Marvin Jones,SEA,DE,-,-,-,-,-,-,-,-,-,,,,
T623,Sai'vion Jones,DEN,DE,-,-,170.00,-,-,-,-,-,-,,,,
T623,Cameron Jordan,NO,DE,-,-,170.55,-,-,-,-,686.70,-,1.56,,,
T623,Drew Jordan,FA,DE,-,-,-,-,-,-,-,-,-,,,,
T623,Daniel Joseph,FA,DE,-,-,-,-,-,-,-,-,-,,,,
T623,Joshua Josephs,WAS,DE,-,-,170.79,-,-,-,-,-,-,,,,
T623,Matthew Judon,FA,DE,-,-,170.00,-,-,-,-,-,-,,,,
T623,George Karlaftis,KC,DE,-,-,176.82,-,-,-,-,400.50,-,,,,
T623,Malcolm Koonce,LV,DE,-,-,170.00,-,-,-,-,-,-,1.80,,,
T623,Tanoh Kpassagnon,FA,DE,-,-,172.42,-,-,-,-,-,-,,,,
T623,Tyler Lacy,DET,DE,-,-,170.00,-,-,-,-,-,-,,,,
T623,Isaiah Land,DAL,DE,-,-,170.00,-,-,-,-,-,-,,,,
T623,Laiatu Latu,IND,DE,-,-,177.23,-,-,-,-,206.50,-,,,,
T623,Shaq Lawson,FA,DE,-,-,173.47,-,-,-,-,-,-,,,,
T623,Tevin Lawson,FA,DE,-,-,-,-,-,-,-,-,-,,,,
T623,DeMarvin Leal,FA,DE,-,-,170.00,-,-,-,-,-,-,,,,
T623,Titus Leo,SF,DE,-,-,170.00,-,-,-,-,-,-,,,,
T623,Tyquan Lewis,FA,DE,-,-,172.68,-,-,-,-,-,-,,,,
T623,Max Llewellyn,MIA,DE,-,-,169.73,-,-,-,-,-,-,,,,
T623,LaCale London,ATL,DE,-,-,170.46,-,-,-,-,-,-,,,,
T623,Isaiahh Loudermilk,MIN,DE,-,-,170.88,-,-,-,-,-,-,,,,
T623,Dean Lowry,PIT,DE,-,-,173.31,-,-,-,-,-,-,,,,
T623,Anthony Lucas,DET,DE,-,-,-,-,-,-,-,517.00,-,,,,
T623,T.J. Maguranyanga,WAS,DE,-,-,170.00,-,-,-,-,-,-,,,,
T623,Jeremiah Martin,CHI,DE,-,-,-,-,-,-,-,-,-,,,,
T623,Will McDonald,NYJ,DE,-,-,171.59,-,-,-,-,406.10,-,,,,
T623,Braiden McGregor,NYJ,DE,-,-,170.00,-,-,-,-,-,-,,,,
T623,Isaiah McGuire,CLE,DE,-,-,169.63,-,-,-,-,-,-,,,,
T623,Takkarist McKinley,FA,DE,-,-,171.71,-,-,-,-,-,-,,,,
T623,TK McLendon,FA,DE,-,-,169.94,-,-,-,-,-,-,,,,
T623,Mitchell Melton,IND,DE,-,-,-,-,-,-,-,-,-,,,,
T623,Eli Mencer,FA,DE,-,-,-,-,-,-,-,-,-,,,,
T623,Von Miller,FA,DE,-,-,170.35,-,-,-,-,-,-,,,,
T623,DaMarcus Mitchell,FA,DE,-,-,-,-,-,-,-,-,-,,,,
T623,Damontre Moore,FA,DE,-,-,-,-,-,-,-,-,-,,,,
T623,Derrick Moore,DET,DE,-,-,170.01,63.69,-,-,-,505.50,-,,,Ques,Groin
T623,Mike Morris,SEA,DE,-,-,171.11,-,-,-,-,-,-,,,,
T623,Al-Quadin Muhammad,TB,DE,-,-,171.72,-,-,-,-,-,-,,,,
T623,Myles Murphy,CIN,DE,-,-,171.90,-,-,-,-,640.20,-,4.12,,,
T623,Mapalo Mwansa,CAR,DE,-,-,-,-,-,-,-,-,-,,,,
T623,Durell Nchami,IND,DE,-,-,170.00,-,-,-,-,-,-,,,,
T623,CJ Nunnally,FA,DE,-,-,-,-,-,-,-,-,-,,,,
T623,Patrick O'Connor,FA,DE,-,-,172.39,-,-,-,-,-,-,,,,
T623,Eric O'Neill,DET,DE,-,-,-,-,-,-,-,-,-,,,,
T623,Efe Obada,FA,DE,-,-,170.00,-,-,-,-,-,-,,,,
T623,Adedayo Odeleye,DAL,DE,-,-,-,-,-,-,-,-,-,,,,
T623,Dayo Odeyingbo,CHI,DE,-,-,170.19,-,-,-,-,586.00,-,,,Ques,Achilles
T623,Emmanuel Ogbah,FA,DE,-,-,172.66,-,-,-,-,-,-,,,,
T623,Kehinde Oginni,FA,DE,-,-,-,-,-,-,-,-,-,,,,
T623,Sam Okuayinonu,SF,DE,-,-,170.70,-,-,-,-,-,-,,,,
T623,Julian Okwara,CLE,DE,-,-,170.00,-,-,-,-,-,-,,,,
T623,Charles Omenihu,WAS,DE,-,-,170.48,-,-,-,-,-,-,,,,
T623,Joseph Ossai,NYJ,DE,-,-,170.00,-,-,-,-,615.00,-,,,PUP-P,Undisclosed
T623,Esezi Otomewo,PIT,DE,-,-,170.00,-,-,-,-,-,-,,,,
T623,LT Overton,DAL,DE,-,-,169.76,-,-,-,-,-,-,,,,
T623,JoJo Ozougwu,FA,DE,-,-,-,-,-,-,-,-,-,,,,
T623,Josh Paschal,FA,DE,-,-,170.00,-,-,-,-,-,-,,,,
T623,Scott Patchan,FA,DE,-,-,-,-,-,-,-,-,-,,,,
T623,Kwity Paye,LV,DE,-,-,169.91,-,-,-,-,638.00,-,,,,
T623,Antwaun Powell-Ryland,CIN,DE,-,-,170.00,-,-,-,-,-,-,,,,
T623,Joshua Pryor,FA,DE,-,-,170.00,-,-,-,-,-,-,,,,
T623,C.J. Ravenell,FA,DE,-,-,170.00,-,-,-,-,-,-,,,Ques,Undisclosed
T623,LaBryan Ray,CAR,DE,-,-,171.08,-,-,-,-,-,-,,,,
T623,Elijah Roberts,TB,DE,-,-,170.84,-,-,-,-,-,-,,,,
T623,Cameron Robertson,ARI,DE,-,-,-,-,-,-,-,-,-,,,,
T623,A'Shawn Robinson,TB,DE,-,-,174.03,-,-,-,-,616.00,-,,,,
T623,Chop Robinson,MIA,DE,-,-,174.32,-,-,-,-,329.00,-,,,,
T623,Darius Robinson,ARI,DE,-,-,170.66,-,-,-,-,-,-,,,,
T623,Dominique Robinson,HOU,DE,-,-,170.00,-,-,-,-,-,-,,,,
T623,Janarius Robinson,FA,DE,-,-,170.00,-,-,-,-,-,-,,,,
T623,Greg Rousseau,BUF,DE,-,-,176.19,-,-,-,-,213.60,-,,0.17,,
T623,Cameron Sample,SF,DE,-,-,170.00,-,-,-,-,-,-,,,Ques,Knee
T623,Tyreak Sapp,CLE,DE,-,-,-,-,-,-,-,-,-,,,,
T623,Cian Slone,LV,DE,-,-,-,-,-,-,-,-,-,,,,
T623,Elerson Smith,FA,DE,-,-,170.00,-,-,-,-,-,-,,,,
T623,Preston Smith,FA,DE,-,-,172.70,-,-,-,-,525.00,-,,,,
T623,Za'Darius Smith,FA,DE,-,-,171.99,-,-,-,-,-,-,,,,
T623,Dawuane Smoot,FA,DE,-,-,173.02,-,-,-,-,-,-,,,,
T623,Charles Snowden,DAL,DE,-,-,170.00,-,-,-,-,-,-,,,IR,Undisclosed
T623,Javon Solomon,BUF,DE,-,-,170.00,-,-,-,-,-,-,,,,
T623,Shemar Stewart,CIN,DE,-,-,170.00,-,-,-,-,-,-,,,Ques,Knee
T623,Dante Stills,ARI,DE,-,-,170.95,-,-,-,-,-,-,,,,
T623,Danny Striggow,JAX,DE,-,-,170.00,-,-,-,-,-,-,,,,
T623,Montez Sweat,CHI,DE,-,-,176.51,-,-,-,-,296.90,-,2.81,0.33,,
T623,Khordae Sydnor,CLE,DE,-,-,-,-,-,-,-,-,-,,,,
T623,Mika Tafua,FA,DE,-,-,-,-,-,-,-,-,-,,,,
T623,Myron Tagovailoa-Amosa,FA,DE,-,-,-,-,-,-,-,-,-,,,,
T623,Darrell Taylor,FA,DE,-,-,170.00,-,-,-,-,-,-,,,,
T623,Bryan Thomas,JAX,DE,-,-,-,-,-,-,-,-,-,,,,
T623,Cameron Thomas,ATL,DE,-,-,170.70,-,-,-,-,-,-,,,,
T623,R Mason Thomas,KC,DE,-,-,170.00,61.86,-,-,-,497.60,-,,,,
T623,BJ Thompson,FA,DE,-,-,170.00,-,-,-,-,-,-,,,,
T623,Tariqious Tisdale,FA,DE,-,-,-,-,-,-,-,-,-,,,,
T623,Casey Toohill,FA,DE,-,-,170.00,-,-,-,-,-,-,,,,
T623,Joe Tryon-Shoyinka,PHI,DE,-,-,170.00,-,-,-,-,-,-,,,Reserve-Ret,Undisclosed
T623,JT Tuimoloau,IND,DE,-,-,170.00,-,-,-,-,-,-,,,,
T623,Payton Turner,DET,DE,-,-,170.64,-,-,-,-,-,-,,,,
T623,Isaac Ukwu,FA,DE,-,-,170.00,-,-,-,-,-,-,,,,
T623,Brent Urban,FA,DE,-,-,173.23,-,-,-,-,-,-,,,,
T623,DeMarcus Walker,FA,DE,-,-,172.09,-,-,-,-,-,-,,,,
T623,Travon Walker,JAX,DE,-,-,178.06,-,-,-,-,267.40,-,3.17,0.17,,
T623,Eric Watts,NYJ,DE,-,-,170.00,-,-,-,-,-,-,,,,
T623,Markees Watts,CLE,DE,-,-,170.00,-,-,-,-,-,-,,,Reserve-Ret,Undisclosed
T623,Joshua Weru,PHI,DE,-,-,-,-,-,-,-,-,-,,,,
T623,Tyre West,DET,DE,-,-,170.00,-,-,-,-,-,-,,,,
T623,Tyrus Wheat,DAL,DE,-,-,170.96,-,-,-,-,-,-,,,,
T623,Keion White,SF,DE,-,-,170.87,-,-,-,-,-,-,,,Ques,Groin
T623,Cullen Wick,FA,DE,-,-,-,-,-,-,-,-,-,,,,
T623,Elijah Williams,MIN,DE,-,-,169.88,-,-,-,-,-,-,,,Ques,Ankle
T623,Jonah Williams,ARI,DE,-,-,171.11,-,-,-,-,-,-,,,,
T623,Leonard Williams,SEA,DE,-,-,176.51,-,-,-,-,379.80,-,,0.33,,
T623,Mykel Williams,SF,DE,-,-,170.43,-,-,-,-,-,-,,,PUP-P,Knee - ACL
T623,Sam Williams,DAL,DE,-,-,170.68,-,-,-,-,-,-,,,,
T623,Wesley Williams,JAX,DE,-,-,170.00,-,-,-,-,-,-,,,,
T623,Tyree Wilson,NO,DE,-,-,170.71,-,-,-,-,-,-,,,,
T623,Zion Wilson,PHI,DE,-,-,-,-,-,-,-,-,-,,,,
T623,Billy Winn,FA,DE,-,-,-,-,-,-,-,-,-,,,,
T623,Deatrich Wise,WAS,DE,-,-,173.53,-,-,-,-,-,-,,,PUP-P,Quadriceps
T623,Colby Wooden,IND,DE,-,-,170.00,-,-,-,-,-,-,,,,
T623,Chris Wormley,FA,DE,-,-,172.42,-,-,-,-,-,-,,,,
T623,Alex Wright,CLE,DE,-,-,175.08,-,-,-,-,-,-,2.12,,,
T623,Montravius Adams,FA,DT,-,-,171.54,-,-,-,-,-,-,,,,
T623,Myles Adams,DET,DT,-,-,170.67,-,-,-,-,-,-,,,,
T623,Adetomiwa Adebawore,IND,DT,-,-,-,-,-,-,-,-,-,,,,
T623,Tommy Akingbesote,BUF,DT,-,-,170.59,-,-,-,-,-,-,,,,
T623,Darius Alexander,NYG,DT,-,-,170.11,-,-,-,-,-,-,,,,
T623,Carlos Allen,ATL,DT,-,-,-,-,-,-,-,-,-,,,,
T623,Jonathan Allen,CIN,DT,-,-,171.20,-,-,-,-,627.00,-,,,,
T623,Zach Allen,DEN,DT,-,-,170.88,-,-,-,-,323.30,-,2.94,,,
T623,Abdullah Anderson,FA,DT,-,-,171.62,-,-,-,-,-,-,,,,
T623,Evan Anderson,FA,DT,-,-,170.00,-,-,-,-,-,-,,,,
T623,Eli Ankou,FA,DT,-,-,172.76,-,-,-,-,-,-,,,,
T623,Arik Armstead,JAX,DT,-,-,172.63,-,-,-,-,-,-,,,,
T623,Popo Aumavae,FA,DT,-,-,-,-,-,-,-,-,-,,,,
T623,Dominic Bailey,HOU,DT,-,-,-,-,-,-,-,-,-,,,,
T623,Cameron Ball,IND,DT,-,-,-,-,-,-,-,-,-,,,,
T623,Caleb Banks,MIN,DT,-,-,170.03,58.51,-,-,-,-,-,,,,
T623,Ricky Barber,WAS,DT,-,-,170.00,-,-,-,-,-,-,,,,
T623,Christian Barmore,NE,DT,-,-,170.00,-,-,-,-,-,-,,,,
T623,Anquin Barnes,NYG,DT,-,-,-,-,-,-,-,-,-,,,,
T623,Dante Barnett,FA,DT,-,-,-,-,-,-,-,-,-,,,,
T623,Nick Barrett,LAC,DT,-,-,170.00,-,-,-,-,-,-,,,,
T623,Kyon Barrs,CAR,DT,-,-,-,-,-,-,-,-,-,,,,
T623,Ben Barten,NYJ,DT,-,-,-,-,-,-,-,-,-,,,,
T623,Kyler Baugh,PIT,DT,-,-,-,-,-,-,-,-,-,,,,
T623,Travis Bell,CLE,DT,-,-,170.00,-,-,-,-,-,-,,,,
T623,Keeanu Benton,PIT,DT,-,-,169.88,-,-,-,-,638.50,-,,,,
T623,Uar Bernard,PHI,DT,-,-,170.03,-,-,-,-,-,-,,,,
T623,Zeek Biggers,MIA,DT,-,-,170.00,-,-,-,-,-,-,,,,
T623,Andrew Billings,ARI,DT,-,-,171.39,-,-,-,-,-,-,,,,
T623,Josh Black,FA,DT,-,-,-,-,-,-,-,-,-,,,,
T623,Yahya Black,PIT,DT,-,-,170.00,-,-,-,-,-,-,,,,
T623,Ross Blacklock,FA,DT,-,-,-,-,-,-,-,-,-,,,,
T623,David Blay,NE,DT,-,-,-,-,-,-,-,-,-,,,,
T623,Quinton Bohanna,JAX,DT,-,-,170.00,-,-,-,-,-,-,,,,
T623,T.J. Bollers,JAX,DT,-,-,-,-,-,-,-,-,-,,,,
T623,Anthony Booker,FA,DT,-,-,-,-,-,-,-,-,-,,,,
T623,Thomas Booker,LV,DT,-,-,170.00,-,-,-,-,-,-,,,,
T623,Khristian Boyd,NO,DT,-,-,170.97,-,-,-,-,-,-,,,,
T623,Bryan Bresee,NO,DT,-,-,171.82,-,-,-,-,-,-,,,Out,Knee - ACL
T623,Cole Brevard,KC,DT,-,-,-,-,-,-,-,-,-,,,,
T623,C.J. Brewer,FA,DT,-,-,170.00,-,-,-,-,-,-,,,,
T623,Jowon Briggs,NYJ,DT,-,-,170.00,-,-,-,-,-,-,,,,
T623,Warren Brinson,GB,DT,-,-,170.40,-,-,-,-,-,-,,,,
T623,Karl Brooks,GB,DT,-,-,170.03,-,-,-,-,-,-,,,,
T623,Vernon Broughton,NO,DT,-,-,170.80,-,-,-,-,-,-,,,,
T623,Bobby Brown,CAR,DT,-,-,170.50,-,-,-,-,-,-,,,,
T623,Taven Bryan,FA,DT,-,-,171.50,-,-,-,-,-,-,,,Ques,Knee
T623,DeForest Buckner,IND,DT,-,-,157.56,-,-,-,-,341.40,-,,2.00,,
T623,Adam Butler,LV,DT,-,-,176.81,-,-,-,-,-,-,,0.33,,
T623,Matthew Butler,MIA,DT,-,-,170.00,-,-,-,-,-,-,,,,
T623,Jamaree Caldwell,LAC,DT,-,-,170.00,-,-,-,-,-,-,,,,
T623,Anthony Campbell,GB,DT,-,-,-,-,-,-,-,-,-,,,,
T623,DeMonte Capehart,TB,DT,-,-,170.00,-,-,-,-,-,-,,,,
T623,DeWayne Carter,BUF,DT,-,-,170.00,-,-,-,-,-,-,,,,
T623,Jahmeer Carter,LAC,DT,-,-,-,-,-,-,-,-,-,,,,
T623,Jalen Carter,PHI,DT,-,-,167.78,-,-,-,-,286.30,-,,0.33,,
T623,Zach Carter,ARI,DT,-,-,170.00,-,-,-,-,-,-,,,,
T623,Elijah Chatman,CLE,DT,-,-,170.00,-,-,-,-,-,-,,,,
T623,Kenny Clark,DAL,DT,-,-,173.30,-,-,-,-,-,-,,,,
T623,Brandon Cleveland,LV,DT,-,-,170.24,-,-,-,-,-,-,,,,
T623,Keondre Coburn,FA,DT,-,-,170.00,-,-,-,-,-,-,,,,
T623,L.J. Collier,ARI,DT,-,-,172.57,-,-,-,-,-,-,,,,
T623,Alfred Collins,SF,DT,-,-,170.81,-,-,-,-,-,-,,,,
T623,Maliek Collins,CLE,DT,-,-,175.61,-,-,-,-,-,-,,,PUP-P,Quadriceps
T623,Keith Cooper,MIA,DT,-,-,170.00,-,-,-,-,-,-,,,,
T623,Parker Cothren,FA,DT,-,-,-,-,-,-,-,-,-,,,,
T623,Byron Cowart,FA,DT,-,-,170.00,-,-,-,-,-,-,,,Ques,Ankle
T623,Howard Cross,CIN,DT,-,-,170.00,-,-,-,-,-,-,,,,
T623,Jaden Crumedy,GB,DT,-,-,170.00,-,-,-,-,-,-,,,,
T623,D.J. Davidson,WAS,DT,-,-,170.00,-,-,-,-,-,-,,,,
T623,Marlon Davidson,NYG,DT,-,-,170.00,-,-,-,-,-,-,,,,
T623,Carl Davis,FA,DT,-,-,172.59,-,-,-,-,-,-,,,,
T623,Jordan Davis,PHI,DT,-,-,177.04,-,-,-,-,611.40,-,,0.33,,
T623,Kalia Davis,CLE,DT,-,-,170.00,-,-,-,-,-,-,,,,
T623,Raekwon Davis,FA,DT,-,-,170.00,-,-,-,-,-,-,,,,
T623,Tyler Davis,LAR,DT,-,-,170.49,-,-,-,-,-,-,,,,
T623,Sheldon Day,FA,DT,-,-,173.37,-,-,-,-,-,-,,,,
T623,Branson Deen,FA,DT,-,-,170.00,-,-,-,-,-,-,,,,
T623,Gervon Dexter,CHI,DT,-,-,170.28,-,-,-,-,-,-,,,,
T623,Matt Dickerson,JAX,DT,-,-,169.66,-,-,-,-,-,-,,,,
T623,Aaron Donald,FA,DT,-,-,-,-,-,-,-,363.60,-,,,,
T623,Brandon Dorlus,ATL,DT,-,-,170.52,-,-,-,-,-,-,,,,
T623,Tommy Dunn,DAL,DT,-,-,-,-,-,-,-,-,-,,,,
T623,Zane Durant,BUF,DT,-,-,170.00,-,-,-,-,-,-,,,,
T623,Cory Durden,NE,DT,-,-,170.00,-,-,-,-,-,-,,,,
T623,Michael Dwumfour,FA,DT,-,-,170.00,-,-,-,-,-,-,,,,
T623,Bryson Eason,SF,DT,-,-,-,-,-,-,-,-,-,,,,
T623,Deven Eastern,SEA,DT,-,-,170.00,-,-,-,-,-,-,,,,
T623,Justin Eboigbe,LAC,DT,-,-,170.00,-,-,-,-,-,-,,,,
T623,Mario Edwards,HOU,DT,-,-,-,-,-,-,-,-,-,,,,
T623,TeRah Edwards,LAC,DT,-,-,-,-,-,-,-,-,-,,,,
T623,Daniel Ekuale,FA,DT,-,-,171.42,-,-,-,-,-,-,,,Ques,Knee - ACL
T623,Jordan Elliott,TEN,DT,-,-,170.00,-,-,-,-,-,-,,,,
T623,Jabari Ellis,FA,DT,-,-,-,-,-,-,-,-,-,,,,
T623,Noah Elliss,FA,DT,-,-,-,-,-,-,-,-,-,,,,
T623,Prince Emili,FA,DT,-,-,-,-,-,-,-,-,-,,,,
T623,James Ester,MIA,DT,-,-,-,-,-,-,-,-,-,,,,
T623,Joshua Farmer,NE,DT,-,-,170.00,-,-,-,-,-,-,,,,
T623,Neil Farrell,FA,DT,-,-,170.00,-,-,-,-,-,-,,,,
T623,Folorunso Fatukasi,FA,DT,-,-,172.26,-,-,-,-,-,-,,,,
T623,Braden Fiske,LAR,DT,-,-,170.27,-,-,-,-,563.00,-,,,,
T623,Jonathan Ford,GB,DT,-,-,170.00,-,-,-,-,-,-,,,,
T623,Poona Ford,LAR,DT,-,-,171.73,-,-,-,-,543.30,-,,,,
T623,Leki Fotu,NYG,DT,-,-,170.83,-,-,-,-,-,-,,,,
T623,Josh Fuga,FA,DT,-,-,-,-,-,-,-,-,-,,,,
T623,Greg Gaines,FA,DT,-,-,171.79,-,-,-,-,-,-,,,,
T623,Neville Gallimore,CHI,DT,-,-,171.10,-,-,-,-,-,-,,,,
T623,Elijah Garcia,CAR,DT,-,-,170.00,-,-,-,-,-,-,,,,
T623,Haskell Garrett,FA,DT,-,-,-,-,-,-,-,-,-,,,,
T623,Skyler Gill-Howard,DET,DT,-,-,170.87,-,-,-,-,-,-,,,,
T623,Kelvin Gilliam,DAL,DT,-,-,-,-,-,-,-,-,-,,,,
T623,Kevin Givens,SF,DT,-,-,171.01,-,-,-,-,-,-,,,,
T623,Davon Godchaux,NO,DT,-,-,172.21,-,-,-,-,-,-,,,,
T623,Eddie Goldman,FA,DT,-,-,172.90,-,-,-,-,-,-,,,,
T623,Bernard Gooden,FA,DT,-,-,-,-,-,-,-,-,-,,,,
T623,Monkell Goodwine,FA,DT,-,-,-,-,-,-,-,-,-,,,Ques,Undisclosed
T623,Adam Gotsis,FA,DT,-,-,173.07,-,-,-,-,-,-,,,,
T623,Mason Graham,CLE,DT,-,-,172.92,-,-,-,-,588.30,-,,0.17,,
T623,Kenneth Grant,MIA,DT,-,-,170.00,-,-,-,-,-,-,,,,
T623,Aaron Graves,BAL,DT,-,-,-,-,-,-,-,-,-,,,,
T623,Mike Greene,FA,DT,-,-,170.00,-,-,-,-,-,-,,,,
T623,Eric Gregory,NE,DT,-,-,170.00,-,-,-,-,-,-,,,,
T623,Jacobian Guillory,LAC,DT,-,-,-,-,-,-,-,-,-,,,,
T623,Lawrence Guy,FA,DT,-,-,170.61,-,-,-,-,-,-,,,,
T623,Aaron Hall,CAR,DT,-,-,-,-,-,-,-,-,-,,,,
T623,Gabe Hall,PHI,DT,-,-,170.00,-,-,-,-,-,-,,,,
T623,Mike Hall,CLE,DT,-,-,169.66,-,-,-,-,-,-,,,,
T623,Gracen Halton,SF,DT,-,-,170.91,-,-,-,-,-,-,,,Ques,Knee
T623,DaVon Hamilton,JAX,DT,-,-,169.81,-,-,-,-,-,-,,,,
T623,Kyonte Hamilton,HOU,DT,-,-,170.23,-,-,-,-,-,-,,,Ques,Ankle
T623,Ty Hamilton,LAR,DT,-,-,170.82,-,-,-,-,-,-,,,,
T623,Da'Shawn Hand,ATL,DT,-,-,172.48,-,-,-,-,-,-,,,,
T623,Johnathan Hankins,FA,DT,-,-,171.98,-,-,-,-,-,-,,,Ques,Back
T623,Javon Hargrave,GB,DT,-,-,172.17,-,-,-,-,-,-,,,PUP-P,Knee
T623,Derrick Harmon,PIT,DT,-,-,170.00,-,-,-,-,-,-,,,,
T623,Jonathan Harris,FA,DT,-,-,170.00,-,-,-,-,-,-,,,,
T623,Marcus Harris,KC,DT,-,-,170.00,-,-,-,-,-,-,,,,
T623,Shelby Harris,NYG,DT,-,-,172.78,-,-,-,-,-,-,,,,
T623,Zxavian Harris,NO,DT,-,-,-,-,-,-,-,-,-,,,NFI-A,Foot
T623,Jared Harrison-Hunte,CAR,DT,-,-,-,-,-,-,-,-,-,,,,
T623,Bruce Hector,FA,DT,-,-,172.41,-,-,-,-,-,-,,,,
T623,Jack Heflin,NYJ,DT,-,-,170.00,-,-,-,-,-,-,,,,
T623,Tonka Hemingway,LV,DT,-,-,170.00,-,-,-,-,-,-,,,,
T623,Matt Henningsen,DEN,DT,-,-,170.00,-,-,-,-,-,-,,,,
T623,Willie Henry,FA,DT,-,-,-,-,-,-,-,-,-,,,,
T623,Cameron Heyward,PIT,DT,-,-,170.08,-,-,-,-,449.30,-,1.90,0.33,,
T623,B.J. Hill,CIN,DT,-,-,174.61,-,-,-,-,-,-,,,PUP-P,Undisclosed
T623,Trysten Hill,FA,DT,-,-,170.00,-,-,-,-,-,-,,,,
T623,Kurt Hinish,FA,DT,-,-,170.00,-,-,-,-,-,-,,,Ques,Undisclosed
T623,Timmy Horne,TEN,DT,-,-,170.00,-,-,-,-,-,-,,,,
T623,Cam Horsley,ARI,DT,-,-,170.00,-,-,-,-,-,-,,,,
T623,Jalen Hunt,JAX,DT,-,-,-,-,-,-,-,-,-,,,,
T623,Lee Hunter,CAR,DT,-,-,170.63,-,-,-,-,506.80,-,,,,
T623,Alex Huntley,MIA,DT,-,-,-,-,-,-,-,-,-,,,,
T623,Maurice Hurst,FA,DT,-,-,172.26,-,-,-,-,-,-,,,,
T623,Jaylon Hutchings,FA,DT,-,-,-,-,-,-,-,-,-,,,Ques,Undisclosed
T623,Siaki Ika,FA,DT,-,-,170.00,-,-,-,-,-,-,,,,
T623,Tyrion Ingram-Dawkins,MIN,DT,-,-,170.40,-,-,-,-,-,-,,,,
T623,Isaiah Iton,NE,DT,-,-,-,-,-,-,-,-,-,,,,
T623,Coziah Izzard,FA,DT,-,-,-,-,-,-,-,-,-,,,,
T623,Cam Jackson,CAR,DT,-,-,170.79,-,-,-,-,-,-,,,,
T623,Darrell Jackson,NYJ,DT,-,-,170.00,72.68,-,-,-,-,-,,,,
T623,Jordan Jackson,DEN,DT,-,-,170.00,-,-,-,-,-,-,,,,
T623,McKinnley Jackson,CIN,DT,-,-,170.00,-,-,-,-,-,-,,,,
T623,Bobby Jamison-Travis,NYG,DT,-,-,170.93,-,-,-,-,-,-,,,,
T623,Grady Jarrett,CHI,DT,-,-,173.51,-,-,-,-,-,-,,,,
T623,Jordan Jefferson,CIN,DT,-,-,170.00,-,-,-,-,-,-,,,,
T623,Quinton Jefferson,FA,DT,-,-,172.91,-,-,-,-,-,-,,,,
T623,John Jenkins,BAL,DT,-,-,172.20,-,-,-,-,-,-,,,,
T623,Kris Jenkins,CIN,DT,-,-,170.00,-,-,-,-,-,-,,,Ques,Ankle
T623,Kevin Jobity,PIT,DT,-,-,-,-,-,-,-,-,-,,,,
T623,Austin Johnson,FA,DT,-,-,172.50,-,-,-,-,-,-,,,,
T623,Eric Johnson,MIN,DT,-,-,170.00,-,-,-,-,-,-,,,,
T623,Benito Jones,LV,DT,-,-,170.00,-,-,-,-,-,-,,,,
T623,Chris Jones,KC,DT,-,-,172.51,-,-,-,-,481.60,-,2.00,0.33,,
T623,D.J. Jones,DEN,DT,-,-,170.62,-,-,-,-,-,-,,,,
T623,DaQuan Jones,FA,DT,-,-,172.55,-,-,-,-,-,-,,,,
T623,Jayson Jones,TB,DT,-,-,-,-,-,-,-,-,-,,,,
T623,Justin Jones,FA,DT,-,-,171.60,-,-,-,-,-,-,,,Ques,Knee
T623,Naquan Jones,HOU,DT,-,-,170.00,-,-,-,-,-,-,,,,
T623,Travis Jones,BAL,DT,-,-,174.50,-,-,-,-,-,-,,0.33,PUP-P,Pectoral
T623,Linval Joseph,FA,DT,-,-,170.05,-,-,-,-,-,-,,,,
T623,Sebastian Joseph-Day,PIT,DT,-,-,172.34,-,-,-,-,-,-,,,,
T623,Sam Kamara,CLE,DT,-,-,170.00,-,-,-,-,-,-,,,,
T623,Calijah Kancey,TB,DT,-,-,173.62,-,-,-,-,345.40,-,,,,
T623,Aidan Keanaaina,DET,DT,-,-,-,-,-,-,-,-,-,,,,
T623,Tim Keenan,LAR,DT,-,-,170.00,-,-,-,-,-,-,,,,
T623,Javon Kinlaw,WAS,DT,-,-,170.62,-,-,-,-,-,-,,,,
T623,Rene Konga,MIA,DT,-,-,-,-,-,-,-,-,-,,,,
T623,Jonah Laulu,LV,DT,-,-,173.01,-,-,-,-,-,-,,,,
T623,Dexter Lawrence,CIN,DT,-,-,165.91,-,-,-,-,415.10,-,2.91,0.17,,
T623,Jeremiah Ledbetter,FA,DT,-,-,170.00,-,-,-,-,-,-,,,,
T623,Logan Lee,PIT,DT,-,-,170.00,-,-,-,-,-,-,,,,
T623,Corey Liuget,FA,DT,-,-,-,-,-,-,-,-,-,,,,
T623,Glen Logan,FA,DT,-,-,-,-,-,-,-,-,-,,,,
T623,Zion Logue,BUF,DT,-,-,170.00,-,-,-,-,-,-,,,,
T623,Roy Lopez,ARI,DT,-,-,170.37,-,-,-,-,-,-,,,,
T623,Derrick Lott,FA,DT,-,-,-,-,-,-,-,-,-,,,,
T623,Jayden Loving,CHI,DT,-,-,-,-,-,-,-,-,-,,,,
T623,James Lynch,CHI,DT,-,-,170.00,-,-,-,-,-,-,,,,
T623,Jeffrey M'Ba,WAS,DT,-,-,-,-,-,-,-,-,-,,,,
T623,Treven Ma'ae,LV,DT,-,-,-,-,-,-,-,-,-,,,,
T623,Nnamdi Madubuike,BAL,DT,-,-,176.18,-,-,-,-,430.30,-,,0.33,,
T623,Jackie Marshall,TEN,DT,-,-,170.00,-,-,-,-,-,-,,,,
T623,Brodric Martin,ARI,DT,-,-,170.00,-,-,-,-,-,-,,,,
T623,Trevon Mason,FA,DT,-,-,-,-,-,-,-,-,-,,,,
T623,Phidarian Mathis,BUF,DT,-,-,170.00,-,-,-,-,-,-,,,,
T623,Devonnsha Maxwell,ATL,DT,-,-,-,-,-,-,-,-,-,,,,
T623,Terrell McClain,FA,DT,-,-,-,-,-,-,-,582.50,-,,,,
T623,Chris McClellan,GB,DT,-,-,171.05,-,-,-,-,-,-,,,,
T623,Kayden McDonald,HOU,DT,-,-,170.24,64.44,-,-,-,433.60,-,,,,
T623,T.Y. McGill,FA,DT,-,-,173.10,-,-,-,-,-,-,,,,
T623,DeShawn McKnight,TB,DT,-,-,-,-,-,-,-,-,-,,,,
T623,Alim McNeill,DET,DT,-,-,170.32,-,-,-,-,-,-,,,,
T623,Amari McNeill,KC,DT,-,-,-,-,-,-,-,-,-,,,,
T623,Christen Miller,NO,DT,-,-,170.06,-,-,-,-,343.30,-,,,Ques,Hamstring
T623,Jordan Miller,DEN,DT,-,-,-,-,-,-,-,-,-,,,,
T623,Rylie Mills,SEA,DT,-,-,170.94,-,-,-,-,-,-,,,,
T623,Larrell Murchison,LAR,DT,-,-,170.00,-,-,-,-,-,-,,,,
T623,Byron Murphy,SEA,DT,-,-,174.41,-,-,-,-,390.10,-,,0.33,,
T623,Myles Murphy,FA,DT,-,-,-,-,-,-,-,-,-,,,,
T623,PJ Mustipher,ARI,DT,-,-,171.05,-,-,-,-,-,-,,,IR,Foot
T623,Haggai Ndubuisi,TB,DT,-,-,170.00,-,-,-,-,-,-,,,PUP-R,Undisclosed
T623,Jer'Zhan Newton,WAS,DT,-,-,171.10,-,-,-,-,-,-,,,,
T623,Bilal Nichols,FA,DT,-,-,171.62,-,-,-,-,-,-,,,Ques,Knee
T623,Derrick Nnadi,IND,DT,-,-,171.70,-,-,-,-,-,-,,,,
T623,Walter Nolen,ARI,DT,-,-,174.08,-,-,-,-,607.50,-,,,,
T623,Omarr Norman-Lott,KC,DT,-,-,170.00,-,-,-,-,-,-,,,PUP-P,Knee - ACL
T623,Bill Norton,LAR,DT,-,-,-,-,-,-,-,-,-,,,,
T623,Dion Novil,FA,DT,-,-,-,-,-,-,-,-,-,,,,
T623,Rakeem Nunez-Roches,TB,DT,-,-,173.79,-,-,-,-,-,-,,,,
T623,Osa Odighizuwa,SF,DT,-,-,171.19,-,-,-,-,545.00,-,,,Ques,Elbow
T623,Otito Ogbonnia,DAL,DT,-,-,170.83,-,-,-,-,-,-,,,,
T623,Larry Ogunjobi,FA,DT,-,-,172.35,-,-,-,-,-,-,,,,
T623,Moro Ojomo,PHI,DT,-,-,170.45,-,-,-,-,-,-,,,,
T623,CJ Okoye,BAL,DT,-,-,170.00,-,-,-,-,-,-,,,,
T623,David Olajiga,BAL,DT,-,-,-,-,-,-,-,-,-,,,,
T623,Ed Oliver,BUF,DT,-,-,173.05,-,-,-,-,429.20,-,,0.33,,
T623,Levi Onwuzurike,DET,DT,-,-,170.97,-,-,-,-,-,-,,,,
T623,Tyler Onyedim,DEN,DT,-,-,170.00,-,-,-,-,-,-,,,,
T623,David Onyemata,NYJ,DT,-,-,170.00,-,-,-,-,-,-,,,,
T623,Domonique Orange,MIN,DT,-,-,170.33,-,-,-,-,-,-,,,,
T623,Ruke Orhorhoro,JAX,DT,-,-,170.00,-,-,-,-,-,-,,,,
T623,DeQuinton Osborne,FA,DT,-,-,-,-,-,-,-,-,-,,,,
T623,Payton Page,NYJ,DT,-,-,170.14,-,-,-,-,-,-,,,,
T623,Caeveon Patton,FA,DT,-,-,-,-,-,-,-,-,-,,,,
T623,Damon Payne,KC,DT,-,-,-,-,-,-,-,-,-,,,,
T623,Daron Payne,WAS,DT,-,-,173.93,-,-,-,-,-,-,,0.17,,
T623,Aeneas Peebles,BAL,DT,-,-,170.00,-,-,-,-,-,-,,,,
T623,Jayden Peevy,FA,DT,-,-,170.00,-,-,-,-,-,-,,,,
T623,JJ Pegues,LV,DT,-,-,170.00,-,-,-,-,-,-,,,,
T623,Kyle Peko,FA,DT,-,-,171.86,-,-,-,-,-,-,,,,
T623,Mike Pennel,FA,DT,-,-,172.58,-,-,-,-,-,-,,,,
T623,Roderick Perry,FA,DT,-,-,-,-,-,-,-,-,-,,,,
T623,Jeremiah Pharms,NE,DT,-,-,170.00,-,-,-,-,-,-,,,,
T623,Harrison Phillips,NYJ,DT,-,-,171.61,-,-,-,-,-,-,,,,
T623,Jordan Phillips,FA,DT,-,-,172.98,-,-,-,-,-,-,,,Ques,Ankle
T623,Jordan Phillips,MIA,DT,-,-,170.20,-,-,-,-,-,-,,,,
T623,Zacch Pickens,NYG,DT,-,-,170.00,-,-,-,-,-,-,,,,
T623,Michael Pierce,FA,DT,-,-,173.20,-,-,-,-,-,-,,,,
T623,Brandon Pili,SEA,DT,-,-,170.92,-,-,-,-,-,-,,,Ques,Lower Leg
T623,Kaleb Proctor,ARI,DT,-,-,170.00,-,-,-,-,-,-,,,IR,Knee - Meniscus
T623,Isaiah Raikes,FA,DT,-,-,-,-,-,-,-,-,-,,,,
T623,Keith Randolph,FA,DT,-,-,-,-,-,-,-,-,-,,,Ques,Undisclosed
T623,Sheldon Rankins,HOU,DT,-,-,172.71,-,-,-,-,-,-,,,,
T623,DJ Reader,NYG,DT,-,-,173.26,-,-,-,-,-,-,,,,
T623,Jalen Redmond,MIN,DT,-,-,170.68,-,-,-,-,560.10,-,3.14,0.33,,
T623,Jarran Reed,SEA,DT,-,-,172.17,-,-,-,-,-,-,,,,
T623,Albert Regis,JAX,DT,-,-,170.69,-,-,-,-,-,-,,,,
T623,John Ridgeway,NO,DT,-,-,170.71,-,-,-,-,-,-,,,,
T623,Jordon Riley,GB,DT,-,-,170.00,-,-,-,-,-,-,,,PUP-P,Achilles
T623,Jahvaree Ritzie,MIN,DT,-,-,-,-,-,-,-,-,-,,,,
T623,Malcolm Roach,DEN,DT,-,-,175.08,-,-,-,-,-,-,,0.33,,
T623,Sam Roberts,NYG,DT,-,-,170.00,-,-,-,-,-,-,,,,
T623,Roy Robertson-Harris,NYG,DT,-,-,172.70,-,-,-,-,-,-,,,PUP-P,Achilles
T623,Landon Robinson,CIN,DT,-,-,170.00,-,-,-,-,-,-,,,,
T623,Ty Robinson,PHI,DT,-,-,171.16,-,-,-,-,-,-,,,,
T623,Bryce Rodgers,FA,DT,-,-,-,-,-,-,-,-,-,,,,
T623,Levi Drake Rodriguez,MIN,DT,-,-,170.24,-,-,-,-,-,-,,,,
T623,Casey Rogers,NE,DT,-,-,170.00,-,-,-,-,-,-,,,,
T623,Justin Rogers,FA,DT,-,-,170.00,-,-,-,-,-,-,,,,
T623,Keivie Rose,JAX,DT,-,-,-,-,-,-,-,-,-,,,,
T623,Jaquelin Roy,FA,DT,-,-,170.00,-,-,-,-,-,-,,,,
T623,Gabe Rubio,PIT,DT,-,-,170.00,-,-,-,-,-,-,,,,
T623,T.J. Sanders,BUF,DT,-,-,170.00,-,-,-,-,-,-,,,,
T623,Khalen Saunders,TEN,DT,-,-,171.67,-,-,-,-,-,-,,,,
T623,Tim Settle,WAS,DT,-,-,170.96,-,-,-,-,-,-,,,,
T623,Uso Seumalo,SEA,DT,-,-,-,-,-,-,-,-,-,,,,
T623,Nathan Shepherd,NO,DT,-,-,171.39,-,-,-,-,-,-,,,,
T623,Aziz Shittu,FA,DT,-,-,-,-,-,-,-,-,-,,,,
T623,Zach Sieler,MIA,DT,-,-,178.71,-,-,-,-,488.90,-,2.39,0.33,,
T623,Keeshawn Silver,NO,DT,-,-,-,-,-,-,-,-,-,,,PUP-P,Undisclosed
T623,Nesta Jade Silvera,FA,DT,-,-,170.00,-,-,-,-,-,-,,,,
T623,Elijah Simmons,TB,DT,-,-,170.00,-,-,-,-,-,-,,,,
T623,Jeffery Simmons,TEN,DT,-,-,108.99,-,-,-,-,253.40,-,,1.83,,
T623,J.R. Singleton,SEA,DT,-,-,-,-,-,-,-,-,-,,,,
T623,Jacob Slade,FA,DT,-,-,-,-,-,-,-,-,-,,,Ques,Undisclosed
T623,T.J. Slaton,CIN,DT,-,-,170.00,-,-,-,-,-,-,,,,
T623,Chris Smith,DET,DT,-,-,170.00,-,-,-,-,-,-,,,,
T623,Gary Smith,LV,DT,-,-,-,-,-,-,-,-,-,,,,
T623,Maason Smith,ATL,DT,-,-,170.81,-,-,-,-,-,-,,,,
T623,Mazi Smith,NYJ,DT,-,-,170.00,-,-,-,-,-,-,,,,
T623,T.J. Smith,FA,DT,-,-,170.00,-,-,-,-,-,-,,,,
T623,Tim Smith,IND,DT,-,-,170.00,-,-,-,-,-,-,,,,
T623,Nazir Stackhouse,GB,DT,-,-,170.00,-,-,-,-,-,-,,,,
T623,Grover Stewart,IND,DT,-,-,170.09,-,-,-,-,-,-,,,,
T623,Ben Stille,FA,DT,-,-,170.00,-,-,-,-,-,-,,,,
T623,Kentavius Street,CHI,DT,-,-,172.22,-,-,-,-,-,-,,,,
T623,Jay'viar Suggs,NO,DT,-,-,-,-,-,-,-,-,-,,,,
T623,T'Vondre Sweat,NYJ,DT,-,-,170.16,-,-,-,-,651.00,-,,,NFI-A,Hamstring
T623,Junior Tafuna,HOU,DT,-,-,-,-,-,-,-,-,-,,,,
T623,Taki Taimani,MIN,DT,-,-,170.00,-,-,-,-,-,-,,,,
T623,Teair Tart,LAC,DT,-,-,172.77,-,-,-,-,-,-,,,,
T623,Laki Tasi,TEN,DT,-,-,-,-,-,-,-,-,-,,,,
T623,Demetrius Taylor,FA,DT,-,-,-,-,-,-,-,-,-,,,,
T623,Leonard Taylor,NE,DT,-,-,170.00,-,-,-,-,-,-,,,,
T623,Bubba Thomas,SEA,DT,-,-,-,-,-,-,-,-,-,,,,
T623,Solomon Thomas,TEN,DT,-,-,171.27,-,-,-,-,-,-,,,,
T623,Anterio Thompson,ATL,DT,-,-,170.00,-,-,-,-,-,-,,,NFI-A,Undisclosed
T623,James Thompson,SF,DT,-,-,-,-,-,-,-,-,-,,,,
T623,Nick Thurman,FA,DT,-,-,172.84,-,-,-,-,-,-,,,,
T623,Jerry Tillery,IND,DT,-,-,170.00,-,-,-,-,-,-,,,,
T623,Tommy Togiai,HOU,DT,-,-,176.10,-,-,-,-,-,-,1.96,0.33,,
T623,Jay Toia,DAL,DT,-,-,170.00,-,-,-,-,-,-,,,,
T623,Dalvin Tomlinson,LAC,DT,-,-,172.55,-,-,-,-,-,-,,,,
T623,Khyiris Tonga,KC,DT,-,-,169.98,-,-,-,-,-,-,,,,
T623,Jay Tufele,FA,DT,-,-,170.00,-,-,-,-,-,-,,,,
T623,Marlon Tuipulotu,FA,DT,-,-,170.00,-,-,-,-,-,-,,,,
T623,Josh Tupou,NYG,DT,-,-,172.53,-,-,-,-,-,-,,,,
T623,Kobie Turner,LAR,DT,-,-,173.54,-,-,-,-,393.20,-,,0.33,Ques,Undisclosed
T623,Shemar Turner,CHI,DT,-,-,170.78,-,-,-,-,-,-,,,PUP-P,Knee - ACL
T623,Shy Tuttle,WAS,DT,-,-,170.00,-,-,-,-,-,-,,,,
T623,Eyioma Uwazurike,DEN,DT,-,-,170.00,-,-,-,-,-,-,,,,
T623,Sebastian Valdez,SF,DT,-,-,-,-,-,-,-,-,-,,,,
T623,Antonio Valentino,FA,DT,-,-,-,-,-,-,-,-,-,,,,
T623,Jordan van den Berg,CHI,DT,-,-,170.97,-,-,-,-,-,-,,,,
T623,Vita Vea,TB,DT,-,-,170.14,-,-,-,-,565.00,-,,,Ques,Back
T623,Kendal Vickers,FA,DT,-,-,172.22,-,-,-,-,-,-,,,,
T623,Raymond Vohasek,FA,DT,-,-,170.00,-,-,-,-,-,-,,,,
T623,Deone Walker,BUF,DT,-,-,169.87,-,-,-,-,-,-,,,,
T623,Broderick Washington,BAL,DT,-,-,170.00,-,-,-,-,-,-,,,,
T623,Carlos Watkins,FA,DT,-,-,172.45,-,-,-,-,-,-,,,,
T623,Armon Watts,FA,DT,-,-,171.86,-,-,-,-,-,-,,,,
T623,Terry Webb,LAC,DT,-,-,-,-,-,-,-,-,-,,,,
T623,CJ West,SF,DT,-,-,170.72,-,-,-,-,-,-,,,,
T623,Tershawn Wharton,CAR,DT,-,-,176.02,-,-,-,-,-,-,,0.33,PUP-P,Neck
T623,Christian Wilkins,FA,DT,-,-,170.00,-,-,-,-,-,-,,,Ques,Foot
T623,Andrew Williams,FA,DT,-,-,-,-,-,-,-,-,-,,,,
T623,Chris Williams,ATL,DT,-,-,-,-,-,-,-,-,-,,,,
T623,Damonic Williams,ARI,DT,-,-,-,-,-,-,-,-,-,,,,
T623,DeShawn Williams,FA,DT,-,-,172.86,-,-,-,-,-,-,,,,
T623,Jordan Williams,FA,DT,-,-,-,-,-,-,-,-,-,,,,
T623,Kristian Williams,DEN,DT,-,-,-,-,-,-,-,-,-,,,,
T623,McKinley Williams,FA,DT,-,-,-,-,-,-,-,-,-,,,,
T623,Milton Williams,NE,DT,-,-,177.25,-,-,-,-,508.60,-,,0.33,,
T623,Quinnen Williams,DAL,DT,-,-,152.42,-,-,-,-,417.60,-,,0.33,,
T623,Tyleik Williams,DET,DT,-,-,170.59,-,-,-,-,-,-,,,,
T623,Dion Wilson,BAL,DT,-,-,-,-,-,-,-,-,-,,,,
T623,Perrion Winfrey,FA,DT,-,-,170.00,-,-,-,-,-,-,,,,
T623,Mekhi Wingo,DET,DT,-,-,170.68,-,-,-,-,-,-,,,,
T623,D.J. Withers,DAL,DT,-,-,-,-,-,-,-,-,-,,,,
T623,Peter Woods,KC,DT,-,-,170.00,60.24,-,-,-,310.90,-,,,,
T623,Devonte Wyatt,GB,DT,-,-,176.45,-,-,-,-,-,-,,0.33,,
T623,Byron Young,PHI,DT,-,-,170.68,-,-,-,-,-,-,,,,
T623,Cameron Young,FA,DT,-,-,170.00,-,-,-,-,-,-,,,,
T623,Jackson Acker,BUF,FB,-,-,-,-,-,-,-,-,-,,,,
T623,George Aston,FA,FB,-,-,-,-,-,-,-,-,-,,,,
T623,Davis Koppenhaver,FA,TE,-,-,-,-,-,-,-,-,-,,,,
T623,Tanner Koziol,JAX,TE,-,-,169.98,68.27,-,-,583.50,-,-,,,,
T623,Tyler Kroft,FA,TE,-,-,-,-,-,-,-,-,-,,,,
T623,Erik Krommenhoek,FA,TE,-,-,-,-,-,-,393.50,-,-,,,,
T623,Lucas Krull,DEN,TE,-,-,170.01,-,-,-,-,-,-,,,,
T623,Marshall Lang,MIN,TE,-,-,-,-,-,-,-,-,-,,,,
T623,Luke Lachey,GB,TE,-,-,169.99,-,-,-,-,-,-,,,,
T623,Keleki Latu,BUF,TE,-,-,170.00,-,-,-,-,-,-,,,,
T623,Matt Lauter,FA,TE,-,-,-,-,-,-,-,-,-,,,,
T623,Dylan Leonard,FA,TE,-,-,-,-,-,-,-,-,-,,,,
T623,Marcedes Lewis,FA,TE,-,-,170.03,-,-,-,-,-,-,,,,
T623,Jordan Matthews,FA,TE,-,-,170.03,-,-,-,-,-,-,,,,
T623,Hayden Large,CHI,TE,-,-,-,-,-,-,-,-,-,,,,
T623,Caleb Lohner,DEN,TE,-,-,170.00,-,-,-,-,-,-,,,Ques,Lower Body
T623,Hunter Long,JAX,TE,-,-,170.01,-,-,-,-,-,-,,,,
T623,James Looney,FA,TE,-,-,-,-,-,-,-,-,-,,,,
T623,Tyler Mabry,FA,TE,-,-,170.01,-,-,-,-,-,-,,,Ques,Undisclosed
T623,Devin Mahina,FA,TE,-,-,-,-,-,-,-,-,-,,,,
T623,Will Mallory,IND,TE,-,-,170.00,-,-,-,-,-,-,,,,
T623,Chris Manhertz,NYG,TE,-,-,170.02,-,-,-,-,-,-,,,,
T623,David Martin-Robinson,TEN,TE,-,-,170.00,-,-,-,-,-,-,,,,
T623,RJ Maryland,GB,TE,-,-,-,-,-,-,-,-,-,,,,
T623,Lance Mason,SEA,TE,-,-,-,-,-,-,676.00,-,-,,,,
T623,Marlin Klein,HOU,TE,-,-,169.99,61.91,-,-,644.80,-,-,,,,
T623,Miles Kitselman,DET,TE,-,-,-,-,-,-,673.50,-,-,,,Ques,Leg
T623,Rohan Jones,LAR,TE,-,-,-,-,-,-,-,-,-,,,,
T623,Brevin Jordan,HOU,TE,-,-,170.01,-,-,-,-,-,-,,,,
T623,Ko Kieft,TB,TE,-,-,170.00,-,-,-,-,-,-,,,,
T623,Nikola Kalinic,CHI,TE,-,-,169.99,-,-,-,-,-,-,,,,
T623,Nick Kallerup,SEA,TE,-,-,170.00,-,-,-,-,-,-,,,,
T623,Jaren Kanak,TEN,TE,-,-,169.99,-,-,-,629.50,-,-,,,,
T623,Josh Kattus,CIN,TE,-,-,-,-,-,-,-,-,-,,,NFI-A,Undisclosed
T623,Neal Johnson,FA,TE,-,-,-,-,-,-,-,-,-,,,,
T623,Curtis Hodges,FA,TE,-,-,-,-,-,-,-,-,-,,,,
T623,Dallin Holker,FA,TE,-,-,170.00,-,-,-,-,-,-,,,,
T623,J.P. Holtz,FA,TE,-,-,-,-,-,-,-,-,-,,,,
T623,Austin Hooper,ATL,TE,-,-,170.01,-,241.34,-,607.10,-,-,,,,
T623,Brycen Hopkins,FA,TE,-,-,-,-,-,-,-,-,-,,,,
T623,Jesper Horsted,FA,TE,-,-,-,-,-,-,-,-,-,,,,
T623,Zach Horton,FA,TE,-,-,170.00,-,-,-,-,-,-,,,,
T623,Parker Houston,FA,TE,-,-,-,-,-,-,-,-,-,,,,
T623,Bug Howard,FA,TE,-,-,-,-,-,-,-,-,-,,,,
T623,O.J. Howard,FA,TE,-,-,-,-,-,-,-,-,-,,,,
T623,J.J. Howland,FA,TE,-,-,-,-,-,-,532.50,-,-,,,,
T623,Garrett Hudson,FA,TE,-,-,-,-,-,-,-,-,-,,,,
T623,Tanner Hudson,CIN,TE,-,-,170.00,-,-,-,-,-,-,,,,
T623,Qadir Ismail,CHI,TE,-,-,-,-,-,-,-,-,-,,,,
T623,Kalif Jackson,FA,TE,-,-,-,-,-,-,-,-,-,,,,
T623,Tyree Jackson,FA,TE,-,-,170.01,-,-,-,-,-,-,,,Ques,Undisclosed
T623,Michael Jacobson,FA,TE,-,-,-,-,-,-,-,-,-,,,,
T623,Jesse James,FA,TE,-,-,-,-,-,-,-,-,-,,,,
T623,E.J. Jenkins,PHI,TE,-,-,170.01,-,-,-,-,-,-,,,,
T623,Justin Johnson,FA,TE,-,-,-,-,-,-,-,-,-,,,,
T623,Chris Myarick,FA,TE,-,-,-,-,-,-,-,-,-,,,,
T623,Bryson Nesbit,MIN,TE,-,-,-,-,-,-,-,-,-,,,,
T623,Drew Ogletree,IND,TE,-,-,169.99,-,-,-,-,-,-,,,,
T623,Chris Pierce,FA,TE,-,-,-,-,-,-,-,-,-,,,,
T623,Bryce Pierre,FA,TE,-,-,-,-,-,-,-,-,-,,,Ques,Undisclosed
T623,Donald Parham,FA,TE,-,-,170.01,-,-,-,-,-,-,,,,
T623,Dylan Parham,FA,TE,-,-,-,-,-,-,-,-,-,,,,
T623,Johnny Pascuzzi,LAC,TE,-,-,-,-,-,-,-,-,-,,,,
T623,Josh Pederson,FA,TE,-,-,-,-,-,-,-,-,-,,,,
T623,Jordan Petaia,FA,TE,-,-,-,-,-,-,-,-,-,,,,
T623,Briley Moore,FA,TE,-,-,-,-,-,-,-,-,-,,,,
T623,Quentin Moore,WAS,TE,-,-,-,-,-,-,-,-,-,,,,
T623,Foster Moreau,HOU,TE,-,-,170.00,-,-,-,-,-,-,,,,
T623,Quintin Morris,JAX,TE,-,-,170.01,-,-,-,-,-,-,,,,
T623,Thaddeus Moss,FA,TE,-,-,-,-,-,-,-,-,-,,,,
T623,Johnny Mundt,PHI,TE,-,-,170.03,-,-,-,-,-,-,,,,
T623,Nick Muse,DET,TE,-,-,170.01,-,-,-,-,-,-,,,,
T623,Camren McDonald,FA,TE,-,-,-,-,-,-,-,-,-,,,,
T623,Sean McKeon,IND,TE,-,-,170.01,-,-,-,-,-,-,,,,
T623,Tre' McKitty,FA,TE,-,-,-,-,-,-,364.50,-,-,,,,
T623,Tanner McLachlan,SF,TE,-,-,170.01,-,-,-,-,-,-,,,IR,Undisclosed
T623,Taylor McNamara,FA,TE,-,-,-,-,-,-,-,-,-,,,,
T623,Lake McRee,PIT,TE,-,-,-,-,-,-,-,-,-,,,,
T623,Jackson Meeks,DET,TE,-,-,169.99,-,-,-,-,-,-,,,,
T623,Carson Meier,FA,TE,-,-,-,-,-,-,-,-,-,,,,
T623,Chamon Metayer,CAR,TE,-,-,-,-,-,-,-,-,-,,,,
T623,James Mitchell,CAR,TE,-,-,170.00,-,-,-,-,-,-,,,,
T623,John Mitchell,FA,TE,-,-,-,-,-,-,-,-,-,,,,
T623,Giovanni Ricci,FA,TE,-,-,170.00,-,-,-,-,-,-,,,,
T623,Jared Rice,FA,TE,-,-,-,-,-,-,-,-,-,,,,
T623,Mark Redman,LAR,TE,-,-,-,-,-,-,-,-,-,,,,
T623,Mason Pline,KC,TE,-,-,-,-,-,-,-,-,-,,,,
T623,Tony Poljan,FA,TE,-,-,-,-,-,-,-,-,-,,,,
T623,Caden Prieskorn,CAR,TE,-,-,-,-,-,-,-,-,-,,,,
T623,MyCole Pruitt,FA,TE,-,-,170.03,-,-,-,-,-,-,,,,
T623,Layne Pryor,HOU,TE,-,-,-,-,-,-,-,-,-,,,,
T623,Carter Runyon,LV,TE,-,-,170.00,-,-,-,-,-,-,,,,
T623,Carsen Ryan,CLE,TE,-,-,170.00,-,-,-,-,-,-,,,,
T623,Justin Rigg,FA,TE,-,-,-,-,-,-,-,-,-,,,,
T623,Richard Rodgers,FA,TE,-,-,-,-,-,-,-,-,-,,,,
T623,DJ Rogers,DAL,TE,-,-,-,-,-,-,-,-,-,,,,
T623,Sam Roush,CHI,TE,-,-,169.95,61.94,241.15,-,572.40,-,-,,,,
T623,Joe Royer,CLE,TE,-,-,169.96,-,-,-,604.20,-,-,,,,
T623,Hayden Rucci,SF,TE,-,-,170.00,-,-,-,-,-,-,,,,
T623,Marcus Santos-Silva,FA,TE,-,-,-,-,-,-,-,-,-,,,,
T623,Eric Saubert,SEA,TE,-,-,170.01,-,-,-,-,-,-,,,,
T623,Luke Schoonmaker,DAL,TE,-,-,169.90,-,-,-,637.30,-,-,,,,
T623,Drew Sample,CIN,TE,-,-,169.97,-,-,-,662.50,-,-,,,,
T623,Matt Seybert,FA,TE,-,-,-,-,-,-,-,-,-,,,,
T623,Adam Shaheen,FA,TE,-,-,-,-,-,-,-,-,-,,,,
T623,Bauer Sharp,TB,TE,-,-,169.98,-,-,-,-,-,-,,,,
T623,John Samuel Shenker,FA,TE,-,-,169.98,-,-,-,-,-,-,,,,
T623,Joshua Simon,ATL,TE,-,-,-,-,-,-,-,-,-,,,,
T623,Ben Sims,MIA,TE,-,-,170.00,-,-,-,-,-,-,,,,
T623,Ben Sinnott,WAS,TE,-,-,169.98,-,244.84,-,566.80,-,-,,,,
T623,Ja'Corey Brooks,FA,WR,-,-,169.98,-,-,-,-,-,-,,,Ques,Undisclosed
T623,Jalen Brooks,ARI,WR,-,-,169.98,-,-,-,-,-,-,,,,
T623,Barion Brown,NO,WR,-,-,169.98,72.26,-,-,538.00,-,-,,,,
T623,Shemar Bridges,FA,WR,-,-,-,-,-,-,-,-,-,,,,
T623,Romello Brinson,FA,WR,-,-,-,-,-,-,-,-,-,,,,
T623,Michael Briscoe,MIN,WR,-,-,-,-,-,-,-,-,-,,,,
T623,Chandler Brayboy,JAX,WR,-,-,170.00,-,-,-,-,-,-,,,,
T623,Lewis Bond,HOU,WR,-,-,170.00,-,-,-,-,700.00,-,,,,
T623,Slade Bolden,FA,WR,-,-,-,-,-,-,-,-,-,,,,
T623,Chris Blair,ATL,WR,-,-,169.99,-,-,-,-,-,-,,,,
T623,DeMeer Blankumsee,FA,WR,-,-,-,-,-,-,-,-,-,,,,
T623,Javess Blue,FA,WR,-,-,-,-,-,-,371.00,-,-,,,,
T623,Bryce Bobo,FA,WR,-,-,-,-,-,-,-,-,-,,,,
T623,Lynn Bowden,FA,WR,-,-,-,-,-,-,-,-,-,,,,
T623,Zion Bowens,FA,WR,-,-,-,-,-,-,-,-,-,,,,
T623,Brady Boyd,JAX,WR,-,-,-,-,-,-,-,-,-,,,,
T623,Devonte Boyd,FA,WR,-,-,-,-,-,-,-,-,-,,,,
T623,Tyler Boyd,FA,WR,-,-,170.03,-,-,-,-,-,-,,,,
T623,Miles Boykin,FA,WR,-,-,-,-,-,-,-,-,-,,,,
T623,Trevon Bradford,FA,WR,-,-,-,-,-,-,-,-,-,,,,
T623,Ja'Marcus Bradley,FA,WR,-,-,-,-,-,-,-,-,-,,,,
T623,Jaden Bradley,WAS,WR,-,-,-,-,-,-,-,-,-,,,,
T623,Jonathan Brady,FA,WR,-,-,-,-,-,-,-,-,-,,,,
T623,Tyre Brady,FA,WR,-,-,-,-,-,-,-,-,-,,,,
T623,Cortez Braham,BAL,WR,-,-,-,-,-,-,-,-,-,,,,
T623,Kevin Austin,NO,WR,-,-,170.00,-,-,-,586.60,-,-,,,,
T623,Andrew Armstrong,KC,WR,-,-,-,-,-,-,-,-,-,,,,
T623,Geronimo Allison,FA,WR,-,-,-,-,-,-,-,-,-,,,,
T623,Aaron Anderson,CLE,WR,-,-,-,-,-,-,-,-,-,,,,
T623,Devon Allen,FA,WR,-,-,-,-,-,-,-,-,-,,,,
T623,Floyd Allen,FA,WR,-,-,-,-,-,-,-,-,-,,,,
T623,Hank Beatty,TEN,WR,-,-,-,-,-,-,-,-,-,,,,
T623,Andre Baccellia,FA,WR,-,-,170.01,-,-,-,-,-,-,,,Ques,Neck
T623,Alex Bachman,FA,WR,-,-,170.00,-,-,-,-,-,-,,,,
T623,Javon Baker,FA,WR,-,-,170.00,-,-,-,-,-,-,,,,
T623,Daylen Baldwin,FA,WR,-,-,-,-,-,-,465.30,-,-,,,,
T623,Michael Bandy,DEN,WR,-,-,169.99,-,-,-,-,-,-,,,,
T623,Reggie Begelton,FA,WR,-,-,-,-,-,-,-,-,-,,,,
T623,David Bell,FA,WR,-,-,170.00,-,-,-,-,-,-,,,,
T623,Dillon Bell,MIN,WR,-,-,-,-,-,-,519.00,-,-,,,,
T623,Ronnie Bell,NO,WR,-,-,169.99,-,-,-,-,-,-,,,,
T623,Trinity Benson,FA,WR,-,-,-,-,-,-,-,-,-,,,,
T623,Gabriel Benyard,CAR,WR,-,-,-,-,-,-,-,-,-,,,,
T623,Junior Bergen,SF,WR,-,-,169.99,-,-,-,-,-,-,,,,
T623,Braxton Berrios,NYG,WR,-,-,170.00,-,-,-,-,-,-,,,,
T623,Stanley Berryhill,FA,WR,-,-,-,-,-,-,361.00,-,-,,,,
T623,Jack Stoll,CLE,TE,-,-,170.00,-,-,-,-,-,-,,,,
T623,Irv Smith,FA,TE,-,-,170.01,-,-,-,-,-,-,,,Ques,Ankle
T623,Kaden Smith,FA,TE,-,-,-,-,-,-,-,-,-,,,,
T623,Durham Smythe,BAL,TE,-,-,170.01,-,-,-,-,-,-,,,,
T623,Matt Sokol,FA,TE,-,-,-,-,-,-,-,-,-,,,,
T623,Brevyn Spann-Ford,DAL,TE,-,-,169.97,-,-,-,542.00,-,-,,,,
T623,Dylan Stapleton,FA,TE,-,-,-,-,-,-,-,-,-,,,,
T623,John Stephens,FA,TE,-,-,170.01,-,-,-,-,-,-,,,,
T623,Stephen Sullivan,FA,TE,-,-,170.01,-,-,-,-,-,-,,,,
T623,Evan Svoboda,LAC,TE,-,-,-,-,-,-,-,-,-,,,,
T623,Geoff Swaim,FA,TE,-,-,170.02,-,-,-,-,-,-,,,,
T623,Messiah Swinson,GB,TE,-,-,-,-,-,-,-,-,-,,,,
T623,Leonard Taylor,FA,TE,-,-,-,-,-,-,-,-,-,,,,
T623,Cole Turner,MIA,TE,-,-,170.01,-,-,-,-,-,-,,,,
T623,C.J. Uzomah,FA,TE,-,-,170.03,-,-,-,-,-,-,,,,
T623,Mitch Van Vooren,NE,TE,-,-,-,-,-,-,-,-,-,,,,
T623,Nick Vannett,SEA,TE,-,-,170.03,-,-,-,-,-,-,,,,
T623,Jack Velling,ATL,TE,-,-,-,-,-,-,-,-,-,,,,
T623,Dan Villari,LAR,TE,-,-,-,-,-,-,-,-,-,,,,
T623,Travis Vokolek,FA,TE,-,-,170.00,-,-,-,-,-,-,,,,
T623,Ian Thomas,LV,TE,-,-,170.00,-,-,-,-,-,-,,,,
T623,Logan Thomas,FA,TE,-,-,-,-,-,-,-,-,-,,,,
T623,Noah Togiai,FA,TE,-,-,-,-,-,-,-,-,-,,,,
T623,Eric Tomlinson,FA,TE,-,-,170.02,-,-,-,-,-,-,,0.01,,
T623,Robert Tonyan,PIT,TE,-,-,170.01,-,-,-,-,-,-,,,,
T623,Carson Towt,IND,TE,-,-,-,-,-,-,-,-,-,,,,
T623,Seydou Traore,MIA,TE,-,-,169.99,-,-,-,-,-,-,,,,
T623,Shane Zylstra,BUF,TE,-,-,169.99,-,-,-,-,-,-,,,,
T623,Keshunn Abram,FA,WR,-,-,-,-,-,-,398.00,-,-,,,,
T623,Thomas Yassmin,GB,TE,-,-,-,-,-,-,-,-,-,,,,
T623,Kenny Yeboah,ARI,TE,-,-,170.00,-,-,-,-,-,-,,,,
T623,Dae'Quan Wright,PHI,TE,-,-,-,-,-,-,-,-,-,,,,
T623,Trevor Wood,FA,TE,-,-,-,-,-,-,-,-,-,,,,
T623,Jelani Woods,NYJ,TE,-,-,170.00,-,-,-,402.00,-,-,,,,
T623,Maurice Alexander,CHI,WR,-,-,170.00,-,-,-,455.70,-,-,,,,
T623,Damien Alford,FA,WR,-,-,-,-,-,-,-,-,-,,,Ques,Undisclosed
T623,Josh Ali,FA,WR,-,-,-,-,-,-,391.00,-,-,,,,
T623,Nelson Agholor,FA,WR,-,-,170.04,-,-,-,-,-,-,,,,
T623,Jamal Agnew,FA,WR,-,-,170.03,-,-,-,-,-,-,,,Ques,Undisclosed
T623,Jonathan Adams,FA,WR,-,-,-,-,-,-,-,-,-,,,,
T623,Jerome Washington,FA,TE,-,-,-,-,-,-,-,-,-,,,,
T623,Scotty Washington,FA,TE,-,-,-,-,-,-,-,-,-,,,,
T623,Tre Watson,KC,TE,-,-,-,-,-,-,-,-,-,,,,
T623,Treyton Welch,NO,TE,-,-,169.99,-,-,-,-,-,-,,,,
T623,Garrett Walston,FA,TE,-,-,-,-,-,-,-,-,-,,,,
T623,Jacob Warren,FA,TE,-,-,-,-,-,-,-,-,-,,,,
T623,Tommy Tremble,CAR,TE,-,-,169.94,-,243.93,-,568.90,-,-,0.72,,,
T623,Trevon Wesco,FA,TE,-,-,-,-,-,-,-,-,-,,,,
T623,Blake Whiteheart,CLE,TE,-,-,170.00,-,-,-,-,-,-,,,,
T623,Josh Whyle,GB,TE,-,-,169.96,-,-,-,597.50,-,-,,,,
T623,Nate Wieting,FA,TE,-,-,-,-,-,-,-,-,-,,,,
T623,Mitchell Wilcox,FA,TE,-,-,170.00,-,-,-,-,-,-,,,,
T623,Jared Wiley,KC,TE,-,-,169.99,-,-,-,-,-,-,,,,
T623,Carson Williams,FA,TE,-,-,-,-,-,-,-,-,-,,,,
T623,Rodney Williams,FA,TE,-,-,170.01,-,-,-,-,-,-,,,,
T623,Brayden Willis,SF,TE,-,-,170.00,-,-,-,-,-,-,,,,
T623,Joel Wilson,TEN,TE,-,-,-,-,-,-,-,-,-,,,,
T623,Charlie Woerner,ATL,TE,-,-,170.01,-,-,-,-,-,-,,,,
T623,Malik McClain,NYJ,WR,-,-,-,-,-,-,-,-,-,,,,
T623,Donaven McCulley,MIA,WR,-,-,-,-,-,-,-,-,-,,,,
T623,Lance McCutcheon,TEN,WR,-,-,-,-,-,-,-,-,-,,,,
T623,Ryan McDaniel,FA,WR,-,-,-,-,-,-,500.30,-,-,,,,
T623,Alex McGough,FA,WR,-,-,-,-,-,-,-,-,-,,,,
T623,Kyric McGowan,FA,WR,-,-,-,-,-,-,-,-,-,,,,
T623,Tommy Mellott,FA,WR,-,-,169.98,-,-,-,-,-,-,,,,
T623,Bub Means,NO,WR,-,-,169.99,-,-,-,-,-,-,,,,
T623,Landon Lenoir,FA,WR,-,-,-,-,-,-,-,-,-,,,,
T623,Talolo Limu-Jones,FA,WR,-,-,-,-,-,-,-,-,-,,,,
T623,Henry Litwin,FA,WR,-,-,-,-,-,-,-,-,-,,,,
T623,Johnathan Lloyd,FA,WR,-,-,-,-,-,-,-,-,-,,,,
T623,Tyler Lockett,FA,WR,-,-,170.02,-,-,-,487.50,-,-,,,,
T623,Justin Lockhart,FA,WR,-,-,-,-,-,-,-,-,-,,,,
T623,Dominic Lovett,DET,WR,-,-,169.98,-,-,-,-,-,-,,,,
T623,Xavier Loyd,KC,WR,-,-,-,-,-,-,-,-,-,,,,
T623,Taysir Mack,FA,WR,-,-,-,-,-,-,-,-,-,,,,
T623,Ja'Mori Maclin,BUF,WR,-,-,-,-,-,-,-,-,-,,,,
T623,Joseph Manjack,DEN,WR,-,-,-,-,-,-,-,-,-,,,,
T623,Zimari Manning,FA,WR,-,-,-,-,-,-,-,-,-,,,,
T623,Keelan Marion,ATL,WR,-,-,-,-,-,-,-,-,-,,,,
T623,Gabe Marks,FA,WR,-,-,-,-,-,-,-,-,-,,,,
T623,Terrace Marshall,MIA,WR,-,-,169.99,-,-,-,-,-,-,,,,
T623,Tay Martin,DET,WR,-,-,170.00,-,-,-,-,-,-,,,,
T623,Lawrence Keys,DET,WR,-,-,-,-,-,-,-,-,-,,,Ques,Leg
T623,Ramel Keyton,FA,WR,-,-,169.99,-,-,-,-,-,-,,,,
T623,Van Jefferson,WAS,WR,-,-,169.99,-,-,-,625.70,-,-,,,,
T623,Jaray Jenkins,FA,WR,-,-,-,-,-,-,-,-,-,,,,
T623,Jakobie Keeney-James,FA,WR,-,-,169.95,-,-,-,-,-,-,,,,
T623,Josh Kelly,HOU,WR,-,-,-,-,-,-,-,-,-,,,,
T623,Tom Kennedy,DET,WR,-,-,169.98,-,-,-,-,-,-,,,,
T623,Marvin Jones,FA,WR,-,-,-,-,-,-,-,-,-,,,,
T623,Tim Jones,JAX,WR,-,-,170.00,-,-,-,-,-,-,,,,
T623,Zay Jones,FA,WR,-,-,170.02,-,-,-,-,-,-,,,,
T623,Lamar Jordan,FA,WR,-,-,-,-,-,-,-,-,-,,,,
T623,Kevin Kassis,FA,WR,-,-,-,-,-,-,410.00,-,-,,,,
T623,Charlie Jones,CIN,WR,-,-,-,-,-,-,-,-,-,,,,
T623,J.J. Jones,FA,WR,-,-,-,-,-,-,-,-,-,,,,
T623,Jacoby Jones,WAS,WR,-,-,169.99,-,-,-,-,-,-,,,,
T623,Jeshaun Jones,MIN,WR,-,-,169.98,-,-,-,-,-,-,,,,
T623,Jontre Kirklin,FA,WR,-,-,-,-,-,-,-,-,-,,,,
T623,Keith Kirkwood,FA,WR,-,-,-,-,-,-,-,-,-,,,,
T623,Shaleak Knotts,FA,WR,-,-,-,-,-,-,-,-,-,,,,
T623,Malik Knowles,FA,WR,-,-,-,-,-,-,-,-,-,,,,
T623,Aaron Lacombe,FA,WR,-,-,-,-,-,-,-,-,-,,,,
T623,Caullin Lacy,NYJ,WR,-,-,-,-,-,-,-,-,-,,,,
T623,Chris Lacy,FA,WR,-,-,-,-,-,-,-,-,-,,,,
T623,Mason Kinsey,TEN,WR,-,-,170.00,-,-,-,370.00,-,-,,,,
T623,KeAndre Lambert-Smith,LAC,WR,-,-,169.95,-,241.50,-,611.50,-,-,,,,
T623,Gage Larvadain,CLE,WR,-,-,169.99,-,-,-,-,-,-,,,,
T623,Kwamie Lassiter,FA,WR,-,-,-,-,-,-,-,-,-,,,,
T623,Kendrick Law,DET,WR,-,-,170.00,-,-,-,-,-,-,,,IR,Knee - ACL
T623,Allen Lazard,FA,WR,-,-,170.02,-,-,-,-,-,-,,,,
T623,Shane Leatherbury,FA,WR,-,-,-,-,-,-,363.00,-,-,,,,
T623,DeAndre Hopkins,FA,WR,-,-,170.01,-,-,-,537.50,-,-,,,,
T623,Jimmy Horn,CAR,WR,-,-,169.97,-,241.44,-,656.50,-,-,,,,
T623,Dennis Houston,TB,WR,-,-,169.99,-,-,-,411.00,-,-,,,,
T623,Jordan Hudson,DAL,WR,-,-,-,-,-,-,-,-,-,,,,
T623,Kyron Hudson,CHI,WR,-,-,-,-,-,-,584.50,-,-,,,,
T623,Max Hurleman,PIT,WR,-,-,-,-,-,-,-,-,-,,,,
T623,Kendall Hinton,FA,WR,-,-,-,-,-,-,-,-,-,,,,
T623,Changa Hodge,FA,WR,-,-,-,-,-,-,358.00,-,-,,,,
T623,KhaDarel Hodge,FA,WR,-,-,170.04,-,-,-,-,-,-,,,,
T623,Isaiah Hodgins,NYG,WR,-,-,169.99,-,241.10,-,-,-,-,,,,
T623,Traeshon Holden,DAL,WR,-,-,-,-,-,-,-,-,-,,,,
T623,Cyrus Holder,FA,WR,-,-,-,-,-,-,-,-,-,,,,
T623,Jimmy Holiday,KC,WR,-,-,170.00,-,-,-,-,-,-,,,,
T623,Alexander Hollins,FA,WR,-,-,-,-,-,-,-,-,-,,,,
T623,Brandon Hayes,FA,WR,-,-,-,-,-,-,647.00,-,-,,,,
T623,Malik Heath,FA,WR,-,-,170.00,-,-,-,-,-,-,,,,
T623,Jaivon Heiligh,FA,WR,-,-,-,-,-,-,-,-,-,,,,
T623,Emmanuel Henderson,SEA,WR,-,-,169.99,-,-,-,-,-,-,,,,
T623,Thomas Hennigan,FA,WR,-,-,-,-,-,-,-,-,-,,,,
T623,AJ Henning,MIA,WR,-,-,-,-,-,-,-,-,-,,,,
T623,Ra'Shaun Henry,FA,WR,-,-,-,-,-,-,-,-,-,,,,
T623,Jake Herslow,FA,WR,-,-,-,-,-,-,-,-,-,,,,
T623,Julian Hicks,FA,WR,-,-,-,-,-,-,-,-,-,,,,
T623,Aleva Hifo,FA,WR,-,-,-,-,-,-,-,-,-,,,,
T623,Deonte Harty,FA,WR,-,-,170.00,-,-,-,-,-,-,,,Ques,Knee
T623,Chris Hilton,WAS,WR,-,-,-,-,-,-,-,-,-,,,,
T623,TreVontae Hights,FA,WR,-,-,-,-,-,-,-,-,-,,,,
T623,Josh Imatorbhebhe,FA,WR,-,-,-,-,-,-,-,-,-,,,,
T623,Xavier Hutchinson,HOU,WR,322.87,-,170.01,-,242.28,-,615.50,-,-,0.78,,,
T623,John Jiles,FA,WR,-,-,-,-,-,-,-,-,-,,,Ques,Undisclosed
T623,Brandon Johnson,LV,WR,-,-,170.00,-,-,-,-,-,-,,,,
T623,Collin Johnson,FA,WR,-,-,170.01,-,-,-,-,-,-,,,,
T623,Cornelius Johnson,BAL,WR,-,-,169.99,-,-,-,-,-,-,,,,
T623,Tyler Johnson,DAL,WR,-,-,169.99,-,-,-,-,-,-,,,,
T623,Willie Johnson,FA,WR,-,-,-,-,-,-,471.30,-,-,,,,
T623,Xavier Johnson,CIN,WR,-,-,-,-,-,-,-,-,-,,,,
T623,Jamel Johnson,FA,WR,-,-,-,-,-,-,-,-,-,,,,
T623,Jaylen Johnson,FA,WR,-,-,169.98,-,-,-,-,-,-,,,,
T623,Johnny Johnson,FA,WR,-,-,-,-,-,-,-,-,-,,,,
T623,Kameron Johnson,TB,WR,-,-,170.00,-,-,-,-,-,-,,,,
T623,KeeSean Johnson,FA,WR,-,-,-,-,-,-,-,-,-,,,,
T623,Marcus Johnson,FA,WR,-,-,-,-,-,-,-,-,-,,,,
T623,Trenton Irwin,SF,WR,-,-,170.00,-,-,-,-,-,-,,,,
T623,Andy Isabella,FA,WR,-,-,-,-,-,-,-,-,-,,,Ques,Ankle
T623,Calvin Jackson,FA,WR,-,-,-,-,-,-,-,-,-,,,,
T623,Courtney Jackson,TEN,WR,-,-,-,-,-,-,-,-,-,,,,
T623,JaQuae Jackson,LAC,WR,-,-,-,-,-,-,-,-,-,,,,
T623,Jermaine Jackson,FA,WR,-,-,169.99,-,-,-,-,-,-,,,,
T623,Jha'Quan Jackson,HOU,WR,-,-,170.00,-,-,-,-,-,-,,,,
T623,Kearis Jackson,FA,WR,-,-,170.01,-,-,-,-,-,-,,,,
T623,Lucky Jackson,DET,WR,-,-,-,-,-,-,-,-,-,,,,
T623,Shedrick Jackson,LV,WR,-,-,169.99,-,-,-,-,-,-,,,,
T623,Trishton Jackson,FA,WR,-,-,170.00,-,-,-,-,-,-,,,,
T623,Sam James,FA,WR,-,-,-,-,-,-,579.80,-,-,,,,
T623,Tyshaun James,FA,WR,-,-,-,-,-,-,-,-,-,,,,
T623,Jaxon Janke,FA,WR,-,-,-,-,-,-,-,-,-,,,,
T623,Rakim Jarrett,FA,WR,-,-,170.00,-,-,-,564.60,-,-,,,,
T623,Damion Jeanpiere,FA,WR,-,-,-,-,-,-,-,-,-,,,,
T623,Beaux Collins,NYG,WR,-,-,170.00,-,-,-,-,-,-,,,Ques,Concussion
T623,Kenny Cook,FA,WR,-,-,-,-,-,-,-,-,-,,,,
T623,Malachi Corley,CLE,WR,-,-,169.98,-,-,-,-,-,-,,,,
T623,Chase Cota,FA,WR,-,-,169.99,-,-,-,-,-,-,,,,
T623,Britain Covey,PHI,WR,-,-,169.99,-,-,-,353.00,-,-,,,,
T623,Jacob Cowing,SF,WR,-,-,169.98,-,242.17,-,669.50,-,-,,,,
T623,River Cracraft,WAS,WR,-,-,170.03,-,-,-,-,-,-,,,,
T623,Josh Crockett,FA,WR,-,-,-,-,-,-,-,-,-,,,,
T623,Jamison Crowder,FA,WR,-,-,170.03,-,-,-,-,-,-,,,,
T623,Malik Cunningham,DET,WR,-,-,169.99,-,-,-,-,-,-,,,,
T623,Zach D'Orazio,FA,WR,-,-,-,-,-,-,-,-,-,,,,
T623,Mac Dalena,BUF,WR,-,-,-,-,-,-,-,-,-,,,,
T623,Jared Dangerfield,FA,WR,-,-,-,-,-,-,-,-,-,,,,
T623,Elijah Cooks,FA,WR,-,-,170.01,-,-,-,-,-,-,,,,
T623,Darius Cooper,PHI,WR,-,-,169.99,-,-,-,624.00,-,-,,,,
T623,Shaquan Davis,FA,WR,-,-,-,-,-,-,-,-,-,,,,
T623,Terrill Davis,MIN,WR,-,-,-,-,-,-,634.50,-,-,,,,
T623,Seth Dawkins,FA,WR,-,-,-,-,-,-,-,-,-,,,,
T623,Jacob De Jesus,KC,WR,-,-,-,-,-,-,-,-,-,,,,
T623,DeVonte Dedmon,FA,WR,-,-,-,-,-,-,-,-,-,,,,
T623,Nick DeGennaro,NE,WR,-,-,-,-,-,-,474.00,-,-,,,,
T623,Dallas Daniels,FA,WR,-,-,-,-,-,-,-,-,-,,,,
T623,DaVaris Daniels,FA,WR,-,-,-,-,-,-,-,-,-,,,,
T623,Frank Darby,FA,WR,-,-,-,-,-,-,-,-,-,,,,
T623,Jaelon Darden,FA,WR,-,-,170.01,-,-,-,-,-,-,,,,
T623,Corey Davis,FA,WR,-,-,-,-,-,-,-,-,-,,,,
T623,Danny Davis,FA,WR,-,-,-,-,-,-,-,-,-,,,,
T623,Davion Davis,FA,WR,-,-,-,-,-,-,-,-,-,,,,
T623,Derius Davis,LAC,WR,-,-,170.00,-,-,-,-,-,-,,,,
T623,Gabe Davis,FA,WR,-,-,170.00,-,-,-,-,-,-,,,Ques,Knee - ACL
T623,Joaquin Davis,PIT,WR,-,-,-,-,-,-,-,-,-,,,,
T623,Braxton Burmeister,FA,WR,-,-,-,-,-,-,-,-,-,,,,
T623,Deontay Burnett,FA,WR,-,-,-,-,-,-,-,-,-,,,,
T623,Jermaine Burton,FA,WR,-,-,170.00,-,-,-,-,-,-,,,,
T623,Rico Bussey,FA,WR,-,-,-,-,-,-,-,-,-,,,,
T623,Terrell Bynum,FA,WR,-,-,170.01,-,-,-,-,-,-,,,,
T623,Jeff Caldwell,KC,WR,-,-,-,71.04,-,-,632.70,-,-,,,,
T623,Cole Burgess,PIT,WR,-,-,-,-,-,-,-,-,-,,,,
T623,Alex Bullock,JAX,WR,-,-,-,-,-,-,-,-,-,,,Reserve-Ret,Undisclosed
T623,Jason Brownlee,KC,WR,-,-,169.99,-,-,-,-,-,-,,,,
T623,John Brown,FA,WR,-,-,-,-,-,-,-,-,-,,,,
T623,Sean Brown,FA,WR,-,-,-,-,-,-,-,-,-,,,,
T623,Sincere Brown,LAC,WR,-,-,-,-,-,-,-,-,-,,,,
T623,Marquez Callaway,FA,WR,-,-,170.00,-,-,-,-,-,-,,,,
T623,Dalen Cambre,NYG,WR,-,-,170.00,-,-,-,-,-,-,,,,
T623,Josh Cameron,JAX,WR,-,-,169.99,73.09,-,-,555.60,-,-,,,,
T623,Dalevon Campbell,LAC,WR,-,-,169.99,-,-,-,-,-,-,,,,
T623,Parris Campbell,DAL,WR,-,-,170.03,-,-,-,-,-,-,,,Reserve-Ret,Undisclosed
T623,Cam Camper,NYJ,WR,-,-,-,-,-,-,-,-,-,,,,
T623,DeAndre Carter,FA,WR,-,-,170.03,-,-,-,-,-,-,,,Ques,Knee
T623,Joshua Cephus,FA,WR,-,-,170.00,-,-,-,-,-,-,,,,
T623,DJ Chark,FA,WR,-,-,170.03,-,-,-,-,-,-,,,,
T623,Irvin Charles,SEA,WR,-,-,170.00,-,-,-,401.00,-,-,,,,
T623,Dan Chisena,CAR,WR,-,-,169.99,-,-,-,-,-,-,,,IR,Undisclosed
T623,Efton Chism,NE,WR,-,-,169.93,-,242.14,-,655.80,-,-,,,,
T623,Robbie Chosen,FA,WR,-,-,170.03,-,-,-,-,-,-,,,,
T623,Cody Chrest,FA,WR,-,-,-,-,-,-,-,-,-,,,,
T623,Marquez Clark,FA,WR,-,-,-,-,-,-,-,-,-,,,,
T623,Trevon Clark,FA,WR,-,-,-,-,-,-,-,-,-,,,,
T623,Chase Claypool,FA,WR,-,-,-,-,-,-,-,-,-,,,,
T623,Tyrie Cleveland,FA,WR,-,-,-,-,-,-,-,-,-,,,,
T623,Colton Dowell,SF,WR,-,-,170.00,-,-,-,-,-,-,,,,
T623,Kyle Dixon,NE,WR,-,-,-,-,-,-,-,-,-,,,,
T623,Cameron Dorner,NE,WR,-,-,-,-,-,-,-,-,-,,,,
T623,Phillip Dorsett,LV,WR,-,-,170.03,-,-,-,-,-,-,,,,
T623,Greg Dortch,DET,WR,-,-,169.96,-,242.16,-,590.40,-,-,,,,
T623,Devin Duvernay,ARI,WR,-,-,170.00,-,-,-,631.50,-,-,,,,
T623,Brennan Eagles,FA,WR,-,-,-,-,-,-,-,-,-,,,,
T623,Jerrion Ealy,FA,WR,-,-,-,-,-,-,-,-,-,,,,
T623,Tru Edwards,LAR,WR,-,-,-,-,-,-,-,-,-,,,,
T623,Dylan Drummond,ATL,WR,-,-,169.99,-,-,-,-,-,-,,,,
T623,Grant DuBose,FA,WR,-,-,170.00,-,-,-,-,-,-,,,Ques,Shoulder
T623,Reggie Diggs,FA,WR,-,-,-,-,-,-,-,-,-,,,,
T623,Emeka Emezie,FA,WR,-,-,-,-,-,-,-,-,-,,,,
T623,Alex Erickson,FA,WR,-,-,170.03,-,-,-,-,-,-,,,,
T623,Dee Eskridge,FA,WR,-,-,170.01,-,-,-,-,-,-,,,,
T623,Omari Evans,KC,WR,-,-,-,-,-,-,-,-,-,,,,
T623,Erik Ezukanma,PHI,WR,-,-,170.00,-,-,-,-,-,-,,,,
T623,Jequez Ezzard,FA,WR,-,-,-,-,-,-,-,-,-,,,,
T623,Simi Fehoko,ARI,WR,-,-,169.98,-,-,-,-,-,-,,,,
T623,Da'Quan Felton,FA,WR,-,-,-,-,-,-,-,-,-,,,Ques,Undisclosed
T623,Tai Felton,MIN,WR,-,-,169.93,-,241.28,-,668.50,-,-,,,,
T623,Isiah Ferguson,FA,WR,-,-,-,-,-,-,-,-,-,,,,
T623,Ethan Fernea,FA,WR,-,-,-,-,-,-,406.00,-,-,,,,
T623,Maurice Ffrench,FA,WR,-,-,-,-,-,-,-,-,-,,,,
T623,Dez Fitzpatrick,FA,WR,-,-,170.01,-,-,-,-,-,-,,,Ques,Undisclosed
T623,Dontae Fleming,MIN,WR,-,-,-,-,-,-,-,-,-,,,,
T623,Luke Floriea,CLE,WR,-,-,-,-,-,-,-,-,-,,,,
T623,Isaiah Ford,FA,WR,-,-,-,-,-,-,-,-,-,,,,
T623,Bryce Ford-Wheaton,FA,WR,-,-,170.00,-,-,-,511.20,-,-,,,Ques,Achilles
T623,Montorie Foster,SEA,WR,-,-,-,-,-,-,-,-,-,,,,
T623,Deshon Foxx,FA,WR,-,-,-,-,-,-,-,-,-,,,,
T623,Kaylon Geiger,FA,WR,-,-,-,-,-,-,-,-,-,,,,
T623,Xavier Gipson,NYG,WR,-,-,170.00,-,-,-,-,-,-,,,,
T623,Malik Flowers,FA,WR,-,-,-,-,-,-,-,-,-,,,,
T623,Zakhari Franklin,FA,WR,-,-,-,-,-,-,-,-,-,,,,
T623,Ty Fryfogle,FA,WR,-,-,-,-,-,-,-,-,-,,,,
T623,Travis Fulgham,FA,WR,-,-,-,-,-,-,-,-,-,,,,
T623,Russell Gage,FA,WR,-,-,170.03,-,-,-,-,-,-,,,,
T623,Kenny Golladay,FA,WR,-,-,-,-,-,-,-,-,-,,,,
T623,Josh Gordon,FA,WR,-,-,-,-,-,-,-,-,-,,,,
T623,Stephen Gosnell,BUF,WR,-,-,-,-,-,-,-,-,-,,,,
T623,Anthony Gould,IND,WR,-,-,169.99,-,-,-,680.10,-,-,,,,
T623,Danny Gray,PHI,WR,-,-,169.99,-,-,-,-,-,-,,,,
T623,Bryson Green,ARI,WR,-,-,-,-,-,-,-,-,-,,,,
T623,Garrett Greene,TB,WR,-,-,-,-,-,-,-,-,-,,,,
T623,Wesley Grimes,SF,WR,-,-,-,-,-,-,-,-,-,,,,
T623,Luke Grimm,LAC,WR,-,-,-,-,-,-,-,-,-,,,,
T623,Xavier Guillory,BAL,WR,-,-,-,-,-,-,-,-,-,,,,
T623,Sahmir Hagans,IND,WR,-,-,-,-,-,-,-,-,-,,,,
T623,Justin Hall,FA,WR,-,-,-,-,-,-,-,-,-,,,,
T623,Josh Hammond,FA,WR,-,-,-,-,-,-,-,-,-,,,,
T623,Mecole Hardman,BUF,WR,-,-,169.96,-,-,-,-,-,-,,,,
T623,Mike Harley,FA,WR,-,-,-,-,-,-,-,-,-,,,,
T623,Josh Harper,FA,WR,-,-,-,-,-,-,-,-,-,,,,
T623,De'Michael Harris,FA,WR,-,-,-,-,-,-,-,-,-,,,,
T623,Keilahn Harris,FA,WR,-,-,-,-,-,-,-,-,-,,,,
T623,Travell Harris,FA,WR,-,-,-,-,-,-,-,-,-,,,,
T623,Tony Jones,FA,RB,-,-,170.00,-,-,-,-,-,-,,,,
T623,Velus Jones,SEA,RB,-,-,170.00,-,-,-,-,-,-,,,,
T623,CJ Marable,FA,RB,-,-,-,-,-,-,-,-,-,,,,
T623,Kevin Marks,FA,RB,-,-,-,-,-,-,-,-,-,,,,
T623,Ahmani Marshall,CLE,RB,-,-,-,-,-,-,-,-,-,,,,
T623,Damien Martinez,GB,RB,-,-,169.99,-,242.27,-,-,-,-,,,,
T623,Alexander Mattison,FA,RB,-,-,170.01,-,-,-,-,-,-,,,,
T623,Nate McCrary,FA,RB,-,-,-,-,-,-,-,-,-,,,,
T623,Jase McClellan,FA,RB,-,-,170.00,-,-,-,-,-,-,,,,
T623,Taj McGowan,FA,RB,-,-,-,-,-,-,-,-,-,,,,
T623,Kenny McIntosh,FA,RB,327.91,-,169.99,-,241.82,-,685.50,-,-,,,,
T623,Jaleel McLaughlin,DEN,RB,327.88,-,169.97,-,242.23,-,-,-,-,,,,
T623,Dontae McMillan,BAL,RB,-,-,-,-,-,-,-,-,-,,,,
T623,Dedrick Mills,FA,RB,-,-,-,-,-,-,545.50,-,-,,,,
T623,Kendall Milton,CIN,RB,-,-,170.00,-,-,-,-,-,-,,,,
T623,Jordan Mims,MIN,RB,-,-,170.01,-,-,-,-,-,-,,,,
T623,Elijah Mitchell,PHI,RB,-,-,170.00,-,-,-,621.00,-,-,,,,
T623,Jeremy McNichols,WAS,RB,-,-,170.03,-,241.07,-,650.00,-,-,,,,
T623,Kirk Merritt,FA,RB,-,-,-,-,-,-,-,-,-,,,,
T623,Ellis Merriweather,FA,RB,-,-,169.99,-,-,-,-,-,-,,,,
T623,Sony Michel,FA,RB,-,-,-,-,-,-,-,-,-,,,,
T623,Dante Miller,NYG,RB,-,-,170.00,-,-,-,-,-,-,,,,
T623,Ricky Person,FA,RB,-,-,-,-,-,-,-,-,-,,,,
T623,Scottie Phillips,FA,RB,-,-,-,-,-,-,-,-,-,,,,
T623,Artavis Pierce,FA,RB,-,-,-,-,-,-,-,-,-,,,,
T623,Dameon Pierce,PHI,RB,-,-,169.99,-,-,-,653.30,-,-,,,,
T623,Josh Pitsenberger,HOU,RB,-,-,-,-,-,-,-,-,-,,,,
T623,Bilal Powell,FA,RB,-,-,-,-,-,-,-,-,-,,,,
T623,Christian Powell,FA,RB,-,-,-,-,-,-,-,-,-,,,,
T623,ShunDerrick Powell,FA,RB,-,-,-,-,-,-,-,-,-,,,,
T623,D'Vonte Price,FA,RB,-,-,-,-,-,-,-,-,-,,,,
T623,Raheem Mostert,FA,RB,-,-,170.03,-,241.17,-,-,-,-,,,Ques,Knee
T623,Kalel Mullings,TEN,RB,-,-,169.99,-,-,-,-,-,-,,,,
T623,Latavius Murray,FA,RB,-,-,-,-,-,-,-,-,-,,,,
T623,Lincoln Pare,FA,RB,-,-,-,-,-,-,-,-,-,,,Ques,Undisclosed
T623,Cordarrelle Patterson,FA,RB,-,-,170.03,-,-,-,-,-,-,,,,
T623,Jaret Patterson,LAC,RB,-,-,169.99,-,-,-,-,-,-,,,,
T623,Rashaad Penny,FA,RB,-,-,-,-,-,-,-,-,-,,,,
T623,Jaden Nixon,GB,RB,-,-,-,-,-,-,-,-,-,,,,
T623,Sone Ntoh,FA,RB,-,-,-,-,-,-,-,-,-,,,,
T623,Kene Nwangwu,NYJ,RB,-,-,170.06,-,-,-,-,-,-,,,,
T623,Dare Ogunbowale,FA,RB,-,-,170.01,-,-,-,-,-,-,,,,
T623,Jaydn Ott,KC,RB,-,-,-,58.77,-,-,-,625.50,-,,,,
T623,A.J. Ouellette,FA,RB,-,-,-,-,-,-,-,-,-,,,,
T623,Kejon Owens,FA,RB,-,-,-,-,-,-,-,-,-,,,Ques,Illness
T623,Devine Ozigbo,FA,RB,-,-,-,-,-,-,-,-,-,,,,
T623,Myles Montgomery,NE,RB,-,-,-,-,241.14,-,-,-,-,,,,
T623,Jabari Small,DET,RB,-,-,-,-,-,-,-,-,-,,,,
T623,Wendell Smallwood,FA,RB,-,-,-,-,-,-,-,-,-,,,,
T623,Abram Smith,FA,RB,-,-,-,-,-,-,-,-,-,,,,
T623,Miles Sanders,FA,RB,-,-,170.00,-,241.13,-,554.00,-,-,,,,
T623,Raheim Sanders,CLE,RB,-,-,169.96,-,241.78,-,671.50,-,-,,,,
T623,Mekhi Sargent,FA,RB,-,-,-,-,-,-,-,-,-,,,,
T623,Jacob Saylors,DET,RB,-,-,169.97,-,241.51,-,-,-,-,,,,
T623,Cody Schrader,DEN,RB,-,-,169.99,-,-,-,-,-,-,,,,
T623,Sam Scott,NYJ,RB,-,-,-,-,-,-,-,-,-,,,,
T623,Stevie Scott,FA,RB,-,-,-,-,-,-,-,-,-,,,,
T623,Zavier Scott,MIN,RB,-,-,169.98,-,-,-,-,-,-,,,,
T623,Trey Sermon,FA,RB,-,-,170.01,-,-,-,-,-,-,,,,
T623,Clint Ratkovich,FA,RB,-,-,-,-,-,-,506.40,-,-,,,,
T623,Desmond Reid,FA,RB,-,-,-,-,-,-,-,-,-,,,Ques,Undisclosed
T623,Craig Reynolds,FA,RB,-,-,169.99,-,-,-,-,-,-,,,Ques,Undisclosed
T623,Demario Richard,FA,RB,-,-,-,-,-,-,-,-,-,,,,
T623,Jalen Richard,FA,RB,-,-,-,-,-,-,-,-,-,,,,
T623,Dominic Richardson,DAL,RB,-,-,-,-,-,-,-,-,-,,,,
T623,Ronnie Rivers,LAR,RB,-,-,169.98,-,-,-,-,-,-,,,,
T623,Aidan Robbins,FA,RB,-,-,-,-,-,-,-,-,-,,,,
T623,Kye Robichaux,DET,RB,-,-,-,-,-,-,-,-,-,,,Ques,Undisclosed
T623,La'Mical Perine,FA,RB,-,-,-,-,-,-,-,-,-,,,,
T623,Deneric Prince,FA,RB,-,-,170.00,-,-,-,-,-,-,,,,
T623,Trey Ragas,FA,RB,-,-,-,-,-,-,-,-,-,,,,
T623,Kairee Robinson,FA,RB,-,-,-,-,-,-,-,-,-,,,,
T623,Keilan Robinson,FA,RB,-,-,169.98,-,-,-,-,-,-,,,Ques,Undisclosed
T623,Jordon Vaughn,FA,RB,-,-,-,-,-,-,-,-,-,,,,
T623,Ke'Shawn Vaughn,FA,RB,-,-,170.01,-,-,-,-,-,-,,,,
T623,CJ Verdell,FA,RB,-,-,-,-,-,-,-,-,-,,,,
T623,Anthony Tyus,CAR,RB,-,-,-,-,-,-,-,-,-,,,,
T623,Sione Vaki,DET,RB,-,-,169.96,-,241.30,-,618.10,-,-,,,Ques,Eye
T623,Xazavian Valladay,FA,RB,-,-,170.00,-,-,-,-,-,-,,,,
T623,Chip Trayanum,NYJ,RB,-,-,-,-,-,-,-,-,-,,,,
T623,Patrick Taylor,SF,RB,-,-,170.00,-,-,-,-,-,-,,,,
T623,Master Teague,FA,RB,-,-,-,-,-,-,-,-,-,,,,
T623,SaRodorick Thompson,FA,RB,-,-,169.99,-,-,-,-,-,-,,,,
T623,DeAndre Torrey,FA,RB,-,-,-,-,-,-,-,-,-,,,,
T623,EJ Smith,KC,RB,-,-,-,-,-,-,-,-,-,,,,
T623,Ito Smith,FA,RB,-,-,-,-,-,-,-,-,-,,,,
T623,Rodney Smith,FA,RB,-,-,-,-,-,-,-,-,-,,,,
T623,Benny Snell,FA,RB,-,-,-,-,-,-,-,-,-,,,,
T623,Isaiah Spiller,FA,RB,-,-,-,-,-,-,-,-,-,,,,
T623,Darren Sproles,FA,RB,-,-,-,-,-,-,-,-,-,,,,
T623,William Stanback,FA,RB,-,-,-,-,-,-,-,-,-,,,,
T623,Carson Steele,PHI,RB,-,-,169.98,-,-,-,-,-,-,,,,
T623,Terion Stewart,FA,RB,-,-,-,-,-,-,-,-,-,,,,
T623,Tre Stewart,FA,RB,-,-,-,-,-,-,-,-,-,,,,
T623,Pierre Strong,GB,RB,-,-,169.97,-,241.29,-,628.50,-,-,,,,
T623,Elijah Tau-Tolliver,BAL,RB,-,-,-,-,-,-,-,-,-,,,,
T623,Corey Taylor,FA,RB,-,-,-,-,-,-,-,-,-,,,,
T623,J'Mari Taylor,JAX,RB,-,-,-,61.80,240.97,-,611.00,-,271.50,,,,
T623,J.J. Taylor,FA,RB,-,-,170.00,-,-,-,-,-,-,,,,
T623,Josh Babicz,FA,TE,-,-,-,-,-,-,-,-,-,,,,
T623,Stephen Baggett,FA,TE,-,-,-,-,-,-,-,-,-,,,,
T623,Nick Bowers,FA,TE,-,-,-,-,-,-,-,-,-,,,,
T623,Nick Boyle,FA,TE,-,-,-,-,-,-,-,-,-,,,,
T623,Jerand Bradley,LAC,TE,-,-,-,-,-,-,-,-,-,,,,
T623,Jacob Breeland,FA,TE,-,-,-,-,-,-,-,-,-,,,,
T623,Cade Brewer,FA,TE,-,-,-,-,-,-,-,-,-,,,,
T623,Jake Briningstool,KC,TE,-,-,-,-,-,-,-,-,-,,,,
T623,Gavin Bartholomew,MIN,TE,-,-,169.97,-,-,-,-,-,-,,,Ques,Back
T623,Brenden Bates,CLE,TE,-,-,170.01,-,-,-,-,-,-,,,,
T623,John Bates,WAS,TE,-,-,170.00,-,-,-,672.00,-,-,,,Ques,Hamstring
T623,Ben Beise,FA,TE,-,-,-,-,-,-,400.00,-,-,,,,
T623,Drew Belcher,FA,TE,-,-,-,-,-,-,-,-,-,,,,
T623,Blake Bell,FA,TE,-,-,-,-,-,-,-,-,-,,,,
T623,Jaheim Bell,PIT,TE,-,-,170.00,-,-,-,-,-,-,,,,
T623,Daniel Bellinger,TEN,TE,-,-,169.97,-,243.85,-,530.40,-,-,,,,
T623,Dallen Bentley,DEN,TE,-,-,169.98,-,-,-,-,-,-,,,,
T623,Shaun Beyer,FA,TE,-,-,-,-,-,-,-,-,-,,,,
T623,Kendall Blanton,FA,TE,-,-,-,-,-,-,-,-,-,,,,
T623,Pharaoh Brown,FA,TE,-,-,170.03,-,-,-,-,-,-,,,,
T623,Harrison Bryant,FA,TE,-,-,170.01,-,-,-,-,-,-,,,Ques,Undisclosed
T623,Jake Burt,FA,TE,-,-,-,-,-,-,-,-,-,,,,
T623,Trey Burton,FA,TE,-,-,-,-,-,-,-,-,-,,,,
T623,Matt Bushman,FA,TE,-,-,-,-,-,-,-,-,-,,,,
T623,Lawrence Cager,WAS,TE,-,-,170.00,-,-,-,-,-,-,,,,
T623,Grant Calcaterra,PHI,TE,-,-,170.00,-,-,-,456.00,-,-,,,,
T623,Sal Cannella,FA,TE,-,-,169.95,-,-,-,-,-,-,,,,
T623,Stephen Carlson,CHI,TE,-,-,170.00,-,-,-,-,-,-,,,,
T623,Derek Carrier,FA,TE,-,-,-,-,-,-,-,-,-,,,,
T623,Roger Carter,FA,TE,-,-,-,-,-,-,-,-,-,,,,
T623,McCallan Castles,FA,TE,-,-,-,-,-,-,-,-,-,,,,
T623,Charles Clay,FA,TE,-,-,-,-,-,-,-,-,-,,,,
T623,Tyler Conklin,DET,TE,-,-,169.99,-,241.26,-,667.30,-,-,,,PUP-P,Knee
T623,Ethan Conner,JAX,TE,-,-,-,-,-,-,-,-,-,,,,
T623,Tanner Conner,NYG,TE,-,-,170.01,-,-,-,469.00,-,-,,,,
T623,Jalin Conyers,FA,TE,-,-,-,-,-,-,-,-,-,,,,
T623,Jared Cook,FA,TE,-,-,-,-,-,-,-,-,-,,,,
T623,Chase Allen,FA,TE,-,-,-,-,-,-,-,-,-,,,,
T623,Davis Allen,LAR,TE,-,-,169.99,-,-,-,-,-,-,,,Ques,Quadriceps
T623,Stephen Anderson,FA,TE,-,-,-,-,-,-,-,-,-,,,,
T623,Owen Wright,FA,RB,-,-,169.99,-,-,-,-,-,-,,,,
T623,Tanner Arkin,NE,TE,-,-,-,-,-,-,-,-,-,,,,
T623,Dan Arnold,FA,TE,-,-,-,-,-,-,-,-,-,,,,
T623,Jeff Wilson,FA,RB,-,-,170.03,-,-,-,-,-,-,,,,
T623,Jacardia Wright,SEA,RB,-,-,169.99,-,-,-,-,-,-,,,,
T623,Josh Williams,TB,RB,-,-,169.95,-,-,-,-,-,-,,,,
T623,Pooka Williams,FA,RB,-,-,-,-,-,-,-,-,-,,,,
T623,Rasheed Williams,FA,RB,-,-,-,-,-,-,-,-,-,,,,
T623,Trayveon Williams,FA,RB,-,-,170.01,-,-,-,-,-,-,,,,
T623,De'Montre Tuggle,FA,RB,-,-,-,-,-,-,-,-,-,,,,
T623,Xavier Turner,FA,RB,-,-,-,-,-,-,-,-,-,,,,
T623,Carlos Washington,MIA,RB,-,-,169.99,-,-,-,-,-,-,,,,
T623,Jonathan Ward,FA,RB,-,-,170.01,-,-,-,-,-,-,,,,
T623,Jordan Waters,LAR,RB,-,-,-,-,-,-,-,-,-,,,,
T623,Blake Watson,FA,RB,-,-,169.99,-,-,-,-,-,-,,,Ques,Undisclosed
T623,Devwah Whaley,FA,RB,-,-,-,-,-,-,-,-,-,,,,
T623,Ian Wheeler,BUF,RB,-,-,-,-,-,-,-,-,-,,,,
T623,Zamir White,FA,RB,-,-,169.98,-,-,-,-,-,-,,,,
T623,ZaQuandre White,FA,RB,-,-,-,-,-,-,-,-,-,,,,
T623,Noah Whittington,HOU,RB,-,-,-,-,-,-,-,-,-,,,,
T623,Michael Wiley,FA,RB,-,-,169.99,-,-,-,-,-,-,,,Ques,Undisclosed
T623,Antonio Williams,FA,RB,219.75,-,-,-,-,-,-,-,-,,,,
T623,D.J. Williams,FA,RB,-,-,169.99,-,-,-,-,-,-,,,Ques,Undisclosed
T623,Zach Ertz,FA,TE,-,-,170.01,-,244.44,-,605.60,-,-,,,Ques,Knee - ACL
T623,Mitchell Evans,CAR,TE,-,-,169.97,-,241.17,-,608.90,-,-,,,,
T623,Gerald Everett,FA,TE,-,-,170.00,-,-,-,-,-,-,,,,
T623,Michael Ezeike,FA,TE,-,-,-,-,-,-,-,-,-,,,,
T623,Rivaldo Fairweather,ARI,TE,-,-,-,-,-,-,-,-,-,,,,
T623,Princeton Fant,DAL,TE,-,-,169.98,-,-,-,-,-,-,,,Ques,Knee
T623,Luke Farrell,SF,TE,-,-,170.00,-,-,-,-,-,-,,,,
T623,Thomas Fidone,NYG,TE,-,-,169.99,-,-,-,-,-,-,,,,
T623,Anthony Firkser,DET,TE,-,-,170.02,-,-,-,-,-,-,,,Ques,Leg
T623,Tucker Fisk,FA,TE,-,-,170.00,-,-,-,643.00,-,-,,,,
T623,John FitzPatrick,FA,TE,-,-,170.01,-,-,-,-,-,-,,,Ques,Achilles
T623,Kenny Fletcher,TB,TE,-,-,-,-,-,-,-,-,-,,,,
T623,Miller Forristall,FA,TE,-,-,-,-,-,-,-,-,-,,,,
T623,Austin Fort,FA,TE,-,-,-,-,-,-,-,-,-,,,,
T623,Jody Fortson,FA,TE,-,-,170.01,-,-,-,-,-,-,,,,
T623,Cole Fotheringham,FA,TE,-,-,-,-,-,-,464.70,-,-,,,,
T623,Feleipe Franks,CAR,TE,-,-,170.00,-,-,-,367.00,-,-,,,,
T623,Garrett Dickerson,FA,TE,-,-,-,-,-,-,-,-,-,,,,
T623,Khalil Dinkins,FA,TE,-,-,-,-,-,-,-,-,-,,,Ques,Undisclosed
T623,CJ Dippre,NE,TE,-,-,169.98,-,-,-,-,-,-,,,PUP-P,Undisclosed
T623,Will Dissly,FA,TE,-,-,170.03,-,-,-,-,-,-,,,Ques,Undisclosed
T623,Payne Durham,TB,TE,-,-,169.98,-,-,-,-,-,-,,,,
T623,Ross Dwelley,FA,TE,-,-,170.02,-,-,-,-,-,-,,,,
T623,Eric Ebron,FA,TE,-,-,-,-,-,-,-,-,-,,,,
T623,Jack Endries,CIN,TE,-,-,170.00,60.50,-,-,507.60,-,-,,,,
T623,Micky Crum,FA,TE,-,-,-,-,-,-,-,-,-,,,,
T623,Josh Cuevas,BAL,TE,-,-,169.98,-,-,-,681.50,-,-,,,,
T623,Devin Culp,TB,TE,-,-,170.01,-,-,-,-,-,-,,,,
T623,Baylor Cupp,FA,TE,-,-,169.99,-,-,-,-,-,-,,,,
T623,Chase Curtis,NYJ,TE,-,-,-,-,-,-,-,-,-,,,,
T623,Drake Dabney,GB,TE,-,-,169.98,-,-,-,-,-,-,,,,
T623,Zach Davidson,FA,TE,-,-,170.00,-,-,-,-,-,-,,,,
T623,Tyler Davis,FA,TE,-,-,-,-,-,-,-,-,-,,,,
T623,Patrick Gurd,LV,TE,-,-,-,-,-,-,-,-,-,,,,
T623,John Michael Gyllenborg,KC,TE,-,-,-,-,-,-,593.20,-,-,,,IR,Knee
T623,Heinrich Haarberg,FA,TE,-,-,-,-,-,-,652.50,-,-,,,,
T623,Jeremiah Hall,FA,TE,-,-,-,-,-,-,-,-,-,,,,
T623,Louis Hansen,FA,TE,-,-,-,-,-,-,645.50,-,-,,,,
T623,Cody Hardy,NO,TE,-,-,-,-,-,-,-,-,-,,,,
T623,Jackson Hawes,BUF,TE,-,-,169.92,-,-,-,646.50,-,-,,,,
T623,Nolan Givan,FA,TE,-,-,-,-,-,-,397.00,-,-,,,,
T623,J.J. Galbreath,PIT,TE,-,-,-,-,-,-,-,-,-,,,,
T623,Jameson Geers,ARI,TE,-,-,-,-,-,-,-,-,-,,,,
T623,Derrick Deese,FA,TE,-,-,-,-,-,-,-,-,-,,,,
T623,Josiah Deguara,SF,TE,-,-,170.01,-,-,-,-,-,-,,,,
T623,Troy Fumagalli,FA,TE,-,-,-,-,-,-,-,-,-,,,,
T623,Devin Funchess,FA,TE,-,-,-,-,-,-,-,-,-,,,,
T623,Tyler Higbee,LAR,TE,-,-,169.87,-,256.48,-,539.70,-,-,0.74,,,
T623,Elijah Higgins,ARI,TE,-,-,169.96,-,242.29,-,587.90,-,-,,,,
T623,Julian Hill,NE,TE,-,-,170.01,-,-,-,-,-,-,,,IR,Knee
T623,Patrick Herbert,JAX,TE,-,-,-,-,-,-,-,-,-,,,,
T623,Chris Herndon,FA,TE,-,-,-,-,-,-,-,-,-,,,,
T623,Parker Hesse,FA,TE,-,-,170.03,-,-,-,-,-,-,,,,
T623,Seth Green,FA,TE,-,-,-,-,-,-,-,-,-,,,,
T623,Xavier Grimble,FA,TE,-,-,-,-,-,-,-,-,-,,,,
T623,Peyton Hendershot,FA,TE,-,-,170.01,-,-,-,-,-,-,,,,
T623,Thomas Gordon,DET,TE,-,-,-,-,-,-,-,-,-,,,,
T623,Cam Grandy,CIN,TE,-,-,169.99,-,-,-,-,-,-,,,Ques,Chest
T623,Colin Granger,FA,TE,-,-,-,-,-,-,-,-,-,,,,
T623,Kylen Granson,TEN,TE,-,-,170.01,-,-,-,-,-,-,,,,
T623,Micah Abernathy,FA,S,-,-,170.15,-,-,-,-,-,-,,,,
T623,Johnathan Abram,FA,S,-,-,170.29,-,-,-,-,-,-,,,,
T623,Jamal Adams,MIN,S,-,-,171.49,-,-,-,-,605.20,-,,,,
T623,Tony Adams,TEN,S,-,-,170.79,-,-,-,-,-,-,,,,
T623,Nasir Adderley,FA,S,-,-,-,-,-,-,-,-,-,,,,
T623,Jon Alexander,FA,S,-,-,-,-,-,-,-,-,-,,,,
T623,Ugo Amadi,FA,S,-,-,170.00,-,-,-,-,-,-,,,,
T623,Adrian Amos,FA,S,-,-,172.96,-,-,-,-,-,-,,,,
T623,Tycen Anderson,DEN,S,-,-,169.72,-,-,-,-,-,-,,,,
T623,Zayne Anderson,MIA,S,-,-,169.89,-,-,-,-,-,-,,,,
T623,Daijahn Anthony,CIN,S,-,-,170.00,-,-,-,-,-,-,,,,
T623,Grayland Arnold,FA,S,-,-,-,-,-,-,-,-,-,,,,
T623,Noah Avinger,LAC,S,-,-,-,-,-,-,-,-,-,,,,
T623,Budda Baker,ARI,S,-,-,149.25,-,-,-,-,204.50,-,4.03,1.00,,
T623,Marcus Banks,TB,S,-,-,-,-,-,-,-,-,-,,,,
T623,Jessie Bates,ATL,S,-,-,175.11,-,-,-,-,283.80,-,3.50,,,
T623,John Battle,FA,S,-,-,-,-,-,-,-,585.00,-,,,,
T623,Jordan Battle,CIN,S,-,-,172.47,-,-,-,-,386.80,-,,0.80,,
T623,D'Anthony Bell,SEA,S,-,-,170.81,-,-,-,-,-,-,,,,
T623,Markquese Bell,DAL,S,-,-,170.18,-,-,-,-,-,-,,,,
T623,Vonn Bell,FA,S,-,-,171.19,-,-,-,-,-,-,,,,
T623,Dane Belton,NYJ,S,-,-,170.38,-,-,-,-,642.00,-,,,,
T623,Cole Bishop,BUF,S,-,-,177.19,-,-,-,-,377.60,-,,0.40,Ques,Knee
T623,Julian Blackmon,NO,S,-,-,170.28,-,-,-,-,-,-,,,,
T623,Marquise Blair,FA,S,-,-,170.00,-,-,-,-,-,-,,,,
T623,Reed Blankenship,HOU,S,-,-,169.96,-,-,-,-,431.90,-,,0.20,,
T623,Joey Blount,ARI,S,-,-,170.00,-,-,-,-,-,-,,,Ques,Undisclosed
T623,Bubba Bolden,FA,S,-,-,-,-,-,-,-,-,-,,,,
T623,Billy Bowman,ATL,S,-,-,173.32,-,-,-,-,-,-,,,PUP-P,Achilles
T623,Beau Brade,NYG,S,-,-,170.00,-,-,-,-,-,-,,,,
T623,Brian Branch,DET,S,-,-,170.97,-,-,-,-,191.10,-,,0.80,PUP-P,Achilles
T623,Jaquan Brisker,PIT,S,-,-,177.73,-,-,-,-,332.50,-,,0.40,,
T623,Kendell Brooks,TEN,S,-,-,170.00,-,-,-,-,-,-,,,,
T623,Larry Brooks,FA,S,-,-,-,-,-,-,-,-,-,,,,
T623,Aamaris Brown,DET,S,-,-,-,-,-,-,-,-,-,,,,
T623,Austin Brown,IND,S,-,-,-,-,-,-,-,-,-,,,,
T623,Ji'Ayir Brown,SF,S,-,-,170.94,-,-,-,-,662.30,-,,,,
T623,Mike Brown,NE,S,-,-,170.00,-,-,-,-,-,-,,,,
T623,Omar Brown,MIA,S,-,-,170.00,-,-,-,-,-,-,,,,
T623,Sydney Brown,ATL,S,-,-,170.86,-,-,-,-,-,-,,,,
T623,Coby Bryant,CHI,S,-,-,170.78,-,-,-,-,463.40,-,,,Ques,Knee
T623,Javon Bullard,GB,S,-,-,170.62,-,-,-,-,492.80,-,,,,
T623,Calen Bullock,HOU,S,-,-,169.66,-,-,-,-,624.40,-,,,,
T623,Terrell Burgess,NO,S,-,-,170.00,-,-,-,-,-,-,,,,
T623,Major Burns,MIA,S,-,-,-,-,-,-,-,-,-,,,,
T623,Deon Bush,FA,S,-,-,173.18,-,-,-,-,-,-,,,Ques,Achilles
T623,Percy Butler,WAS,S,-,-,170.00,-,-,-,-,-,-,,,,
T623,Kevin Byard,NE,S,-,-,176.33,-,-,-,-,274.70,-,2.38,,,
T623,Camryn Bynum,IND,S,-,-,172.64,-,-,-,-,424.80,-,,,,
T623,Elijah Campbell,NYG,S,-,-,170.00,-,-,-,-,-,-,,,,
T623,Derrick Canteen,TEN,S,-,-,-,-,-,-,-,-,-,,,,
T623,Sebastian Castro,PIT,S,-,-,-,-,-,-,-,-,-,,,,
T623,Andre Chachere,FA,S,-,-,171.68,-,-,-,-,-,-,,,,
T623,Duce Chestnut,FA,S,-,-,-,-,-,-,-,-,-,,,,
T623,Zion Childress,DAL,S,-,-,170.00,-,-,-,-,-,-,,,Ques,Hamstring
T623,Jeremy Chinn,LV,S,-,-,164.03,-,-,-,-,282.70,-,,1.20,,
T623,Lewis Cine,FA,S,-,-,170.00,-,-,-,-,-,-,,,,
T623,Andre Cisco,NYJ,S,-,-,170.00,-,-,-,-,-,-,,,Ques,Pectoral
T623,Alijah Clark,DAL,S,-,-,169.68,-,-,-,-,-,-,,,,
T623,Bud Clark,SEA,S,-,-,170.40,67.60,-,-,-,-,-,,,,
T623,Chuck Clark,DET,S,-,-,172.26,-,-,-,-,656.50,-,,,,
T623,Dean Clark,NYJ,S,-,-,170.00,-,-,-,-,-,-,,,,
T623,Hudson Clark,FA,S,-,-,-,-,-,-,-,-,-,,,,
T623,Adrian Colbert,FA,S,-,-,173.42,-,-,-,-,-,-,,,,
T623,Chamarri Conner,KC,S,-,-,177.93,-,-,-,-,250.40,-,3.16,0.80,,
T623,Alex Cook,LAR,S,-,-,169.72,-,-,-,-,-,-,,,,
T623,Bryan Cook,CIN,S,-,-,173.05,-,-,-,-,618.00,-,,,,
T623,Kitan Crawford,ARI,S,-,-,170.00,-,-,-,-,-,-,,,Ques,Ankle
T623,Nick Cross,WAS,S,-,-,171.86,-,-,-,-,187.40,-,,0.80,,
T623,Dane Cruikshank,FA,S,-,-,170.00,-,-,-,-,-,-,,,,
T623,Kamren Curl,LAR,S,-,-,165.20,-,-,-,-,195.30,-,3.36,0.80,,
T623,Marcel Dabo,FA,S,-,-,-,-,-,-,-,-,-,,,,
T623,Ashtyn Davis,SF,S,-,-,170.00,-,-,-,-,-,-,,,,
T623,Elliott Davison,NO,S,-,-,-,-,-,-,-,-,-,,,,
T623,Cooper DeJean,PHI,S,-,-,153.43,-,-,-,-,269.00,-,,2.00,,
T623,Grant Delpit,CLE,S,-,-,174.12,-,-,-,-,408.10,-,,,,
T623,Ben DeLuca,FA,S,-,-,-,-,-,-,-,-,-,,,,
T623,Trevor Denbow,FA,S,-,-,170.00,-,-,-,-,-,-,,,,
T623,Quandre Diggs,FA,S,-,-,172.99,-,-,-,-,-,-,,,,
T623,Malik Dixon-Williams,FA,S,-,-,-,-,-,-,-,-,-,,,,
T623,Caleb Downs,DAL,S,-,-,167.29,28.80,-,-,-,145.00,-,,0.20,,
T623,Kyle Dugger,CIN,S,-,-,170.00,-,-,-,-,-,-,,,,
T623,Christopher Edmonds,CLE,S,-,-,170.00,-,-,-,-,-,-,,,,
T623,Terrell Edmunds,FA,S,-,-,171.64,-,-,-,-,-,-,,,,
T623,Mike Edwards,FA,S,-,-,171.79,-,-,-,-,-,-,,,,
T623,DeShon Elliott,PIT,S,-,-,177.23,-,-,-,-,359.10,-,3.55,0.60,,
T623,Jalen Elliott,FA,S,-,-,170.00,-,-,-,-,-,-,,,,
T623,Nick Emmanwori,SEA,S,-,-,115.75,-,-,-,-,251.20,-,,2.60,PUP-P,Ankle
T623,Marcus Epps,PHI,S,-,-,172.21,-,-,-,-,-,-,,,,
T623,AJ Finley,SEA,S,-,-,170.03,-,-,-,-,-,-,,,Ques,Knee
T623,Bishop Fitzgerald,TEN,S,-,-,-,-,-,-,-,-,-,,,,
T623,Minkah Fitzpatrick,NYJ,S,-,-,176.21,-,-,-,-,419.60,-,2.10,0.40,,
T623,Darrick Forrest,SF,S,-,-,170.00,-,-,-,-,-,-,,,IR,Undisclosed
T623,Sam Franklin,BUF,S,-,-,170.00,-,-,-,-,-,-,,,,
T623,Jordan Fuller,FA,S,-,-,170.00,-,-,-,-,-,-,,,,
T623,C.J. Gardner-Johnson,BUF,S,-,-,-,-,-,-,-,598.00,-,,,Ques,Calf
T623,Marcus Gilchrist,FA,S,-,-,-,-,-,-,-,-,-,,,,
T623,Alohi Gilman,KC,S,-,-,176.92,-,-,-,-,595.90,-,2.46,0.40,,
T623,Tashaun Gipson,FA,S,-,-,171.68,-,-,-,-,-,-,,,,
T623,Devin Grant,LAC,S,-,-,-,-,-,-,-,-,-,,,,
T623,Richie Grant,FA,S,-,-,170.00,-,-,-,-,-,-,,,,
T623,J.T. Gray,PHI,S,-,-,172.13,-,-,-,-,-,-,,,,
T623,Kapena Gushiken,PHI,S,-,-,-,-,-,-,-,-,-,,,,
T623,Kahlef Hailassie,MIN,S,-,-,170.00,-,-,-,-,-,-,,,,
T623,Erick Hallett,TEN,S,-,-,170.00,-,-,-,-,-,-,,,,
T623,Kyle Hamilton,BAL,S,-,-,114.07,-,-,-,-,106.60,-,,4.00,,
T623,Damar Hamlin,BUF,S,-,-,170.00,-,-,-,-,-,-,,,,
T623,Jordan Hancock,BUF,S,-,-,170.00,-,-,-,-,-,-,,,,
T623,Thomas Harper,DET,S,-,-,170.74,-,-,-,-,-,-,,,Ques,Concussion
T623,Will Harris,WAS,S,-,-,169.95,-,-,-,-,-,-,,,,
T623,A.J. Haulcy,IND,S,-,-,171.69,48.71,-,-,-,215.40,-,,,,
T623,Jaylinn Hawkins,BAL,S,-,-,170.00,-,-,-,-,-,-,,,,
T623,DeMarcco Hellams,ATL,S,-,-,170.00,-,-,-,-,-,-,,,Ques,Hamstring
T623,Jack Henderson,PIT,S,-,-,-,-,-,-,-,-,-,,,,
T623,Ronnie Hickman,CLE,S,-,-,175.74,-,-,-,-,578.70,-,,0.20,,
T623,Elijah Hicks,CHI,S,-,-,171.11,-,-,-,-,-,-,,,PUP-P,Shin
T623,Jaden Hicks,KC,S,-,-,170.00,-,-,-,-,649.60,-,,,,
T623,Brandon Hill,FA,S,-,-,170.00,-,-,-,-,-,-,,,,
T623,Jevon Holland,NYG,S,-,-,171.67,-,-,-,-,699.20,-,1.88,,Ques,Knee
T623,Maxen Hook,SEA,S,-,-,-,-,-,-,-,-,-,,,,
T623,Amani Hooker,TEN,S,-,-,175.60,-,-,-,-,510.70,-,,,,
T623,Malik Hooker,DAL,S,-,-,172.71,-,-,-,-,-,-,1.04,,,
T623,Jordan Howden,NO,S,-,-,170.83,-,-,-,-,-,-,,,,
T623,Talanoa Hufanga,DEN,S,-,-,154.99,-,-,-,-,298.80,-,,1.40,,
T623,Jalen Huskey,JAX,S,-,-,170.00,-,-,-,-,-,-,,,,
T623,Desmond Igbinosun,FA,S,-,-,-,-,-,-,-,-,-,,,,
T623,Tanner Ingle,LAR,S,-,-,170.00,-,-,-,-,-,-,,,,
T623,Daniel Isom,FA,S,-,-,-,-,-,-,-,-,-,,,,
T623,Christian Izien,DET,S,-,-,170.49,-,-,-,-,-,-,,,,
T623,Dan Jackson,DET,S,-,-,170.00,-,-,-,-,-,-,,,Ques,Leg
T623,Eddie Jackson,FA,S,-,-,171.27,-,-,-,-,-,-,,,,
T623,Kareem Jackson,FA,S,-,-,169.00,-,-,-,-,-,-,,,,
T623,Keondre Jackson,BAL,S,-,-,170.25,-,-,-,-,-,-,,,,
T623,Matthew Jackson,FA,S,-,-,170.00,-,-,-,-,-,-,,,,
T623,Theo Jackson,MIN,S,-,-,170.40,-,-,-,-,-,-,,,,
T623,Derwin James,LAC,S,-,-,138.40,-,-,-,-,123.00,-,4.31,1.40,,
T623,Tony Jefferson,LAC,S,-,-,172.26,-,-,-,-,-,-,,,,
T623,Rayshawn Jenkins,PIT,S,-,-,173.22,-,-,-,-,-,-,,,,
T623,Anthony Johnson,CHI,S,-,-,170.00,-,-,-,-,-,-,,,,
T623,Antonio Johnson,JAX,S,-,-,171.27,-,-,-,-,661.60,-,,,,
T623,Dalton Johnson,LV,S,-,-,170.00,-,-,-,-,-,-,,,,
T623,John Johnson,FA,S,-,-,172.09,-,-,-,-,-,-,,,,
T623,Lonnie Johnson,MIA,S,-,-,170.00,-,-,-,-,-,-,,,,
T623,Quindell Johnson,FA,S,-,-,170.00,-,-,-,-,-,-,,,,
T623,Tysheem Johnson,FA,S,-,-,-,-,-,-,-,-,-,,,,
T623,Brandon Jones,DEN,S,-,-,173.71,-,-,-,-,418.00,-,,,Ques,Pectoral
T623,Colin Jones,FA,S,-,-,-,-,-,-,-,-,-,,,,
T623,Brandon Joseph,FA,S,-,-,170.00,-,-,-,-,-,-,,,,
T623,Kerby Joseph,DET,S,-,-,170.72,-,-,-,-,470.70,-,,,PUP-P,Knee
T623,PJ Jules,CIN,S,-,-,170.00,-,-,-,-,-,-,,,,
T623,Sanoussi Kane,TEN,S,-,-,170.00,-,-,-,-,-,-,,,IR,Undisclosed
T623,Damontae Kazee,FA,S,-,-,173.63,-,-,-,-,-,-,,,,
T623,Murvin Kenion,GB,S,-,-,-,-,-,-,-,-,-,,,,
T623,Devon Key,DEN,S,-,-,170.00,-,-,-,-,-,-,,,,
T623,Jaylen Key,FA,S,-,-,170.00,-,-,-,-,-,-,,,,
T623,Jalon Kilgore,BUF,S,-,-,170.13,75.89,-,-,-,-,-,,,,
T623,Miles Killebrew,TB,S,-,-,173.23,-,-,-,-,-,-,,,,
T623,Kamren Kinchens,LAR,S,-,-,169.68,-,-,-,-,683.20,-,,,,
T623,Qwuantrezz Knight,WAS,S,-,-,169.83,-,-,-,-,-,-,,,,
T623,Kevin Knowles,KC,S,-,-,170.00,-,-,-,-,-,-,,,,
T623,Devin Lafayette,LV,S,-,-,-,-,-,-,-,-,-,,,,
T623,Quentin Lake,LAR,S,-,-,153.23,-,-,-,-,413.60,-,,1.00,,
T623,Rayuan Lane,JAX,S,-,-,170.00,-,-,-,-,-,-,,,,
T623,Tucker Large,PHI,S,-,-,-,-,-,-,-,-,-,,,NFI-R,Undisclosed
T623,Raheem Layne,NYG,S,-,-,170.00,-,-,-,-,-,-,,,,
T623,P.J. Locke,DAL,S,-,-,171.11,-,-,-,-,-,-,,,Ques,Knee
T623,Julian Love,SEA,S,-,-,175.61,-,-,-,-,280.90,-,2.44,0.20,,
T623,Reuben Lowery,IND,S,-,-,170.00,-,-,-,-,-,-,,,Reserve-Ret,Undisclosed
T623,Quan Martin,WAS,S,-,-,171.79,-,-,-,-,-,-,,,,
T623,Tyrann Mathieu,FA,S,-,-,172.09,-,-,-,-,-,-,,,,
T623,Marcus Maye,FA,S,-,-,173.54,-,-,-,-,-,-,,,,
T623,Bobby McCain,FA,S,-,-,172.69,-,-,-,-,-,-,,,,
T623,Tanner McCalister,KC,S,-,-,170.00,-,-,-,-,-,-,,,,
T623,Jaylen McCollough,LAR,S,-,-,170.69,-,-,-,-,-,-,,,,
T623,Tristin McCollum,LV,S,-,-,170.00,-,-,-,-,-,-,,,,
T623,Robert McDaniel,WAS,S,-,-,-,-,-,-,-,-,-,,,,
T623,Xavier McKinney,GB,S,-,-,171.70,-,-,-,-,291.50,-,2.89,0.80,,
T623,Donovan McMillon,CLE,S,-,-,170.00,-,-,-,-,-,-,,,,
T623,Patrick McMorris,SF,S,-,-,170.00,-,-,-,-,-,-,,,,
T623,Emmanuel McNeil-Warren,CLE,S,-,-,170.40,54.24,-,-,-,224.10,-,,,,
T623,Jairon McVea,FA,S,-,-,-,-,-,-,-,-,-,,,,
T623,Ifeatu Melifonwu,TB,S,-,-,170.62,-,-,-,-,-,-,,,,
T623,Kaevon Merriweather,HOU,S,-,-,170.00,-,-,-,-,-,-,,,,
T623,Josh Metellus,MIN,S,-,-,176.05,-,-,-,-,394.40,-,,0.40,Ques,Shoulder
T623,RJ Mickens,LAC,S,-,-,170.00,-,-,-,-,-,-,,,,
T623,Jalen Mills,FA,S,-,-,173.24,-,-,-,-,-,-,,,,
T623,Tre'von Moehrig,CAR,S,-,-,178.45,-,-,-,-,223.40,-,3.86,0.80,,
T623,Elijah Molden,LAC,S,-,-,169.90,-,-,-,-,-,-,,,,
T623,Jarius Monroe,NYJ,S,-,-,170.00,-,-,-,-,-,-,,,,
T623,Louis Moore,MIA,S,-,-,-,-,-,-,-,-,-,,,,
T623,Malachi Moore,NYJ,S,-,-,170.87,-,-,-,-,668.00,-,,,,
T623,Tarvarius Moore,FA,S,-,-,170.00,-,-,-,-,-,-,,,,
T623,Jordan Mosley,FA,S,-,-,-,-,-,-,-,-,-,,,,
T623,Israel Mukuamu,FA,S,-,-,170.00,-,-,-,-,-,-,,,,
T623,Andrew Mukuba,PHI,S,-,-,170.77,-,-,-,-,634.00,-,,,,
T623,Eric Murray,JAX,S,-,-,174.98,-,-,-,-,-,-,,0.20,,
T623,Malik Mustapha,SF,S,-,-,176.52,-,-,-,-,476.00,-,,0.60,Ques,Hamstring
T623,Devin Neal,JAX,S,-,-,-,-,-,-,-,-,-,,,,
T623,Ryan Neal,FA,S,-,-,171.56,-,-,-,-,-,-,,,,
T623,Siran Neal,SF,S,-,-,171.66,-,-,-,-,-,-,,,,
T623,Ben Nikkel,IND,S,-,-,-,-,-,-,-,-,-,,,,
T623,Morice Norris,FA,S,-,-,170.00,-,-,-,-,-,-,,,Ques,Concussion
T623,Tyler Nubin,NYG,S,-,-,170.26,-,-,-,-,313.70,-,,,,
T623,Xavier Nwankpa,KC,S,-,-,-,-,-,-,-,-,-,,,,
T623,Isaiah Nwokobia,CIN,S,-,-,-,-,-,-,-,-,-,,,,
T623,George Odum,FA,S,-,-,172.17,-,-,-,-,-,-,,,,
T623,Ty Okada,SEA,S,-,-,170.47,-,-,-,-,654.00,-,2.22,,,
T623,Kitan Oladapo,GB,S,-,-,170.60,-,-,-,-,-,-,,,,
T623,Isaiah Oliver,ARI,S,-,-,170.00,-,-,-,-,-,-,,,,
T623,Gervarrius Owens,CHI,S,-,-,170.00,-,-,-,-,-,-,,,,
T623,Jonathan Owens,IND,S,-,-,170.00,-,-,-,-,-,-,,,,
T623,Tyler Owens,WAS,S,-,-,170.00,-,-,-,-,-,-,,,,
T623,Wande Owens,FA,S,-,-,-,-,-,-,-,-,-,,,,
T623,Ayo Oyelola,FA,S,-,-,-,-,-,-,-,584.50,-,,,,
T623,Makari Paige,FA,S,-,-,-,-,-,-,-,-,-,,,,
T623,VJ Payne,NYJ,S,-,-,170.00,-,-,-,-,-,-,,,,
T623,Jabrill Peppers,FA,S,-,-,171.22,-,-,-,-,-,-,,,,
T623,Devyn Perkins,LV,S,-,-,-,-,-,-,-,-,-,,,,
T623,Mark Perry,GB,S,-,-,-,-,-,-,-,-,-,,,,
T623,Dell Pettus,NE,S,-,-,170.00,-,-,-,-,-,-,,,,
T623,Jalyn Phillips,FA,S,-,-,-,-,-,-,-,-,-,,,,
T623,Jason Pinnock,NYG,S,-,-,170.61,-,-,-,-,-,-,,,,
T623,Isaiah Pola-Mao,LV,S,-,-,169.49,-,-,-,-,480.70,-,,,,
T623,Jordan Poyer,FA,S,-,-,172.64,-,-,-,-,-,-,,,Ques,Hamstring
T623,Josh Proctor,FA,S,-,-,-,-,-,-,-,-,-,,,,
T623,Maximus Pulley,PHI,S,-,-,-,-,-,-,-,-,-,,,,
T623,Jalen Ramsey,PIT,S,-,-,176.67,-,-,-,-,556.00,-,1.26,0.40,PUP-P,Knee
T623,Kamari Ramsey,HOU,S,-,-,170.00,-,-,-,-,241.80,-,,,,
T623,Caleb Ransaw,JAX,S,-,-,170.00,-,-,-,-,-,-,,,Ques,Lower Body
T623,Lathan Ransom,CAR,S,-,-,171.30,-,-,-,-,-,-,,,,
T623,Taylor Rapp,FA,S,-,-,170.00,-,-,-,-,-,-,,,Ques,Knee
T623,Jeremy Reaves,WAS,S,-,-,172.76,-,-,-,-,-,-,,,,
T623,Jaylen Reed,HOU,S,-,-,170.00,-,-,-,-,-,-,,,,
T623,Jerrick Reed,TEN,S,-,-,170.00,-,-,-,-,-,-,,,,
T623,Justin Reid,NO,S,-,-,175.10,-,-,-,-,512.50,-,,,,
T623,Demani Richardson,CAR,S,-,-,170.00,-,-,-,-,-,-,,,,
T623,J.J. Roberts,TB,S,-,-,-,-,-,-,-,-,-,,,Ques,Knee
T623,Jahquez Robinson,BAL,S,-,-,-,-,-,-,-,-,-,,,,
T623,Jammie Robinson,ATL,S,-,-,170.00,-,-,-,-,-,-,,,,
T623,Myles Rowser,FA,S,-,-,-,-,-,-,-,-,-,,,,
T623,Andre' Sam,PHI,S,-,-,170.00,-,-,-,-,-,-,,,,
T623,Shilo Sanders,FA,S,-,-,-,-,-,-,-,-,-,,,,
T623,Jonas Sanker,NO,S,-,-,169.98,-,-,-,-,665.40,-,,,,
T623,Benny Sapp,FA,S,-,-,170.00,-,-,-,-,-,-,,,,
T623,John Saunders,NE,S,-,-,-,-,-,-,-,-,-,,,,
T623,Darnell Savage,FA,S,-,-,170.00,-,-,-,-,-,-,,,,
T623,Brenden Schooler,NE,S,-,-,170.00,-,-,-,-,-,-,,,NFI-A,Undisclosed
T623,Daniel Scott,IND,S,-,-,170.00,-,-,-,-,-,-,,,,
T623,Miles Scott,DEN,S,-,-,170.00,-,-,-,-,-,-,,,,
T623,Nick Scott,CAR,S,-,-,178.43,-,-,-,-,575.50,-,2.08,,,
T623,Marlen Sewell,FA,S,-,-,-,-,-,-,-,-,-,,,,
T623,Marques Sigle,SF,S,-,-,171.00,-,-,-,-,-,-,,,,
T623,Cam'Ron Silmon-Craig,JAX,S,-,-,170.00,-,-,-,-,-,-,,,,
T623,Isaiah Simmons,CAR,S,-,-,170.00,-,-,-,-,-,-,,,,
T623,Justin Simmons,FA,S,-,-,173.09,-,-,-,-,-,-,,,,
T623,DeShon Singleton,KC,S,-,-,-,-,-,-,-,-,-,,,,
T623,JL Skinner,DEN,S,-,-,170.00,-,-,-,-,-,-,,,,
T623,Chris Smith,FA,S,-,-,170.00,-,-,-,-,-,-,,,Ques,Undisclosed
T623,DQ Smith,FA,S,-,-,-,-,-,-,-,-,-,,,,
T623,Genesis Smith,LAC,S,-,-,170.00,-,-,-,-,443.90,-,,,,
T623,Harrison Smith,FA,S,-,-,170.15,-,-,-,-,-,-,,,,
T623,Tykee Smith,TB,S,-,-,136.66,-,-,-,-,201.30,-,,1.00,,
T623,Daniel Sorensen,FA,S,-,-,-,-,-,-,-,-,-,,,,
T623,Robert Spears-Jennings,PIT,S,-,-,170.17,-,-,-,-,538.00,-,,,,
T623,Malik Spencer,WAS,S,-,-,-,-,-,-,-,-,-,,,,
T623,Malaki Starks,BAL,S,-,-,171.51,-,-,-,-,302.20,-,,,,
T623,M.J. Stewart,HOU,S,-,-,171.49,-,-,-,-,-,-,,,PUP-P,Quadriceps
T623,Geno Stone,BUF,S,-,-,170.72,-,-,-,-,483.10,-,,,,
T623,Loren Strickland,DET,S,-,-,170.00,-,-,-,-,-,-,,,,
T623,Jalen Stroman,SF,S,-,-,-,-,-,-,-,-,-,,,,
T623,Treydan Stukes,LV,S,-,-,170.74,72.51,-,-,-,518.70,-,,,,
T623,Lorenzo Styles,NO,S,-,-,171.53,-,-,-,-,-,-,,,,
T623,Michael Taaffe,MIA,S,-,-,169.68,-,-,-,-,-,-,,,,
T623,Jason Taylor,FA,S,-,-,170.28,-,-,-,-,-,-,,,,
T623,Trey Taylor,FA,S,-,-,169.88,-,-,-,-,-,-,,,,
T623,Dadrion Taylor-Demerson,ARI,S,-,-,173.64,-,-,-,-,620.30,-,,,,
T623,Roderic Teamer,FA,S,-,-,170.00,-,-,-,-,-,-,,,,
T623,Dillon Thieneman,CHI,S,-,-,171.81,34.70,-,-,-,163.20,-,,,,
T623,A.J. Thomas,FA,S,-,-,-,-,-,-,-,-,-,,,,
T623,Daniel Thomas,CLE,S,-,-,170.33,-,-,-,-,-,-,,,,
T623,Jacob Thomas,MIN,S,-,-,-,-,-,-,-,-,-,,,,
T623,Jakobe Thomas,MIN,S,-,-,170.83,77.69,-,-,-,-,-,,,,
T623,Juanyeh Thomas,IND,S,-,-,170.00,-,-,-,-,-,-,,,,
T623,Michael Thomas,FA,S,-,-,171.24,-,-,-,-,-,-,,,,
T623,Rodney Thomas,SEA,S,-,-,170.00,-,-,-,-,-,-,,,,
T623,Trevian Thomas,JAX,S,-,-,-,-,-,-,-,-,-,,,,
T623,Jalen Thompson,DAL,S,-,-,176.66,-,-,-,-,475.00,-,,0.40,Ques,Hip
T623,Trenton Thompson,FA,S,-,-,-,-,-,-,-,-,-,,,,
T623,Juan Thornhill,FA,S,-,-,170.00,-,-,-,-,-,-,,,,
T623,Dante Trader,MIA,S,-,-,171.23,-,-,-,-,-,-,,,,
T623,Nolan Turner,FA,S,-,-,-,-,-,-,-,-,-,,,,
T623,Delarrin Turner-Yell,FA,S,-,-,170.00,-,-,-,-,-,-,,,Ques,Knee
T623,Nate Valcarcel,LAR,S,-,-,-,-,-,-,-,-,-,,,,
T623,La'Kendrick Van Zandt,FA,S,-,-,-,-,-,-,-,-,-,,,,
T623,Malik Verdon,ATL,S,-,-,-,-,-,-,-,-,-,,,,
T623,Tanner Wall,LV,S,-,-,-,-,-,-,-,-,-,,,,
T623,K'Von Wallace,BAL,S,-,-,170.00,-,-,-,-,-,-,,,,
T623,Silas Walters,BAL,S,-,-,-,-,-,-,-,-,-,,,,
T623,Jay Ward,MIN,S,-,-,170.57,-,-,-,-,-,-,,,,
T623,Jimmie Ward,FA,S,-,-,172.93,-,-,-,-,-,-,,,Ques,Foot
T623,Ar'Darius Washington,NYG,S,-,-,170.62,-,-,-,-,-,-,,,,
T623,Trey Washington,IND,S,-,-,170.00,-,-,-,-,-,-,,,,
T623,Zion Washington,CLE,S,-,-,-,-,-,-,-,-,-,,,,
T623,Xavier Watts,ATL,S,-,-,176.06,-,-,-,-,251.40,-,,1.20,Ques,Undisclosed
T623,Lardarius Webb,BAL,S,-,-,-,-,-,-,-,-,-,,,,
T623,Tre Webb,FA,S,-,-,-,-,-,-,-,602.00,-,,,,
T623,Zakee Wheatley,CAR,S,-,-,170.00,-,-,-,-,-,-,,,,
T623,Jordan Whitehead,FA,S,-,-,170.00,-,-,-,-,-,-,,,,
T623,Evan Williams,GB,S,-,-,175.11,-,-,-,-,498.30,-,,,,
T623,Marcus Williams,FA,S,-,-,171.61,-,-,-,-,-,-,,,,
T623,Wydett Williams,ARI,S,-,-,-,-,-,-,-,-,-,,,,
T623,Kendall Williamson,LAC,S,-,-,170.00,-,-,-,-,-,-,,,Ques,Ankle
T623,Donovan Wilson,FA,S,-,-,171.60,-,-,-,-,-,-,,,,
T623,Antoine Winfield,TB,S,-,-,174.91,-,-,-,-,307.80,-,,0.60,,
T623,Andrew Wingard,ARI,S,-,-,170.54,-,-,-,-,-,-,,,,
T623,Kevin Winston,TEN,S,-,-,171.71,-,-,-,-,446.10,-,,,,
T623,Rashad Wisdom,TB,S,-,-,170.00,-,-,-,-,-,-,,,,
T623,Cole Wisniewski,PHI,S,-,-,170.95,-,-,-,-,-,-,,,Ques,Hamstring
T623,Hunter Wohler,IND,S,-,-,170.00,-,-,-,-,-,-,,,Ques,Foot
T623,Julius Wood,DAL,S,-,-,170.00,-,-,-,-,-,-,,,,
T623,Xavier Woods,FA,S,-,-,172.52,-,-,-,-,-,-,,,,
T623,Craig Woodson,NE,S,-,-,175.23,-,-,-,-,613.50,-,,,,
T623,Daryl Worley,FA,S,-,-,172.73,-,-,-,-,-,-,,,,
T623,Russ Yeast,CIN,S,-,-,170.00,-,-,-,-,-,-,,,,
T623,Nate Adkins,DEN,TE,-,-,170.01,-,-,-,-,-,-,,,,
T623,Jordan Akins,FA,TE,-,-,170.03,-,-,-,-,-,-,,,,
T623,Mo Alie-Cox,IND,TE,-,-,169.97,-,-,-,683.00,-,-,,,,
T623,Corey Rucker,LV,WR,-,-,-,-,-,-,-,-,-,,,IR,Undisclosed
T623,Trayvon Rudolph,MIN,WR,-,-,-,-,-,-,557.50,-,-,,,,
T623,Justyn Ross,FA,WR,-,-,170.01,-,-,-,-,-,-,,,,
T623,Marvelle Ross,FA,WR,-,-,-,-,-,-,-,-,-,,,,
T623,Rashad Rochelle,SEA,WR,-,-,-,-,-,-,-,-,-,,,,
T623,Amari Rodgers,FA,WR,-,-,-,-,-,-,435.50,-,-,,,,
T623,Marcus Rosemy-Jacksaint,FA,WR,-,-,-,-,-,-,-,-,-,,,,
T623,Cameron Ross,DEN,WR,-,-,-,-,-,-,-,-,-,,,,
T623,Devonte Ross,LAC,WR,-,-,-,-,-,-,-,-,-,,,,
T623,JP Richardson,CHI,WR,-,-,-,-,-,-,-,-,-,,,,
T623,Hunter Renfrow,FA,WR,-,-,170.02,-,-,-,449.00,526.00,-,,,,
T623,Xavier Restrepo,TEN,WR,-,-,170.00,-,-,-,-,-,-,,,,
T623,Josh Reynolds,FA,WR,-,-,170.03,-,-,-,-,-,-,,,Ques,Hip
T623,Brenden Rice,FA,WR,-,-,169.98,-,-,-,-,-,-,,,Ques,Undisclosed
T623,Jalen Reagor,MIA,WR,-,-,169.99,-,-,-,-,-,-,,,,
T623,Ja'Seem Reed,CAR,WR,-,-,-,-,-,-,-,557.00,-,,,,
T623,Joe Reed,FA,WR,-,-,-,-,-,-,-,-,-,,,,
T623,Louis Rees-Zammit,FA,WR,-,-,169.99,-,-,-,-,-,-,,,,
T623,Riley Ridley,FA,WR,-,-,-,-,-,-,-,-,-,,,,
T623,Eric Rivers,TB,WR,-,-,-,-,-,-,-,-,-,,,,
T623,Jaquarii Roberson,FA,WR,-,-,-,-,-,-,-,-,-,,,,
T623,Reggie Roberson,FA,WR,-,-,-,-,-,-,-,-,-,,,,
T623,Andre Roberts,FA,WR,-,-,-,-,-,-,-,-,-,,,,
T623,Chase Roberts,LV,WR,-,-,-,-,-,-,-,-,-,,,,
T623,Demetris Robertson,FA,WR,-,-,-,-,-,-,368.00,-,-,,,,
T623,Allen Robinson,FA,WR,-,-,170.03,-,-,-,-,-,-,,,,
T623,Jared Smart,FA,WR,-,-,-,-,-,-,-,-,-,,,,
T623,Ainias Smith,CAR,WR,-,-,170.00,-,-,-,-,-,-,,,,
T623,Anthony Smith,DAL,WR,-,-,169.99,-,-,-,-,-,-,,,,
T623,Arian Smith,NYJ,WR,-,-,169.97,-,241.17,-,-,-,-,,,,
T623,Brandon Smith,PIT,WR,-,-,170.00,-,-,-,-,-,-,,,,
T623,Matthew Slater,FA,WR,-,-,-,-,-,-,-,-,-,,,,
T623,Raylen Sharpe,IND,WR,-,-,-,-,-,-,-,-,-,,,,
T623,DT Sheffield,NYJ,WR,-,-,-,-,-,-,-,-,-,,,,
T623,Laviska Shenault,FA,WR,-,-,170.01,-,-,-,-,-,-,,,,
T623,Sterling Shepard,FA,WR,-,-,170.04,-,-,-,-,-,-,,,,
T623,Will Sheppard,GB,WR,-,-,-,-,-,-,-,-,-,,,,
T623,Trent Sherfield,BUF,WR,-,-,170.01,-,-,-,-,-,-,,,,
T623,Noah Short,FA,WR,-,-,-,-,-,-,-,-,-,,,,
T623,Justin Shorter,LV,WR,-,-,170.00,-,-,-,407.00,-,-,,,IR,Undisclosed
T623,David Sills,TB,WR,-,-,169.98,-,-,-,686.00,-,-,,,,
T623,Tyler Simmons,FA,WR,-,-,-,-,-,-,-,-,-,,,,
T623,Steven Sims,FA,WR,-,-,170.01,-,-,-,-,-,-,,,,
T623,Quentin Skinner,BUF,WR,-,-,169.99,-,-,-,-,-,-,,,,
T623,Quincy Skinner,NYJ,WR,-,-,-,-,-,-,-,-,-,,,,
T623,Jonathon Rumph,FA,WR,-,-,-,-,-,-,-,-,-,,,,
T623,Xavier Rush,FA,WR,-,-,-,-,-,-,-,-,-,,,,
T623,Malik Rutherford,FA,WR,-,-,-,-,-,-,-,-,-,,,,
T623,Curtis Samuel,FA,WR,-,-,170.02,-,-,-,-,-,-,,,,
T623,Braylon Sanders,FA,WR,-,-,-,-,-,-,-,-,-,,,,
T623,Marcus Sanders,MIN,WR,-,-,-,-,-,-,-,-,-,,,,
T623,Mohamed Sanu,FA,WR,-,-,-,-,-,-,-,-,-,,,,
T623,Mathew Sexton,FA,WR,-,-,-,-,-,-,-,-,-,,,,
T623,Kevin Shaa,FA,WR,-,-,-,-,-,-,-,-,-,,,,
T623,Gee Scott,NYJ,WR,-,-,-,-,-,-,-,-,-,,,IR,Undisclosed
T623,Ty Scott,FA,WR,-,-,-,-,-,-,453.50,-,-,,,,
T623,Bud Sasser,FA,WR,-,-,-,-,-,-,-,-,-,,,,
T623,Treyvhon Saunders,HOU,WR,-,-,-,-,-,-,-,-,-,,,,
T623,Savon Scarver,FA,WR,-,-,-,-,-,-,-,-,-,,,,
T623,Dalton Schoen,FA,WR,-,-,-,-,-,-,-,-,-,,,,
T623,JoJo Natson,FA,WR,-,-,-,-,-,-,-,-,-,,,,
T623,J.J. Nelson,FA,WR,-,-,-,-,-,-,-,-,-,,,,
T623,Isaiah Neyor,GB,WR,-,-,170.00,-,-,-,-,-,-,,,,
T623,Joseph Ngata,FA,WR,-,-,170.00,-,-,-,-,-,-,,,,
T623,Moose Muhammad,FA,WR,-,-,-,-,-,-,-,-,-,,,,
T623,Chris Moore,BAL,WR,-,-,170.02,-,-,-,-,-,-,,,,
T623,David Moore,CAR,WR,-,-,169.98,-,-,-,382.00,-,-,,,,
T623,Jonathan Mingo,DAL,WR,-,-,169.94,-,241.16,-,627.00,-,-,,,,
T623,Dohnte Meyers,CIN,WR,-,-,-,-,-,-,-,-,-,,,,
T623,Anthony Miller,FA,WR,-,-,170.01,-,-,-,-,-,-,,,,
T623,Dorren Miller,FA,WR,-,-,-,-,-,-,-,-,-,,,,
T623,Dre Miller,FA,WR,-,-,-,-,-,-,-,-,-,,,,
T623,Ryan Miller,NYG,WR,-,-,170.00,-,-,-,-,-,-,,,,
T623,Scotty Miller,CHI,WR,-,-,169.98,-,-,-,-,-,-,,,,
T623,Denzel Mims,DAL,WR,-,-,-,-,-,-,-,-,-,,,,
T623,Steven Mitchell,FA,WR,-,-,-,-,-,-,-,-,-,,,,
T623,D.J. Montgomery,FA,WR,-,-,169.99,-,-,-,-,-,-,,,,
T623,Tyren Montgomery,TEN,WR,-,-,-,-,-,-,442.50,-,-,,,,
T623,Elijah Moore,PHI,WR,-,-,169.97,-,-,-,-,-,-,,,,
T623,Jason Moore,FA,WR,-,-,-,-,-,-,-,-,-,,,,
T623,Jordan Moore,CIN,WR,-,-,-,-,-,-,-,-,-,,,,
T623,Skyy Moore,GB,WR,-,-,169.95,-,-,-,641.20,-,-,,,,
T623,Jalen Moreno-Cropper,NO,WR,-,-,170.00,-,-,-,-,-,-,,,,
T623,Taylor Morin,FA,WR,-,-,-,-,-,-,-,-,-,,,,
T623,Jamaal Pritchett,NYJ,WR,-,-,-,-,-,-,-,-,-,,,,
T623,James Proche,FA,WR,-,-,170.01,-,-,-,-,-,-,,,,
T623,Kendric Pryor,CIN,WR,-,-,170.01,-,-,-,-,-,-,,,,
T623,Charleston Rambo,FA,WR,-,-,-,-,-,-,-,-,-,,,,
T623,Trebor Pena,JAX,WR,-,-,-,-,-,-,-,-,-,,,,
T623,A.T. Perry,PIT,WR,-,-,170.00,-,-,-,-,-,-,,,,
T623,Dante Pettis,BUF,WR,-,-,170.02,-,-,-,-,-,-,,,,
T623,Kyle Philips,FA,WR,-,-,-,-,-,-,-,-,-,,,,
T623,Whop Philyor,FA,WR,-,-,-,-,-,-,-,-,-,,,,
T623,John Rhys Plumlee,FA,WR,-,-,-,-,-,-,-,-,-,,,,
T623,Ja'Lynn Polk,NO,WR,-,-,169.99,-,-,-,525.30,-,-,,,Reserve-Ret,Undisclosed
T623,Brandon Powell,FA,WR,-,-,170.02,-,-,-,-,-,-,,,,
T623,Kaden Prather,GB,WR,-,-,169.98,-,-,-,-,-,-,,,,
T623,Kobe Prentice,NE,WR,-,-,-,-,-,-,-,-,-,,,,
T623,Brennan Presley,LAR,WR,-,-,170.00,-,-,-,-,-,-,,,,
T623,Hal Presley,FA,WR,-,-,-,-,-,-,-,-,-,,,,
T623,Tejhaun Palmer,FA,WR,-,-,170.00,-,-,-,-,-,-,,,,
T623,Bryce Oliver,TEN,WR,-,-,169.99,-,-,-,-,-,-,,,,
T623,Gunner Olszewski,NYG,WR,-,-,169.98,-,-,-,-,-,-,,,IR,Achilles
T623,K.J. Osborn,TEN,WR,-,-,169.99,-,-,-,-,-,-,,,,
T623,Coleman Owen,IND,WR,-,-,170.00,-,-,-,-,-,-,,,,
T623,Eli Pancol,IND,WR,-,-,-,-,-,-,-,-,-,,,,
T623,DeVante Parker,FA,WR,-,-,-,-,-,-,-,-,-,,,,
T623,Zach Pascal,FA,WR,-,-,170.03,-,-,-,-,-,-,,,,
T623,Tim Patrick,NYJ,WR,-,-,169.99,-,241.15,-,677.50,-,-,,,,
T623,Ben Patterson,FA,WR,-,-,-,-,-,-,-,-,-,,,,
T623,Dean Patterson,TB,WR,-,-,-,-,-,-,-,-,-,,,,
T623,Neil Pau'u,FA,WR,-,-,-,-,-,-,-,-,-,,,,
T623,Will Pauling,SF,WR,-,-,-,-,-,-,-,-,-,,,,
T623,JaVonta Payton,FA,WR,-,-,-,-,-,-,-,-,-,,,,
T623,Ishmael Zamora,FA,WR,-,-,-,-,-,-,-,-,-,,,,
T623,Dareke Young,LV,WR,-,-,169.99,-,-,-,595.00,-,-,,,,
T623,Michael Young,FA,WR,-,-,-,-,-,-,520.00,-,-,,,,
T623,Michael Wortham,JAX,WR,-,-,-,-,-,-,-,-,-,,,,
T623,Luke Wysong,FA,WR,-,-,-,-,-,-,-,-,-,,,Ques,Undisclosed
T623,Lujuan Winningham,FA,WR,-,-,-,-,-,-,-,-,-,,,,
T623,Isaiah Wooden,FA,WR,-,-,-,-,-,-,-,-,-,,,,
T623,Michael Woods,FA,WR,-,-,170.00,-,-,-,-,-,-,,,Ques,Leg
T623,Ke'Shawn Williams,CIN,WR,-,-,169.99,-,-,-,-,-,-,,,,
T623,Johnny Wilson,PHI,WR,-,-,170.00,-,-,-,-,-,-,,,,
T623,Kole Wilson,CLE,WR,-,-,-,-,-,-,-,-,-,,,,
T623,Malik Williams,FA,WR,-,-,-,-,-,-,-,-,-,,,,
T623,Mario Williams,LAR,WR,-,-,-,-,-,-,-,-,-,,,,
T623,Mike Williams,LAC,WR,-,-,170.02,-,-,-,-,-,-,,,Reserve-Ex,Undisclosed
T623,Savion Williams,GB,WR,323.16,-,170.10,-,243.49,-,633.50,-,-,,,,
T623,Seth Williams,FA,WR,-,-,-,-,-,-,-,-,-,,,,
T623,Cedrick Wilson,DET,WR,-,-,169.96,-,-,-,-,-,-,,,,
T623,Avery Williams,FA,WR,-,-,170.01,-,-,-,-,-,-,,,,
T623,C.J. Williams,JAX,WR,-,-,170.00,-,-,-,-,-,-,,,,
T623,Devon Williams,FA,WR,-,-,-,-,-,-,-,-,-,,,,
T623,E.J. Williams,LV,WR,-,-,-,-,-,-,-,-,-,,,,
T623,Isaiah Williams,NYJ,WR,-,-,169.98,-,241.52,-,658.50,-,-,,,,
T623,Kristian Wilkerson,FA,WR,-,-,170.01,-,-,-,-,-,-,,,,
T623,Cody White,SEA,WR,-,-,170.00,-,-,-,-,-,-,,,,
T623,Kevin White,FA,WR,-,-,-,-,-,-,-,-,-,,,,
T623,Papi White,FA,WR,-,-,-,-,-,-,-,-,-,,,,
T623,Ricky White,SEA,WR,-,-,169.99,-,-,-,-,-,-,,,,
T623,Squirrel White,CHI,WR,-,-,-,-,-,-,-,-,-,,,Reserve-Ret,Undisclosed
T623,Austin Watkins,FA,WR,-,-,-,-,-,-,-,-,-,,,,
T623,Jordan Watkins,SF,WR,-,-,169.99,-,241.31,-,670.00,-,-,,,,
T623,Quez Watkins,PHI,WR,-,-,169.99,-,-,-,-,-,-,,,,
T623,Sammy Watkins,FA,WR,-,-,-,-,-,-,-,-,-,,,,
T623,LaJohntay Wester,BAL,WR,-,-,169.98,-,-,-,-,-,-,,,,
T623,Isaiah Weston,FA,WR,-,-,-,-,-,-,-,-,-,,,,
T623,Montrell Washington,FA,WR,-,-,170.01,-,-,-,439.50,-,-,,,,
T623,Justin Watson,HOU,WR,-,-,170.01,-,-,-,-,-,-,,,,
T623,Jamarius Way,FA,WR,-,-,-,-,-,-,-,-,-,,,,
T623,Jared Wayne,HOU,WR,-,-,170.00,-,-,-,-,-,-,,,,
T623,Theo Wease,MIA,WR,-,-,170.00,-,241.31,-,584.30,-,-,,,,
T623,Xavier Weaver,ARI,WR,-,-,169.99,-,-,-,-,-,-,,,,
T623,Jeremiah Webb,NE,WR,-,-,-,-,-,-,-,-,-,,,IR,Arm
T623,Joe Webb,FA,WR,-,-,-,-,-,-,-,-,-,,,,
T623,Raleigh Webb,FA,WR,-,-,-,-,-,-,-,-,-,,,,
T623,Nsimba Webster,FA,WR,-,-,-,-,-,-,-,-,-,,,,
T623,Connor Wedington,FA,WR,-,-,-,-,-,-,-,-,-,,,,
T623,Juice Wells,ATL,WR,-,-,-,-,-,-,-,-,-,,,,
T623,Levi Wentz,PIT,WR,-,-,-,-,-,-,-,-,-,,,,
T623,Jalen Virgil,FA,WR,-,-,170.01,-,-,-,-,-,-,,,Ques,Undisclosed
T623,Reggie Virgil,ARI,WR,-,-,169.97,85.42,-,-,674.00,-,-,,,,
T623,Xavier Ubosi,FA,WR,-,-,-,-,-,-,-,-,-,,,,
T623,Marquez Valdes-Scantling,DAL,WR,-,-,169.97,-,-,-,663.50,-,-,,,,
T623,Tre Turner,FA,WR,-,-,-,-,-,-,-,-,-,,,,
T623,DJ Turner,HOU,WR,-,-,170.01,-,-,-,-,-,-,,,,
T623,Dayton Wade,BAL,WR,-,-,-,-,-,-,-,-,-,,,,
T623,Derel Walker,FA,WR,-,-,-,-,-,-,-,-,-,,,,
T623,Devontez Walker,BAL,WR,306.55,-,169.94,-,246.31,-,659.50,532.00,-,,,,
T623,Jahdae Walker,CHI,WR,-,-,169.93,-,241.47,-,599.80,-,-,,,,
T623,Joe Walker,FA,WR,-,-,-,-,-,-,-,-,-,,,,
T623,Harrison Wallace,ARI,WR,-,-,-,-,-,-,-,-,-,,,,
T623,Tylan Wallace,CLE,WR,-,-,170.00,-,-,-,-,-,-,,,,
T623,Jalen Walthall,NYJ,WR,-,-,-,-,-,-,-,-,-,,,IR,Undisclosed
T623,Casey Washington,CAR,WR,-,-,170.00,-,-,-,-,-,-,,,,
T623,James Washington,FA,WR,-,-,-,-,-,-,-,-,-,,,,
T623,Deven Thompkins,LV,WR,-,-,170.00,-,-,-,-,-,-,,,,
T623,Bryan Thompson,FA,WR,-,-,-,-,-,-,-,-,-,,,,
T623,Cody Thompson,FA,WR,-,-,170.03,-,-,-,-,-,-,,,,
T623,Keytaon Thompson,FA,WR,-,-,-,-,-,-,-,-,-,,,,
T623,Jamari Thrash,CLE,WR,-,-,169.99,-,-,-,-,-,-,,,,
T623,Cedric Tillman,CLE,WR,-,-,169.95,-,244.73,-,660.00,-,-,,,,
T623,Mitchell Tinsley,CIN,WR,-,-,169.94,-,241.17,-,635.50,-,-,,,,
T623,Mason Tipton,NO,WR,-,-,169.97,-,-,-,-,-,-,,,PUP-P,Leg
T623,Travis Toivonen,FA,WR,-,-,-,-,-,-,-,-,-,,,,
T623,Max Tomczak,BUF,WR,-,-,-,-,-,-,-,-,-,,,,
T623,Kadarius Toney,FA,WR,-,-,169.96,-,-,-,-,-,-,,,,
T623,Samori Toure,PHI,WR,-,-,170.00,-,-,-,-,-,-,,,,
T623,Austin Trammell,JAX,WR,-,-,170.00,-,-,-,-,-,-,,,,
T623,Laquon Treadwell,IND,WR,-,-,170.02,-,-,-,-,-,-,,,,
T623,Brycen Tremayne,CAR,WR,-,-,170.01,-,-,-,-,-,-,,,,
T623,Noah Thomas,CIN,WR,-,-,-,-,-,-,-,-,-,,,,
T623,Noel Thomas,FA,WR,-,-,-,-,-,-,-,-,-,,,,
T623,Damore'ea Stringfellow,FA,WR,-,-,-,-,-,-,-,-,-,,,,
T623,J. Michael Sturdivant,GB,WR,-,-,-,-,-,-,-,-,-,,,,
T623,Justin Sumpter,FA,WR,-,-,-,-,-,-,-,-,-,,,,
T623,Golden Tate,FA,WR,-,-,-,-,-,-,-,-,-,,,,
T623,Malik Taylor,FA,WR,-,-,-,-,-,-,-,-,-,,,,
T623,Trent Taylor,FA,WR,-,-,170.03,-,-,-,-,-,-,,,,
T623,Jaden Smith,DAL,WR,-,-,-,-,-,-,-,-,-,,,,
T623,Jaylen Smith,FA,WR,-,-,-,-,-,-,-,-,-,,,,
T623,Josh Smith,FA,WR,-,-,-,-,-,-,-,-,-,,,,
T623,Octavian Smith,BAL,WR,-,-,-,-,-,-,-,-,-,,,,
T623,Tre'Quan Smith,FA,WR,-,-,-,-,-,-,-,-,-,,,,
T623,Xavier Smith,LAR,WR,-,-,169.94,-,-,-,679.00,-,-,,,,
T623,Ihmir Smith-Marsette,ARI,WR,-,-,169.99,-,-,-,-,-,-,,,,
T623,Equanimeous St. Brown,FA,WR,-,-,169.96,-,-,-,-,-,-,,,Ques,Foot
T623,Jerreth Sterns,FA,WR,-,-,-,-,-,-,-,-,-,,,,
T623,Dillon Stoner,FA,WR,-,-,-,-,-,-,-,-,-,,,,
T623,Drake Stoops,FA,WR,-,-,-,-,-,-,-,-,-,,,,
T623,Mike Strachan,FA,WR,-,-,-,-,-,-,-,-,-,,,,
T623,JuJu Smith-Schuster,NYG,WR,-,-,169.94,-,-,-,601.00,-,-,,,,
T623,Tyler Snead,FA,WR,-,-,-,-,-,-,-,-,-,,,,
T623,Daniel Sobkowicz,HOU,WR,-,-,-,-,-,-,-,-,-,,,,
T623,Jack Sorenson,FA,WR,-,-,-,-,-,-,-,-,-,,,,