,,,,Redraft,,Dynasty,Health Report,
Rank,Name,Team,Pos,Underdog,Sleeper,Sleeper,Status,Injury
1,Jahmyr Gibbs,DET,RB,1.10,1.40,2.70,Ques,Back
2,Bijan Robinson,ATL,RB,2.00,2.70,1.70,,
3,Ja'Marr Chase,CIN,WR,3.10,3.70,3.00,,
4,Puka Nacua,LAR,WR,4.00,4.20,4.80,,
5,Christian McCaffrey,SF,RB,6.10,5.80,21.10,,
6,Jonathan Taylor,IND,RB,8.00,6.40,15.10,,
7,James Cook,BUF,RB,11.60,7.70,17.20,,
8,Amon-Ra St. Brown,DET,WR,7.10,8.90,6.00,,
9,Jaxon Smith-Njigba,SEA,WR,5.50,9.00,5.90,,
10,Justin Jefferson,MIN,WR,10.20,10.90,10.10,,
11,CeeDee Lamb,DAL,WR,9.50,11.30,12.50,,
12,Saquon Barkley,PHI,RB,13.40,12.10,32.40,,
13,Ashton Jeanty,LV,RB,11.40,13.90,7.70,,
14,De'Von Achane,MIA,RB,18.10,14.00,13.20,,
15,Omarion Hampton,LAC,RB,14.60,15.50,17.40,,
16,Chase Brown,CIN,RB,16.00,16.40,26.90,,
17,Derrick Henry,BAL,RB,17.40,17.10,56.10,,
18,Drake London,ATL,WR,20.70,17.70,20.50,,
19,Kenneth Walker,KC,RB,15.20,19.70,28.20,,
20,A.J. Brown,NE,WR,18.50,20.90,43.70,,
21,Nico Collins,HOU,WR,22.80,21.40,25.20,,
22,Trey McBride,ARI,TE,28.90,22.10,16.50,,
23,Josh Allen,BUF,QB,35.60,23.80,8.20,,
24,Jeremiyah Love,ARI,RB,26.70,24.00,14.60,,
25,Brock Bowers,LV,TE,20.30,25.70,11.40,,
26,George Pickens,DAL,WR,23.60,26.00,22.50,,
27,Josh Jacobs,GB,RB,40.80,26.40,58.50,,
28,Kyren Williams,LAR,RB,31.80,28.90,44.00,,
29,Rashee Rice,KC,WR,24.90,29.10,40.20,,
30,Breece Hall,NYJ,RB,29.50,30.10,38.50,,
31,Chris Olave,NO,WR,30.10,31.40,29.50,,
32,Malik Nabers,NYG,WR,27.20,32.70,8.70,Ques,Knee - ACL
33,DeVonta Smith,PHI,WR,27.20,33.50,53.30,,
34,Javonte Williams,DAL,RB,36.20,34.00,51.30,,
35,Tetairoa McMillan,CAR,WR,39.00,35.10,23.80,,
36,Tee Higgins,CIN,WR,33.90,35.40,53.50,,
37,Lamar Jackson,BAL,QB,55.40,37.00,31.10,,
38,Cam Skattebo,NYG,RB,43.90,38.20,48.10,,
39,Garrett Wilson,NYJ,WR,40.10,39.90,37.20,,
40,Travis Etienne,NO,RB,39.60,40.50,62.50,,
41,Ladd McConkey,LAC,WR,35.00,41.60,35.10,,
42,Emeka Egbuka,TB,WR,31.90,42.10,24.90,,
43,Zay Flowers,BAL,WR,31.00,43.40,50.10,,
44,Colston Loveland,CHI,TE,46.20,44.40,27.00,,
45,Bucky Irving,TB,RB,55.80,44.60,41.70,,
46,TreVeyon Henderson,NE,RB,53.10,46.10,33.80,,
47,Quinshon Judkins,CLE,RB,53.50,47.50,42.70,,
48,Jaylen Waddle,DEN,WR,40.70,48.60,65.20,,
49,David Montgomery,HOU,RB,48.60,49.20,74.00,,
50,Terry McLaurin,WAS,WR,43.80,50.10,79.90,,
51,Tyler Warren,IND,TE,63.80,51.10,34.30,,
52,D'Andre Swift,CHI,RB,50.10,52.30,71.90,,
53,Luther Burden,CHI,WR,44.90,53.50,44.60,,
54,Mike Evans,SF,WR,45.60,53.90,94.00,Ques,Quadriceps
55,Drake Maye,NE,QB,66.50,55.90,19.40,,
56,Jameson Williams,DET,WR,51.60,56.30,66.70,,
57,Joe Burrow,CIN,QB,68.00,57.70,30.80,,
58,DJ Moore,BUF,WR,56.40,58.20,78.00,,
59,Davante Adams,LAR,WR,50.70,59.30,80.80,,
60,Bhayshul Tuten,JAX,RB,51.20,60.70,68.60,,
61,Jadarian Price,SEA,RB,62.50,61.70,62.50,,
62,Rome Odunze,CHI,WR,59.50,62.20,46.00,,
63,Carnell Tate,TEN,WR,59.30,62.30,39.80,,
64,Jayden Daniels,WAS,QB,67.50,64.10,35.50,,
65,Christian Watson,GB,WR,57.30,65.50,77.70,,
66,Tucker Kraft,GB,TE,80.40,66.60,59.80,Ques,Knee - ACL
67,Jalen Hurts,PHI,QB,71.40,67.80,49.70,,
68,Brian Thomas,JAX,WR,62.30,68.90,61.90,,
69,Jaylen Warren,PIT,RB,72.00,69.10,89.70,,
70,Sam LaPorta,DET,TE,91.80,70.30,57.90,,
71,Kyle Pitts,ATL,TE,104.00,71.50,67.90,,
72,Harold Fannin,CLE,TE,102.70,71.80,47.10,,
73,Chuba Hubbard,CAR,RB,81.90,73.30,93.80,,
74,Marvin Harrison,ARI,WR,68.90,74.90,60.00,,
75,Jordyn Tyson,NO,WR,63.80,75.40,55.80,,
76,Makai Lemon,PHI,WR,73.20,76.60,64.10,Ques,Undisclosed
77,RJ Harvey,DEN,RB,86.60,77.40,71.60,,
78,Rhamondre Stevenson,NE,RB,76.40,78.90,111.60,,
79,DK Metcalf,PIT,WR,76.10,79.40,96.80,,
80,Tony Pollard,TEN,RB,74.80,80.60,128.80,,
81,Justin Herbert,LAC,QB,82.30,80.80,69.30,,
82,Caleb Williams,CHI,QB,71.80,82.80,52.40,,
83,Parker Washington,JAX,WR,64.60,83.20,92.80,,
84,Alec Pierce,IND,WR,81.80,84.50,87.20,PUP-P,Ankle
85,Rico Dowdle,PIT,RB,87.70,85.30,98.10,,
86,Michael Wilson,ARI,WR,95.50,86.30,76.90,,
87,Courtland Sutton,DEN,WR,83.30,87.00,109.60,,
88,Kyle Monangai,CHI,RB,95.80,88.60,83.70,,
T89,J.K. Dobbins,DEN,RB,98.40,89.20,116.90,,
T89,Dak Prescott,DAL,QB,79.90,89.20,112.60,,
91,Blake Corum,LAR,RB,90.70,91.00,97.40,,
92,Jonathon Brooks,CAR,RB,92.70,92.50,115.40,,
93,Jaxson Dart,NYG,QB,101.10,93.90,70.50,,
94,Chris Godwin,TB,WR,90.00,94.60,130.30,,
95,Dalton Kincaid,BUF,TE,126.50,95.10,84.40,,
96,George Kittle,SF,TE,113.70,96.80,105.20,PUP-P,Achilles
97,Trevor Lawrence,JAX,QB,85.60,97.00,89.70,,
98,Jordan Addison,MIN,WR,88.40,98.10,80.50,,
99,Michael Pittman,PIT,WR,99.30,98.20,98.70,,
100,Aaron Jones,MIN,RB,122.80,100.60,158.60,,
101,Jacory Croskey-Merritt,WAS,RB,118.60,101.50,119.20,,
102,Jakobi Meyers,JAX,WR,106.70,102.60,124.20,,
103,Quentin Johnston,LAC,WR,75.00,103.60,107.30,,
104,Wan'Dale Robinson,TEN,WR,112.10,104.50,85.60,,
105,Travis Kelce,KC,TE,121.00,105.70,141.60,,
106,Kenneth Gainwell,TB,RB,107.10,106.70,127.90,,
107,Patrick Mahomes,KC,QB,94.50,107.20,75.60,Ques,Knee - ACL
108,Jake Ferguson,DAL,TE,131.30,107.70,95.30,,
109,Jayden Reed,GB,WR,83.60,109.90,121.30,,
110,Brock Purdy,SF,QB,98.50,110.80,100.40,,
111,Jordan Mason,MIN,RB,111.30,111.40,134.40,,
112,Matthew Stafford,LAR,QB,105.90,112.90,136.70,,
113,KC Concepcion,CLE,WR,117.10,113.10,73.20,Ques,Shoulder
114,Bo Nix,DEN,QB,106.80,114.60,82.00,,
115,Rachaad White,WAS,RB,108.60,115.30,146.10,,
116,Oronde Gadsden,LAC,TE,150.10,116.10,86.70,,
117,Josh Downs,IND,WR,88.40,116.30,118.70,,
118,Mark Andrews,BAL,TE,125.50,118.50,139.70,,
119,Romeo Doubs,NE,WR,116.40,119.70,125.10,,
120,Isaiah Likely,NYG,TE,128.40,120.30,101.50,,
121,Xavier Worthy,KC,WR,98.60,121.10,114.30,Ques,Shoulder
122,Dallas Goedert,PHI,TE,134.50,122.60,152.80,,
123,Zach Charbonnet,SEA,RB,161.40,123.40,107.00,PUP-P,Knee - ACL
124,Tyler Allgeier,ARI,RB,157.70,124.20,116.30,,
125,Tyrone Tracy,NYG,RB,134.40,125.10,145.60,,
126,Matthew Golden,GB,WR,108.60,126.00,104.40,,
127,Brandon Aubrey,DAL,K,-,128.30,184.60,,
128,Cameron Dicker,LAC,K,-,131.40,187.70,,
129,Jason Myers,SEA,K,-,134.30,191.90,,
130,Jared Goff,DET,QB,109.60,134.60,148.00,,
131,Jayden Higgins,HOU,WR,123.50,136.50,106.80,,
132,Hunter Henry,NE,TE,152.30,137.20,176.90,,
133,Ka'imi Fairbairn,HOU,K,-,138.00,192.10,,
134,Khalil Shakir,BUF,WR,126.30,139.60,134.30,,
135,Jalen Coker,CAR,WR,128.00,140.90,129.90,,
136,Jonah Coleman,DEN,RB,158.90,141.00,120.70,,
137,Woody Marks,HOU,RB,141.30,142.50,125.80,,
138,Kenyon Sadiq,NYJ,TE,161.10,143.30,88.70,,
139,Cam Little,JAX,K,-,143.50,190.70,,
140,Brenton Strange,JAX,TE,150.60,145.00,110.70,,
141,Jordan Love,GB,QB,113.00,147.00,131.00,,
142,Chris Rodriguez,JAX,RB,129.30,148.50,200.50,,
143,Baker Mayfield,TB,QB,118.30,150.50,123.70,,
144,Stefon Diggs,FA,WR,132.10,151.70,179.10,,
145,Harrison Mevis,LAR,K,-,152.30,300.10,,
146,Deebo Samuel,SF,WR,142.20,152.60,166.50,,
147,Rashid Shaheed,SEA,WR,130.10,154.80,151.30,,
148,Denzel Boston,CLE,WR,156.20,155.20,103.90,,
149,Tyjae Spears,TEN,RB,153.00,156.40,156.60,,
150,Brian Robinson,ATL,RB,175.10,157.80,208.30,,
151,Omar Cooper,NYJ,WR,145.10,158.80,91.80,,
152,Travis Hunter,JAX,WR,141.20,159.20,102.90,,
153,Ricky Pearsall,SF,WR,-,160.80,132.80,IR,Knee - PCL
154,Alvin Kamara,NO,RB,164.60,164.00,199.00,,
155,AJ Barner,SEA,TE,174.90,165.20,138.30,,
156,Jake Bates,DET,K,-,166.70,253.60,,
157,Andy Borregales,NE,K,-,167.00,311.20,,
158,Kyler Murray,MIN,QB,112.10,169.00,197.90,,
159,Sam Darnold,SEA,QB,142.30,170.90,196.10,,
160,Tyler Shough,NO,QB,123.30,171.00,195.90,,
161,Keaton Mitchell,LAC,RB,135.90,172.30,202.80,,
162,De'Zhaun Stribling,SF,WR,146.70,173.90,161.90,Ques,Hamstring
163,Chig Okonkwo,WAS,TE,140.20,174.00,161.30,,
164,Antonio Williams,WAS,WR,173.30,175.70,154.60,,
165,Dylan Sampson,CLE,RB,171.80,176.70,160.50,,
166,Jauan Jennings,MIN,WR,155.20,177.70,165.60,,
167,Nicholas Singleton,TEN,RB,209.70,178.10,143.60,,
168,Jalen McMillan,TB,WR,145.90,179.70,147.00,,
169,Malik Willis,MIA,QB,134.70,179.80,267.00,,
170,Emmett Johnson,KC,RB,196.80,181.10,143.60,,
171,Juwan Johnson,NO,TE,156.90,182.70,152.50,,
172,Mike Washington,LV,RB,198.90,183.20,204.70,,
173,Isiah Pacheco,DET,RB,151.40,184.80,163.70,,
174,Tank Bigsby,PHI,RB,161.60,185.30,164.40,,
175,James Conner,ARI,RB,214.70,186.00,212.20,Ques,Foot
176,Braelon Allen,NYJ,RB,212.90,187.90,155.00,,
177,Chris Boswell,PIT,K,-,188.40,248.90,,
178,Harrison Butker,KC,K,-,188.80,255.10,,
179,Will Reichard,MIN,K,-,190.10,251.70,,
180,Tyler Loop,BAL,K,-,191.60,259.70,,
181,Cam Ward,TEN,QB,140.70,192.00,194.00,,
182,Eddy Pineiro,SF,K,-,193.40,312.80,,
183,C.J. Stroud,HOU,QB,144.60,194.60,142.80,,
184,Jalen Nailor,LV,WR,149.10,195.90,205.20,,
185,T.J. Hockenson,MIN,TE,170.60,196.00,157.00,,
186,Dalton Schultz,HOU,TE,168.50,197.50,182.90,,
187,Fernando Mendoza,LV,QB,181.40,199.70,113.10,,
188,Daniel Jones,IND,QB,147.30,200.90,226.10,,
189,Tank Dell,HOU,WR,185.70,201.20,206.50,Ques,Knee - ACL + MCL
190,Zachariah Branch,ATL,WR,181.20,202.80,140.30,,
191,Terrance Ferguson,LAR,TE,182.70,203.50,173.30,,
192,Jerry Jeudy,CLE,WR,177.90,204.10,175.10,,
193,Cade Otton,TB,TE,188.90,205.90,221.50,,
194,Ja'Kobi Lane,BAL,WR,214.70,206.40,179.60,,
195,Gunnar Helm,TEN,TE,181.30,206.50,172.10,,
196,Kaytron Allen,WAS,RB,203.40,208.70,213.40,,
197,Adonai Mitchell,NYJ,WR,173.00,209.40,215.30,,
198,Tre Tucker,LV,WR,155.70,210.30,233.40,,
199,Isaac TeSlaa,DET,WR,168.90,211.40,169.60,,
200,Ryan Flournoy,DAL,WR,163.00,212.80,265.70,,
201,Tre' Harris,LAC,WR,165.80,213.90,167.40,,
202,Eli Stowers,PHI,TE,209.80,214.60,122.10,,
203,Bryce Young,CAR,QB,160.50,215.40,206.60,,
204,Kayshon Boutte,NE,WR,198.00,216.00,174.30,,
205,Tyreek Hill,FA,WR,215.60,217.80,220.20,Ques,Knee - ACL
206,Demond Claiborne,MIN,RB,214.10,218.10,266.70,,
207,Ray Davis,BUF,RB,188.80,219.70,239.10,,
208,Jaylen Wright,MIA,RB,215.60,220.70,241.20,,
209,Malik Washington,MIA,WR,183.00,221.90,235.20,,
210,Germie Bernard,PIT,WR,191.70,222.80,133.00,,
211,Trey Benson,ARI,RB,216.00,223.10,150.00,Ques,Knee
212,David Njoku,LAC,TE,213.10,224.30,211.50,,
213,Sean Tucker,TB,RB,188.80,224.40,238.60,,
214,Kimani Vidal,LAC,RB,213.60,226.30,178.60,,
215,Evan McPherson,CIN,K,-,227.10,197.70,,
216,Kaelon Black,SF,RB,200.00,229.80,232.30,Ques,Thigh
217,Chris Bell,MIA,WR,214.50,230.10,137.30,NFI-A,Knee - ACL
218,Cooper Kupp,SEA,WR,208.50,231.40,273.50,,
219,Jacoby Brissett,ARI,QB,191.40,232.90,361.00,,
220,Elijah Sarratt,BAL,WR,208.90,233.20,149.70,,
221,Cyrus Allen,KC,WR,207.60,234.00,269.90,Ques,Lower Leg
222,MarShawn Lloyd,GB,RB,191.90,235.40,316.40,,
223,Ted Hurst,TB,WR,203.30,236.50,209.50,,
224,Aaron Rodgers,PIT,QB,177.00,237.80,315.00,,
225,Greg Dulcich,MIA,TE,178.60,238.80,317.20,,
226,Colby Parkinson,LAR,TE,211.20,239.90,284.70,,
227,Malachi Fields,NYG,WR,214.30,240.40,170.60,,
228,Brandon Aiyuk,SF,WR,215.30,241.90,170.30,Reserve-DNR,Knee - ACL + MCL
229,Calvin Ridley,TEN,WR,187.60,242.50,332.20,,
230,Darnell Mooney,NYG,WR,199.80,242.80,278.10,,
231,Pat Freiermuth,PIT,TE,194.20,244.80,236.40,,
232,Keon Coleman,BUF,WR,211.00,245.90,217.50,,
233,Theo Johnson,NYG,TE,215.60,246.20,215.30,,
234,Rashod Bateman,BAL,WR,204.50,247.70,325.40,,
235,Jaydon Blue,DAL,RB,188.60,248.00,230.50,,
236,Geno Smith,NYJ,QB,185.90,249.00,422.20,,
237,Kaleb Johnson,PIT,RB,216.00,250.70,168.40,,
238,Tory Horton,SEA,WR,213.10,251.60,237.70,,
239,Jake Tonges,SF,TE,214.70,252.00,222.70,,
240,Pat Bryant,DEN,WR,205.50,253.80,181.40,,
241,Troy Franklin,DEN,WR,213.20,254.10,177.20,,
242,Emanuel Wilson,SEA,RB,215.90,255.10,218.80,,
243,Tua Tagovailoa,ATL,QB,208.70,256.10,356.10,,
244,Dontayvion Wicks,PHI,WR,189.60,257.70,275.30,,
245,Chase McLaughlin,TB,K,-,260.60,258.50,,
246,Cairo Santos,CHI,K,-,262.80,350.30,,
247,Wil Lutz,DEN,K,-,264.10,350.70,,
248,Christian Kirk,SF,WR,215.00,265.60,330.10,Ques,Calf
249,Kendre Miller,NO,RB,-,266.60,376.80,,
250,Jordan James,SF,RB,212.90,267.20,274.50,Ques,Ribs
251,J.J. McCarthy,MIN,QB,215.80,268.40,320.20,,
T252,Marvin Mims,DEN,WR,215.90,269.60,327.90,,
T252,Chimere Dike,TEN,WR,215.70,269.60,214.30,,
254,Jaylin Noel,HOU,WR,214.60,271.10,277.00,NFI-A,Finger
255,Shedeur Sanders,CLE,QB,212.60,272.80,263.50,,
256,Skyler Bell,BUF,WR,215.40,273.90,210.40,,
257,Keenan Allen,FA,WR,207.90,274.70,329.90,,
258,Mike Gesicki,CIN,TE,206.60,275.70,318.00,,
259,Jack Bech,LV,WR,215.40,276.90,242.60,,
260,Kyle Williams,NE,WR,216.00,277.60,244.70,,
261,Justice Hill,BAL,RB,214.20,278.00,368.50,,
262,Michael Penix,ATL,QB,215.20,278.50,228.90,Ques,Knee - ACL
263,Michael Mayer,LV,TE,215.10,280.30,281.80,Ques,Nose
264,Evan Engram,DEN,TE,212.00,281.60,287.00,,
265,Tim Tebow,FA,TE,-,282.00,496.30,,
266,Rex Burkhead,FA,RB,-,283.00,-,,
267,Joey Slye,TEN,K,-,284.00,449.70,,
268,Jake Bobo,SEA,WR,-,285.00,-,Ques,Leg
269,Isaiah Bond,CLE,WR,215.90,288.00,276.70,,
270,Samson Nacua,FA,WR,-,290.50,-,,
271,Tez Johnson,TB,WR,215.90,291.00,285.10,,
272,Kareem Hunt,FA,RB,216.00,292.00,-,,
273,Treylon Burks,WAS,WR,215.90,293.00,435.80,,
274,Brock Rechsteiner,NO,WR,-,294.00,-,,
275,Drew Plitt,FA,QB,-,295.50,-,,
276,Will Levis,TEN,QB,-,296.00,-,,
277,Tahj Brooks,CIN,RB,216.00,297.00,503.40,,
278,Carson Beck,ARI,QB,215.80,298.00,271.60,,
279,Zavion Thomas,CHI,WR,215.60,300.00,319.50,,
280,Joe Mixon,FA,RB,216.00,301.00,364.40,Ques,Foot
281,KaVontae Turpin,DAL,WR,215.90,302.00,461.90,,
282,Jake Elliott,PHI,K,-,304.00,305.90,,
283,DeMario Douglas,NE,WR,215.90,306.00,368.10,,
284,Odell Beckham,NYG,WR,215.90,307.90,412.80,,
285,Chris Brazzell,CAR,WR,215.90,308.00,201.30,IR,Knee
286,Charlie Smyth,NO,K,-,310.50,430.40,,
287,Colt McCoy,FA,QB,-,312.00,-,,
288,Kendrick Bourne,ARI,WR,215.90,313.50,-,,
289,Dan Bailey,FA,K,-,316.50,246.60,,
290,Kerryon Johnson,FA,RB,-,317.00,-,,
291,Adam Randall,BAL,RB,215.80,319.50,231.10,,
292,Philip Rivers,FA,QB,-,320.50,429.50,,
293,Ty Simpson,LAR,QB,216.00,322.10,203.50,,
294,James McCourt,FA,K,-,326.00,294.80,,
295,Najee Harris,FA,RB,215.90,327.50,331.20,Ques,Achilles
296,Malik Davis,DAL,RB,216.00,329.50,471.60,,
297,Michael Trigg,DAL,TE,216.00,330.00,283.70,,
298,Darnell Washington,PIT,TE,214.90,331.80,314.30,,
299,Darius Slayton,NYG,WR,215.60,332.00,431.20,,
300,Brashard Smith,KC,RB,216.00,332.90,286.30,,
301,Samaje Perine,CIN,RB,215.60,334.20,443.40,,
302,Elic Ayomanor,TEN,WR,215.80,335.40,219.00,,
303,Max Klare,LAR,TE,216.00,336.60,240.90,,
304,Montrell Washington,FA,WR,-,337.00,-,,
305,Brenen Thompson,LAC,WR,215.70,338.50,242.40,,
306,Devaughn Vele,NO,WR,215.00,339.30,344.00,,
307,Tyquan Thornton,KC,WR,209.80,340.90,333.00,,
308,Oscar Delp,NO,TE,215.90,341.20,272.00,,
309,Caleb Douglas,MIA,WR,214.80,341.70,326.90,,
310,Cole Kmet,CHI,TE,215.90,344.80,339.70,,
311,Tyler Bass,BUF,K,-,345.30,256.90,,
312,Trey Smack,GB,K,-,346.80,310.00,,
313,Taysom Hill,FA,TE,216.00,347.00,533.00,,
314,Eli Heidenreich,PIT,RB,216.00,348.20,322.60,,
315,George Holani,SEA,RB,212.50,349.70,353.00,,
316,Isaiah Davis,NYJ,RB,215.70,350.10,338.70,,
317,Quinn Nordin,FA,K,-,352.00,347.70,,
318,Malik Benson,LV,WR,216.00,353.00,362.30,,
319,Eli Raridon,NE,TE,215.50,354.80,269.90,,
320,Mason Taylor,NYJ,TE,215.90,355.90,159.20,,
321,Andrew Mevis,FA,K,-,356.50,298.70,,
322,Audric Estime,NO,RB,-,358.10,564.50,,
323,LeQuint Allen,JAX,RB,215.70,359.50,336.40,,
324,Jarquez Hunter,LAR,RB,216.00,359.60,480.00,,
325,DJ Giddens,IND,RB,215.00,361.50,280.80,,
326,Justin Joly,DEN,TE,215.90,362.80,323.30,,
327,Mac Jones,SF,QB,216.00,363.00,426.80,,
328,Andrei Iosivas,CIN,WR,215.10,364.10,372.20,,
329,Anthony Richardson,IND,QB,216.00,365.50,375.50,,
330,Emari Demercado,KC,RB,215.90,366.50,493.70,,
331,Kenny Pickett,CAR,QB,-,367.50,416.80,,
332,Justin Fields,KC,QB,215.90,368.00,483.60,,
333,Demarcus Robinson,SF,WR,216.00,369.00,-,,
334,Drew Allar,PIT,QB,-,370.50,334.30,,
335,Mack Hollins,NE,WR,216.00,371.00,-,,
336,Kyle Allen,BUF,QB,216.00,372.00,-,,
337,Chris Brooks,GB,RB,216.00,373.50,433.90,NFI-A,Hamstring
338,Kirk Cousins,LV,QB,214.80,374.00,363.30,,
339,Deshaun Watson,CLE,QB,215.30,375.80,374.20,,
340,Xavier Legette,CAR,WR,214.90,376.50,287.30,,
T341,Roman Hemby,LV,RB,-,377.50,377.90,,
T341,Devin Neal,NO,RB,216.00,377.50,234.00,,
343,Jahan Dotson,ATL,WR,215.80,379.50,367.40,,
344,Ja'Tavion Sanders,CAR,TE,215.80,380.50,335.50,,
345,Ollie Gordon,MIA,RB,215.90,381.00,229.40,,
346,Deion Burks,IND,WR,216.00,382.00,340.00,,
347,Roman Wilson,PIT,WR,215.80,383.50,387.00,,
348,Ben Sinnott,WAS,TE,216.00,384.50,343.00,,
349,Jalin Hyatt,NYG,WR,-,385.00,527.30,,
T350,Josh Imatorbhebhe,FA,WR,-,-,-,,
T350,Van Jefferson,WAS,WR,216.00,-,-,,
T350,Jaray Jenkins,FA,WR,-,-,-,,
T350,Tyler Johnson,DAL,WR,-,-,-,,
T350,Willie Johnson,FA,WR,-,-,-,,
T350,Xavier Johnson,CIN,WR,-,-,-,,
T350,Jontre Kirklin,FA,WR,-,-,-,,
T350,Keith Kirkwood,FA,WR,-,-,-,,
T350,Shaleak Knotts,FA,WR,-,-,-,,
T350,Malik Knowles,FA,WR,-,-,-,,
T350,Aaron Lacombe,FA,WR,-,-,-,,
T350,Caullin Lacy,NYJ,WR,-,-,-,,
T350,Chris Lacy,FA,WR,-,-,-,,
T350,Montana Lemonious-Craig,FA,WR,-,-,-,Ques,Lower Body
T350,Landon Lenoir,FA,WR,-,-,-,,
T350,Brandon Lewis,FA,WR,-,-,-,,
T350,Talolo Limu-Jones,FA,WR,-,-,-,,
T350,Henry Litwin,FA,WR,-,-,-,,
T350,Johnathan Lloyd,FA,WR,-,-,-,,
T350,Tyler Lockett,FA,WR,-,-,-,,
T350,Justin Lockhart,FA,WR,-,-,-,,
T350,Kai Locksley,FA,WR,-,-,-,,
T350,Dominic Lovett,DET,WR,-,-,-,,
T350,Xavier Loyd,KC,WR,-,-,-,,
T350,Taysir Mack,FA,WR,-,-,-,,
T350,Ja'Mori Maclin,BUF,WR,-,-,-,,
T350,Joseph Manjack,DEN,WR,-,-,-,,
T350,Zimari Manning,FA,WR,-,-,-,,
T350,Keelan Marion,ATL,WR,-,-,-,,
T350,Gabe Marks,FA,WR,-,-,-,,
T350,Terrace Marshall,MIA,WR,-,-,-,,
T350,Tay Martin,DET,WR,-,-,-,,
T350,Tyreik McAllister,FA,WR,-,-,-,,
T350,Luke McCaffrey,WAS,WR,215.90,-,465.40,,
T350,Malik McClain,NYJ,WR,-,-,-,,
T350,Ray-Ray McCloud,FA,WR,-,-,-,,
T350,Jonathan Mingo,DAL,WR,-,-,547.00,,
T350,John Metchie,CAR,WR,216.00,-,539.00,,
T350,Dohnte Meyers,CIN,WR,-,-,-,,
T350,Anthony Miller,FA,WR,-,-,-,,
T350,Dorren Miller,FA,WR,-,-,-,,
T350,Dre Miller,FA,WR,-,-,-,,
T350,Ryan Miller,NYG,WR,-,-,-,,
T350,Scotty Miller,CHI,WR,-,-,-,,
T350,Denzel Mims,DAL,WR,-,-,-,,
T350,Elijah Moore,PHI,WR,-,-,-,,
T350,Jason Moore,FA,WR,-,-,-,,
T350,Jordan Moore,CIN,WR,-,-,-,,
T350,Skyy Moore,GB,WR,-,-,532.50,,
T350,Jalen Moreno-Cropper,NO,WR,-,-,-,,
T350,Taylor Morin,FA,WR,-,-,-,,
T350,Mante' Morrow,LAC,WR,-,-,-,,
T350,Moose Muhammad,FA,WR,-,-,-,,
T350,Konata Mumpfield,LAR,WR,216.00,-,462.30,,
T350,Jaylin Lane,WAS,WR,216.00,-,440.50,,
T350,Gage Larvadain,CLE,WR,-,-,-,,
T350,Kwamie Lassiter,FA,WR,-,-,-,,
T350,Kendrick Law,DET,WR,-,-,-,IR,Knee - ACL
T350,Allen Lazard,FA,WR,-,-,-,,
T350,Shane Leatherbury,FA,WR,-,-,-,,
T350,Donaven McCulley,MIA,WR,-,-,-,,
T350,Lance McCutcheon,TEN,WR,-,-,-,,
T350,Ryan McDaniel,FA,WR,-,-,-,,
T350,Alex McGough,FA,WR,-,-,-,,
T350,Kyric McGowan,FA,WR,-,-,-,,
T350,Isaiah McKenzie,FA,WR,-,-,-,,
T350,KeAndre Lambert-Smith,LAC,WR,-,-,-,,
T350,Bryce Lance,NO,WR,216.00,-,341.50,,
T350,Bub Means,NO,WR,-,-,492.00,,
T350,Malick Meiga,CAR,WR,-,-,-,,
T350,Tommy Mellott,FA,WR,-,-,-,,
T350,Bo Melton,GB,WR,-,-,404.00,,
T350,DeAndre Hopkins,FA,WR,-,-,-,,
T350,Jimmy Horn,CAR,WR,216.00,-,434.50,,
T350,TreVontae Hights,FA,WR,-,-,-,,
T350,Malik Flowers,FA,WR,-,-,-,,
T350,Chris Hilton,WAS,WR,-,-,-,,
T350,T.Y. Hilton,FA,WR,-,-,-,,
T350,Kendall Hinton,FA,WR,-,-,-,,
T350,Changa Hodge,FA,WR,-,-,-,,
T350,KhaDarel Hodge,FA,WR,-,-,-,,
T350,Isaiah Hodgins,NYG,WR,-,-,-,,
T350,Traeshon Holden,DAL,WR,-,-,-,,
T350,Cyrus Holder,FA,WR,-,-,-,,
T350,Jimmy Holiday,KC,WR,-,-,-,,
T350,Alexander Hollins,FA,WR,-,-,-,,
T350,Trenton Irwin,SF,WR,-,-,-,,
T350,Andy Isabella,FA,WR,-,-,-,Ques,Ankle
T350,Calvin Jackson,FA,WR,-,-,-,,
T350,Courtney Jackson,TEN,WR,-,-,-,,
T350,JaQuae Jackson,LAC,WR,-,-,-,,
T350,Jermaine Jackson,FA,WR,-,-,-,,
T350,Jha'Quan Jackson,HOU,WR,-,-,-,,
T350,Kearis Jackson,FA,WR,-,-,-,,
T350,Lucky Jackson,DET,WR,-,-,-,,
T350,Shedrick Jackson,LV,WR,-,-,-,,
T350,Trishton Jackson,FA,WR,-,-,-,,
T350,Sam James,FA,WR,-,-,-,,
T350,Tyshaun James,FA,WR,-,-,-,,
T350,Jaxon Janke,FA,WR,-,-,-,,
T350,Rakim Jarrett,FA,WR,-,-,-,,
T350,Damion Jeanpiere,FA,WR,-,-,-,,
T350,Dennis Houston,TB,WR,-,-,-,,
T350,Alton Howard,FA,WR,-,-,-,,
T350,Jordan Hudson,DAL,WR,-,-,-,,
T350,Kyron Hudson,CHI,WR,-,-,-,,
T350,Lil'Jordan Humphrey,DEN,WR,-,-,-,,
T350,Xavier Hutchinson,HOU,WR,216.00,-,383.00,,
T350,Max Hurleman,PIT,WR,-,-,-,,
T350,John Jiles,FA,WR,-,-,-,Ques,Undisclosed
T350,Brandon Johnson,LV,WR,-,-,-,,
T350,Collin Johnson,FA,WR,-,-,-,,
T350,Cornelius Johnson,BAL,WR,-,-,-,,
T350,Diontae Johnson,FA,WR,-,-,-,,
T350,Jamel Johnson,FA,WR,-,-,-,,
T350,Jaylen Johnson,FA,WR,-,-,-,,
T350,Johnny Johnson,FA,WR,-,-,-,,
T350,Kameron Johnson,TB,WR,-,-,-,,
T350,KeeSean Johnson,FA,WR,-,-,-,,
T350,Marcus Johnson,FA,WR,-,-,-,,
T350,Charlie Jones,CIN,WR,-,-,-,,
T350,J.J. Jones,FA,WR,-,-,-,,
T350,Jacoby Jones,WAS,WR,-,-,-,,
T350,Jeshaun Jones,MIN,WR,-,-,-,,
T350,Julio Jones,FA,WR,-,-,515.50,,
T350,Marvin Jones,FA,WR,-,-,-,,
T350,Tim Jones,JAX,WR,-,-,-,,
T350,Zay Jones,FA,WR,-,-,-,,
T350,Lamar Jordan,FA,WR,-,-,-,,
T350,Kevin Kassis,FA,WR,-,-,-,,
T350,Kolbe Katsis,DEN,WR,-,-,-,,
T350,Jakobie Keeney-James,FA,WR,-,-,-,,
T350,Josh Kelly,HOU,WR,-,-,-,,
T350,Tom Kennedy,DET,WR,-,-,-,,
T350,Dane Key,DEN,WR,-,-,370.80,,
T350,Lawrence Keys,DET,WR,-,-,-,Ques,Leg
T350,Ramel Keyton,FA,WR,-,-,-,,
T350,Jimmy Kibble,NE,WR,-,-,-,IR,Undisclosed
T350,Mason Kinsey,TEN,WR,-,-,-,,
T350,Chris Moore,BAL,WR,-,-,-,,
T350,David Moore,CAR,WR,-,-,-,,
T350,Steven Mitchell,FA,WR,-,-,-,,
T350,D.J. Montgomery,FA,WR,-,-,-,,
T350,Tyren Montgomery,TEN,WR,-,-,-,,
T350,Nick Nash,WAS,WR,-,-,-,,
T350,JoJo Natson,FA,WR,-,-,-,,
T350,J.J. Nelson,FA,WR,-,-,-,,
T350,Dazz Newsome,FA,WR,-,-,-,,
T350,Isaiah Neyor,GB,WR,-,-,-,,
T350,Joseph Ngata,FA,WR,-,-,-,,
T350,Bryce Oliver,TEN,WR,-,-,-,,
T350,Gunner Olszewski,NYG,WR,-,-,-,IR,Achilles
T350,K.J. Osborn,TEN,WR,-,-,-,,
T350,Coleman Owen,IND,WR,-,-,-,,
T350,Terique Owens,FA,WR,-,-,-,,
T350,Joshua Palmer,BUF,WR,215.90,-,408.00,,
T350,Tejhaun Palmer,FA,WR,-,-,-,,
T350,Trey Palmer,NO,WR,-,-,-,,
T350,Eli Pancol,IND,WR,-,-,-,,
T350,DeVante Parker,FA,WR,-,-,-,,
T350,Zach Pascal,FA,WR,-,-,-,,
T350,Tim Patrick,NYJ,WR,-,-,-,,
T350,Ben Patterson,FA,WR,-,-,-,,
T350,Dean Patterson,TB,WR,-,-,-,,
T350,Neil Pau'u,FA,WR,-,-,-,,
T350,Will Pauling,SF,WR,-,-,-,,
T350,JaVonta Payton,FA,WR,-,-,-,,
T350,Ja'Seem Reed,CAR,WR,-,-,-,,
T350,Kalil Pimpleton,FA,WR,-,-,-,,
T350,Trebor Pena,JAX,WR,-,-,501.50,,
T350,A.T. Perry,PIT,WR,-,-,-,,
T350,Dante Pettis,BUF,WR,-,-,-,,
T350,Kyle Philips,FA,WR,-,-,-,,
T350,Whop Philyor,FA,WR,-,-,-,,
T350,John Rhys Plumlee,FA,WR,-,-,-,,
T350,Ja'Lynn Polk,NO,WR,-,-,562.00,Reserve-Ret,Undisclosed
T350,Brandon Powell,FA,WR,-,-,-,,
T350,Kaden Prather,GB,WR,-,-,-,,
T350,Kobe Prentice,NE,WR,-,-,-,,
T350,Brennan Presley,LAR,WR,-,-,-,,
T350,Hal Presley,FA,WR,-,-,-,,
T350,Myles Price,MIN,WR,-,-,550.50,,
T350,Jamaal Pritchett,NYJ,WR,-,-,-,,
T350,James Proche,FA,WR,-,-,-,,
T350,Kendric Pryor,CIN,WR,-,-,-,,
T350,Charleston Rambo,FA,WR,-,-,-,,
T350,Kalif Raymond,CHI,WR,215.90,-,-,,
T350,Jalen Reagor,MIA,WR,-,-,-,,
T350,Riley Ridley,FA,WR,-,-,-,,
T350,Eric Rivers,TB,WR,-,-,507.20,,
T350,Jaquarii Roberson,FA,WR,-,-,-,,
T350,Reggie Roberson,FA,WR,-,-,-,,
T350,Andre Roberts,FA,WR,-,-,-,,
T350,Chase Roberts,LV,WR,-,-,390.00,,
T350,Demetris Robertson,FA,WR,-,-,-,,
T350,Allen Robinson,FA,WR,-,-,-,,
T350,Joe Reed,FA,WR,-,-,-,,
T350,Louis Rees-Zammit,FA,WR,-,-,-,,
T350,Nikko Remigio,KC,WR,-,-,-,,
T350,Hunter Renfrow,FA,WR,-,-,-,,
T350,Xavier Restrepo,TEN,WR,-,-,-,,
T350,Josh Reynolds,FA,WR,-,-,-,Ques,Hip
T350,Brenden Rice,FA,WR,-,-,-,Ques,Undisclosed
T350,Stephon Robinson,FA,WR,-,-,-,,
T350,A.J. Richardson,FA,WR,-,-,-,,
T350,JP Richardson,CHI,WR,-,-,510.50,,
T350,Braylon Sanders,FA,WR,-,-,-,,
T350,Marcus Sanders,MIN,WR,-,-,-,,
T350,Mohamed Sanu,FA,WR,-,-,-,,
T350,Bud Sasser,FA,WR,-,-,-,,
T350,Treyvhon Saunders,HOU,WR,-,-,-,,
T350,Savon Scarver,FA,WR,-,-,-,,
T350,Dalton Schoen,FA,WR,-,-,-,,
T350,Anthony Schwartz,FA,WR,-,-,-,,
T350,Gee Scott,NYJ,WR,-,-,-,IR,Undisclosed
T350,Ty Scott,FA,WR,-,-,-,,
T350,Tyler Scott,LAR,WR,-,-,-,,
T350,Mathew Sexton,FA,WR,-,-,-,,
T350,Kevin Shaa,FA,WR,-,-,-,,
T350,Rashad Rochelle,SEA,WR,-,-,-,,
T350,Amari Rodgers,FA,WR,-,-,-,,
T350,Marcus Rosemy-Jacksaint,FA,WR,-,-,-,,
T350,Cameron Ross,DEN,WR,-,-,-,,
T350,Devonte Ross,LAC,WR,-,-,-,,
T350,John Ross,FA,WR,-,-,-,,
T350,Justyn Ross,FA,WR,-,-,-,,
T350,Marvelle Ross,FA,WR,-,-,-,,
T350,Jalen Royals,KC,WR,216.00,-,371.40,,
T350,Corey Rucker,LV,WR,-,-,-,IR,Undisclosed
T350,Trayvon Rudolph,MIN,WR,-,-,-,,
T350,Henry Ruggs,FA,WR,-,-,413.70,,
T350,Jonathon Rumph,FA,WR,-,-,-,,
T350,Xavier Rush,FA,WR,-,-,-,,
T350,Malik Rutherford,FA,WR,-,-,-,,
T350,Curtis Samuel,FA,WR,-,-,-,,
T350,Jared Smart,FA,WR,-,-,-,,
T350,Ainias Smith,CAR,WR,-,-,-,,
T350,Anthony Smith,DAL,WR,-,-,-,,
T350,Arian Smith,NYJ,WR,-,-,-,,
T350,Brandon Smith,PIT,WR,-,-,-,,
T350,JuJu Smith-Schuster,NYG,WR,216.00,-,-,,
T350,Tyler Snead,FA,WR,-,-,-,,
T350,Daniel Sobkowicz,HOU,WR,-,-,-,,
T350,Jack Sorenson,FA,WR,-,-,-,,
T350,Jaden Smith,DAL,WR,-,-,-,,
T350,Jaylen Smith,FA,WR,-,-,-,,
T350,Josh Smith,FA,WR,-,-,-,,
T350,Octavian Smith,BAL,WR,-,-,-,,
T350,Tre'Quan Smith,FA,WR,-,-,-,,
T350,Xavier Smith,LAR,WR,-,-,-,,
T350,Ihmir Smith-Marsette,ARI,WR,-,-,-,,
T350,Raylen Sharpe,IND,WR,-,-,-,,
T350,Tyrell Shavers,BUF,WR,-,-,-,PUP-P,Knee - ACL
T350,Damon Sheehy-Guiseppi,FA,WR,-,-,-,,
T350,DT Sheffield,NYJ,WR,-,-,517.50,,
T350,Laviska Shenault,FA,WR,-,-,-,,
T350,Sterling Shepard,FA,WR,-,-,-,,
T350,Will Sheppard,GB,WR,-,-,-,,
T350,Trent Sherfield,BUF,WR,-,-,-,,
T350,Noah Short,FA,WR,-,-,-,,
T350,Justin Shorter,LV,WR,-,-,-,IR,Undisclosed
T350,David Sills,TB,WR,-,-,-,,
T350,Tyler Simmons,FA,WR,-,-,-,,
T350,Steven Sims,FA,WR,-,-,-,,
T350,Quentin Skinner,BUF,WR,-,-,-,,
T350,Quincy Skinner,NYJ,WR,-,-,-,,
T350,Ben Skowronek,PIT,WR,-,-,-,,
T350,Matthew Slater,FA,WR,-,-,-,,
T350,Stone Smartt,PHI,TE,-,-,-,,
T350,Irv Smith,FA,TE,-,-,-,Ques,Ankle
T350,Jonnu Smith,FA,TE,-,-,-,,
T350,Kaden Smith,FA,TE,-,-,-,,
T350,Durham Smythe,BAL,TE,-,-,-,,
T350,Matt Sokol,FA,TE,-,-,-,,
T350,Brevyn Spann-Ford,DAL,TE,216.00,-,-,,
T350,Dylan Stapleton,FA,TE,-,-,-,,
T350,John Stephens,FA,TE,-,-,-,,
T350,Luke Stocker,FA,TE,-,-,-,,
T350,Jack Stoll,CLE,TE,-,-,-,,
T350,Cade Stover,HOU,TE,-,-,566.50,,
T350,Ian Thomas,LV,TE,-,-,-,,
T350,Logan Thomas,FA,TE,-,-,-,,
T350,Noah Togiai,FA,TE,-,-,-,,
T350,Eric Tomlinson,FA,TE,-,-,-,,
T350,Stephen Sullivan,FA,TE,-,-,-,,
T350,Cam Sutton,FA,TE,-,-,-,,
T350,Evan Svoboda,LAC,TE,-,-,-,,
T350,Geoff Swaim,FA,TE,-,-,-,,
T350,Messiah Swinson,GB,TE,-,-,-,,
T350,Leonard Taylor,FA,TE,-,-,-,,
T350,Marcus Santos-Silva,FA,TE,-,-,-,,
T350,Eric Saubert,SEA,TE,-,-,-,,
T350,Luke Schoonmaker,DAL,TE,216.00,-,565.50,,
T350,Donald Parham,FA,TE,-,-,-,,
T350,Dylan Parham,FA,TE,-,-,-,,
T350,Drew Sample,CIN,TE,-,-,-,,
T350,Christian Scotland-Williamson,FA,TE,-,-,-,,
T350,Jared Scott,FA,TE,-,-,-,,
T350,Matt Seybert,FA,TE,-,-,-,,
T350,Adam Shaheen,FA,TE,-,-,-,,
T350,Bauer Sharp,TB,TE,-,-,528.70,,
T350,John Samuel Shenker,FA,TE,-,-,-,,
T350,Joshua Simon,ATL,TE,-,-,-,,
T350,Ben Sims,MIA,TE,-,-,-,,
T350,Jonathan Adams,FA,WR,-,-,-,,
T350,Robert Tonyan,PIT,TE,216.00,-,-,,
T350,Carson Towt,IND,TE,-,-,-,,
T350,Seydou Traore,MIA,TE,-,-,560.50,,
T350,Adam Trautman,DEN,TE,-,-,-,,
T350,Tommy Tremble,CAR,TE,216.00,-,-,,
T350,Cole Turner,MIA,TE,-,-,-,,
T350,C.J. Uzomah,FA,TE,-,-,-,,
T350,Mitch Van Vooren,NE,TE,-,-,-,,
T350,Nick Vannett,SEA,TE,-,-,-,,
T350,Jack Velling,ATL,TE,-,-,-,,
T350,Dan Villari,LAR,TE,-,-,557.70,,
T350,Travis Vokolek,FA,TE,-,-,-,,
T350,Darren Waller,FA,TE,216.00,-,400.00,Ques,Groin
T350,Garrett Walston,FA,TE,-,-,-,,
T350,Jacob Warren,FA,TE,-,-,-,,
T350,Jerome Washington,FA,TE,-,-,-,,
T350,Scotty Washington,FA,TE,-,-,-,,
T350,Tre Watson,KC,TE,-,-,-,,
T350,Treyton Welch,NO,TE,-,-,-,,
T350,Pro Wells,FA,TE,-,-,-,,
T350,Trevon Wesco,FA,TE,-,-,-,,
T350,Blake Whiteheart,CLE,TE,-,-,-,,
T350,Josh Whyle,GB,TE,-,-,-,,
T350,Nate Wieting,FA,TE,-,-,-,,
T350,Mitchell Wilcox,FA,TE,-,-,-,,
T350,Jared Wiley,KC,TE,-,-,-,,
T350,Carson Williams,FA,TE,-,-,530.00,,
T350,Rodney Williams,FA,TE,-,-,-,,
T350,Brayden Willis,SF,TE,-,-,-,,
T350,Joel Wilson,TEN,TE,-,-,-,,
T350,Charlie Woerner,ATL,TE,-,-,-,,
T350,Ethan Wolf,FA,TE,-,-,-,,
T350,Trevor Wood,FA,TE,-,-,-,,
T350,Jelani Woods,NYJ,TE,-,-,-,,
T350,Brock Wright,DET,TE,-,-,-,,
T350,Dae'Quan Wright,PHI,TE,-,-,470.50,,
T350,Colson Yankoff,WAS,TE,-,-,-,,
T350,Thomas Yassmin,GB,TE,-,-,-,,
T350,Kenny Yeboah,ARI,TE,-,-,-,,
T350,Ben Yurosek,MIN,TE,-,-,-,,
T350,Shane Zylstra,BUF,TE,-,-,-,,
T350,Keshunn Abram,FA,WR,-,-,-,,
T350,Trinity Benson,FA,WR,-,-,-,,
T350,Gabriel Benyard,CAR,WR,-,-,-,,
T350,Junior Bergen,SF,WR,-,-,-,,
T350,David Bell,FA,WR,-,-,-,,
T350,Dillon Bell,MIN,WR,-,-,-,,
T350,Ronnie Bell,NO,WR,-,-,-,,
T350,Andre Baccellia,FA,WR,-,-,-,Ques,Neck
T350,Alex Bachman,FA,WR,-,-,-,,
T350,Javon Baker,FA,WR,-,-,-,,
T350,Daylen Baldwin,FA,WR,-,-,-,,
T350,Michael Bandy,DEN,WR,-,-,-,,
T350,Reggie Begelton,FA,WR,-,-,-,,
T350,Cole Beasley,FA,WR,-,-,-,,
T350,Hank Beatty,TEN,WR,-,-,-,,
T350,Geronimo Allison,FA,WR,-,-,-,,
T350,Aaron Anderson,CLE,WR,-,-,488.90,,
T350,Vinny Anthony,ATL,WR,-,-,525.50,,
T350,Andrew Armstrong,KC,WR,-,-,-,,
T350,Tutu Atwell,MIA,WR,216.00,-,-,,
T350,Calvin Austin,NYG,WR,216.00,-,-,,
T350,Kevin Austin,NO,WR,-,-,-,,
T350,Tavon Austin,FA,WR,-,-,389.00,,
T350,Ajou Ajou,FA,WR,-,-,-,,
T350,Maurice Alexander,CHI,WR,-,-,-,,
T350,Damien Alford,FA,WR,-,-,-,Ques,Undisclosed
T350,Josh Ali,FA,WR,-,-,-,,
T350,Devon Allen,FA,WR,-,-,-,,
T350,Floyd Allen,FA,WR,-,-,-,,
T350,Nelson Agholor,FA,WR,-,-,-,,
T350,Jamal Agnew,FA,WR,-,-,-,Ques,Undisclosed
T350,Chandler Brayboy,JAX,WR,-,-,-,,
T350,Lewis Bond,HOU,WR,216.00,-,398.00,,
T350,Slade Bolden,FA,WR,-,-,-,,
T350,Barion Brown,NO,WR,216.00,-,506.00,,
T350,Camden Brown,DAL,WR,-,-,-,,
T350,Dyami Brown,WAS,WR,216.00,-,-,,
T350,Fred Brown,FA,WR,-,-,-,,
T350,Hollywood Brown,PHI,WR,215.90,-,323.80,,
T350,Jaron Brown,FA,WR,-,-,-,,
T350,John Brown,FA,WR,-,-,-,,
T350,Kameron Brown,FA,WR,-,-,-,,
T350,Noah Brown,FA,WR,-,-,-,Ques,Ribs
T350,Sean Brown,FA,WR,-,-,-,,
T350,Sincere Brown,LAC,WR,-,-,-,,
T350,Tony Brown,FA,WR,-,-,-,,
T350,Jason Brownlee,KC,WR,-,-,-,,
T350,Jared Bernhardt,FA,WR,-,-,-,,
T350,Braxton Berrios,NYG,WR,-,-,-,,
T350,Stanley Berryhill,FA,WR,-,-,-,,
T350,Tyron Billy-Johnson,FA,WR,-,-,-,,
T350,Tarik Black,FA,WR,-,-,-,,
T350,Chris Blair,ATL,WR,-,-,-,,
T350,DeMeer Blankumsee,FA,WR,-,-,-,,
T350,Javess Blue,FA,WR,-,-,-,,
T350,Bryce Bobo,FA,WR,-,-,-,,
T350,Lynn Bowden,FA,WR,-,-,-,,
T350,Zion Bowens,FA,WR,-,-,-,,
T350,Brady Boyd,JAX,WR,-,-,-,,
T350,Devonte Boyd,FA,WR,-,-,-,,
T350,Tyler Boyd,FA,WR,-,-,-,,
T350,Miles Boykin,FA,WR,-,-,-,,
T350,Trevon Bradford,FA,WR,-,-,378.00,,
T350,Ja'Marcus Bradley,FA,WR,-,-,-,,
T350,Jaden Bradley,WAS,WR,-,-,-,,
T350,Jonathan Brady,FA,WR,-,-,-,,
T350,Tyre Brady,FA,WR,-,-,-,,
T350,Cortez Braham,BAL,WR,-,-,-,,
T350,Reggie Diggs,FA,WR,-,-,-,,
T350,Kyle Dixon,NE,WR,-,-,-,,
T350,Cameron Dorner,NE,WR,-,-,522.00,,
T350,Phillip Dorsett,LV,WR,-,-,-,,
T350,Greg Dortch,DET,WR,216.00,-,534.00,,
T350,Kevin Coleman,MIA,WR,216.00,-,282.60,,
T350,Beaux Collins,NYG,WR,-,-,-,Ques,Concussion
T350,Kenny Cook,FA,WR,-,-,-,,
T350,Brandin Cooks,FA,WR,-,-,-,,
T350,Elijah Cooks,FA,WR,-,-,-,,
T350,Amari Cooper,FA,WR,-,-,-,,
T350,Darius Cooper,PHI,WR,-,-,-,,
T350,Jacob Copeland,FA,WR,-,-,-,,
T350,Malachi Corley,CLE,WR,-,-,-,,
T350,Chase Cota,FA,WR,-,-,-,,
T350,Britain Covey,PHI,WR,-,-,-,,
T350,Jacob Cowing,SF,WR,216.00,-,-,,
T350,River Cracraft,WAS,WR,-,-,-,,
T350,Josh Crockett,FA,WR,-,-,-,,
T350,Jamison Crowder,FA,WR,-,-,-,,
T350,Malik Cunningham,DET,WR,-,-,-,,
T350,Zach D'Orazio,FA,WR,-,-,-,,
T350,Mac Dalena,BUF,WR,-,-,-,,
T350,Jared Dangerfield,FA,WR,-,-,-,,
T350,CJ Daniels,LAR,WR,216.00,-,278.70,,
T350,Dallas Daniels,FA,WR,-,-,-,,
T350,DaVaris Daniels,FA,WR,-,-,-,,
T350,Frank Darby,FA,WR,-,-,-,,
T350,Jaelon Darden,FA,WR,-,-,-,,
T350,Corey Davis,FA,WR,-,-,-,,
T350,Danny Davis,FA,WR,-,-,-,,
T350,Davion Davis,FA,WR,-,-,-,,
T350,Derius Davis,LAC,WR,-,-,-,,
T350,Gabe Davis,FA,WR,-,-,-,Ques,Knee - ACL
T350,Joaquin Davis,PIT,WR,-,-,-,,
T350,Kaden Davis,CHI,WR,-,-,-,,
T350,Shaquan Davis,FA,WR,-,-,-,,
T350,Terrill Davis,MIN,WR,-,-,476.50,,
T350,Seth Dawkins,FA,WR,-,-,-,,
T350,Jacob De Jesus,KC,WR,-,-,-,,
T350,DeVonte Dedmon,FA,WR,-,-,-,,
T350,Nick DeGennaro,NE,WR,-,-,-,,
T350,Shemar Bridges,FA,WR,-,-,-,,
T350,Romello Brinson,FA,WR,-,-,-,,
T350,Michael Briscoe,MIN,WR,-,-,-,,
T350,Le'Meke Brockington,ATL,WR,-,-,-,,
T350,Ja'Corey Brooks,FA,WR,-,-,-,Ques,Undisclosed
T350,Jalen Brooks,ARI,WR,-,-,-,,
T350,Alex Bullock,JAX,WR,-,-,-,Reserve-Ret,Undisclosed
T350,Cole Burgess,PIT,WR,-,-,-,,
T350,Dan Chisena,CAR,WR,-,-,-,IR,Undisclosed
T350,Efton Chism,NE,WR,-,-,-,,
T350,Robbie Chosen,FA,WR,-,-,-,,
T350,Cody Chrest,FA,WR,-,-,-,,
T350,Marquez Clark,FA,WR,-,-,-,,
T350,Trevon Clark,FA,WR,-,-,-,,
T350,Chase Claypool,FA,WR,-,-,-,,
T350,Tyrie Cleveland,FA,WR,-,-,-,,
T350,Randall Cobb,FA,WR,-,-,-,,
T350,Braxton Burmeister,FA,WR,-,-,-,,
T350,Deontay Burnett,FA,WR,-,-,-,,
T350,Jermaine Burton,FA,WR,216.00,-,-,,
T350,Rico Bussey,FA,WR,-,-,-,,
T350,Hakeem Butler,DEN,WR,-,-,-,,
T350,Terrell Bynum,FA,WR,-,-,-,,
T350,Jeff Caldwell,KC,WR,-,-,463.50,,
T350,Antonio Callaway,FA,WR,-,-,-,,
T350,Marquez Callaway,FA,WR,-,-,-,,
T350,Dalen Cambre,NYG,WR,-,-,-,,
T350,Josh Cameron,JAX,WR,216.00,-,478.80,,
T350,Dalevon Campbell,LAC,WR,-,-,-,,
T350,Parris Campbell,DAL,WR,-,-,-,Reserve-Ret,Undisclosed
T350,Cam Camper,NYJ,WR,-,-,-,,
T350,DeAndre Carter,FA,WR,-,-,-,Ques,Knee
T350,Joshua Cephus,FA,WR,-,-,-,,
T350,DJ Chark,FA,WR,-,-,-,,
T350,Irvin Charles,SEA,WR,-,-,-,,
T350,Colton Dowell,SF,WR,-,-,-,,
T350,Emeka Emezie,FA,WR,-,-,-,,
T350,Alex Erickson,FA,WR,-,-,-,,
T350,Dee Eskridge,FA,WR,-,-,-,,
T350,Amba Etta-Tawo,FA,WR,-,-,-,,
T350,Dontario Drummond,FA,WR,-,-,-,,
T350,Dylan Drummond,ATL,WR,-,-,-,,
T350,Grant DuBose,FA,WR,-,-,-,Ques,Shoulder
T350,Ashton Dulin,IND,WR,216.00,-,-,,
T350,Kyre Duplessis,SEA,WR,-,-,-,,
T350,Devin Duvernay,ARI,WR,-,-,-,,
T350,Brennan Eagles,FA,WR,-,-,-,,
T350,Jerrion Ealy,FA,WR,-,-,-,,
T350,Tru Edwards,LAR,WR,-,-,-,,
T350,Dez Fitzpatrick,FA,WR,-,-,-,Ques,Undisclosed
T350,Dontae Fleming,MIN,WR,-,-,-,,
T350,Luke Floriea,CLE,WR,-,-,-,,
T350,Isaiah Ford,FA,WR,-,-,-,,
T350,Bryce Ford-Wheaton,FA,WR,-,-,-,Ques,Achilles
T350,Montorie Foster,SEA,WR,-,-,-,,
T350,Deshon Foxx,FA,WR,-,-,-,,
T350,Omari Evans,KC,WR,-,-,404.50,,
T350,Erik Ezukanma,PHI,WR,-,-,-,,
T350,Jequez Ezzard,FA,WR,-,-,-,,
T350,Simi Fehoko,ARI,WR,-,-,-,,
T350,Da'Quan Felton,FA,WR,-,-,-,Ques,Undisclosed
T350,Tai Felton,MIN,WR,216.00,-,403.00,,
T350,Isiah Ferguson,FA,WR,-,-,-,,
T350,Ethan Fernea,FA,WR,-,-,-,,
T350,Maurice Ffrench,FA,WR,-,-,-,,
T350,Zakhari Franklin,FA,WR,-,-,-,,
T350,Ty Fryfogle,FA,WR,-,-,-,,
T350,Travis Fulgham,FA,WR,-,-,-,,
T350,Russell Gage,FA,WR,-,-,-,,
T350,Michael Gallup,FA,WR,-,-,-,,
T350,Kaylon Geiger,FA,WR,-,-,-,,
T350,Xavier Gipson,NYG,WR,-,-,-,,
T350,Deonte Harty,FA,WR,-,-,-,Ques,Knee
T350,Jadon Haselwood,FA,WR,-,-,-,,
T350,Brandon Hayes,FA,WR,-,-,-,,
T350,Malik Heath,FA,WR,-,-,-,,
T350,Jaivon Heiligh,FA,WR,-,-,-,,
T350,Emmanuel Henderson,SEA,WR,-,-,511.10,,
T350,Thomas Hennigan,FA,WR,-,-,-,,
T350,AJ Henning,MIA,WR,-,-,-,,
T350,Ra'Shaun Henry,FA,WR,-,-,-,,
T350,Jake Herslow,FA,WR,-,-,-,,
T350,Julian Hicks,FA,WR,-,-,-,,
T350,Aleva Hifo,FA,WR,-,-,-,,
T350,Kenny Golladay,FA,WR,-,-,-,,
T350,Josh Gordon,FA,WR,-,-,-,,
T350,Stephen Gosnell,BUF,WR,-,-,-,,
T350,Anthony Gould,IND,WR,-,-,-,,
T350,Danny Gray,PHI,WR,-,-,-,,
T350,Bryson Green,ARI,WR,-,-,-,,
T350,Garrett Greene,TB,WR,-,-,-,,
T350,Wesley Grimes,SF,WR,-,-,-,,
T350,Luke Grimm,LAC,WR,-,-,388.00,,
T350,Xavier Guillory,BAL,WR,-,-,-,,
T350,Sahmir Hagans,IND,WR,-,-,-,,
T350,Justin Hall,FA,WR,-,-,-,,
T350,Josh Hammond,FA,WR,-,-,-,,
T350,Mecole Hardman,BUF,WR,-,-,-,,
T350,Mike Harley,FA,WR,-,-,-,,
T350,Josh Harper,FA,WR,-,-,-,,
T350,De'Michael Harris,FA,WR,-,-,-,,
T350,Keilahn Harris,FA,WR,-,-,-,,
T350,Travell Harris,FA,WR,-,-,-,,
T350,Rohan Jones,LAR,TE,-,-,-,,
T350,Brevin Jordan,HOU,TE,-,-,-,,
T350,Will Kacmarek,MIA,TE,216.00,-,359.50,,
T350,Nikola Kalinic,CHI,TE,-,-,-,,
T350,Nick Kallerup,SEA,TE,-,-,-,,
T350,Jaren Kanak,TEN,TE,-,-,555.50,,
T350,Josh Kattus,CIN,TE,-,-,-,NFI-A,Undisclosed
T350,Nolan Givan,FA,TE,-,-,-,,
T350,J.J. Galbreath,PIT,TE,-,-,-,,
T350,Jameson Geers,ARI,TE,-,-,-,,
T350,Peyton Hendershot,FA,TE,-,-,-,,
T350,Neal Johnson,FA,TE,-,-,-,,
T350,Dawson Knox,BUF,TE,215.80,-,-,,
T350,Charlie Kolar,LAC,TE,215.50,-,-,,
T350,Travis Koontz,FA,TE,-,-,-,,
T350,Davis Koppenhaver,FA,TE,-,-,-,,
T350,Tanner Koziol,JAX,TE,216.00,-,512.40,,
T350,Ko Kieft,TB,TE,-,-,-,,
T350,Miles Kitselman,DET,TE,-,-,-,Ques,Leg
T350,Tyler Kroft,FA,TE,-,-,-,,
T350,Erik Krommenhoek,FA,TE,-,-,-,,
T350,Lucas Krull,DEN,TE,-,-,-,,
T350,Zack Kuntz,LV,TE,-,-,-,,
T350,Luke Lachey,GB,TE,-,-,-,,
T350,Anthony Landphere,FA,TE,-,-,-,,
T350,Marshall Lang,MIN,TE,-,-,-,,
T350,Jeff Wilson,FA,RB,-,-,-,,
T350,Jacardia Wright,SEA,RB,-,-,-,,
T350,Troy Fumagalli,FA,TE,-,-,-,,
T350,Devin Funchess,FA,TE,-,-,-,,
T350,Noah Fant,NO,TE,-,-,-,,
T350,Princeton Fant,DAL,TE,-,-,-,Ques,Knee
T350,Luke Farrell,SF,TE,-,-,-,,
T350,Patrick Herbert,JAX,TE,-,-,-,,
T350,Chris Herndon,FA,TE,-,-,-,,
T350,Parker Hesse,FA,TE,-,-,-,,
T350,Matthew Hibner,BAL,TE,216.00,-,489.60,,
T350,Tyler Higbee,LAR,TE,216.00,-,-,,
T350,Elijah Higgins,ARI,TE,216.00,-,-,,
T350,Julian Hill,NE,TE,-,-,-,IR,Knee
T350,Curtis Hodges,FA,TE,-,-,-,,
T350,Dallin Holker,FA,TE,-,-,-,,
T350,J.P. Holtz,FA,TE,-,-,-,,
T350,Austin Hooper,ATL,TE,-,-,-,,
T350,Brycen Hopkins,FA,TE,-,-,-,,
T350,Jesper Horsted,FA,TE,-,-,-,,
T350,Zach Horton,FA,TE,-,-,-,,
T350,Parker Houston,FA,TE,-,-,-,,
T350,Bug Howard,FA,TE,-,-,-,,
T350,O.J. Howard,FA,TE,-,-,-,,
T350,J.J. Howland,FA,TE,-,-,-,,
T350,Garrett Hudson,FA,TE,-,-,-,,
T350,Tanner Hudson,CIN,TE,-,-,-,,
T350,Qadir Ismail,CHI,TE,-,-,-,,
T350,Kalif Jackson,FA,TE,-,-,-,,
T350,Tyree Jackson,FA,TE,-,-,-,Ques,Undisclosed
T350,Michael Jacobson,FA,TE,-,-,-,,
T350,Jesse James,FA,TE,-,-,-,,
T350,E.J. Jenkins,PHI,TE,-,-,-,,
T350,Justin Johnson,FA,TE,-,-,-,,
T350,Mark Redman,LAR,TE,-,-,-,,
T350,Tip Reiman,ARI,TE,-,-,-,PUP-P,Ankle
T350,Giovanni Ricci,FA,TE,-,-,-,,
T350,Jared Rice,FA,TE,-,-,-,,
T350,Mike Rigerman,FA,TE,-,-,-,,
T350,Justin Rigg,FA,TE,-,-,-,,
T350,Richard Rodgers,FA,TE,-,-,-,,
T350,Armani Rogers,FA,TE,-,-,-,,
T350,DJ Rogers,DAL,TE,-,-,551.50,,
T350,Sam Roush,CHI,TE,216.00,-,456.20,,
T350,Joe Royer,CLE,TE,216.00,-,-,,
T350,Hayden Rucci,SF,TE,-,-,-,,
T350,Jeremy Ruckert,NYJ,TE,-,-,-,,
T350,Carter Runyon,LV,TE,-,-,-,,
T350,Carsen Ryan,CLE,TE,-,-,-,,
T350,Marlin Klein,HOU,TE,216.00,-,519.00,,
T350,Thomas Odukoya,FA,TE,-,-,-,Ques,Undisclosed
T350,Drew Ogletree,IND,TE,-,-,-,,
T350,Albert Okwuegbunam,LV,TE,-,-,-,,
T350,Josh Oliver,MIN,TE,216.00,-,-,,
T350,Johnny Pascuzzi,LAC,TE,-,-,-,,
T350,Josh Pederson,FA,TE,-,-,-,,
T350,Jordan Petaia,FA,TE,-,-,-,,
T350,Jamal Pettigrew,FA,TE,-,-,-,,
T350,Chris Pierce,FA,TE,-,-,-,,
T350,Bryce Pierre,FA,TE,-,-,-,Ques,Undisclosed
T350,Mason Pline,KC,TE,-,-,-,,
T350,Tony Poljan,FA,TE,-,-,-,,
T350,Caden Prieskorn,CAR,TE,-,-,-,,
T350,MyCole Pruitt,FA,TE,-,-,-,,
T350,Layne Pryor,HOU,TE,-,-,-,,
T350,Teagan Quitoriano,ARI,TE,-,-,-,,
T350,Caleb Lohner,DEN,TE,-,-,-,Ques,Lower Body
T350,Hunter Long,JAX,TE,-,-,-,,
T350,James Looney,FA,TE,-,-,-,,
T350,Hayden Large,CHI,TE,-,-,-,,
T350,Cameron Latu,PHI,TE,-,-,472.50,,
T350,Keleki Latu,BUF,TE,216.00,-,-,,
T350,Matt Lauter,FA,TE,-,-,-,,
T350,Dylan Leonard,FA,TE,-,-,-,,
T350,Marcedes Lewis,FA,TE,-,-,-,,
T350,Tyler Mabry,FA,TE,-,-,-,Ques,Undisclosed
T350,Devin Mahina,FA,TE,-,-,-,,
T350,Will Mallory,IND,TE,-,-,-,,
T350,Chris Manhertz,NYG,TE,-,-,-,,
T350,David Martin-Robinson,TEN,TE,-,-,-,,
T350,RJ Maryland,GB,TE,-,-,-,,
T350,Lance Mason,SEA,TE,-,-,490.20,,
T350,Moliki Matavao,NO,TE,216.00,-,-,,
T350,Jordan Matthews,FA,TE,-,-,-,,
T350,Camren McDonald,FA,TE,-,-,-,,
T350,Sean McKeon,IND,TE,-,-,-,,
T350,Tre' McKitty,FA,TE,-,-,-,,
T350,Tanner McLachlan,SF,TE,-,-,-,IR,Undisclosed
T350,Taylor McNamara,FA,TE,-,-,-,,
T350,Lake McRee,PIT,TE,-,-,521.00,,
T350,Jackson Meeks,DET,TE,-,-,-,,
T350,Carson Meier,FA,TE,-,-,-,,
T350,Chamon Metayer,CAR,TE,-,-,557.50,,
T350,James Mitchell,CAR,TE,-,-,-,,
T350,John Mitchell,FA,TE,-,-,-,,
T350,Zaire Mitchell-Paden,NO,TE,-,-,-,,
T350,Briley Moore,FA,TE,-,-,-,,
T350,Quentin Moore,WAS,TE,-,-,-,,
T350,Foster Moreau,HOU,TE,-,-,-,,
T350,Quintin Morris,JAX,TE,-,-,-,,
T350,Thaddeus Moss,FA,TE,-,-,-,,
T350,Johnny Mundt,PHI,TE,-,-,-,,
T350,Nick Muse,DET,TE,-,-,-,,
T350,Luke Musgrave,GB,TE,216.00,-,537.30,PUP-P,Neck
T350,Chris Myarick,FA,TE,-,-,-,,
T350,Bryson Nesbit,MIN,TE,-,-,-,,
T350,Garrett Dickerson,FA,TE,-,-,-,,
T350,Khalil Dinkins,FA,TE,-,-,-,Ques,Undisclosed
T350,CJ Dippre,NE,TE,-,-,-,PUP-P,Undisclosed
T350,Will Dissly,FA,TE,-,-,-,Ques,Undisclosed
T350,Tanner Arkin,NE,TE,-,-,-,,
T350,Dan Arnold,FA,TE,-,-,-,,
T350,Elijah Arroyo,SEA,TE,215.90,-,245.20,,
T350,Josh Babicz,FA,TE,-,-,-,,
T350,Stephen Baggett,FA,TE,-,-,-,,
T350,Gavin Bartholomew,MIN,TE,-,-,-,Ques,Back
T350,Brenden Bates,CLE,TE,-,-,-,,
T350,John Bates,WAS,TE,-,-,-,Ques,Hamstring
T350,Ben Beise,FA,TE,-,-,-,,
T350,Drew Belcher,FA,TE,-,-,-,,
T350,Blake Bell,FA,TE,-,-,-,,
T350,Jaheim Bell,PIT,TE,-,-,-,,
T350,Daniel Bellinger,TEN,TE,-,-,-,,
T350,Dallen Bentley,DEN,TE,-,-,-,,
T350,Shaun Beyer,FA,TE,-,-,-,,
T350,Kendall Blanton,FA,TE,-,-,-,,
T350,Nate Boerkircher,JAX,TE,-,-,529.60,,
T350,Naz Bohannon,FA,TE,-,-,-,,
T350,Zamir White,FA,RB,-,-,-,,
T350,ZaQuandre White,FA,RB,-,-,-,,
T350,Noah Whittington,HOU,RB,-,-,-,,
T350,Michael Wiley,FA,RB,-,-,-,Ques,Undisclosed
T350,Antonio Williams,FA,RB,-,-,-,,
T350,D.J. Williams,FA,RB,-,-,-,Ques,Undisclosed
T350,Jamaal Williams,FA,RB,-,-,-,,
T350,Carlos Washington,MIA,RB,-,-,-,,
T350,Josh Williams,TB,RB,-,-,-,,
T350,Pooka Williams,FA,RB,-,-,-,,
T350,Rasheed Williams,FA,RB,-,-,-,,
T350,Trayveon Williams,FA,RB,-,-,-,,
T350,Zach Ertz,FA,TE,-,-,402.00,Ques,Knee - ACL
T350,Mitchell Evans,CAR,TE,216.00,-,-,,
T350,Gerald Everett,FA,TE,-,-,-,,
T350,Michael Ezeike,FA,TE,-,-,-,,
T350,Rivaldo Fairweather,ARI,TE,-,-,-,,
T350,Payne Durham,TB,TE,-,-,393.00,,
T350,Ross Dwelley,FA,TE,-,-,-,,
T350,Eric Ebron,FA,TE,-,-,-,,
T350,Jack Endries,CIN,TE,216.00,-,365.80,,
T350,Thomas Fidone,NYG,TE,-,-,-,,
T350,Anthony Firkser,DET,TE,-,-,-,Ques,Leg
T350,Tucker Fisk,FA,TE,-,-,-,,
T350,John FitzPatrick,FA,TE,-,-,-,Ques,Achilles
T350,Kenny Fletcher,TB,TE,-,-,-,,
T350,Miller Forristall,FA,TE,-,-,-,,
T350,Austin Fort,FA,TE,-,-,-,,
T350,Jody Fortson,FA,TE,-,-,-,,
T350,Cole Fotheringham,FA,TE,-,-,-,,
T350,Feleipe Franks,CAR,TE,-,-,-,,
T350,Thomas Gordon,DET,TE,-,-,-,,
T350,Cam Grandy,CIN,TE,-,-,-,Ques,Chest
T350,Colin Granger,FA,TE,-,-,-,,
T350,Kylen Granson,TEN,TE,-,-,-,,
T350,Noah Gray,KC,TE,216.00,-,366.00,,
T350,Seth Green,FA,TE,-,-,-,,
T350,Xavier Grimble,FA,TE,-,-,-,,
T350,Nick Guggemos,FA,TE,-,-,-,,
T350,Grayson Gunter,FA,TE,-,-,-,,
T350,Patrick Gurd,LV,TE,-,-,-,,
T350,John Michael Gyllenborg,KC,TE,-,-,536.70,IR,Knee
T350,Heinrich Haarberg,FA,TE,-,-,-,,
T350,Jeremiah Hall,FA,TE,-,-,-,,
T350,Louis Hansen,FA,TE,-,-,-,,
T350,Cody Hardy,NO,TE,-,-,-,,
T350,Jackson Hawes,BUF,TE,-,-,-,,
T350,Jonathan Ward,FA,RB,-,-,-,,
T350,Jordan Waters,LAR,RB,-,-,-,,
T350,Blake Watson,FA,RB,-,-,-,Ques,Undisclosed
T350,Devwah Whaley,FA,RB,-,-,-,,
T350,Ian Wheeler,BUF,RB,-,-,-,,
T350,Anthony Tyus,CAR,RB,-,-,-,,
T350,Sione Vaki,DET,RB,216.00,-,-,Ques,Eye
T350,Xazavian Valladay,FA,RB,-,-,-,,
T350,Deuce Vaughn,FA,RB,-,-,500.00,,
T350,Jordon Vaughn,FA,RB,-,-,-,,
T350,Ke'Shawn Vaughn,FA,RB,-,-,-,,
T350,CJ Verdell,FA,RB,-,-,-,,
T350,De'Montre Tuggle,FA,RB,-,-,-,,
T350,Xavier Turner,FA,RB,-,-,-,,
T350,Chip Trayanum,NYJ,RB,-,-,-,,
T350,Patrick Taylor,SF,RB,-,-,-,,
T350,Master Teague,FA,RB,-,-,-,,
T350,SaRodorick Thompson,FA,RB,-,-,-,,
T350,DeAndre Torrey,FA,RB,-,-,-,,
T350,Terion Stewart,FA,RB,-,-,-,,
T350,Tre Stewart,FA,RB,-,-,-,,
T350,Pierre Strong,GB,RB,216.00,-,-,,
T350,Titus Swen,FA,RB,-,-,-,,
T350,Elijah Tau-Tolliver,BAL,RB,-,-,-,,
T350,Corey Taylor,FA,RB,-,-,-,,
T350,J'Mari Taylor,JAX,RB,216.00,-,289.90,,
T350,J.J. Taylor,FA,RB,-,-,-,,
T350,Nick Bowers,FA,TE,-,-,-,,
T350,Nick Boyle,FA,TE,-,-,-,,
T350,Jerand Bradley,LAC,TE,-,-,-,,
T350,Jacob Breeland,FA,TE,-,-,-,,
T350,Cade Brewer,FA,TE,-,-,-,,
T350,Jake Briningstool,KC,TE,-,-,-,,
T350,Keenen Brown,FA,TE,-,-,-,,
T350,Pharaoh Brown,FA,TE,-,-,-,,
T350,Harrison Bryant,FA,TE,-,-,-,Ques,Undisclosed
T350,Jake Burt,FA,TE,-,-,-,,
T350,Trey Burton,FA,TE,-,-,-,,
T350,Matt Bushman,FA,TE,-,-,-,,
T350,Lawrence Cager,WAS,TE,-,-,-,,
T350,Grant Calcaterra,PHI,TE,-,-,-,,
T350,Sal Cannella,FA,TE,-,-,-,,
T350,Stephen Carlson,CHI,TE,-,-,-,,
T350,Derek Carrier,FA,TE,-,-,-,,
T350,Roger Carter,FA,TE,-,-,-,,
T350,McCallan Castles,FA,TE,-,-,-,,
T350,Charles Clay,FA,TE,-,-,-,,
T350,Tyler Conklin,DET,TE,216.00,-,-,PUP-P,Knee
T350,Ethan Conner,JAX,TE,-,-,-,,
T350,Tanner Conner,NYG,TE,-,-,-,,
T350,Jalin Conyers,FA,TE,-,-,-,,
T350,Jared Cook,FA,TE,-,-,-,,
T350,Daniel Crawford,FA,TE,-,-,-,,
T350,Micky Crum,FA,TE,-,-,-,,
T350,Josh Cuevas,BAL,TE,-,-,548.80,,
T350,Devin Culp,TB,TE,-,-,-,,
T350,Baylor Cupp,FA,TE,-,-,-,,
T350,Chase Curtis,NYJ,TE,-,-,-,,
T350,Drake Dabney,GB,TE,-,-,-,,
T350,Zach Davidson,FA,TE,-,-,-,,
T350,Tyler Davis,FA,TE,-,-,-,,
T350,Easton Dean,FA,TE,-,-,-,,
T350,Derrick Deese,FA,TE,-,-,-,,
T350,Josiah Deguara,SF,TE,-,-,-,,
T350,Owen Wright,FA,RB,-,-,-,,
T350,T.J. Yeldon,FA,RB,-,-,-,,
T350,Micah Abernathy,FA,S,-,-,-,,
T350,Johnathan Abram,FA,S,-,-,-,,
T350,Jamal Adams,MIN,S,-,-,-,,
T350,Tony Adams,TEN,S,-,-,-,,
T350,Nasir Adderley,FA,S,-,-,-,,
T350,Jon Alexander,FA,S,-,-,-,,
T350,Ugo Amadi,FA,S,-,-,-,,
T350,Adrian Amos,FA,S,-,-,-,,
T350,Tycen Anderson,DEN,S,-,-,-,,
T350,Zayne Anderson,MIA,S,-,-,-,,
T350,Daijahn Anthony,CIN,S,-,-,-,,
T350,Grayland Arnold,FA,S,-,-,-,,
T350,Noah Avinger,LAC,S,-,-,-,,
T350,Budda Baker,ARI,S,-,-,-,,
T350,Marcus Banks,TB,S,-,-,-,,
T350,Jessie Bates,ATL,S,-,-,-,,
T350,John Battle,FA,S,-,-,-,,
T350,Jordan Battle,CIN,S,-,-,-,,
T350,D'Anthony Bell,SEA,S,-,-,-,,
T350,Markquese Bell,DAL,S,-,-,-,,
T350,Vonn Bell,FA,S,-,-,-,,
T350,Dane Belton,NYJ,S,-,-,-,,
T350,Cole Bishop,BUF,S,-,-,-,Ques,Knee
T350,Julian Blackmon,NO,S,-,-,-,,
T350,Marquise Blair,FA,S,-,-,-,,
T350,Reed Blankenship,HOU,S,-,-,-,,
T350,Joey Blount,ARI,S,-,-,-,Ques,Undisclosed
T350,Bubba Bolden,FA,S,-,-,-,,
T350,Billy Bowman,ATL,S,-,-,-,PUP-P,Achilles
T350,Beau Brade,NYG,S,-,-,-,,
T350,Brian Branch,DET,S,-,-,-,PUP-P,Achilles
T350,Jaquan Brisker,PIT,S,-,-,-,,
T350,Kendell Brooks,TEN,S,-,-,-,,
T350,Larry Brooks,FA,S,-,-,-,,
T350,Aamaris Brown,DET,S,-,-,-,,
T350,Austin Brown,IND,S,-,-,-,,
T350,Ji'Ayir Brown,SF,S,-,-,-,,
T350,Mike Brown,NE,S,-,-,-,,
T350,Omar Brown,MIA,S,-,-,-,,
T350,Sydney Brown,ATL,S,-,-,-,,
T350,Coby Bryant,CHI,S,-,-,-,Ques,Knee
T350,Javon Bullard,GB,S,-,-,-,,
T350,Calen Bullock,HOU,S,-,-,-,,
T350,Terrell Burgess,NO,S,-,-,-,,
T350,Major Burns,MIA,S,-,-,-,,
T350,Deon Bush,FA,S,-,-,-,Ques,Achilles
T350,Percy Butler,WAS,S,-,-,-,,
T350,Kevin Byard,NE,S,-,-,-,,
T350,Camryn Bynum,IND,S,-,-,-,,
T350,Elijah Campbell,NYG,S,-,-,-,,
T350,Derrick Canteen,TEN,S,-,-,-,,
T350,Sebastian Castro,PIT,S,-,-,-,,
T350,Andre Chachere,FA,S,-,-,-,,
T350,Duce Chestnut,FA,S,-,-,-,,
T350,Zion Childress,DAL,S,-,-,-,Ques,Hamstring
T350,Jeremy Chinn,LV,S,-,-,-,,
T350,Lewis Cine,FA,S,-,-,-,,
T350,Andre Cisco,NYJ,S,-,-,-,Ques,Pectoral
T350,Alijah Clark,DAL,S,-,-,-,,
T350,Bud Clark,SEA,S,-,-,-,,
T350,Chuck Clark,DET,S,-,-,-,,
T350,Dean Clark,NYJ,S,-,-,-,,
T350,Hudson Clark,FA,S,-,-,-,,
T350,Adrian Colbert,FA,S,-,-,-,,
T350,Chamarri Conner,KC,S,-,-,-,,
T350,Alex Cook,LAR,S,-,-,-,,
T350,Bryan Cook,CIN,S,-,-,-,,
T350,Kitan Crawford,ARI,S,-,-,-,Ques,Ankle
T350,Nick Cross,WAS,S,-,-,-,,
T350,Dane Cruikshank,FA,S,-,-,-,,
T350,Kamren Curl,LAR,S,-,-,-,,
T350,Marcel Dabo,FA,S,-,-,-,,
T350,Ashtyn Davis,SF,S,-,-,-,,
T350,Elliott Davison,NO,S,-,-,-,,
T350,Cooper DeJean,PHI,S,-,-,-,,
T350,Grant Delpit,CLE,S,-,-,-,,
T350,Ben DeLuca,FA,S,-,-,-,,
T350,Trevor Denbow,FA,S,-,-,-,,
T350,Quandre Diggs,FA,S,-,-,-,,
T350,Malik Dixon-Williams,FA,S,-,-,-,,
T350,Caleb Downs,DAL,S,-,-,-,,
T350,Kyle Dugger,CIN,S,-,-,-,,
T350,Christopher Edmonds,CLE,S,-,-,-,,
T350,Terrell Edmunds,FA,S,-,-,-,,
T350,Mike Edwards,FA,S,-,-,-,,
T350,DeShon Elliott,PIT,S,-,-,-,,
T350,Jalen Elliott,FA,S,-,-,-,,
T350,Nick Emmanwori,SEA,S,-,-,-,PUP-P,Ankle
T350,Marcus Epps,PHI,S,-,-,-,,
T350,AJ Finley,SEA,S,-,-,-,Ques,Knee
T350,Bishop Fitzgerald,TEN,S,-,-,-,,
T350,Minkah Fitzpatrick,NYJ,S,-,-,-,,
T350,Darrick Forrest,SF,S,-,-,-,IR,Undisclosed
T350,Sam Franklin,BUF,S,-,-,-,,
T350,Jordan Fuller,FA,S,-,-,-,,
T350,C.J. Gardner-Johnson,BUF,S,-,-,-,Ques,Calf
T350,Marcus Gilchrist,FA,S,-,-,-,,
T350,Alohi Gilman,KC,S,-,-,-,,
T350,Tashaun Gipson,FA,S,-,-,-,,
T350,Devin Grant,LAC,S,-,-,-,,
T350,Richie Grant,FA,S,-,-,-,,
T350,J.T. Gray,PHI,S,-,-,-,,
T350,Kapena Gushiken,PHI,S,-,-,-,,
T350,Kahlef Hailassie,MIN,S,-,-,-,,
T350,Erick Hallett,TEN,S,-,-,-,,
T350,Kyle Hamilton,BAL,S,-,-,-,,
T350,Damar Hamlin,BUF,S,-,-,-,,
T350,Jordan Hancock,BUF,S,-,-,-,,
T350,Thomas Harper,DET,S,-,-,-,Ques,Concussion
T350,Will Harris,WAS,S,-,-,-,,
T350,A.J. Haulcy,IND,S,-,-,-,,
T350,Jaylinn Hawkins,BAL,S,-,-,-,,
T350,DeMarcco Hellams,ATL,S,-,-,-,Ques,Hamstring
T350,Jack Henderson,PIT,S,-,-,-,,
T350,Ronnie Hickman,CLE,S,-,-,-,,
T350,Elijah Hicks,CHI,S,-,-,-,PUP-P,Shin
T350,Jaden Hicks,KC,S,-,-,-,,
T350,Brandon Hill,FA,S,-,-,-,,
T350,Jevon Holland,NYG,S,-,-,-,Ques,Knee
T350,Maxen Hook,SEA,S,-,-,-,,
T350,Amani Hooker,TEN,S,-,-,-,,
T350,Malik Hooker,DAL,S,-,-,-,,
T350,Jordan Howden,NO,S,-,-,-,,
T350,Talanoa Hufanga,DEN,S,-,-,-,,
T350,Jalen Huskey,JAX,S,-,-,-,,
T350,Desmond Igbinosun,FA,S,-,-,-,,
T350,Tanner Ingle,LAR,S,-,-,-,,
T350,Daniel Isom,FA,S,-,-,-,,
T350,Christian Izien,DET,S,-,-,-,,
T350,Dan Jackson,DET,S,-,-,-,Ques,Leg
T350,Eddie Jackson,FA,S,-,-,-,,
T350,Kareem Jackson,FA,S,-,-,-,,
T350,Keondre Jackson,BAL,S,-,-,-,,
T350,Matthew Jackson,FA,S,-,-,-,,
T350,Theo Jackson,MIN,S,-,-,-,,
T350,Derwin James,LAC,S,-,-,-,,
T350,Tony Jefferson,LAC,S,-,-,-,,
T350,Rayshawn Jenkins,PIT,S,-,-,-,,
T350,Anthony Johnson,CHI,S,-,-,-,,
T350,Antonio Johnson,JAX,S,-,-,-,,
T350,Dalton Johnson,LV,S,-,-,-,,
T350,John Johnson,FA,S,-,-,-,,
T350,Lonnie Johnson,MIA,S,-,-,-,,
T350,Quindell Johnson,FA,S,-,-,-,,
T350,Tysheem Johnson,FA,S,-,-,-,,
T350,Brandon Jones,DEN,S,-,-,-,Ques,Pectoral
T350,Colin Jones,FA,S,-,-,-,,
T350,Brandon Joseph,FA,S,-,-,-,,
T350,Kerby Joseph,DET,S,-,-,-,PUP-P,Knee
T350,PJ Jules,CIN,S,-,-,-,,
T350,Sanoussi Kane,TEN,S,-,-,-,IR,Undisclosed
T350,Damontae Kazee,FA,S,-,-,-,,
T350,Murvin Kenion,GB,S,-,-,-,,
T350,Devon Key,DEN,S,-,-,-,,
T350,Jaylen Key,FA,S,-,-,-,,
T350,Jalon Kilgore,BUF,S,-,-,-,,
T350,Miles Killebrew,TB,S,-,-,-,,
T350,Kamren Kinchens,LAR,S,-,-,-,,
T350,Qwuantrezz Knight,WAS,S,-,-,-,,
T350,Kevin Knowles,KC,S,-,-,-,,
T350,Devin Lafayette,LV,S,-,-,-,,
T350,Quentin Lake,LAR,S,-,-,-,,
T350,Rayuan Lane,JAX,S,-,-,-,,
T350,Tucker Large,PHI,S,-,-,-,NFI-R,Undisclosed
T350,Raheem Layne,NYG,S,-,-,-,,
T350,P.J. Locke,DAL,S,-,-,-,Ques,Knee
T350,Julian Love,SEA,S,-,-,-,,
T350,Reuben Lowery,IND,S,-,-,-,Reserve-Ret,Undisclosed
T350,Quan Martin,WAS,S,-,-,-,,
T350,Tyrann Mathieu,FA,S,-,-,-,,
T350,Marcus Maye,FA,S,-,-,-,,
T350,Bobby McCain,FA,S,-,-,-,,
T350,Tanner McCalister,KC,S,-,-,-,,
T350,Jaylen McCollough,LAR,S,-,-,-,,
T350,Tristin McCollum,LV,S,-,-,-,,
T350,Robert McDaniel,WAS,S,-,-,-,,
T350,Xavier McKinney,GB,S,-,-,-,,
T350,Donovan McMillon,CLE,S,-,-,-,,
T350,Patrick McMorris,SF,S,-,-,-,,
T350,Emmanuel McNeil-Warren,CLE,S,-,-,-,,
T350,Jairon McVea,FA,S,-,-,-,,
T350,Ifeatu Melifonwu,TB,S,-,-,-,,
T350,Kaevon Merriweather,HOU,S,-,-,-,,
T350,Josh Metellus,MIN,S,-,-,-,Ques,Shoulder
T350,RJ Mickens,LAC,S,-,-,-,,
T350,Jalen Mills,FA,S,-,-,-,,
T350,Tre'von Moehrig,CAR,S,-,-,-,,
T350,Elijah Molden,LAC,S,-,-,-,,
T350,Jarius Monroe,NYJ,S,-,-,-,,
T350,Louis Moore,MIA,S,-,-,-,,
T350,Malachi Moore,NYJ,S,-,-,-,,
T350,Tarvarius Moore,FA,S,-,-,-,,
T350,Jordan Mosley,FA,S,-,-,-,,
T350,Israel Mukuamu,FA,S,-,-,-,,
T350,Andrew Mukuba,PHI,S,-,-,-,,
T350,Eric Murray,JAX,S,-,-,-,,
T350,Malik Mustapha,SF,S,-,-,-,Ques,Hamstring
T350,Devin Neal,JAX,S,-,-,-,,
T350,Ryan Neal,FA,S,-,-,-,,
T350,Siran Neal,SF,S,-,-,-,,
T350,Ben Nikkel,IND,S,-,-,-,,
T350,Morice Norris,FA,S,-,-,-,Ques,Concussion
T350,Tyler Nubin,NYG,S,-,-,-,,
T350,Xavier Nwankpa,KC,S,-,-,-,,
T350,Isaiah Nwokobia,CIN,S,-,-,-,,
T350,George Odum,FA,S,-,-,-,,
T350,Ty Okada,SEA,S,-,-,-,,
T350,Kitan Oladapo,GB,S,-,-,-,,
T350,Isaiah Oliver,ARI,S,-,-,-,,
T350,Gervarrius Owens,CHI,S,-,-,-,,
T350,Jonathan Owens,IND,S,-,-,-,,
T350,Tyler Owens,WAS,S,-,-,-,,
T350,Wande Owens,FA,S,-,-,-,,
T350,Ayo Oyelola,FA,S,-,-,-,,
T350,Makari Paige,FA,S,-,-,-,,
T350,VJ Payne,NYJ,S,-,-,-,,
T350,Jabrill Peppers,FA,S,-,-,-,,
T350,Devyn Perkins,LV,S,-,-,-,,
T350,Mark Perry,GB,S,-,-,-,,
T350,Dell Pettus,NE,S,-,-,-,,
T350,Jalyn Phillips,FA,S,-,-,-,,
T350,Jason Pinnock,NYG,S,-,-,-,,
T350,Isaiah Pola-Mao,LV,S,-,-,-,,
T350,Jordan Poyer,FA,S,-,-,-,Ques,Hamstring
T350,Josh Proctor,FA,S,-,-,-,,
T350,Maximus Pulley,PHI,S,-,-,-,,
T350,Jalen Ramsey,PIT,S,-,-,-,PUP-P,Knee
T350,Kamari Ramsey,HOU,S,-,-,-,,
T350,Caleb Ransaw,JAX,S,-,-,-,Ques,Lower Body
T350,Lathan Ransom,CAR,S,-,-,-,,
T350,Taylor Rapp,FA,S,-,-,-,Ques,Knee
T350,Jeremy Reaves,WAS,S,-,-,-,,
T350,Jaylen Reed,HOU,S,-,-,-,,
T350,Jerrick Reed,TEN,S,-,-,-,,
T350,Justin Reid,NO,S,-,-,-,,
T350,Demani Richardson,CAR,S,-,-,-,,
T350,J.J. Roberts,TB,S,-,-,-,Ques,Knee
T350,Jahquez Robinson,BAL,S,-,-,-,,
T350,Jammie Robinson,ATL,S,-,-,-,,
T350,Myles Rowser,FA,S,-,-,-,,
T350,Andre' Sam,PHI,S,-,-,-,,
T350,Shilo Sanders,FA,S,-,-,-,,
T350,Jonas Sanker,NO,S,-,-,-,,
T350,Benny Sapp,FA,S,-,-,-,,
T350,John Saunders,NE,S,-,-,-,,
T350,Darnell Savage,FA,S,-,-,-,,
T350,Brenden Schooler,NE,S,-,-,-,NFI-A,Undisclosed
T350,Daniel Scott,IND,S,-,-,-,,
T350,Miles Scott,DEN,S,-,-,-,,
T350,Nick Scott,CAR,S,-,-,-,,
T350,Marlen Sewell,FA,S,-,-,-,,
T350,Marques Sigle,SF,S,-,-,-,,
T350,Cam'Ron Silmon-Craig,JAX,S,-,-,-,,
T350,Isaiah Simmons,CAR,S,-,-,-,,
T350,Justin Simmons,FA,S,-,-,-,,
T350,DeShon Singleton,KC,S,-,-,-,,
T350,JL Skinner,DEN,S,-,-,-,,
T350,Chris Smith,FA,S,-,-,-,Ques,Undisclosed
T350,DQ Smith,FA,S,-,-,-,,
T350,Genesis Smith,LAC,S,-,-,-,,
T350,Harrison Smith,FA,S,-,-,-,,
T350,Tykee Smith,TB,S,-,-,-,,
T350,Daniel Sorensen,FA,S,-,-,-,,
T350,Robert Spears-Jennings,PIT,S,-,-,-,,
T350,Malik Spencer,WAS,S,-,-,-,,
T350,Malaki Starks,BAL,S,-,-,-,,
T350,M.J. Stewart,HOU,S,-,-,-,PUP-P,Quadriceps
T350,Geno Stone,BUF,S,-,-,-,,
T350,Loren Strickland,DET,S,-,-,-,,
T350,Jalen Stroman,SF,S,-,-,-,,
T350,Treydan Stukes,LV,S,-,-,-,,
T350,Lorenzo Styles,NO,S,-,-,-,,
T350,Michael Taaffe,MIA,S,-,-,-,,
T350,Jason Taylor,FA,S,-,-,-,,
T350,Trey Taylor,FA,S,-,-,-,,
T350,Dadrion Taylor-Demerson,ARI,S,-,-,-,,
T350,Roderic Teamer,FA,S,-,-,-,,
T350,Dillon Thieneman,CHI,S,-,-,-,,
T350,A.J. Thomas,FA,S,-,-,-,,
T350,Daniel Thomas,CLE,S,-,-,-,,
T350,Jacob Thomas,MIN,S,-,-,-,,
T350,Jakobe Thomas,MIN,S,-,-,-,,
T350,Juanyeh Thomas,IND,S,-,-,-,,
T350,Michael Thomas,FA,S,-,-,-,,
T350,Rodney Thomas,SEA,S,-,-,-,,
T350,Trevian Thomas,JAX,S,-,-,-,,
T350,Jalen Thompson,DAL,S,-,-,-,Ques,Hip
T350,Trenton Thompson,FA,S,-,-,-,,
T350,Juan Thornhill,FA,S,-,-,-,,
T350,Dante Trader,MIA,S,-,-,-,,
T350,Nolan Turner,FA,S,-,-,-,,
T350,Delarrin Turner-Yell,FA,S,-,-,-,Ques,Knee
T350,Nate Valcarcel,LAR,S,-,-,-,,
T350,La'Kendrick Van Zandt,FA,S,-,-,-,,
T350,Malik Verdon,ATL,S,-,-,-,,
T350,Tanner Wall,LV,S,-,-,-,,
T350,K'Von Wallace,BAL,S,-,-,-,,
T350,Silas Walters,BAL,S,-,-,-,,
T350,Jay Ward,MIN,S,-,-,-,,
T350,Jimmie Ward,FA,S,-,-,-,Ques,Foot
T350,Ar'Darius Washington,NYG,S,-,-,-,,
T350,Trey Washington,IND,S,-,-,-,,
T350,Zion Washington,CLE,S,-,-,-,,
T350,Xavier Watts,ATL,S,-,-,-,Ques,Undisclosed
T350,Lardarius Webb,BAL,S,-,-,-,,
T350,Tre Webb,FA,S,-,-,-,,
T350,Zakee Wheatley,CAR,S,-,-,-,,
T350,Jordan Whitehead,FA,S,-,-,-,,
T350,Evan Williams,GB,S,-,-,-,,
T350,Marcus Williams,FA,S,-,-,-,,
T350,Wydett Williams,ARI,S,-,-,-,,
T350,Kendall Williamson,LAC,S,-,-,-,Ques,Ankle
T350,Donovan Wilson,FA,S,-,-,-,,
T350,Antoine Winfield,TB,S,-,-,-,,
T350,Andrew Wingard,ARI,S,-,-,-,,
T350,Kevin Winston,TEN,S,-,-,-,,
T350,Rashad Wisdom,TB,S,-,-,-,,
T350,Cole Wisniewski,PHI,S,-,-,-,Ques,Hamstring
T350,Hunter Wohler,IND,S,-,-,-,Ques,Foot
T350,Julius Wood,DAL,S,-,-,-,,
T350,Xavier Woods,FA,S,-,-,-,,
T350,Craig Woodson,NE,S,-,-,-,,
T350,Daryl Worley,FA,S,-,-,-,,
T350,Russ Yeast,CIN,S,-,-,-,,
T350,Nate Adkins,DEN,TE,-,-,-,,
T350,Jordan Akins,FA,TE,-,-,-,,
T350,Mo Alie-Cox,IND,TE,-,-,-,,
T350,Erick All,CIN,TE,215.50,-,498.40,,
T350,Chase Allen,FA,TE,-,-,-,,
T350,Davis Allen,LAR,TE,-,-,-,Ques,Quadriceps
T350,Stephen Anderson,FA,TE,-,-,-,,
T350,Lujuan Winningham,FA,WR,-,-,-,,
T350,Easop Winston,FA,WR,-,-,-,,
T350,Isaiah Wooden,FA,WR,-,-,-,,
T350,Michael Woods,FA,WR,-,-,-,Ques,Leg
T350,Robert Woods,LAR,WR,-,-,-,Reserve-Ret,Undisclosed
T350,Michael Wortham,JAX,WR,-,-,-,,
T350,Malik Williams,FA,WR,-,-,-,,
T350,Mario Williams,LAR,WR,-,-,-,,
T350,Mike Williams,LAC,WR,-,-,-,Reserve-Ex,Undisclosed
T350,Savion Williams,GB,WR,215.90,-,491.20,,
T350,Seth Williams,FA,WR,-,-,-,,
T350,Cedrick Wilson,DET,WR,-,-,-,,
T350,Luke Wysong,FA,WR,-,-,-,Ques,Undisclosed
T350,Colbie Young,CIN,WR,216.00,-,538.80,,
T350,Dareke Young,LV,WR,-,-,-,,
T350,Michael Young,FA,WR,-,-,-,,
T350,Olamide Zaccheaus,ATL,WR,216.00,-,543.50,,
T350,Ishmael Zamora,FA,WR,-,-,-,,
T350,Jalen Virgil,FA,WR,-,-,-,Ques,Undisclosed
T350,Reggie Virgil,ARI,WR,-,-,561.00,,
T350,Tahj Washington,MIA,WR,-,-,-,,
T350,Austin Watkins,FA,WR,-,-,-,,
T350,Jordan Watkins,SF,WR,216.00,-,-,,
T350,Quez Watkins,PHI,WR,-,-,-,,
T350,Sammy Watkins,FA,WR,-,-,-,,
T350,Kristian Wilkerson,FA,WR,-,-,-,,
T350,Ke'Shawn Williams,CIN,WR,-,-,-,,
T350,Avery Williams,FA,WR,-,-,-,,
T350,C.J. Williams,JAX,WR,-,-,-,,
T350,Devon Williams,FA,WR,-,-,-,,
T350,E.J. Williams,LV,WR,-,-,-,,
T350,Isaiah Williams,NYJ,WR,216.00,-,-,,
T350,Johnny Wilson,PHI,WR,-,-,-,,
T350,Kole Wilson,CLE,WR,-,-,-,,
T350,Jamari Thrash,CLE,WR,-,-,-,,
T350,Cedric Tillman,CLE,WR,-,-,467.90,,
T350,Mitchell Tinsley,CIN,WR,216.00,-,-,,
T350,Mason Tipton,NO,WR,216.00,-,-,PUP-P,Leg
T350,Travis Toivonen,FA,WR,-,-,-,,
T350,Jalen Tolbert,MIA,WR,215.50,-,494.10,,
T350,Max Tomczak,BUF,WR,-,-,-,,
T350,Kadarius Toney,FA,WR,-,-,-,,
T350,Samori Toure,PHI,WR,-,-,-,,
T350,Austin Trammell,JAX,WR,-,-,-,,
T350,Laquon Treadwell,IND,WR,-,-,-,,
T350,Brycen Tremayne,CAR,WR,-,-,-,,
T350,Bryan Thompson,FA,WR,-,-,-,,
T350,Cody Thompson,FA,WR,-,-,-,,
T350,Keytaon Thompson,FA,WR,-,-,-,,
T350,Dont'e Thornton,LV,WR,216.00,-,345.30,,
T350,Michael Thomas,FA,WR,-,-,-,,
T350,Noah Thomas,CIN,WR,-,-,485.70,,
T350,Noel Thomas,FA,WR,-,-,-,,
T350,Adam Thielen,MIN,WR,-,-,-,Reserve-Ret,Undisclosed
T350,Golden Tate,FA,WR,-,-,-,,
T350,Malik Taylor,FA,WR,-,-,-,,
T350,Trent Taylor,FA,WR,-,-,-,,
T350,Damore'ea Stringfellow,FA,WR,-,-,-,,
T350,J. Michael Sturdivant,GB,WR,-,-,-,,
T350,Justin Sumpter,FA,WR,-,-,-,,
T350,Corey Sutton,FA,WR,-,-,-,,
T350,Equanimeous St. Brown,FA,WR,-,-,-,Ques,Foot
T350,Jerreth Sterns,FA,WR,-,-,-,,
T350,Dillon Stoner,FA,WR,-,-,-,,
T350,Drake Stoops,FA,WR,-,-,-,,
T350,Mike Strachan,FA,WR,-,-,460.50,,
T350,Deven Thompkins,LV,WR,-,-,-,,
T350,Xavier Ubosi,FA,WR,-,-,-,,
T350,Marquez Valdes-Scantling,DAL,WR,216.00,-,-,,
T350,DJ Turner,HOU,WR,-,-,-,,
T350,Malik Turner,SF,WR,-,-,-,,
T350,Tre Turner,FA,WR,-,-,-,,
T350,Dayton Wade,BAL,WR,-,-,-,,
T350,Derel Walker,FA,WR,-,-,-,,
T350,Devontez Walker,BAL,WR,215.80,-,514.00,,
T350,Jahdae Walker,CHI,WR,216.00,-,381.00,,
T350,Joe Walker,FA,WR,-,-,-,,
T350,Harrison Wallace,ARI,WR,-,-,-,,
T350,Tylan Wallace,CLE,WR,-,-,-,,
T350,Jalen Walthall,NYJ,WR,-,-,-,IR,Undisclosed
T350,Casey Washington,CAR,WR,-,-,-,,
T350,James Washington,FA,WR,-,-,-,,
T350,Justin Watson,HOU,WR,-,-,-,,
T350,Jamarius Way,FA,WR,-,-,-,,
T350,Jared Wayne,HOU,WR,-,-,-,,
T350,Theo Wease,MIA,WR,216.00,-,385.00,,
T350,Xavier Weaver,ARI,WR,-,-,-,,
T350,Jeremiah Webb,NE,WR,-,-,-,IR,Arm
T350,Joe Webb,FA,WR,-,-,-,,
T350,Raleigh Webb,FA,WR,-,-,-,,
T350,Nsimba Webster,FA,WR,-,-,-,,
T350,Connor Wedington,FA,WR,-,-,-,,
T350,Juice Wells,ATL,WR,-,-,-,,
T350,Levi Wentz,PIT,WR,-,-,-,,
T350,Nick Westbrook-Ikhine,IND,WR,216.00,-,-,,
T350,LaJohntay Wester,BAL,WR,-,-,-,,
T350,Isaiah Weston,FA,WR,-,-,-,,
T350,Kaden Wetjen,PIT,WR,-,-,499.50,,
T350,Keric Wheatfall,FA,WR,-,-,-,,
T350,Cody White,SEA,WR,-,-,-,,
T350,Kevin White,FA,WR,-,-,-,,
T350,Papi White,FA,WR,-,-,-,,
T350,Ricky White,SEA,WR,-,-,-,,
T350,Squirrel White,CHI,WR,-,-,-,Reserve-Ret,Undisclosed
T350,Jordan Whittington,LAR,WR,216.00,-,509.50,,
T350,Derrick Gore,FA,RB,-,-,-,,
T350,Frank Gore,BUF,RB,-,-,-,,
T350,Eric Gray,NYG,RB,-,-,-,,
T350,Isaac Guerendo,SF,RB,216.00,-,436.90,PUP-P,Pectoral
T350,Anthony Hankerson,MIA,RB,-,-,544.80,,
T350,Deion Hankins,FA,RB,-,-,-,,
T350,TJ Harden,FA,RB,-,-,-,,
T350,JaQuan Hardy,FA,RB,-,-,-,,
T350,Kevin Harris,FA,RB,-,-,-,,
T350,Darrell Henderson,FA,RB,-,-,-,,
T350,Hassan Hall,FA,RB,-,-,-,,
T350,Hassan Haskins,FA,RB,-,-,-,,
T350,JaMycal Hasty,FA,RB,-,-,-,,
T350,Jamal Haynes,CIN,RB,-,-,-,,
T350,Caleb Huntley,FA,RB,-,-,-,,
T350,Carlos Hyde,FA,RB,-,-,-,,
T350,Mohamed Ibrahim,FA,RB,-,-,-,,
T350,Godwin Igwebuike,FA,RB,-,-,-,,
T350,Keaontay Ingram,FA,RB,-,-,-,,
T350,Darnell Holland,FA,RB,-,-,-,,
T350,Travis Homer,PIT,RB,-,-,-,,
T350,Jordan Howard,FA,RB,-,-,-,,
T350,Nyheim Hines,FA,RB,-,-,-,,
T350,Robert Henry,WAS,RB,-,-,469.10,,
T350,Khalil Herbert,SF,RB,216.00,-,407.00,,
T350,Brian Hill,FA,RB,-,-,-,,
T350,Greg Desrosiers,LAC,RB,-,-,-,,
T350,AJ Dillon,CAR,RB,-,-,-,,
T350,Tyrion Davis-Price,FA,RB,-,-,-,,
T350,Synjyn Days,FA,RB,-,-,-,,
T350,CJ Donaldson,NO,RB,-,-,445.90,,
T350,Elijah Dotson,FA,RB,-,-,-,,
T350,Kenyan Drake,FA,RB,-,-,-,,
T350,Mataeo Durant,FA,RB,-,-,-,,
T350,Trestan Ebner,FA,RB,-,-,-,,
T350,Chase Edmonds,FA,RB,-,-,-,,
T350,Donovan Edwards,MIA,RB,-,-,-,,
T350,Gus Edwards,FA,RB,-,-,-,,
T350,Clyde Edwards-Helaire,FA,RB,-,-,-,,
T350,Austin Ekeler,FA,RB,-,-,-,,
T350,Ezekiel Elliott,FA,RB,-,-,-,,
T350,BJ Emmons,FA,RB,-,-,-,,
T350,Tyler Goodson,ATL,RB,-,-,-,,
T350,Melvin Gordon,FA,RB,-,-,-,,
T350,Antonio Gibson,FA,RB,-,-,-,Ques,Knee - ACL
T350,Wayne Gallman,FA,RB,-,-,-,,
T350,Ja'Quan Gardner,FA,RB,-,-,-,,
T350,Myles Gaskin,FA,RB,-,-,-,,
T350,Trevor Etienne,CAR,RB,216.00,-,358.40,,
T350,Darrynton Evans,FA,RB,-,-,-,,
T350,Tiyon Evans,FA,RB,-,-,-,,
T350,Zach Evans,FA,RB,-,-,-,,
T350,Tavien Feaster,FA,RB,-,-,-,,
T350,Tayon Fleet-Davis,FA,RB,-,-,-,,
T350,Jerome Ford,WAS,RB,-,-,401.00,,
T350,D'Onta Foreman,FA,RB,-,-,-,,
T350,Leonard Fournette,FA,RB,-,-,-,,
T350,Jake Funk,FA,RB,-,-,-,,
T350,Ulysses Bentley,IND,RB,-,-,-,,
T350,Tony Brooks-James,FA,RB,-,-,380.00,,
T350,Brittain Brown,CHI,RB,-,-,-,,
T350,Kennedy Brooks,FA,RB,-,-,-,,
T350,Mike Boone,FA,RB,-,-,-,,
T350,Davon Booth,CLE,RB,-,-,485.80,,
T350,Max Borghi,FA,RB,-,-,-,,
T350,Isaiah Bowser,FA,RB,-,-,391.00,,
T350,Gary Brightwell,CIN,RB,-,-,-,,
T350,British Brooks,HOU,RB,-,-,-,,
T350,Raheem Blackshear,FA,RB,-,-,-,,
T350,Khari Blasingame,FA,RB,-,-,-,,
T350,Kazmeir Allen,FA,RB,-,-,-,,
T350,Hajj-Malik Williams,FA,QB,-,-,-,,
T350,Salvon Ahmed,CHI,RB,216.00,-,-,,
T350,Cam Akers,FA,RB,-,-,-,,
T350,Rasheen Ali,BAL,RB,216.00,-,542.00,,
T350,Sherman Badie,FA,RB,-,-,-,,
T350,Tyler Badie,DEN,RB,-,-,-,,
T350,Emani Bailey,FA,RB,-,-,-,,
T350,Kalen Ballage,FA,RB,-,-,-,,
T350,Damon Bankston,NYG,RB,-,-,-,,
T350,Peyton Barber,FA,RB,-,-,-,,
T350,B.J. Baylor,FA,RB,-,-,-,,
T350,Greg Bell,FA,RB,-,-,-,,
T350,Coleman Bennett,CHI,RB,-,-,-,,
T350,Miles Davis,CAR,RB,-,-,-,,
T350,DeeJay Dallas,JAX,RB,-,-,-,,
T350,Damarea Crockett,FA,RB,-,-,-,,
T350,Jashaun Corbin,FA,RB,-,-,-,,
T350,Snoop Conner,FA,RB,-,-,-,,
T350,Dean Connors,LAR,RB,-,-,451.50,,
T350,Dalvin Cook,FA,RB,-,-,-,,
T350,Chris Collier,LV,RB,-,-,-,IR,Undisclosed
T350,Julius Chestnut,TEN,RB,-,-,-,,
T350,Nick Chubb,FA,RB,216.00,-,-,,
T350,James Butler,FA,RB,-,-,-,,
T350,Josh Caldwell,FA,RB,-,-,-,,
T350,Kadarius Calloway,TB,RB,-,-,-,,
T350,Trenton Cannon,FA,RB,-,-,-,,
T350,Michael Carter,TEN,RB,-,-,-,,
T350,Nathan Carter,ATL,RB,-,-,-,,
T350,Anderson Castle,IND,RB,-,-,-,,
T350,Ty Chandler,NO,RB,-,-,414.00,,
T350,Corey Clement,FA,RB,-,-,-,,
T350,Toriano Clinton,FA,RB,-,-,-,,
T350,Tarik Cohen,FA,RB,-,-,-,,
T350,Matt Colburn,FA,RB,-,-,-,,
T350,Leddie Brown,FA,RB,-,-,-,,
T350,Malcolm Brown,FA,RB,-,-,-,,
T350,Kentrel Bullock,CIN,RB,-,-,-,,
T350,Lew Nichols,PIT,RB,-,-,-,,
T350,Jaden Nixon,GB,RB,-,-,563.00,,
T350,Sone Ntoh,FA,RB,-,-,-,,
T350,Kene Nwangwu,NYJ,RB,-,-,-,,
T350,Dare Ogunbowale,FA,RB,-,-,-,,
T350,Jaydn Ott,KC,RB,-,-,-,,
T350,A.J. Ouellette,FA,RB,-,-,-,,
T350,Kejon Owens,FA,RB,-,-,475.50,Ques,Illness
T350,Devine Ozigbo,FA,RB,-,-,-,,
T350,Myles Montgomery,NE,RB,-,-,-,,
T350,Ty Montgomery,FA,RB,-,-,-,,
T350,Le'Veon Moss,MIA,RB,-,-,337.00,Reserve-Ret,Undisclosed
T350,Zack Moss,FA,RB,-,-,-,Ques,Neck
T350,Raheem Mostert,FA,RB,-,-,-,Ques,Knee
T350,Kalel Mullings,TEN,RB,-,-,-,,
T350,Latavius Murray,FA,RB,-,-,-,,
T350,Ricky Person,FA,RB,-,-,-,,
T350,Scottie Phillips,FA,RB,-,-,-,,
T350,Artavis Pierce,FA,RB,-,-,-,,
T350,Dameon Pierce,PHI,RB,-,-,-,,
T350,Josh Pitsenberger,HOU,RB,-,-,-,,
T350,Sandro Platzgummer,FA,RB,-,-,-,,
T350,Lincoln Pare,FA,RB,-,-,-,Ques,Undisclosed
T350,Cordarrelle Patterson,FA,RB,-,-,-,,
T350,Jaret Patterson,LAC,RB,-,-,-,,
T350,Rashaad Penny,FA,RB,-,-,-,,
T350,Camerun Peoples,FA,RB,-,-,-,,
T350,La'Mical Perine,FA,RB,-,-,-,,
T350,Clint Ratkovich,FA,RB,-,-,-,,
T350,Desmond Reid,FA,RB,-,-,468.00,Ques,Undisclosed
T350,Craig Reynolds,FA,RB,-,-,-,Ques,Undisclosed
T350,Demario Richard,FA,RB,-,-,-,,
T350,Jalen Richard,FA,RB,-,-,-,,
T350,Dominic Richardson,DAL,RB,-,-,-,,
T350,Ronnie Rivers,LAR,RB,-,-,-,,
T350,Aidan Robbins,FA,RB,-,-,-,,
T350,Kye Robichaux,DET,RB,-,-,-,Ques,Undisclosed
T350,EJ Smith,KC,RB,-,-,-,,
T350,Ito Smith,FA,RB,-,-,-,,
T350,Rodney Smith,FA,RB,-,-,-,,
T350,Benny Snell,FA,RB,-,-,-,,
T350,Isaiah Spiller,FA,RB,-,-,-,,
T350,Darren Sproles,FA,RB,-,-,-,,
T350,William Stanback,FA,RB,-,-,-,,
T350,Carson Steele,PHI,RB,-,-,-,,
T350,A.J. Rose,FA,RB,-,-,-,,
T350,Deneric Prince,FA,RB,-,-,-,,
T350,Trey Ragas,FA,RB,-,-,-,,
T350,Jabari Small,DET,RB,-,-,392.00,,
T350,Wendell Smallwood,FA,RB,-,-,-,,
T350,Abram Smith,FA,RB,-,-,-,,
T350,Miles Sanders,FA,RB,-,-,-,,
T350,Raheim Sanders,CLE,RB,216.00,-,541.50,,
T350,Mekhi Sargent,FA,RB,-,-,-,,
T350,Jacob Saylors,DET,RB,-,-,-,,
T350,Cody Schrader,DEN,RB,-,-,-,,
T350,Sam Scott,NYJ,RB,-,-,-,,
T350,Stevie Scott,FA,RB,-,-,-,,
T350,Zavier Scott,MIN,RB,-,-,-,,
T350,Trey Sermon,FA,RB,-,-,-,,
T350,Aaron Shampklin,FA,RB,-,-,-,,
T350,Will Shipley,PHI,RB,216.00,-,418.50,,
T350,Devin Singletary,NYG,RB,-,-,-,,
T350,Kairee Robinson,FA,RB,-,-,-,,
T350,Keilan Robinson,FA,RB,-,-,-,Ques,Undisclosed
T350,Bilal Powell,FA,RB,-,-,-,,
T350,Christian Powell,FA,RB,-,-,-,,
T350,ShunDerrick Powell,FA,RB,-,-,-,,
T350,D'Vonte Price,FA,RB,-,-,-,,
T350,Montrell Johnson,FA,RB,-,-,-,Ques,Undisclosed
T350,Roschon Johnson,CHI,RB,-,-,-,,
T350,Ty Johnson,BUF,RB,215.70,-,487.40,,
T350,Jermar Jefferson,FA,RB,-,-,-,,
T350,Terrell Jennings,NE,RB,-,-,552.50,,
T350,Amar Johnson,LAC,RB,-,-,-,,
T350,D'Ernest Johnson,FA,RB,-,-,-,,
T350,Evan Hull,ARI,RB,-,-,-,,
T350,Deon Jackson,FA,RB,-,-,-,,
T350,Devontae Jackson,FA,RB,-,-,-,,
T350,Ja'Quinden Jackson,FA,RB,-,-,-,,
T350,Isaiah Jacobs,FA,RB,-,-,-,,
T350,Joshua Kelley,FA,RB,-,-,-,,
T350,John Kelly,FA,RB,-,-,-,,
T350,Jacob Kibodi,FA,RB,-,-,-,,
T350,Corey Kiner,ARI,RB,-,-,-,,
T350,Bam Knight,ARI,RB,-,-,-,,
T350,Brenden Knox,FA,RB,-,-,-,,
T350,Bryant Koback,FA,RB,-,-,-,,
T350,Lan Larison,NE,RB,-,-,399.00,,
T350,Dylan Laube,LV,RB,-,-,-,,
T350,Ray Lawry,FA,RB,-,-,-,,
T350,Dion Lewis,FA,RB,-,-,-,,
T350,Phillip Lindsay,FA,RB,-,-,-,,
T350,Austin Jones,FA,RB,-,-,-,,
T350,Cash Jones,ATL,RB,-,-,-,,
T350,Ronald Jones,FA,RB,-,-,-,,
T350,Shermari Jones,FA,RB,-,-,-,,
T350,Taiwan Jones,FA,RB,-,-,-,,
T350,Tony Jones,FA,RB,-,-,-,,
T350,Velus Jones,SEA,RB,-,-,-,,
T350,Jawhar Jordan,HOU,RB,-,-,397.00,,
T350,Dedrick Mills,FA,RB,-,-,-,,
T350,Kendall Milton,CIN,RB,-,-,-,,
T350,Jordan Mims,MIN,RB,-,-,-,,
T350,Elijah Mitchell,PHI,RB,216.00,-,-,,
T350,Ahmani Marshall,CLE,RB,-,-,-,,
T350,Damien Martinez,GB,RB,-,-,-,,
T350,Alexander Mattison,FA,RB,-,-,-,,
T350,DeWayne McBride,FA,RB,-,-,-,,
T350,John Lovett,FA,RB,-,-,-,,
T350,Phil Mafah,DAL,RB,216.00,-,458.30,,
T350,CJ Marable,FA,RB,-,-,-,,
T350,Kevin Marks,FA,RB,-,-,-,,
T350,Jase McClellan,FA,RB,-,-,-,,
T350,Sincere McCormick,SF,RB,-,-,-,,
T350,Nate McCrary,FA,RB,-,-,-,,
T350,Seth McGowan,IND,RB,216.00,-,341.70,,
T350,Taj McGowan,FA,RB,-,-,-,,
T350,Kenny McIntosh,FA,RB,-,-,-,,
T350,Jerick McKinnon,FA,RB,-,-,-,,
T350,Jaleel McLaughlin,DEN,RB,-,-,-,,
T350,Dontae McMillan,BAL,RB,-,-,-,,
T350,Travon McMillian,FA,RB,-,-,-,,
T350,Jeremy McNichols,WAS,RB,-,-,-,,
T350,Kirk Merritt,FA,RB,-,-,-,,
T350,Ellis Merriweather,FA,RB,-,-,-,,
T350,Sony Michel,FA,RB,-,-,-,,
T350,Dante Miller,NYG,RB,-,-,-,,
T350,Jam Miller,NE,RB,216.00,-,328.10,,
T350,Carson Wentz,MIN,QB,-,-,-,,
T350,Mike White,FA,QB,-,-,-,,
T350,E.J. Warner,FA,QB,-,-,-,,
T350,Bailey Zappe,NYJ,QB,-,-,-,,
T350,Israel Abanikanda,DAL,RB,-,-,530.30,,
T350,Ameer Abdullah,JAX,RB,-,-,-,,
T350,Khalid Abdullah,FA,RB,-,-,-,,
T350,Ryan Willis,FA,QB,-,-,-,,
T350,Russell Wilson,FA,QB,-,-,-,,
T350,Zach Wilson,NO,QB,-,-,-,,
T350,Dresser Winn,FA,QB,-,-,-,,
T350,Jameis Winston,NYG,QB,216.00,-,512.80,,
T350,John Wolford,FA,QB,-,-,-,,
T350,Logan Woodside,FA,QB,-,-,-,,
T350,Ben Wooldridge,FA,QB,-,-,-,,
T350,Kedon Slovis,ARI,QB,-,-,-,,
T350,Trevor Siemian,FA,QB,-,-,-,Ques,Undisclosed
T350,Brandon Silvers,FA,QB,-,-,-,,
T350,J'Mar Smith,FA,QB,-,-,-,,
T350,Brendan Sorsby,FA,QB,-,-,-,,
T350,Nate Sudfeld,FA,QB,-,-,-,,
T350,Taulia Tagovailoa,FA,QB,-,-,-,,
T350,Ryan Tannehill,FA,QB,-,-,-,,
T350,Tyrod Taylor,GB,QB,-,-,508.50,,
T350,Vincent Testaverde,FA,QB,-,-,-,,
T350,Skylar Thompson,BAL,QB,-,-,-,,
T350,Dorian Thompson-Robinson,FA,QB,-,-,-,,
T350,Payton Thorne,FA,QB,-,-,-,,
T350,Nick Tiano,FA,QB,-,-,-,,
T350,Kyle Trask,FA,QB,-,-,-,,
T350,Jordan Travis,FA,QB,-,-,-,,
T350,Mitchell Trubisky,TEN,QB,-,-,-,,
T350,Clayton Tune,FA,QB,-,-,-,,
T350,DJ Uiagalelei,LAC,QB,-,-,-,,
T350,Jack Plummer,FA,QB,-,-,-,,
T350,Michael Pratt,FA,QB,-,-,-,,
T350,Luis Perez,FA,QB,-,-,-,,
T350,E.J. Perry,FA,QB,-,-,-,,
T350,Nathan Peterman,FA,QB,-,-,421.00,,
T350,Brandon Peters,FA,QB,-,-,-,,
T350,Desmond Ridder,FA,QB,-,-,-,,
T350,Peter Pujals,FA,QB,-,-,-,,
T350,Spencer Rattler,NO,QB,216.00,-,-,,
T350,Austin Reed,FA,QB,-,-,-,,
T350,Jake Retzlaff,FA,QB,-,-,-,,
T350,Brogan Roback,FA,QB,-,-,-,,
T350,Sawyer Robertson,FA,QB,-,-,-,,
T350,Spencer Sanders,FA,QB,-,-,386.00,,
T350,Kurtis Rourke,SF,QB,-,-,-,,
T350,Nathan Rourke,FA,QB,-,-,-,,
T350,Mason Rudolph,PIT,QB,216.00,-,-,,
T350,Cooper Rush,ATL,QB,216.00,-,-,,
T350,Broc Rutter,FA,QB,-,-,-,,
T350,Brett Rypien,FA,QB,-,-,-,,
T350,Nate Stanley,FA,QB,-,-,-,,
T350,Joel Stave,FA,QB,-,-,-,,
T350,Tommy Stevens,FA,QB,-,-,-,,
T350,Easton Stick,IND,QB,-,-,-,,
T350,Jarrett Stidham,DEN,QB,-,-,-,,
T350,Cole Stoudt,FA,QB,-,-,-,,
T350,Jack Strand,ATL,QB,216.00,-,494.50,,
T350,Chris Streveler,FA,QB,-,-,-,,
T350,Carson Strong,FA,QB,-,-,-,,
T350,Austin Allen,FA,QB,-,-,-,,
T350,Brandon Allen,NYG,QB,-,-,-,,
T350,Michael Hiers,FA,QB,-,-,-,,
T350,Hendon Hooker,TEN,QB,-,-,-,,
T350,Will Howard,PIT,QB,-,-,359.20,,
T350,Sam Howell,DAL,QB,-,-,-,,
T350,Brian Hoyer,FA,QB,-,-,-,,
T350,Tyler Huntley,BAL,QB,-,-,-,,
T350,Anthony Gordon,FA,QB,-,-,-,,
T350,Taylen Green,CLE,QB,216.00,-,502.00,,
T350,Will Grier,CAR,QB,-,-,-,Reserve-Ret,Undisclosed
T350,Mark Gronowski,MIA,QB,-,-,-,,
T350,Jarrett Guarantano,FA,QB,-,-,-,,
T350,Jake Haener,FA,QB,-,-,382.00,,
T350,Jaren Hall,FA,QB,-,-,-,,
T350,Gavin Hardison,FA,QB,-,-,-,,
T350,Felix Harper,FA,QB,-,-,-,,
T350,Sam Hartman,WAS,QB,-,-,-,,
T350,Taylor Heinicke,FA,QB,-,-,-,,
T350,Seth Henigan,FA,QB,-,-,-,,
T350,Chad Henne,FA,QB,-,-,-,,
T350,Athan Kaliakmanis,WAS,QB,-,-,-,,
T350,Case Keenum,CHI,QB,-,-,-,,
T350,Cole Kelley,FA,QB,-,-,-,,
T350,Chad Kelly,FA,QB,-,-,-,,
T350,D'Eriq King,FA,QB,-,-,-,,
T350,Haynes King,CAR,QB,-,-,-,,
T350,Cade Klubnik,NYJ,QB,216.00,-,357.60,,
T350,Trey Lance,LAC,QB,-,-,-,,
T350,Kyle Lauletta,FA,QB,-,-,-,,
T350,Emory Jones,FA,QB,-,-,-,,
T350,Josh Johnson,CIN,QB,-,-,-,,
T350,Devin Leary,FA,QB,-,-,-,,
T350,Mitch Leidner,FA,QB,-,-,-,,
T350,Riley Leonard,IND,QB,-,-,455.60,,
T350,Tanner McKee,PHI,QB,-,-,520.00,,
T350,Trace McSorley,FA,QB,-,-,-,,
T350,Jamie Newman,FA,QB,-,-,-,,
T350,Kyle McCord,GB,QB,-,-,-,,
T350,Garrett Nussmeier,KC,QB,-,-,373.80,,
T350,Aidan O'Connell,LV,QB,216.00,-,-,,
T350,Chris Oladokun,KC,QB,-,-,-,,
T350,Shea Patterson,FA,QB,-,-,-,,
T350,Diego Pavia,FA,QB,-,-,524.00,,
T350,Cole Payton,PHI,QB,-,-,559.00,,
T350,Andrew Peasley,FA,QB,-,-,516.00,,
T350,Brian Lewerke,FA,QB,-,-,-,,
T350,Levi Lewis,FA,QB,-,-,-,,
T350,Chase Litton,FA,QB,-,-,-,,
T350,Sefo Liufau,FA,QB,-,-,-,,
T350,Drew Lock,SEA,QB,-,-,-,,
T350,Rocky Lombardi,FA,QB,-,-,-,,
T350,Josh Love,FA,QB,-,-,-,,
T350,Marcus Mariota,WAS,QB,216.00,-,546.50,,
T350,Adrian Martinez,SF,QB,-,-,-,,
T350,Graham Mertz,HOU,QB,-,-,-,,
T350,Cam Miller,MIA,QB,-,-,-,,
T350,Davis Mills,HOU,QB,216.00,-,-,,
T350,Jalen Milroe,SEA,QB,216.00,-,321.90,,
T350,Joe Milton,DAL,QB,216.00,-,454.60,,
T350,Gardner Minshew,ARI,QB,-,-,-,,
T350,Kellen Mond,FA,QB,-,-,-,,
T350,Tanner Mordecai,FA,QB,-,-,-,,
T350,Chandler Morris,FA,QB,-,-,-,,
T350,Behren Morton,NE,QB,-,-,-,,
T350,Jalen Morton,FA,QB,-,-,-,,
T350,Miller Moss,CHI,QB,-,-,-,,
T350,Nick Mullens,JAX,QB,-,-,-,,
T350,Dustin Crum,FA,QB,-,-,-,,
T350,Andy Dalton,PHI,QB,-,-,-,,
T350,Jalon Daniels,TB,QB,-,-,-,,
T350,Max Brosmer,MIN,QB,-,-,-,,
T350,Anthony Brown,FA,QB,-,-,-,,
T350,Jake Browning,TB,QB,-,-,549.00,,
T350,Shane Buechele,BUF,QB,-,-,458.50,,
T350,Matthew Caldwell,LAR,QB,-,-,-,,
T350,Derek Carr,NO,QB,-,-,-,Reserve-Ret,Personal
T350,Davis Cheek,FA,QB,-,-,-,,
T350,Jacob Clark,LV,QB,-,-,-,,
T350,Sean Clifford,CIN,QB,-,-,-,,
T350,Jack Coan,FA,QB,-,-,-,,
T350,Jake Coker,FA,QB,-,-,-,,
T350,Brady Cook,NYJ,QB,-,-,-,,
T350,Case Cookus,FA,QB,-,-,-,,
T350,Chevan Cordeiro,FA,QB,-,-,-,,
T350,Matt Corral,FA,QB,-,-,-,,
T350,K.J. Costello,FA,QB,-,-,-,,
T350,Nick Fitzgerald,FA,QB,-,-,-,,
T350,Joe Flacco,CIN,QB,216.00,-,452.30,,
T350,Nick Foles,FA,QB,-,-,473.50,,
T350,Jake Fromm,FA,QB,-,-,-,,
T350,Blaine Gabbert,FA,QB,-,-,-,,
T350,Dillon Gabriel,CLE,QB,-,-,-,,
T350,Chase Garbers,FA,QB,-,-,-,,
T350,Ethan Garbers,FA,QB,-,-,-,,
T350,Jimmy Garoppolo,FA,QB,216.00,-,-,,
T350,Mike Glennon,FA,QB,-,-,-,,
T350,Kevin Davidson,FA,QB,-,-,-,,
T350,Hunter Dekkers,NO,QB,-,-,-,,
T350,Tim DeMorat,FA,QB,-,-,-,,
T350,Tommy DeVito,NE,QB,-,-,-,,
T350,Ben DiNucci,FA,QB,-,-,-,,
T350,Joshua Dobbs,FA,QB,-,-,-,,
T350,Jeff Driskel,FA,QB,-,-,-,,
T350,Kyron Drones,GB,QB,-,-,-,,
T350,Max Duggan,FA,QB,-,-,-,,
T350,Sam Ehlinger,DEN,QB,-,-,-,,
T350,Quinn Ewers,MIA,QB,216.00,-,448.30,,
T350,Danny Ezechukwu,FA,QB,-,-,-,,
T350,Joe Fagnano,BAL,QB,-,-,-,,
T350,Cody Fajardo,FA,QB,-,-,-,,
T350,Luke Altmyer,DET,QB,-,-,-,,
T350,Drew Anderson,FA,QB,-,-,-,,
T350,Zack Annexstad,FA,QB,-,-,-,,
T350,Austin Aune,FA,QB,-,-,-,,
T350,Tyson Bagent,CHI,QB,216.00,-,535.50,,
T350,Matt Barkley,FA,QB,-,-,-,,
T350,Connor Bazelak,TB,QB,-,-,-,,
T350,Jason Bean,FA,QB,-,-,-,,
T350,C.J. Beathard,FA,QB,-,-,-,,
T350,Stetson Bennett,LAR,QB,-,-,-,,
T350,James Blackman,FA,QB,-,-,-,,
T350,Ian Book,FA,QB,-,-,-,,
T350,Anthony Boone,FA,QB,-,-,-,,
T350,Tim Boyle,FA,QB,-,-,-,,
T350,Carter Bradley,JAX,QB,-,-,-,,
T350,Teddy Bridgewater,DET,QB,216.00,-,-,,
T350,Chris Naggar,FA,K,-,-,292.60,,
T350,Brayden Narveson,FA,K,-,-,-,,
T350,Justin Rohrwasser,FA,K,-,-,-,,
T350,Parker Romo,FA,K,-,-,296.10,,
T350,Taylor Russolino,FA,K,-,-,457.00,,
T350,Chad Ryland,ARI,K,-,-,395.50,,
T350,Jason Sanders,NYJ,K,-,-,396.00,,
T350,Ryan Santoso,FA,K,-,-,-,,
T350,Ben Sauls,NYG,K,-,-,540.00,,
T350,Nick Sciba,FA,K,-,-,304.10,,
T350,Austin Seibert,FA,K,-,-,-,,
T350,Mason Shipley,FA,K,-,-,-,,
T350,Spencer Shrader,IND,K,-,-,424.80,,
T350,Caleb Shudak,FA,K,-,-,299.40,,
T350,Sam Sloman,FA,K,-,-,453.50,,
T350,Brandon McManus,FA,K,-,-,-,,
T350,Mike Meyer,FA,K,-,-,-,,
T350,JJ Molson,FA,K,-,-,464.50,,
T350,Jake Moody,WAS,K,-,-,437.70,,
T350,Trevor Moore,FA,K,-,-,-,,
T350,Cole Murphy,FA,K,-,-,-,,
T350,Mike Nugent,FA,K,-,-,482.50,,
T350,Cody Parkey,FA,K,-,-,-,,
T350,Riley Patterson,MIA,K,-,-,346.90,,
T350,Gabriel Plascencia,FA,K,-,-,-,,
T350,Jack Podlesny,FA,K,-,-,-,,
T350,B.T. Potter,TB,K,-,-,-,,
T350,Matt Prater,FA,K,-,-,-,,
T350,Alex Quevedo,FA,K,-,-,-,,
T350,Jose Borregales,FA,K,-,-,417.40,,
T350,Luke Drzewiecki,FA,K,-,-,-,,
T350,Christopher Dunn,FA,K,-,-,446.50,,
T350,Dominik Eberle,FA,K,-,-,444.00,,
T350,Matt McCrane,FA,K,-,-,-,,
T350,John Lunsford,FA,K,-,-,-,,
T350,Austin MacGinnis,FA,K,-,-,479.50,,
T350,Brett Maher,FA,K,-,-,-,,
T350,Laith Marjan,PIT,K,-,-,-,,
T350,Kansei Matsuzawa,LV,K,-,-,497.50,,
T350,Jude McAtamney,FA,K,-,-,-,,
T350,Tucker McCann,FA,K,-,-,466.00,,
T350,John Baron,FA,K,-,-,-,,
T350,Michael Badgley,FA,K,-,-,-,,
T350,Taylor Bertolet,FA,K,-,-,-,,
T350,Rodrigo Blankenship,FA,K,-,-,379.00,,
T350,Chris Blewitt,FA,K,-,-,-,,
T350,Anders Carlson,FA,K,-,-,-,,
T350,Daniel Carlson,FA,K,-,-,-,,
T350,Sergio Castillo,FA,K,-,-,449.50,,
T350,Ryan Coe,FA,K,-,-,-,,
T350,Caden Davis,FA,K,-,-,-,,
T350,Gabe Brkic,FA,K,-,-,313.90,,
T350,Jonathan Brown,FA,K,-,-,-,,
T350,Tanner Brown,NO,K,-,-,-,,
T350,Randy Bullock,FA,K,-,-,-,,
T350,Will Ferrin,FA,K,-,-,-,,
T350,Ryan Fitzgerald,CAR,K,-,-,415.40,,
T350,Nick Folk,ATL,K,-,-,354.30,,
T350,Kai Forbath,FA,K,-,-,-,,
T350,Chris Freeman,FA,K,-,-,-,,
T350,Elliott Fry,FA,K,-,-,-,,
T350,Graham Gano,FA,K,-,-,-,Ques,Neck
T350,Jonathan Garibay,FA,K,-,-,307.00,,
T350,Matt Gay,LV,K,-,-,352.50,,
T350,Zane Gonzalez,MIA,K,-,-,-,,
T350,Blake Grupe,IND,K,-,-,-,,
T350,Lirim Hajrullahu,FA,K,-,-,-,,
T350,Alex Hale,FA,K,-,-,-,,
T350,Clayton Hatfield,FA,K,-,-,-,,
T350,Blake Haubeil,FA,K,-,-,427.90,,
T350,Lucas Havrisik,FA,K,-,-,250.90,,
T350,Cole Hedlund,FA,K,-,-,-,,
T350,Dustin Hopkins,FA,K,-,-,-,,
T350,John Hoyland,FA,K,-,-,-,,
T350,Brian Johnson,FA,K,-,-,301.30,,
T350,Greg Joseph,FA,K,-,-,-,,
T350,Joshua Karty,FA,K,-,-,-,,
T350,Alex Kessman,FA,K,-,-,349.60,,
T350,Jonathan Kim,FA,K,-,-,-,,
T350,Younghoe Koo,FA,K,-,-,419.20,,
T350,Lenny Krieg,FA,K,-,-,-,,
T350,Josh Lambo,FA,K,-,-,-,,
T350,Drew Stevens,WAS,K,-,-,-,,
T350,Andre Szmyt,CLE,K,-,-,-,,
T350,Matthew Trickett,FA,K,-,-,-,,
T350,Maddux Trujillo,FA,K,-,-,-,,
T350,Justin Tucker,FA,K,-,-,-,,
T350,James Turner,FA,K,-,-,-,,
T350,Jake Verity,FA,K,-,-,348.10,,
T350,Tristan Vizcaino,FA,K,-,-,-,,
T350,Nick Vogel,FA,K,-,-,-,,
T350,Parker White,FA,K,-,-,291.30,,
T350,Trey Wolff,FA,K,-,-,-,,
T350,Matthew Wright,FA,K,-,-,-,,
T350,Cade York,NYJ,K,-,-,257.80,,
T350,Greg Zuerlein,FA,K,-,-,-,Ques,Knee
T350,Dominic Zvada,NYG,K,-,-,411.40,,
T350,Yasir Abdullah,JAX,LB,-,-,-,,
T350,Matthew Adams,FA,LB,-,-,-,,
T350,Mitchell Agude,FA,LB,-,-,-,,
T350,Austin Ajiake,IND,LB,-,-,-,,
T350,Azeez Al-Shaair,HOU,LB,-,-,-,,
T350,Christian Albright,FA,LB,-,-,-,,
T350,Jaylan Alexander,FA,LB,-,-,-,,
T350,Kwon Alexander,FA,LB,-,-,-,,
T350,CJ Allen,IND,LB,-,-,-,,
T350,Dakota Allen,FA,LB,-,-,-,,
T350,Troy Andersen,ATL,LB,-,-,-,PUP-P,Knee
T350,Liam Anderson,CIN,LB,-,-,-,,
T350,Joe Andreessen,BUF,LB,-,-,-,,
T350,Andrew Ankrah,FA,LB,-,-,-,,
T350,Alex Anzalone,TB,LB,-,-,-,,
T350,Kam Arnold,KC,LB,-,-,-,,
T350,Brian Asamoah,FA,LB,-,-,-,Ques,Knee
T350,C. J. Avery,FA,LB,-,-,-,,
T350,Joe Bachie,DET,LB,-,-,-,,
T350,Levelle Bailey,DEN,LB,-,-,-,,
T350,Markus Bailey,FA,LB,-,-,-,,
T350,Wesley Bailey,LAR,LB,-,-,-,,
T350,Rueben Bain,TB,LB,-,-,-,,
T350,Jerome Baker,FA,LB,-,-,-,,
T350,Keshawn Banks,ATL,LB,-,-,-,,
T350,Shad Banks,TEN,LB,-,-,-,,
T350,Jaishawn Barham,DAL,LB,-,-,-,,
T350,Derrick Barnes,DET,LB,-,-,-,,
T350,Krys Barnes,FA,LB,-,-,-,,
T350,Zaire Barnes,NYG,LB,-,-,-,,
T350,Amare Barno,FA,LB,-,-,-,Ques,Knee
T350,Michael Barrett,FA,LB,-,-,-,,
T350,Shaquil Barrett,FA,LB,-,-,-,,
T350,Justin Barron,DAL,LB,-,-,-,,
T350,Jared Bartlett,JAX,LB,-,-,-,,
T350,Cody Barton,TEN,LB,-,-,-,,
T350,Lander Barton,LAC,LB,-,-,-,,
T350,Boogie Basham,FA,LB,-,-,-,,
T350,Jeffrey Bassa,KC,LB,-,-,-,,
T350,Tyler Batty,MIN,LB,-,-,-,,
T350,Zack Baun,PHI,LB,-,-,-,,
T350,Quinton Bell,SF,LB,-,-,-,,
T350,Nick Bellore,WAS,LB,-,-,-,Reserve-Ret,Personal
T350,Ja'Whaun Bentley,FA,LB,-,-,-,,
T350,Terrel Bernard,BUF,LB,-,-,-,,
T350,JD Bertrand,ATL,LB,-,-,-,,
T350,Tatum Bethune,SF,LB,-,-,-,Ques,Groin
T350,Ezekiel Bigger,FA,LB,-,-,-,,
T350,Wesley Bissainthe,KC,LB,-,-,-,,
T350,Kendrick Blackshire,FA,LB,-,-,-,,
T350,Chris Board,FA,LB,-,-,-,Ques,Chest
T350,Bryce Boettcher,IND,LB,-,-,-,,
T350,Curtis Bolton,FA,LB,-,-,-,,
T350,Nick Bolton,KC,LB,-,-,-,,
T350,Nik Bonitto,DEN,LB,-,-,-,,
T350,Jordan Botelho,FA,LB,-,-,-,,
T350,Tyus Bowser,FA,LB,-,-,-,,
T350,Swayze Bozeman,CIN,LB,-,-,-,,
T350,Nigel Bradham,FA,LB,-,-,-,,
T350,William Bradley-King,SF,LB,-,-,-,IR,Undisclosed
T350,Chris Braswell,TB,LB,-,-,-,,
T350,K.J. Britt,NE,LB,-,-,-,,
T350,Jordyn Brooks,MIA,LB,-,-,-,,
T350,Cam Brown,FA,LB,-,-,-,,
T350,Elliott Brown,ARI,LB,-,-,-,,
T350,Sean Brown,TEN,LB,-,-,-,,
T350,Baron Browning,ARI,LB,-,-,-,,
T350,Carson Bruener,PIT,LB,-,-,-,,
T350,Teddye Buchanan,BAL,LB,-,-,-,PUP-P,Knee - ACL
T350,John Bullock,TB,LB,-,-,-,,
T350,Oren Burks,CIN,LB,-,-,-,,
T350,Amari Burney,FA,LB,-,-,-,,
T350,Brian Burns,NYG,LB,-,-,-,,
T350,Devin Bush,CHI,LB,-,-,-,,
T350,Chance Campbell,PHI,LB,-,-,-,,
T350,De'Vondre Campbell,FA,LB,-,-,-,,
T350,Jack Campbell,DET,LB,-,-,-,,
T350,Jihaad Campbell,PHI,LB,-,-,-,,
T350,Jaylon Carlies,IND,LB,-,-,-,,
T350,Daylan Carnell,FA,LB,-,-,-,,
T350,Owen Carney,FA,LB,-,-,-,,
T350,Abdul Carter,NYG,LB,-,-,-,Ques,Ankle
T350,Barrett Carter,CIN,LB,-,-,-,,
T350,Lorenzo Carter,FA,LB,-,-,-,,
T350,Blake Cashman,MIN,LB,-,-,-,,
T350,K'Lavon Chaisson,WAS,LB,-,-,-,,
T350,Tahj Chambers,IND,LB,-,-,-,,
T350,Chaz Chambliss,MIN,LB,-,-,-,,
T350,Leo Chenal,WAS,LB,-,-,-,,
T350,Claudin Cherelus,CAR,LB,-,-,-,,
T350,Cole Christiansen,KC,LB,-,-,-,,
T350,Jimmy Ciarlo,BUF,LB,-,-,-,,
T350,Damone Clark,DET,LB,-,-,-,,
T350,Jack Cochrane,KC,LB,-,-,-,,
T350,Jordan Colbert,FA,LB,-,-,-,Ques,Neck
T350,DJ Coleman,FA,LB,-,-,-,,
T350,Zaven Collins,ARI,LB,-,-,-,,
T350,Junior Colson,LAC,LB,-,-,-,Ques,Shoulder
T350,Branson Combs,JAX,LB,-,-,-,,
T350,Edgerrin Cooper,GB,LB,-,-,-,,
T350,Jonathon Cooper,DEN,LB,-,-,-,,
T350,Carter Coughlin,FA,LB,-,-,-,,
T350,Brenton Cox,GB,LB,-,-,-,,
T350,Keyron Crawford,LV,LB,-,-,-,,
T350,Jordan Crook,FA,LB,-,-,-,,
T350,Maxx Crosby,LV,LB,-,-,-,,
T350,Zach Cunningham,FA,LB,-,-,-,Ques,Hamstring
T350,Kendal Daniels,ATL,LB,-,-,-,,
T350,Lavonte David,FA,LB,-,-,-,,
T350,Demario Davis,NYJ,LB,-,-,-,,
T350,Jamin Davis,PIT,LB,-,-,-,,
T350,Akeem Davis-Gaither,IND,LB,-,-,-,,
T350,Divine Deablo,ATL,LB,-,-,-,,
T350,Nakobe Dean,LV,LB,-,-,-,,
T350,Dominic Deluca,BAL,LB,-,-,-,,
T350,SirVocea Dennis,TB,LB,-,-,-,,
T350,Dani Dennis-Sutton,GB,LB,-,-,-,,
T350,Mohamoud Diabate,TEN,LB,-,-,-,,
T350,Yaya Diaby,TB,LB,-,-,-,,
T350,Xzavier Dickson,FA,LB,-,-,-,,
T350,Fadil Diggs,NO,LB,-,-,-,,
T350,Victor Dimukeje,FA,LB,-,-,-,,
T350,Jack Dingle,CIN,LB,-,-,-,,
T350,Stephen Dix,FA,LB,-,-,-,,
T350,Tyrel Dodson,MIA,LB,-,-,-,,
T350,Shaun Dolac,LAR,LB,-,-,-,Ques,Knee - PCL
T350,Jaden Dugger,SF,LB,-,-,-,,
T350,Khalid Duke,FA,LB,-,-,-,,
T350,Bud Dupree,LAC,LB,-,-,-,,
T350,Landis Durham,FA,LB,-,-,-,,
T350,Troy Dye,LAC,LB,-,-,-,,
T350,Kenny Dyson,FA,LB,-,-,-,,
T350,Arnold Ebiketie,PHI,LB,-,-,-,,
T350,Tremaine Edmunds,NYG,LB,-,-,-,,
T350,T.J. Edwards,CHI,LB,-,-,-,NFI-A,Calf
T350,Sam Eguavoen,FA,LB,-,-,-,,
T350,Tommy Eichenberg,LV,LB,-,-,-,,
T350,Milo Eifler,FA,LB,-,-,-,,
T350,Kaleb Elarms-Orr,BUF,LB,-,-,-,,
T350,Keyshaun Elliott,CHI,LB,-,-,-,PUP-P,Undisclosed
T350,Christian Elliss,NE,LB,-,-,-,,
T350,Jonah Elliss,DEN,LB,-,-,-,,
T350,Kaden Elliss,NO,LB,-,-,-,,
T350,Kingsley Enagbare,NYJ,LB,-,-,-,,
T350,Rashaan Evans,FA,LB,-,-,-,,
T350,Donovan Ezeiruaku,DAL,LB,-,-,-,,
T350,Andrew Farmer,SF,LB,-,-,-,IR,Back
T350,Olakunle Fatukasi,FA,LB,-,-,-,,
T350,Tony Fields,CHI,LB,-,-,-,,
T350,Aiden Fisher,HOU,LB,-,-,-,,
T350,Demetrius Flannigan-Fowles,BUF,LB,-,-,-,,
T350,Jaylan Ford,NO,LB,-,-,-,,
T350,Trace Ford,NYG,LB,-,-,-,,
T350,Caden Fordham,TB,LB,-,-,-,,
T350,Dante Fowler,SEA,LB,-,-,-,,
T350,Tomon Fox,LAR,LB,-,-,-,,
T350,Zaire Franklin,GB,LB,-,-,-,,
T350,Theron Gaines,BUF,LB,-,-,-,,
T350,Dallas Gant,FA,LB,-,-,-,,
T350,Jake Ganus,FA,LB,-,-,-,,
T350,Dennis Gardeck,JAX,LB,-,-,-,,
T350,Rashan Gary,DAL,LB,-,-,-,,
T350,Willie Gay,MIA,LB,-,-,-,,
T350,Ali Gaye,HOU,LB,-,-,-,,
T350,Eric Gentry,CIN,LB,-,-,-,,
T350,Brandon George,FA,LB,-,-,-,,
T350,Jack Gibbens,ARI,LB,-,-,-,,
T350,Luke Gifford,SF,LB,-,-,-,,
T350,Joe Giles-Harris,CIN,LB,-,-,-,,
T350,Cam Gill,CAR,LB,-,-,-,,
T350,Trevis Gipson,CAR,LB,-,-,-,,
T350,Jake Golday,MIN,LB,-,-,-,,
T350,Chauncey Golston,NYG,LB,-,-,-,,
T350,Cameron Goode,MIA,LB,-,-,-,,
T350,Brandon Graham,FA,LB,-,-,-,,
T350,Jalen Graham,SF,LB,-,-,-,,
T350,Cedric Gray,TEN,LB,-,-,-,,
T350,Mike Green,BAL,LB,-,-,-,,
T350,Jonathan Greenard,PHI,LB,-,-,-,PUP-P,Pectoral
T350,Dre Greenlaw,SF,LB,-,-,-,,
T350,Antonio Grier,FA,LB,-,-,-,Ques,Undisclosed
T350,Kamu Grugier-Hill,FA,LB,-,-,-,,
T350,Derick Hall,SEA,LB,-,-,-,,
T350,Dominique Hampton,FA,LB,-,-,-,,
T350,Nick Hampton,CAR,LB,-,-,-,,
T350,Jake Hansen,HOU,LB,-,-,-,Ques,Ankle
T350,Aaron Hansford,FA,LB,-,-,-,,
T350,Daniel Hardy,CHI,LB,-,-,-,,
T350,Jaylen Harrell,TEN,LB,-,-,-,,
T350,Charles Harris,FA,LB,-,-,-,,
T350,Christian Harris,ATL,LB,-,-,-,,
T350,Connor Harris,FA,LB,-,-,-,,
T350,Darius Harris,FA,LB,-,-,-,Ques,Undisclosed
T350,Demone Harris,FA,LB,-,-,-,,
T350,Malik Harrison,PIT,LB,-,-,-,,
T350,Ronnie Harrison,MIA,LB,-,-,-,,
T350,Marquis Haynes,FA,LB,-,-,-,,
T350,Romello Height,SF,LB,-,-,-,Ques,Elbow
T350,Daiyan Henley,LAC,LB,-,-,-,,
T350,Nick Herbig,PIT,LB,-,-,-,,
T350,Neville Hewitt,FA,LB,-,-,-,,
T350,Shaka Heyward,CIN,LB,-,-,-,,
T350,Clarence Hicks,FA,LB,-,-,-,,
T350,Jordan Hicks,FA,LB,-,-,-,,
T350,Jay Higgins,BAL,LB,-,-,-,,
T350,Alex Highsmith,PIT,LB,-,-,-,,
T350,Anthony Hill,TEN,LB,-,-,-,,
T350,Jamal Hill,HOU,LB,-,-,-,Ques,Wrist
T350,Nikhal Hill-Green,FA,LB,-,-,-,,
T350,Cole Holcomb,PIT,LB,-,-,-,,
T350,Ty'Ron Hopper,GB,LB,-,-,-,,
T350,James Houston,DAL,LB,-,-,-,,
T350,Justin Houston,FA,LB,-,-,-,,
T350,Khaleke Hudson,FA,LB,-,-,-,,
T350,Parker Hughes,JAX,LB,-,-,-,,
T350,Andrzej Hughes-Murray,FA,LB,-,-,-,,
T350,Jake Hummel,HOU,LB,-,-,-,,
T350,Jalyx Hunt,PHI,LB,-,-,-,,
T350,Danielle Hunter,HOU,LB,-,-,-,,
T350,Erick Hunter,DET,LB,-,-,-,,
T350,Ruben Hyppolite,CHI,LB,-,-,-,,
T350,Thomas Incoom,CAR,LB,-,-,-,Ques,Shoulder
T350,Adisa Isaac,BAL,LB,-,-,-,,
T350,Jared Ivey,SEA,LB,-,-,-,,
T350,Brennan Jackson,LV,LB,-,-,-,,
T350,D'Marco Jackson,CHI,LB,-,-,-,,
T350,Drake Jackson,WAS,LB,-,-,-,,
T350,Nick Jackson,TB,LB,-,-,-,,
T350,Storey Jackson,FA,LB,-,-,-,,
T350,Curtis Jacobs,FA,LB,-,-,-,,
T350,Khalil Jacobs,NE,LB,-,-,-,,
T350,Shemar James,DAL,LB,-,-,-,,
T350,Justin Jefferson,CLE,LB,-,-,-,,
T350,Keonta Jenkins,BUF,LB,-,-,-,,
T350,Anfernee Jennings,NO,LB,-,-,-,,
T350,Josey Jewell,FA,LB,-,-,-,Ques,Concussion
T350,Buddy Johnson,LV,LB,-,-,-,,
T350,Caleb Johnson,FA,LB,-,-,-,Ques,Shoulder
T350,Deandre Johnson,FA,LB,-,-,-,,
T350,Dyontae Johnson,FA,LB,-,-,-,,
T350,Emany Johnson,LAC,LB,-,-,-,,
T350,Jamon Johnson,FA,LB,-,-,-,,
T350,Patrick Johnson,LV,LB,-,-,-,,
T350,Cam Jones,FA,LB,-,-,-,,
T350,Carl Jones,BAL,LB,-,-,-,,
T350,Deion Jones,FA,LB,-,-,-,,
T350,Dre'Mont Jones,NE,LB,-,-,-,,
T350,Ernest Jones,SEA,LB,-,-,-,,
T350,Patrick Jones,CAR,LB,-,-,-,,
T350,Truman Jones,TEN,LB,-,-,-,,
T350,Vi Jones,FA,LB,-,-,-,,
T350,Ale Kaho,WAS,LB,-,-,-,,
T350,Mikail Kamara,SF,LB,-,-,-,IR,Knee
T350,Mohamed Kamara,TB,LB,-,-,-,,
T350,Khalid Kareem,NYG,LB,-,-,-,,
T350,Jack Kelly,NYG,LB,-,-,-,,
T350,Nyjalik Kelly,GB,LB,-,-,-,,
T350,Keith Kelsey,FA,LB,-,-,-,,
T350,Eric Kendricks,FA,LB,-,-,-,,
T350,Mychal Kendricks,FA,LB,-,-,-,,
T350,Kyle Kennard,LAC,LB,-,-,-,,
T350,Arden Key,IND,LB,-,-,-,,
T350,Austin Keys,ARI,LB,-,-,-,,
T350,Isiah King,FA,LB,-,-,-,,
T350,Kobe King,NYJ,LB,-,-,-,IR,Undisclosed
T350,Niles King,FA,LB,-,-,-,,
T350,Jack Kiser,JAX,LB,-,-,-,Ques,Knee
T350,Demetrius Knight,CIN,LB,-,-,-,,
T350,Tyrice Knight,SEA,LB,-,-,-,,
T350,Jamree Kromah,CHI,LB,-,-,-,,
T350,Jackson Kuwatch,CAR,LB,-,-,-,,
T350,William Kwenkeu,FA,LB,-,-,-,,
T350,Nate Landman,LAR,LB,-,-,-,,
T350,Harold Landry,NE,LB,-,-,-,PUP-P,Undisclosed
T350,DeMarcus Lawrence,SEA,LB,-,-,-,,
T350,Malachi Lawrence,DAL,LB,-,-,-,,
T350,Carl Lawson,FA,LB,-,-,-,,
T350,Deontae Lawson,PHI,LB,-,-,-,,
T350,Keli Lawson,FA,LB,-,-,-,,
T350,Eku Leota,ARI,LB,-,-,-,,
T350,Cody Lindenberg,LV,LB,-,-,-,,
T350,Marist Liufau,DAL,LB,-,-,-,,
T350,Damon Lloyd,FA,LB,-,-,-,,
T350,Devin Lloyd,CAR,LB,-,-,-,,
T350,David Long,FA,LB,-,-,-,,
T350,Kyle Louis,MIA,LB,-,-,-,,
T350,Jesse Luketa,NE,LB,-,-,-,,
T350,Frankie Luvu,WAS,LB,-,-,-,,
T350,Blake Lynch,FA,LB,-,-,-,,
T350,Nate Lynn,FA,LB,-,-,-,,
T350,Khalil Mack,LAC,LB,-,-,-,,
T350,Boye Mafe,CIN,LB,-,-,-,,
T350,Jordan Magee,WAS,LB,-,-,-,,
T350,DeAngelo Malone,ATL,LB,-,-,-,PUP-P,Undisclosed
T350,Marte Mapu,HOU,LB,-,-,-,,
T350,Chandler Martin,FA,LB,-,-,-,,
T350,Jacob Martin,TEN,LB,-,-,-,,
T350,Josh Martin,FA,LB,-,-,-,,
T350,Nick Martin,SF,LB,-,-,-,,
T350,Bam Martin-Scott,CAR,LB,-,-,-,,
T350,Easton Mascarenas-Arnold,CLE,LB,-,-,-,,
T350,Luke Masterson,FA,LB,-,-,-,,
T350,Tyler Matakevich,FA,LB,-,-,-,,
T350,Ochaun Mathis,FA,LB,-,-,-,,
T350,Wayne Matthews,CHI,LB,-,-,-,,
T350,Kana'i Mauga,FA,LB,-,-,-,,
T350,Francisco Mauigoa,NYJ,LB,-,-,-,Ques,Neck
T350,Dorian Mausi,TEN,LB,-,-,-,,
T350,Albert McClellan,FA,LB,-,-,-,,
T350,Marcelino McCrary-Ball,NYJ,LB,-,-,-,,
T350,Dasan McCullough,DEN,LB,-,-,-,,
T350,Cooper McDonald,KC,LB,-,-,-,,
T350,Isaiah McDuffie,GB,LB,-,-,-,,
T350,Micah McFadden,NYG,LB,-,-,-,,
T350,Cameron McGrone,LV,LB,-,-,-,,
T350,Derrick McLendon,FA,LB,-,-,-,,
T350,Jalen McLeod,JAX,LB,-,-,-,,
T350,Raekwon McMillan,FA,LB,-,-,-,,
T350,Kain Medrano,WAS,LB,-,-,-,,
T350,Akheem Mesidor,LAC,LB,-,-,-,,
T350,Matt Milano,FA,LB,-,-,-,,
T350,Ventrell Miller,JAX,LB,-,-,-,,
T350,Smael Mondon,PHI,LB,-,-,-,,
T350,Jeremiah Moon,FA,LB,-,-,-,,
T350,Trey Moore,MIA,LB,-,-,-,,
T350,Nicholas Morrow,FA,LB,-,-,-,,
T350,Arron Mosby,GB,LB,-,-,-,,
T350,C.J. Mosley,FA,LB,-,-,-,,
T350,Darius Muasau,NYG,LB,-,-,-,,
T350,Jamil Muhammad,FA,LB,-,-,-,,
T350,Chad Muma,NE,LB,-,-,-,,
T350,Red Murdock,DEN,LB,-,-,-,,
T350,Caleb Murphy,NYG,LB,-,-,-,,
T350,Gabriel Murphy,FA,LB,-,-,-,,
T350,Kenneth Murray,FA,LB,-,-,-,,
T350,Tanner Muse,FA,LB,-,-,-,,
T350,Carl Nassib,FA,LB,-,-,-,,
T350,Elias Neal,LAR,LB,-,-,-,,
T350,Anthony Nelson,TB,LB,-,-,-,,
T350,Garrett Nelson,FA,LB,-,-,-,,
T350,Yannick Ngakoue,FA,LB,-,-,-,,
T350,Ben Niemann,FA,LB,-,-,-,,
T350,Nick Niemann,GB,LB,-,-,-,,
T350,Maema Njongmeta,CAR,LB,-,-,-,,
T350,Bryce Notree,FA,LB,-,-,-,,
T350,Trevor Nowaske,DET,LB,-,-,-,,
T350,Uchenna Nwosu,SEA,LB,-,-,-,,
T350,Patrick O'Connell,SEA,LB,-,-,-,,
T350,Connor O'Toole,SEA,LB,-,-,-,,
T350,Namdi Obiazor,NE,LB,-,-,-,,
T350,Amen Ogbongbemiga,FA,LB,-,-,-,,
T350,Adetokunbo Ogundeji,FA,LB,-,-,-,,
T350,David Ojabo,MIA,LB,-,-,-,,
T350,Azeez Ojulari,ATL,LB,-,-,-,,
T350,BJ Ojulari,ARI,LB,-,-,-,,
T350,Bobby Okereke,FA,LB,-,-,-,,
T350,Ogbo Okoronkwo,FA,LB,-,-,-,,
T350,Oluwafemi Oladejo,TEN,LB,-,-,-,,
T350,Collin Oliver,GB,LB,-,-,-,,
T350,Segun Olubi,LV,LB,-,-,-,,
T350,Foyesade Oluokun,JAX,LB,-,-,-,,
T350,Joshua Onujiogu,FA,LB,-,-,-,,
T350,Anfernee Orji,NYG,LB,-,-,-,,
T350,K.C. Ossai,HOU,LB,-,-,-,,
T350,DeMarvion Overshown,DAL,LB,-,-,-,,
T350,Odafe Oweh,WAS,LB,-,-,-,,
T350,Jeremiah Owusu-Koramoah,CLE,LB,-,-,-,PUP-R,Neck
T350,Ivan Pace,MIN,LB,-,-,-,,
T350,Owen Pappoe,ARI,LB,-,-,-,,
T350,T.J. Parker,BUF,LB,-,-,-,,
T350,Micah Parsons,GB,LB,-,-,-,PUP-P,Knee - ACL
T350,Langston Patterson,DAL,LB,-,-,-,,
T350,Chris Paul,SEA,LB,-,-,-,,
T350,James Pearce,ATL,LB,-,-,-,,
T350,Harold Perkins,ATL,LB,-,-,-,,
T350,Denzel Perryman,LAC,LB,-,-,-,,
T350,Darryl Peterson,LAR,LB,-,-,-,,
T350,Del'Shawn Phillips,LAC,LB,-,-,-,,
T350,Jacob Phillips,FA,LB,-,-,-,Ques,Biceps
T350,Jaelan Phillips,CAR,LB,-,-,-,,
T350,Jason Pierre-Paul,FA,LB,-,-,-,,
T350,Anthony Pittman,FA,LB,-,-,-,,
T350,Elijah Ponder,NE,LB,-,-,-,,
T350,Bumper Pool,FA,LB,-,-,-,,
T350,Marcus Porter,FA,LB,-,-,-,,
T350,Mani Powell,TEN,LB,-,-,-,,
T350,Germaine Pratt,FA,LB,-,-,-,,
T350,Isaiah Pryor,FA,LB,-,-,-,,
T350,Alani Pututau,FA,LB,-,-,-,,
T350,Jack Pyburn,TB,LB,-,-,-,,
T350,Shaquille Quarterman,FA,LB,-,-,-,,
T350,Patrick Queen,PIT,LB,-,-,-,,
T350,TJ Quinn,GB,LB,-,-,-,,
T350,Jose Ramirez,PHI,LB,-,-,-,,
T350,Garmon Randolph,LAC,LB,-,-,-,,
T350,Haason Reddick,FA,LB,-,-,-,,
T350,Troy Reeder,DET,LB,-,-,-,,
T350,Arvell Reese,NYG,LB,-,-,-,,
T350,Otis Reese,FA,LB,-,-,-,,
T350,Jalen Reeves-Maybin,FA,LB,-,-,-,,
T350,Karene Reid,DEN,LB,-,-,-,,
T350,Winston Reid,CLE,LB,-,-,-,,
T350,Mason Reiger,MIA,LB,-,-,-,,
T350,LaRoy Reynolds,FA,LB,-,-,-,,
T350,Jon Rhattigan,CHI,LB,-,-,-,,
T350,Forrest Rhyne,FA,LB,-,-,-,,
T350,Monty Rice,FA,LB,-,-,-,,
T350,Bo Richter,MIN,LB,-,-,-,,
T350,Cam Riley,FA,LB,-,-,-,,
T350,Duke Riley,FA,LB,-,-,-,,
T350,Chauncey Rivers,FA,LB,-,-,-,,
T350,Elandon Roberts,FA,LB,-,-,-,,
T350,Jacob Roberts,MIN,LB,-,-,-,,
T350,Curtis Robinson,DAL,LB,-,-,-,,
T350,Mark Robinson,FA,LB,-,-,-,,
T350,Que Robinson,DEN,LB,-,-,-,,
T350,Tavius Robinson,BAL,LB,-,-,-,,
T350,Jacob Rodriguez,MIA,LB,-,-,-,,
T350,Malcolm Rodriguez,DET,LB,-,-,-,,
T350,Jimmy Rolder,DET,LB,-,-,-,Ques,Hamstring
T350,Josh Ross,MIN,LB,-,-,-,,
T350,Christian Rozeboom,TB,LB,-,-,-,,
T350,Kaimon Rucker,BAL,LB,-,-,-,,
T350,Chris Rumph,NO,LB,-,-,-,,
T350,Chapelle Russell,FA,LB,-,-,-,,
T350,J.J. Russell,FA,LB,-,-,-,Ques,Concussion
T350,Jack Sanborn,CHI,LB,-,-,-,,
T350,Drew Sanders,DEN,LB,-,-,-,,
T350,Jack Sawyer,PIT,LB,-,-,-,,
T350,Carson Schwesinger,CLE,LB,-,-,-,,
T350,Nic Scourton,CAR,LB,-,-,-,IR,Knee - ACL
T350,Nephi Sewell,CHI,LB,-,-,-,,
T350,Noah Sewell,CHI,LB,-,-,-,PUP-P,Achilles
T350,Karson Sharar,ARI,LB,-,-,-,Ques,Hamstring
T350,Ty Shelby,FA,LB,-,-,-,,
T350,Jamie Sheriff,SEA,LB,-,-,-,,
T350,Jamien Sherwood,NYJ,LB,-,-,-,,
T350,Cody Simon,ARI,LB,-,-,-,,
T350,Trenton Simpson,BAL,LB,-,-,-,,
T350,Alex Singleton,DEN,LB,-,-,-,,
T350,Jackson Sirmon,NO,LB,-,-,-,,
T350,Brandon Smith,FA,LB,-,-,-,,
T350,Nolan Smith,PHI,LB,-,-,-,,
T350,Roquan Smith,BAL,LB,-,-,-,,
T350,Tyreke Smith,KC,LB,-,-,-,,
T350,James Smith-Williams,FA,LB,-,-,-,,
T350,Xavian Sorey,LV,LB,-,-,-,,
T350,Barryn Sorrell,GB,LB,-,-,-,,
T350,Baylon Spector,FA,LB,-,-,-,,
T350,E.J. Speed,HOU,LB,-,-,-,PUP-P,Quadriceps
T350,Omar Speights,LAR,LB,-,-,-,,
T350,Robert Spillane,NE,LB,-,-,-,,
T350,Isaiah Stalbird,NO,LB,-,-,-,,
T350,Cam'Ron Stewart,MIN,LB,-,-,-,,
T350,Josaiah Stewart,LAR,LB,-,-,-,,
T350,Justin Strnad,DEN,LB,-,-,-,,
T350,Grant Stuard,LAR,LB,-,-,-,,
T350,Danny Stutsman,NO,LB,-,-,-,,
T350,Sonny Styles,WAS,LB,-,-,-,,
T350,Ty Summers,FA,LB,-,-,-,Ques,Foot
T350,Chazz Surratt,SEA,LB,-,-,-,,
T350,Josh Sweat,ARI,LB,-,-,-,PUP-P,Knee
T350,Bradyn Swinson,NE,LB,-,-,-,,
T350,Sione Takitaki,HOU,LB,-,-,-,,
T350,Jahlani Tavai,FA,LB,-,-,-,,
T350,Kayvon Thibodeaux,NYG,LB,-,-,-,,
T350,Brayden Thomas,FA,LB,-,-,-,,
T350,Chris Thomas,FA,LB,-,-,-,,
T350,DQ Thomas,FA,LB,-,-,-,,
T350,Drake Thomas,SEA,LB,-,-,-,,
T350,Isaiah Thomas,FA,LB,-,-,-,,
T350,Keir Thomas,LAR,LB,-,-,-,,
T350,Xavier Thomas,FA,LB,-,-,-,Ques,Undisclosed
T350,Shaq Thompson,FA,LB,-,-,-,,
T350,Dondrea Tillman,DEN,LB,-,-,-,,
T350,Channing Tindall,ATL,LB,-,-,-,,
T350,Henry To'oTo'o,HOU,LB,-,-,-,,
T350,Drue Tranquill,KC,LB,-,-,-,,
T350,Bralen Trice,ATL,LB,-,-,-,,
T350,Jeremiah Trotter,PHI,LB,-,-,-,,
T350,Josiah Trotter,TB,LB,-,-,-,,
T350,Nadame Tucker,LAC,LB,-,-,-,,
T350,Tuli Tuipulotu,LAC,LB,-,-,-,,
T350,Dallas Turner,MIN,LB,-,-,-,,
T350,Ezekiel Turner,FA,LB,-,-,-,Ques,Foot
T350,Jordan Turner,DEN,LB,-,-,-,NFI-A,Undisclosed
T350,Joshua Uche,MIA,LB,-,-,-,,
T350,Edefuan Ulofoshio,CLE,LB,-,-,-,,
T350,Princely Umanmielen,CAR,LB,-,-,-,,
T350,Andrew Van Ginkel,MIN,LB,-,-,-,,
T350,Lukas Van Ness,GB,LB,-,-,-,,
T350,Kyle Van Noy,FA,LB,-,-,-,,
T350,Zach VanValkenburg,FA,LB,-,-,-,,
T350,Joseph Vaughn,SEA,LB,-,-,-,,
T350,Devin Veresuk,IND,LB,-,-,-,,
T350,Jared Verse,CLE,LB,-,-,-,,
T350,Nick Vigil,FA,LB,-,-,-,,
T350,Bobby Wagner,FA,LB,-,-,-,,
T350,Anthony Walker,FA,LB,-,-,-,,
T350,Arden Walker,MIN,LB,-,-,-,,
T350,David Walker,TB,LB,-,-,-,,
T350,Jailin Walker,FA,LB,-,-,-,,
T350,Jalon Walker,ATL,LB,-,-,-,,
T350,Johnny Walker,DEN,LB,-,-,-,,
T350,Mykal Walker,NYJ,LB,-,-,-,,
T350,Quay Walker,LV,LB,-,-,-,,
T350,Trevin Wallace,CAR,LB,-,-,-,Ques,Shoulder
T350,Garret Wallow,SF,LB,-,-,-,,
T350,Eddie Walls,LAR,LB,-,-,-,IR,Undisclosed
T350,Jihad Ward,FA,LB,-,-,-,,
T350,Fred Warner,SF,LB,-,-,-,,
T350,Nathaniel Watson,CLE,LB,-,-,-,Ques,Biceps
T350,T.J. Watt,PIT,LB,-,-,-,,
T350,Marlowe Wax,LAC,LB,-,-,-,,
T350,Rashad Weaver,FA,LB,-,-,-,,
T350,West Weeks,IND,LB,-,-,-,,
T350,Kristian Welch,GB,LB,-,-,-,,
T350,Carson Wells,FA,LB,-,-,-,,
T350,Julius Welschof,PIT,LB,-,-,-,,
T350,Pete Werner,NO,LB,-,-,-,,
T350,Ja'Markis Weston,SEA,LB,-,-,-,IR,Undisclosed
T350,DaShaun White,FA,LB,-,-,-,,
T350,Devin White,DET,LB,-,-,-,,
T350,Kyzir White,FA,LB,-,-,-,,
T350,Benton Whitley,CLE,LB,-,-,-,,
T350,Nate Wieland,FA,LB,-,-,-,,
T350,Dorian Williams,BUF,LB,-,-,-,Ques,Lower Body
T350,James Williams,TEN,LB,-,-,-,,
T350,Quincy Williams,CLE,LB,-,-,-,,
T350,Scooby Williams,MIN,LB,-,-,-,,
T350,Reid Williford,BAL,LB,-,-,-,,
T350,Eric Wilson,MIN,LB,-,-,-,,
T350,Logan Wilson,FA,LB,-,-,-,,
T350,Mack Wilson,ARI,LB,-,-,-,,
T350,Payton Wilson,PIT,LB,-,-,-,,
T350,Riley Wilson,NE,LB,-,-,-,,
T350,Jacoby Windmon,PIT,LB,-,-,-,,
T350,Dee Winters,DAL,LB,-,-,-,,
T350,D.J. Wonnum,DET,LB,-,-,-,,
T350,Jackson Woodard,MIA,LB,-,-,-,,
T350,Wade Woodaz,HOU,LB,-,-,-,,
T350,Josh Woods,ATL,LB,-,-,-,,
T350,Chandler Wooten,FA,LB,-,-,-,,
T350,Javin Wright,TB,LB,-,-,-,,
T350,Kadofi Wright,FA,LB,-,-,-,,
T350,Oshane Ximines,FA,LB,-,-,-,,
T350,Taurean York,DEN,LB,-,-,-,,
T350,Byron Young,LAR,LB,-,-,-,,
T350,Chase Young,NO,LB,-,-,-,,
T350,Jordan Young,FA,LB,-,-,-,,
T350,Zion Young,BAL,LB,-,-,-,,
T350,Nash Hutmacher,TB,OG,-,-,-,,
T350,Dylan Parham,NYJ,OG,-,-,-,,
T350,Chris Williams,FA,OG,-,-,-,,
T350,Hunter Thedford,FA,OT,-,-,-,,
T350,Leroy Watson,FA,OT,-,-,-,,
T350,Bryan Anger,DAL,P,-,-,-,,
T350,Matt Araiza,KC,P,-,-,-,,
T350,Jake Bailey,ATL,P,-,-,-,,
T350,Bryce Baringer,NE,P,-,-,-,,
T350,Corey Bojorquez,CLE,P,-,-,-,,
T350,Jack Browning,FA,P,-,-,-,,
T350,James Burnip,FA,P,-,-,-,,
T350,Jake Camarda,FA,P,-,-,-,,
T350,AJ Cole,LV,P,-,-,-,,
T350,Logan Cooke,JAX,P,-,-,-,,
T350,Jeremy Crawshaw,DEN,P,-,-,-,,
T350,Michael Dickson,SEA,P,-,-,-,,
T350,Riley Dixon,TB,P,-,-,-,,
T350,Tommy Doman,BUF,P,-,-,-,,
T350,Ryan Eckley,BAL,P,-,-,-,,
T350,Ethan Evans,LAR,P,-,-,-,,
T350,Jack Fox,DET,P,-,-,-,,
T350,Trenton Gill,FA,P,-,-,-,,
T350,Jamie Gillan,FA,P,-,-,-,,
T350,Blake Gillikin,ARI,P,-,-,-,,
T350,Matt Haack,WAS,P,-,-,-,,
T350,Matthew Hayball,ATL,P,-,-,-,,
T350,Lou Hedley,FA,P,-,-,-,,
T350,Johnny Hekker,MIN,P,-,-,-,,
T350,Cameron Johnston,PIT,P,-,-,-,,
T350,Kai Kroeger,HOU,P,-,-,-,,
T350,Ty Long,FA,P,-,-,-,,
T350,Braden Mann,PHI,P,-,-,-,,
T350,Sam Martin,CAR,P,-,-,-,,
T350,Austin McNamara,NYJ,P,-,-,-,,
T350,Thomas Morstead,FA,P,-,-,-,,
T350,Pat O'Donnell,FA,P,-,-,-,,
T350,Michael Palardy,FA,P,-,-,-,,
T350,Bradley Pinion,MIA,P,-,-,-,,
T350,Ryan Rehkow,CIN,P,-,-,-,,
T350,Brad Robbins,FA,P,-,-,-,,
T350,Rigoberto Sanchez,IND,P,-,-,-,,
T350,JK Scott,LAC,P,-,-,-,,
T350,Ryan Stonehouse,FA,P,-,-,-,,
T350,Jordan Stout,NYG,P,-,-,-,,
T350,Tory Taylor,CHI,P,-,-,-,,
T350,Tommy Townsend,TEN,P,-,-,-,,
T350,Corliss Waitman,SF,P,-,-,-,,
T350,Tress Way,WAS,P,-,-,-,NFI-A,Pectoral
T350,Daniel Whelan,GB,P,-,-,-,,
T350,Matt Wile,FA,P,-,-,-,,
T350,Mitch Wishnowsky,BUF,P,-,-,-,,
T350,Brandon Wright,FA,P,-,-,481.00,,
T350,Ryan Wright,NO,P,-,-,-,,
T350,Ty Zentner,FA,P,-,-,-,,
T350,Joey Aguilar,JAX,QB,-,-,-,,
T350,Holton Ahlers,FA,QB,-,-,-,,
T350,Christian Kuntz,PIT,C,-,-,-,,
T350,Keith Abney,DET,CB,-,-,-,,
T350,Micah Abraham,FA,CB,-,-,-,,
T350,Kris Abrams-Draine,DEN,CB,-,-,-,,
T350,Paulson Adebo,NYG,CB,-,-,-,,
T350,Jaire Alexander,FA,CB,-,-,-,,
T350,Dee Alford,BUF,CB,-,-,-,,
T350,Marcus Allen,MIN,CB,-,-,-,,
T350,Trey Amos,WAS,CB,-,-,-,PUP-P,Lower Leg
T350,Prince Amukamara,FA,CB,-,-,-,,
T350,Chigozie Anusiem,LV,CB,-,-,-,,
T350,Eli Apple,FA,CB,-,-,-,,
T350,Jalyn Armour-Davis,FA,CB,-,-,-,Ques,Achilles
T350,Da'Veawn Armstead,MIN,CB,-,-,-,,
T350,Cornell Armstrong,FA,CB,-,-,-,Ques,Hamstring
T350,Damon Arnette,FA,CB,-,-,-,,
T350,Terrion Arnold,FA,CB,-,-,-,,
T350,Alex Austin,MIA,CB,-,-,-,,
T350,Brent Austin,DEN,CB,-,-,-,,
T350,Tre Avery,CLE,CB,-,-,-,,
T350,Chidobe Awuzie,BAL,CB,-,-,-,,
T350,Johnson Bademosi,FA,CB,-,-,-,,
T350,Darrell Baker,MIA,CB,-,-,-,PUP-P,Undisclosed
T350,Johnathan Baldwin,GB,CB,-,-,-,,
T350,Corey Ballentine,JAX,CB,-,-,-,,
T350,Mory Bamba,NYJ,CB,-,-,-,,
T350,Deonte Banks,NYG,CB,-,-,-,,
T350,Jahdae Barron,DEN,CB,-,-,-,,
T350,Shemar Bartholomew,GB,CB,-,-,-,,
T350,Miles Battle,MIA,CB,-,-,-,,
T350,Dalys Beanum,NO,CB,-,-,-,,
T350,Christian Benford,BUF,CB,-,-,-,,
T350,Jakorian Bennett,PHI,CB,-,-,-,,
T350,Jarrick Bernard-Converse,NYG,CB,-,-,-,,
T350,Caleb Biggers,FA,CB,-,-,-,,
T350,Beanie Bishop,FA,CB,-,-,-,Reserve-Sus,Suspension
T350,Korie Black,NYG,CB,-,-,-,,
T350,Mekhi Blackmon,IND,CB,-,-,-,,
T350,Josh Blackwell,CHI,CB,-,-,-,,
T350,DaRon Bland,DAL,CB,-,-,-,,
T350,Isaiah Bolden,FA,CB,-,-,-,,
T350,Ethan Bonner,MIA,CB,-,-,-,,
T350,Andrew Booth,FA,CB,-,-,-,,
T350,Dicaprio Bootle,FA,CB,-,-,-,Ques,Undisclosed
T350,Cedric Boswell,FA,CB,-,-,-,,
T350,Kris Boyd,FA,CB,-,-,-,Ques,Abdomen
T350,Ekow Boye-Doe,FA,CB,-,-,-,,
T350,Devan Boykin,PIT,CB,-,-,-,,
T350,Lance Boykin,FA,CB,-,-,-,,
T350,Christian Braswell,JAX,CB,-,-,-,,
T350,JuJu Brents,MIA,CB,-,-,-,,
T350,Trikweze Bridges,DAL,CB,-,-,-,,
T350,Tyrone Broden,FA,CB,-,-,-,Ques,Undisclosed
T350,Natrone Brooks,ATL,CB,-,-,-,,
T350,Ike Brown,FA,CB,-,-,-,,
T350,Montaric Brown,JAX,CB,-,-,-,,
T350,Tony Brown,FA,CB,-,-,-,,
T350,Tre Brown,NYJ,CB,-,-,-,,
T350,Jarvis Brownlee,NYJ,CB,-,-,-,Ques,Hip
T350,Cobee Bryant,ATL,CB,-,-,-,,
T350,Myles Bryant,CLE,CB,-,-,-,,
T350,Denzel Burke,ARI,CB,-,-,-,,
T350,Artie Burns,FA,CB,-,-,-,Ques,Knee - ACL
T350,Josh Butler,DAL,CB,-,-,-,,
T350,Keydrain Calligan,TEN,CB,-,-,-,,
T350,James Campbell,FA,CB,-,-,-,,
T350,Tyson Campbell,CLE,CB,-,-,-,,
T350,Channing Canada,NE,CB,-,-,-,,
T350,Jadon Canady,KC,CB,-,-,-,,
T350,Brandon Carr,FA,CB,-,-,-,,
T350,Caelen Carson,DAL,CB,-,-,-,,
T350,Ajani Carter,FA,CB,-,-,-,,
T350,Michael Carter,PHI,CB,-,-,-,,
T350,T.J. Carter,FA,CB,-,-,-,,
T350,Tariq Castro-Fields,PHI,CB,-,-,-,,
T350,Tyreek Chappell,MIN,CB,-,-,-,,
T350,Brandon Cisse,GB,CB,-,-,-,,
T350,Jordan Clark,NYJ,CB,-,-,-,,
T350,Kei'Trel Clark,ARI,CB,-,-,-,,
T350,Brandon Codrington,HOU,CB,-,-,-,,
T350,Ryan Cooper,FA,CB,-,-,-,,
T350,Bryce Cosby,FA,CB,-,-,-,,
T350,Te'Cory Couch,BUF,CB,-,-,-,,
T350,Brandon Crossley,NE,CB,-,-,-,,
T350,Elijah Culp,ARI,CB,-,-,-,,
T350,Michael Dansby,SEA,CB,-,-,-,,
T350,Ronald Darby,FA,CB,-,-,-,,
T350,Carlton Davis,NE,CB,-,-,-,Ques,Undisclosed
T350,Cortez Davis,FA,CB,-,-,-,,
T350,Fred Davis,WAS,CB,-,-,-,,
T350,Jaden Davis,ARI,CB,-,-,-,IR,Undisclosed
T350,Jalen Davis,CIN,CB,-,-,-,,
T350,Michael Davis,FA,CB,-,-,-,Ques,Shoulder
T350,Tacario Davis,CIN,CB,-,-,-,,
T350,Jamel Dean,PIT,CB,-,-,-,,
T350,Mansoor Delane,KC,CB,-,-,-,Ques,Shoulder
T350,Charles Demmings,MIN,CB,-,-,-,,
T350,M.J. Devonshire,GB,CB,-,-,-,,
T350,Marcellas Dial,NE,CB,-,-,-,,
T350,Trevon Diggs,FA,CB,-,-,-,,
T350,Thaddeus Dixon,NYG,CB,-,-,-,IR,Achilles
T350,Khalil Dorsey,DET,CB,-,-,-,,
T350,Rasul Douglas,WAS,CB,-,-,-,,
T350,Storm Duck,MIA,CB,-,-,-,PUP-P,Knee
T350,Cobie Durant,DAL,CB,-,-,-,,
T350,Brandin Echols,PIT,CB,-,-,-,,
T350,Johnathan Edwards,IND,CB,-,-,-,,
T350,Wyett Ekeler,FA,CB,-,-,-,,
T350,Kaiir Elam,KC,CB,-,-,-,,
T350,Martin Emerson,NO,CB,-,-,-,,
T350,Akayleb Evans,CAR,CB,-,-,-,,
T350,Darren Evans,FA,CB,-,-,-,,
T350,Daylen Everette,PIT,CB,-,-,-,,
T350,KC Eziomume,CHI,CB,-,-,-,,
T350,Caleb Farley,FA,CB,-,-,-,,
T350,Junior Faulk,FA,CB,-,-,-,,
T350,Cor'Dale Flott,TEN,CB,-,-,-,,
T350,Dallis Flowers,CHI,CB,-,-,-,,
T350,Tre Flowers,FA,CB,-,-,-,,
T350,Emmanuel Forbes,LAR,CB,-,-,-,,
T350,Mike Ford,ATL,CB,-,-,-,,
T350,Tyrell Ford,FA,CB,-,-,-,,
T350,Zah Frazier,FA,CB,-,-,-,,
T350,Andre Fuller,SEA,CB,-,-,-,,
T350,Kendall Fuller,FA,CB,-,-,-,,
T350,Travon Fuller,FA,CB,-,-,-,,
T350,Kristian Fulton,KC,CB,-,-,-,,
T350,Tyrek Funderburk,CAR,CB,-,-,-,,
T350,Don Gardner,FA,CB,-,-,-,,
T350,Sauce Gardner,IND,CB,-,-,-,Ques,Calf
T350,Mekhi Garner,FA,CB,-,-,-,,
T350,Eric Garror,FA,CB,-,-,-,,
T350,Allan George,FA,CB,-,-,-,,
T350,Kenneth George,FA,CB,-,-,-,,
T350,Zyon Gilbert,FA,CB,-,-,-,,
T350,Steven Gilmore,FA,CB,-,-,-,,
T350,Christian Gonzalez,NE,CB,-,-,-,,
T350,Mario Goodrich,TEN,CB,-,-,-,,
T350,Kyler Gordon,CHI,CB,-,-,-,PUP-P,Calf
T350,Thomas Graham,FA,CB,-,-,-,,
T350,Nick Grant,FA,CB,-,-,-,,
T350,A.J. Green,MIA,CB,-,-,-,,
T350,Art Green,NYG,CB,-,-,-,,
T350,Renardo Green,SF,CB,-,-,-,,
T350,Shaquill Griffin,FA,CB,-,-,-,,
T350,Jaylon Guilbeau,FA,CB,-,-,-,Ques,Undisclosed
T350,Kamal Hadden,GB,CB,-,-,-,,
T350,Devin Hafford,FA,CB,-,-,-,,
T350,Maxwell Hairston,BUF,CB,-,-,-,,
T350,Bryce Hall,FA,CB,-,-,-,,
T350,Darren Hall,ATL,CB,-,-,-,,
T350,Kemon Hall,TB,CB,-,-,-,,
T350,Stephen Hall,HOU,CB,-,-,-,,
T350,TJ Hall,NO,CB,-,-,-,,
T350,Tyler Hall,FA,CB,-,-,-,,
T350,Al'zillion Hamilton,LAR,CB,-,-,-,PUP-P,Undisclosed
T350,Antonio Hamilton,WAS,CB,-,-,-,,
T350,Elijah Hamilton,FA,CB,-,-,-,,
T350,Matt Hankins,FA,CB,-,-,-,,
T350,Justin Hardee,FA,CB,-,-,-,Ques,Undisclosed
T350,Myles Harden,CLE,CB,-,-,-,,
T350,Daequan Hardy,PIT,CB,-,-,-,IR,Undisclosed
T350,Marcus Harris,TEN,CB,-,-,-,,
T350,Cam Hart,LAC,CB,-,-,-,,
T350,Ahmari Harvey,PIT,CB,-,-,-,,
T350,Tre Hawkins,WAS,CB,-,-,-,IR,Undisclosed
T350,Josh Hayes,TB,CB,-,-,-,,
T350,Amari Henderson,FA,CB,-,-,-,,
T350,C.J. Henderson,ATL,CB,-,-,-,,
T350,Tre Herndon,FA,CB,-,-,-,,
T350,Tyron Herring,CLE,CB,-,-,-,,
T350,Faion Hicks,FA,CB,-,-,-,,
T350,Dax Hill,CIN,CB,-,-,-,,
T350,Nijuel Hill,FA,CB,-,-,-,,
T350,Troy Hill,FA,CB,-,-,-,,
T350,Mike Hilton,FA,CB,-,-,-,Ques,Shoulder
T350,Nate Hobbs,SF,CB,-,-,-,,
T350,Preston Hodge,JAX,CB,-,-,-,,
T350,Ka'dar Hollman,FA,CB,-,-,-,,
T350,Darnay Holmes,ATL,CB,-,-,-,,
T350,Colton Hood,NYG,CB,-,-,-,,
T350,Delonte Hood,FA,CB,-,-,-,,
T350,Jaycee Horn,CAR,CB,-,-,-,,
T350,Xavien Howard,FA,CB,-,-,-,,
T350,Mike Hughes,ATL,CB,-,-,-,,
T350,Marlon Humphrey,BAL,CB,-,-,-,,
T350,Alijah Huzzie,HOU,CB,-,-,-,,
T350,Noah Igbinoghene,SEA,CB,-,-,-,,
T350,Davison Igbinosun,BUF,CB,-,-,-,,
T350,Ja'Marcus Ingram,HOU,CB,-,-,-,,
T350,Keenan Isaac,FA,CB,-,-,-,,
T350,DJ Ivey,CIN,CB,-,-,-,,
T350,Adoree' Jackson,FA,CB,-,-,-,,
T350,Dane Jackson,JAX,CB,-,-,-,Reserve-Ret,Personal
T350,Domani Jackson,GB,CB,-,-,-,,
T350,Donte Jackson,LAC,CB,-,-,-,,
T350,Lamar Jackson,FA,CB,-,-,-,,
T350,Mike Jackson,CAR,CB,-,-,-,,
T350,DJ James,FA,CB,-,-,-,,
T350,D'Shawn Jamison,PIT,CB,-,-,-,,
T350,Shemar Jean-Charles,SEA,CB,-,-,-,,
T350,Josh Jobe,SEA,CB,-,-,-,,
T350,Alex Johnson,LAR,CB,-,-,-,,
T350,Brandon Johnson,SEA,CB,-,-,-,,
T350,Chris Johnson,MIA,CB,-,-,-,,
T350,Isaiah Johnson,FA,CB,-,-,-,Ques,Knee - ACL
T350,Jaylon Johnson,CHI,CB,-,-,-,,
T350,Leonard Johnson,FA,CB,-,-,-,,
T350,Nazeeh Johnson,TEN,CB,-,-,-,,
T350,Taron Johnson,LV,CB,-,-,-,,
T350,Will Johnson,ARI,CB,-,-,-,,
T350,Shaun Jolly,FA,CB,-,-,-,,
T350,Chris Jones,FA,CB,-,-,-,,
T350,DaShawn Jones,FA,CB,-,-,-,,
T350,Devin Jones,FA,CB,-,-,-,,
T350,Dom Jones,FA,CB,-,-,-,Ques,Knee
T350,Elijah Jones,FA,CB,-,-,-,,
T350,Elijah Jones,ARI,CB,-,-,-,,
T350,Jack Jones,SF,CB,-,-,-,,
T350,Jarrian Jones,JAX,CB,-,-,-,,
T350,Jaylon Jones,CHI,CB,-,-,-,,
T350,Jaylon Jones,IND,CB,-,-,-,,
T350,Jonathan Jones,PHI,CB,-,-,-,,
T350,Marcus Jones,NE,CB,-,-,-,,
T350,Marlon Jones,GB,CB,-,-,-,,
T350,Nic Jones,NYG,CB,-,-,-,,
T350,Kelvin Joseph,FA,CB,-,-,-,,
T350,Kyu Blu Kelly,FA,CB,-,-,-,Ques,Knee
T350,Anthony Kendall,CLE,CB,-,-,-,Ques,Undisclosed
T350,Derion Kendrick,DAL,CB,-,-,-,,
T350,Donte Kent,PIT,CB,-,-,-,PUP-P,Undisclosed
T350,Jalen Kimber,CIN,CB,-,-,-,,
T350,Desmond King,FA,CB,-,-,-,,
T350,Kalen King,ARI,CB,-,-,-,,
T350,Kevin King,FA,CB,-,-,-,Ques,Undisclosed
T350,Luther Kirk,FA,CB,-,-,-,,
T350,Kader Kohou,KC,CB,-,-,-,,
T350,Bilhal Kone,BAL,CB,-,-,-,,
T350,Chris Lammons,FA,CB,-,-,-,Ques,Foot
T350,Cam Lampkin,LAR,CB,-,-,-,,
T350,Kamari Lassiter,HOU,CB,-,-,-,,
T350,Marshon Lattimore,FA,CB,-,-,-,Ques,Knee - ACL
T350,Des Lawrence,FA,CB,-,-,-,,
T350,Will Lee,CAR,CB,-,-,-,,
T350,Deommodore Lenoir,SF,CB,-,-,-,,
T350,Deane Leonard,LAC,CB,-,-,-,,
T350,Cam Lewis,CHI,CB,-,-,-,,
T350,Jourdan Lewis,JAX,CB,-,-,-,,
T350,David Long,FA,CB,-,-,-,,
T350,Robert Longerbeam,BAL,CB,-,-,-,,
T350,Keni-H Lovely,JAX,CB,-,-,-,,
T350,Duron Lowe,FA,CB,-,-,-,,
T350,Chase Lucas,TB,CB,-,-,-,PUP-P,Undisclosed
T350,Jeadyn Lukus,FA,CB,-,-,-,,
T350,Darrell Luter,SF,CB,-,-,-,,
T350,Bralyn Lux,CIN,CB,-,-,-,,
T350,Avonte Maddox,DET,CB,-,-,-,,
T350,Jason Maitre,FA,CB,-,-,-,Ques,Undisclosed
T350,Dontae Manning,CHI,CB,-,-,-,,
T350,Paul Manning,FA,CB,-,-,-,Ques,Undisclosed
T350,Devon Marshall,JAX,CB,-,-,-,,
T350,Jason Marshall,MIA,CB,-,-,-,,
T350,Keyon Martin,BAL,CB,-,-,-,,
T350,Hezekiah Masses,LV,CB,-,-,-,,
T350,Damarri Mathis,CLE,CB,-,-,-,,
T350,Arthur Maulet,FA,CB,-,-,-,,
T350,Mac McCain,FA,CB,-,-,-,,
T350,Jeremiah McClendon,FA,CB,-,-,-,,
T350,Nick McCloud,FA,CB,-,-,-,Ques,Groin
T350,Zyon McCollum,TB,CB,-,-,-,,
T350,Jermod McCoy,LV,CB,-,-,-,Ques,Knee
T350,Roger McCreary,DET,CB,-,-,-,,
T350,Deshawn McCuin,FA,CB,-,-,-,,
T350,Latrell McCutchin,FA,CB,-,-,-,Ques,Undisclosed
T350,Matthew McDoom,BAL,CB,-,-,-,,
T350,Trent McDuffie,LAR,CB,-,-,-,,
T350,Dwight McGlothern,MIN,CB,-,-,-,Ques,Hip
T350,Kool-Aid McKinstry,NO,CB,-,-,-,,
T350,Kyler McMichael,FA,CB,-,-,-,,
T350,Ja'Quan McMillian,DEN,CB,-,-,-,,
T350,Jalen McMurray,TEN,CB,-,-,-,,
T350,Mac McWilliams,PHI,CB,-,-,-,,
T350,Max Melton,ARI,CB,-,-,-,,
T350,Cam Miller,CAR,CB,-,-,-,,
T350,D.J. Miller,BUF,CB,-,-,-,,
T350,Kobee Minor,NE,CB,-,-,-,,
T350,Cameron Mitchell,FA,CB,-,-,-,Ques,Undisclosed
T350,Quinyon Mitchell,PHI,CB,-,-,-,,
T350,Devin Moore,DAL,CB,-,-,-,,
T350,Kenny Moore,FA,CB,-,-,-,,
T350,T.J. Moore,FA,CB,-,-,-,,
T350,Fabian Moreau,WAS,CB,-,-,-,,
T350,Benjamin Morrison,TB,CB,-,-,-,,
T350,Malkelm Morrison,FA,CB,-,-,-,,
T350,Emmanuel Moseley,FA,CB,-,-,-,Ques,Illness
T350,Quandre Mosely,FA,CB,-,-,-,,
T350,Riley Moss,DEN,CB,-,-,-,,
T350,Jabbar Muhammad,JAX,CB,-,-,-,,
T350,Malik Muhammad,CHI,CB,-,-,-,,
T350,Byron Murphy,MIN,CB,-,-,-,,
T350,Sean Murphy-Bunting,ARI,CB,-,-,-,,
T350,Julian Neal,SEA,CB,-,-,-,Ques,Leg
T350,Nik Needham,FA,CB,-,-,-,,
T350,Greg Newsome,NYG,CB,-,-,-,,
T350,Quinton Newsome,ARI,CB,-,-,-,,
T350,Josh Newton,CIN,CB,-,-,-,,
T350,DeCarlos Nicholson,CAR,CB,-,-,-,,
T350,Parry Nickerson,FA,CB,-,-,-,,
T350,Keisean Nixon,GB,CB,-,-,-,,
T350,Drey Norwood,LAR,CB,-,-,-,,
T350,Caleb Offord,LV,CB,-,-,-,,
T350,Jeff Okudah,FA,CB,-,-,-,Ques,Concussion
T350,Jordan Oladokun,FA,CB,-,-,-,,
T350,Donovan Olumba,FA,CB,-,-,-,,
T350,Amani Oruwariye,BAL,CB,-,-,-,,
T350,Jacob Parrish,TB,CB,-,-,-,,
T350,Rico Payton,NYG,CB,-,-,-,IR,Undisclosed
T350,D'Arco Perkins-McAllister,KC,CB,-,-,-,,
T350,Patrick Peterson,FA,CB,-,-,-,,
T350,Bryce Phillips,KC,CB,-,-,-,,
T350,Clark Phillips,ATL,CB,-,-,-,,
T350,Dru Phillips,NYG,CB,-,-,-,,
T350,James Pierre,MIN,CB,-,-,-,,
T350,Jalen Pitre,HOU,CB,-,-,-,,
T350,Derrek Pitts,FA,CB,-,-,-,,
T350,Carlins Platel,FA,CB,-,-,-,,
T350,D'Angelo Ponds,NYJ,CB,-,-,-,Ques,Calf
T350,Darien Porter,LV,CB,-,-,-,,
T350,Daryl Porter,PIT,CB,-,-,-,,
T350,Jackson Porter,FA,CB,-,-,-,,
T350,Joey Porter,PIT,CB,-,-,-,PUP-P,Back
T350,Bobby Price,FA,CB,-,-,-,,
T350,Jayden Price,NO,CB,-,-,-,,
T350,Toriano Pride,BUF,CB,-,-,-,,
T350,Troy Pride,FA,CB,-,-,-,,
T350,De'Antre Prince,FA,CB,-,-,-,,
T350,Nehemiah Pritchett,SEA,CB,-,-,-,,
T350,Karon Prunty,NE,CB,-,-,-,,
T350,Ephesians Prysock,SF,CB,-,-,-,,
T350,Myles Purchase,LAC,CB,-,-,-,,
T350,Brendan Radley-Hiles,FA,CB,-,-,-,,
T350,Ennis Rakestraw,DET,CB,-,-,-,,
T350,D.J. Reed,DET,CB,-,-,-,,
T350,Nikko Reed,LAC,CB,-,-,-,Ques,Hamstring
T350,Michael Reid,NO,CB,-,-,-,,
T350,Shavon Revel,DAL,CB,-,-,-,,
T350,Decamerion Richardson,LV,CB,-,-,-,,
T350,Eli Ricks,FA,CB,-,-,-,,
T350,Quincy Riley,NO,CB,-,-,-,,
T350,Kelee Ringo,PHI,CB,-,-,-,,
T350,Chandler Rivers,BAL,CB,-,-,-,,
T350,Amik Robertson,WAS,CB,-,-,-,,
T350,Nickell Robey-Coleman,FA,CB,-,-,-,,
T350,Ethan Robinson,MIA,CB,-,-,-,,
T350,Jaden Robinson,DEN,CB,-,-,-,,
T350,Jakob Robinson,SF,CB,-,-,-,Ques,Forearm
T350,Marquise Robinson,BAL,CB,-,-,-,,
T350,Micah Robinson,TEN,CB,-,-,-,,
T350,Robert Rochell,CAR,CB,-,-,-,,
T350,Isaiah Rodgers,MIN,CB,-,-,-,,
T350,Eric Rogers,LAC,CB,-,-,-,Ques,Undisclosed
T350,Christian Roland-Wallace,KC,CB,-,-,-,Ques,Back
T350,D'Angelo Ross,CLE,CB,-,-,-,,
T350,De'Shawn Rucker,DET,CB,-,-,-,,
T350,Darius Rush,WAS,CB,-,-,-,,
T350,KeiVarae Russell,FA,CB,-,-,-,,
T350,Mike Sainristil,WAS,CB,-,-,-,,
T350,Asante Samuel,PIT,CB,-,-,-,,
T350,Marcus Sayles,FA,CB,-,-,-,,
T350,Eric Scott,FA,CB,-,-,-,,
T350,Keionte Scott,TB,CB,-,-,-,,
T350,Kevon Seymour,FA,CB,-,-,-,,
T350,Kendall Sheffield,FA,CB,-,-,-,Ques,Undisclosed
T350,Duke Shelley,FA,CB,-,-,-,,
T350,Rodney Shelley,LAC,CB,-,-,-,,
T350,Jaylin Simpson,GB,CB,-,-,-,,
T350,Doneiko Slaughter,PIT,CB,-,-,-,,
T350,Darius Slay,FA,CB,-,-,-,Reserve-Ret,Undisclosed
T350,Avery Smith,LAC,CB,-,-,-,,
T350,Cam Smith,FA,CB,-,-,-,,
T350,Jaylin Smith,HOU,CB,-,-,-,,
T350,Keidron Smith,NYJ,CB,-,-,-,,
T350,Melvin Smith,KC,CB,-,-,-,,
T350,Terell Smith,CHI,CB,-,-,-,Ques,Knee
T350,Tremon Smith,HOU,CB,-,-,-,,
T350,Chau Smith-Wade,CAR,CB,-,-,-,,
T350,L'Jarius Sneed,KC,CB,-,-,-,,
T350,Ameer Speed,DAL,CB,-,-,-,,
T350,Benjamin St-Juste,GB,CB,-,-,-,,
T350,Brandon Stephens,NYJ,CB,-,-,-,Ques,Neck
T350,Tyrique Stevenson,CHI,CB,-,-,-,,
T350,Reddy Steward,DAL,CB,-,-,-,,
T350,Qwan'tez Stiggers,NYJ,CB,-,-,-,Ques,Knee
T350,Tarheeb Still,LAC,CB,-,-,-,,
T350,Derek Stingley,HOU,CB,-,-,-,,
T350,Eric Stokes,LV,CB,-,-,-,,
T350,Upton Stout,SF,CB,-,-,-,,
T350,Greg Stroman,FA,CB,-,-,-,,
T350,Dorian Strong,BUF,CB,-,-,-,NFI-R,Neck
T350,Patrick Surtain,DEN,CB,-,-,-,,
T350,Cameron Sutton,FA,CB,-,-,-,,
T350,T.J. Tampa,BAL,CB,-,-,-,,
T350,Alontae Taylor,TEN,CB,-,-,-,,
T350,Ja'Sir Taylor,CIN,CB,-,-,-,,
T350,Keith Taylor,FA,CB,-,-,-,Ques,Undisclosed
T350,Reese Taylor,DEN,CB,-,-,-,,
T350,Cam Taylor-Britt,IND,CB,-,-,-,,
T350,A.J. Terrell,ATL,CB,-,-,-,,
T350,Avieon Terrell,ATL,CB,-,-,-,,
T350,Ambry Thomas,PHI,CB,-,-,-,,
T350,Azareye'h Thomas,NYJ,CB,-,-,-,,
T350,Starling Thomas,ARI,CB,-,-,-,,
T350,Tavierre Thomas,MIN,CB,-,-,-,,
T350,Stantley Thomas-Oliver,FA,CB,-,-,-,,
T350,NaJee Thompson,FA,CB,-,-,-,,
T350,Corey Thornton,CAR,CB,-,-,-,,
T350,Tre Tomlinson,FA,CB,-,-,-,,
T350,Cory Trice,FA,CB,-,-,-,Ques,Knee
T350,DJ Turner,CIN,CB,-,-,-,,
T350,Carrington Valentine,GB,CB,-,-,-,Ques,Leg
T350,Greedy Vance,LV,CB,-,-,-,,
T350,Zemaiah Vaughn,MIN,CB,-,-,-,,
T350,Zelmar Vedder,KC,CB,-,-,-,,
T350,David Vereen,FA,CB,-,-,-,,
T350,Car'lin Vigers,WAS,CB,-,-,-,,
T350,Kindle Vildor,NE,CB,-,-,-,,
T350,Shaun Wade,PHI,CB,-,-,-,,
T350,Kani Walker,BUF,CB,-,-,-,,
T350,Josh Wallace,LAR,CB,-,-,-,,
T350,Levi Wallace,FA,CB,-,-,-,,
T350,Justin Walley,IND,CB,-,-,-,,
T350,Charvarius Ward,IND,CB,-,-,-,,
T350,Denzel Ward,CLE,CB,-,-,-,,
T350,Jaylen Watson,LAR,CB,-,-,-,,
T350,Isas Waxter,LAC,CB,-,-,-,,
T350,Sam Webb,DEN,CB,-,-,-,,
T350,Chris Westry,FA,CB,-,-,-,,
T350,Ryan White,FA,CB,-,-,-,,
T350,Tre'Davious White,FA,CB,-,-,-,,
T350,Nick Whiteside,DET,CB,-,-,-,,
T350,Nate Wiggins,BAL,CB,-,-,-,,
T350,Damarion Williams,TB,CB,-,-,-,,
T350,Darious Williams,LAR,CB,-,-,-,Reserve-Ret,Undisclosed
T350,Dee Williams,FA,CB,-,-,-,,
T350,Garrett Williams,ARI,CB,-,-,-,PUP-P,Achilles
T350,Jaylin Williams,FA,CB,-,-,-,,
T350,Josh Williams,TEN,CB,-,-,-,,
T350,Nohl Williams,KC,CB,-,-,-,,
T350,Divaad Wilson,FA,CB,-,-,-,Ques,Undisclosed
T350,Marco Wilson,MIA,CB,-,-,-,,
T350,Ahkello Witherspoon,WAS,CB,-,-,-,Reserve-Ret,Undisclosed
T350,Devon Witherspoon,SEA,CB,-,-,-,,
T350,Samuel Womack,NYJ,CB,-,-,-,,
T350,A.J. Woods,ATL,CB,-,-,-,,
T350,Charles Woods,NE,CB,-,-,-,,
T350,Riq Woolen,PHI,CB,-,-,-,,
T350,Ceyair Wright,CIN,CB,-,-,-,,
T350,Collin Wright,HOU,CB,-,-,-,,
T350,Nahshon Wright,NYJ,CB,-,-,-,,
T350,Rejzohn Wright,NO,CB,-,-,-,,
T350,Rock Ya-Sin,DET,CB,-,-,-,,
T350,Isaac Yiadom,NO,CB,-,-,-,,
T350,Abu Daramy-Swaray,FA,DB,-,-,-,,
T350,Mario Addison,FA,DE,-,-,-,,
T350,David Agoha,FA,DE,-,-,-,,
T350,Brevin Allen,FA,DE,-,-,-,,
T350,Henry Anderson,FA,DE,-,-,-,,
T350,Ryder Anderson,FA,DE,-,-,-,,
T350,Will Anderson,HOU,DE,-,-,-,,
T350,Vincent Anthony,KC,DE,-,-,-,,
T350,Felix Anudike-Uzomah,KC,DE,-,-,-,,
T350,Dorance Armstrong,WAS,DE,-,-,-,PUP-P,Knee - ACL
T350,Denico Autry,FA,DE,-,-,-,,
T350,Genard Avery,FA,DE,-,-,-,,
T350,Allen Bailey,FA,DE,-,-,-,,
T350,David Bailey,NYJ,DE,-,-,-,,
T350,Derek Barnett,FA,DE,-,-,-,,
T350,Tyler Baron,NYJ,DE,-,-,-,PUP-P,Knee
T350,Alex Barrett,FA,DE,-,-,-,,
T350,Robert Beal,MIA,DE,-,-,-,,
T350,Rayshaun Benny,BAL,DE,-,-,-,,
T350,Rashod Berry,FA,DE,-,-,-,,
T350,Angelo Blackson,FA,DE,-,-,-,,
T350,Austin Booker,CHI,DE,-,-,-,,
T350,Joey Bosa,FA,DE,-,-,-,,
T350,Nick Bosa,SF,DE,-,-,-,Ques,Knee - ACL
T350,Derrick Brown,CAR,DE,-,-,-,,
T350,Earnest Brown,TEN,DE,-,-,-,,
T350,Markaviest Bryant,FA,DE,-,-,-,,
T350,Jonathan Bullard,DAL,DE,-,-,-,,
T350,Jordan Burch,ARI,DE,-,-,-,,
T350,Ethan Burke,BAL,DE,-,-,-,,
T350,Solomon Byrd,HOU,DE,-,-,-,,
T350,Calais Campbell,BAL,DE,-,-,-,,
T350,Andre Carter,FA,DE,-,-,-,,
T350,T.J. Carter,FA,DE,-,-,-,,
T350,Bradley Chubb,BUF,DE,-,-,-,,
T350,Adrian Clayborn,FA,DE,-,-,-,,
T350,Micheal Clemons,IND,DE,-,-,-,,
T350,Kameron Cline,FA,DE,-,-,-,,
T350,Jadeveon Clowney,HOU,DE,-,-,-,,
T350,Myles Cole,NO,DE,-,-,-,,
T350,Seth Coleman,MIA,DE,-,-,-,,
T350,Gus Cumberlander,FA,DE,-,-,-,,
T350,Caden Curry,IND,DE,-,-,-,,
T350,Mike Danna,BUF,DE,-,-,-,,
T350,Marcus Davenport,FA,DE,-,-,-,,
T350,Devean Deal,FA,DE,-,-,-,,
T350,Ethan Downs,KC,DE,-,-,-,IR,Knee - ACL
T350,Anthony Dunn,KC,DE,-,-,-,,
T350,Quindarius Dunnigan,JAX,DE,-,-,-,,
T350,Zach Durfee,JAX,DE,-,-,-,,
T350,Samson Ebukam,ATL,DE,-,-,-,,
T350,Paschal Ekeji,NYJ,DE,-,-,-,,
T350,A.J. Epenesa,PHI,DE,-,-,-,,
T350,Logan Fano,CLE,DE,-,-,-,,
T350,Keldric Faulk,TEN,DE,-,-,-,,
T350,Viliami Fehoko,FA,DE,-,-,-,,
T350,Clelin Ferrell,MIA,DE,-,-,-,,
T350,Michael Fletcher,FA,DE,-,-,-,,
T350,Leonard Floyd,FA,DE,-,-,-,,
T350,Isaiah Foskey,CIN,DE,-,-,-,,
T350,Morgan Fox,FA,DE,-,-,-,,
T350,John Franklin-Myers,TEN,DE,-,-,-,,
T350,Amari Gainer,NE,DE,-,-,-,,
T350,Jalan Gaines,SEA,DE,-,-,-,,
T350,Patrick Gamble,FA,DE,-,-,-,,
T350,Myles Garrett,LAR,DE,-,-,-,Ques,Lower Body
T350,Jonathan Garvin,CHI,DE,-,-,-,,
T350,Joe Gaziano,FA,DE,-,-,-,,
T350,William Gholston,FA,DE,-,-,-,,
T350,Ashton Gillotte,KC,DE,-,-,-,Ques,Hamstring
T350,Anthony Goodlow,PIT,DE,-,-,-,,
T350,Ta'Quon Graham,FA,DE,-,-,-,,
T350,Carl Granderson,NO,DE,-,-,-,,
T350,BJ Green,JAX,DE,-,-,-,,
T350,Yetur Gross-Matos,FA,DE,-,-,-,,
T350,George Gumbs,IND,DE,-,-,-,,
T350,Logan Hall,HOU,DE,-,-,-,,
T350,Jalen Harris,FA,DE,-,-,-,,
T350,Zach Harrison,ATL,DE,-,-,-,NFI-A,Undisclosed
T350,Sabastian Harsh,HOU,DE,-,-,-,,
T350,Jahfari Harvey,LV,DE,-,-,-,,
T350,Ahmed Hassanein,DET,DE,-,-,-,,
T350,Michael Heldman,NO,DE,-,-,-,,
T350,Trey Hendrickson,BAL,DE,-,-,-,,
T350,KJ Henry,SF,DE,-,-,-,,
T350,Malik Herring,TEN,DE,-,-,-,,
T350,Josh Hines-Allen,JAX,DE,-,-,-,,
T350,Michael Hoecht,BUF,DE,-,-,-,Ques,Achilles
T350,Jalyn Holmes,TEN,DE,-,-,-,,
T350,Xavier Holmes,NE,DE,-,-,-,,
T350,Dylan Horton,HOU,DE,-,-,-,,
T350,Cashius Howell,CIN,DE,-,-,-,,
T350,Aidan Hubbard,SEA,DE,-,-,-,,
T350,Sam Hubbard,FA,DE,-,-,-,,
T350,Bryce Huff,FA,DE,-,-,-,,
T350,Jerry Hughes,FA,DE,-,-,-,,
T350,Kody Huisman,BUF,DE,-,-,-,,
T350,Adin Huntington,CLE,DE,-,-,-,,
T350,Quintayvious Hutchins,NE,DE,-,-,-,Ques,Undisclosed
T350,Aidan Hutchinson,DET,DE,-,-,-,,
T350,Gabe Jacas,NE,DE,-,-,-,,
T350,Landon Jackson,BUF,DE,-,-,-,Ques,Knee
T350,Tarron Jackson,FA,DE,-,-,-,Ques,Undisclosed
T350,Keyshawn James-Newby,PHI,DE,-,-,-,Ques,Ankle
T350,Javontae Jean-Baptiste,WAS,DE,-,-,-,Ques,Pectoral
T350,Cedric Johnson,CIN,DE,-,-,-,,
T350,Desjuan Johnson,LAR,DE,-,-,-,,
T350,DJ Johnson,WAS,DE,-,-,-,,
T350,Jermaine Johnson,TEN,DE,-,-,-,,
T350,Kingsley Jonathan,NYJ,DE,-,-,-,,
T350,Andre Jones,BUF,DE,-,-,-,,
T350,Chandler Jones,FA,DE,-,-,-,,
T350,Marvin Jones,SEA,DE,-,-,-,,
T350,Sai'vion Jones,DEN,DE,-,-,-,,
T350,Cameron Jordan,NO,DE,-,-,-,,
T350,Drew Jordan,FA,DE,-,-,-,,
T350,Daniel Joseph,FA,DE,-,-,-,,
T350,Joshua Josephs,WAS,DE,-,-,-,,
T350,Matthew Judon,FA,DE,-,-,-,,
T350,George Karlaftis,KC,DE,-,-,-,,
T350,Malcolm Koonce,LV,DE,-,-,-,,
T350,Tanoh Kpassagnon,FA,DE,-,-,-,,
T350,Tyler Lacy,DET,DE,-,-,-,,
T350,Isaiah Land,DAL,DE,-,-,-,,
T350,Laiatu Latu,IND,DE,-,-,-,,
T350,Shaq Lawson,FA,DE,-,-,-,,
T350,Tevin Lawson,FA,DE,-,-,-,,
T350,DeMarvin Leal,FA,DE,-,-,-,,
T350,Titus Leo,SF,DE,-,-,-,,
T350,Tyquan Lewis,FA,DE,-,-,-,,
T350,Max Llewellyn,MIA,DE,-,-,-,,
T350,LaCale London,ATL,DE,-,-,-,,
T350,Isaiahh Loudermilk,MIN,DE,-,-,-,,
T350,Dean Lowry,PIT,DE,-,-,-,,
T350,Anthony Lucas,DET,DE,-,-,-,,
T350,T.J. Maguranyanga,WAS,DE,-,-,-,,
T350,Jeremiah Martin,CHI,DE,-,-,-,,
T350,Will McDonald,NYJ,DE,-,-,-,,
T350,Braiden McGregor,NYJ,DE,-,-,-,,
T350,Isaiah McGuire,CLE,DE,-,-,-,,
T350,Takkarist McKinley,FA,DE,-,-,-,,
T350,TK McLendon,FA,DE,-,-,-,,
T350,Mitchell Melton,IND,DE,-,-,-,,
T350,Eli Mencer,FA,DE,-,-,-,,
T350,Von Miller,FA,DE,-,-,-,,
T350,DaMarcus Mitchell,FA,DE,-,-,-,,
T350,Damontre Moore,FA,DE,-,-,-,,
T350,Derrick Moore,DET,DE,-,-,-,Ques,Groin
T350,Mike Morris,SEA,DE,-,-,-,,
T350,Al-Quadin Muhammad,TB,DE,-,-,-,,
T350,Myles Murphy,CIN,DE,-,-,-,,
T350,Mapalo Mwansa,CAR,DE,-,-,-,,
T350,Durell Nchami,IND,DE,-,-,-,,
T350,CJ Nunnally,FA,DE,-,-,-,,
T350,Patrick O'Connor,FA,DE,-,-,-,,
T350,Eric O'Neill,DET,DE,-,-,-,,
T350,Efe Obada,FA,DE,-,-,-,,
T350,Adedayo Odeleye,DAL,DE,-,-,-,,
T350,Dayo Odeyingbo,CHI,DE,-,-,-,Ques,Achilles
T350,Emmanuel Ogbah,FA,DE,-,-,-,,
T350,Kehinde Oginni,FA,DE,-,-,-,,
T350,Sam Okuayinonu,SF,DE,-,-,-,,
T350,Julian Okwara,CLE,DE,-,-,-,,
T350,Charles Omenihu,WAS,DE,-,-,-,,
T350,Joseph Ossai,NYJ,DE,-,-,-,PUP-P,Undisclosed
T350,Esezi Otomewo,PIT,DE,-,-,-,,
T350,LT Overton,DAL,DE,-,-,-,,
T350,JoJo Ozougwu,FA,DE,-,-,-,,
T350,Josh Paschal,FA,DE,-,-,-,,
T350,Scott Patchan,FA,DE,-,-,-,,
T350,Kwity Paye,LV,DE,-,-,-,,
T350,Antwaun Powell-Ryland,CIN,DE,-,-,-,,
T350,Joshua Pryor,FA,DE,-,-,-,,
T350,C.J. Ravenell,FA,DE,-,-,-,Ques,Undisclosed
T350,LaBryan Ray,CAR,DE,-,-,-,,
T350,Elijah Roberts,TB,DE,-,-,-,,
T350,Cameron Robertson,ARI,DE,-,-,-,,
T350,A'Shawn Robinson,TB,DE,-,-,-,,
T350,Chop Robinson,MIA,DE,-,-,-,,
T350,Darius Robinson,ARI,DE,-,-,-,,
T350,Dominique Robinson,HOU,DE,-,-,-,,
T350,Janarius Robinson,FA,DE,-,-,-,,
T350,Greg Rousseau,BUF,DE,-,-,-,,
T350,Cameron Sample,SF,DE,-,-,-,Ques,Knee
T350,Tyreak Sapp,CLE,DE,-,-,-,,
T350,Cian Slone,LV,DE,-,-,-,,
T350,Elerson Smith,FA,DE,-,-,-,,
T350,Preston Smith,FA,DE,-,-,-,,
T350,Za'Darius Smith,FA,DE,-,-,-,,
T350,Dawuane Smoot,FA,DE,-,-,-,,
T350,Charles Snowden,DAL,DE,-,-,-,IR,Undisclosed
T350,Javon Solomon,BUF,DE,-,-,-,,
T350,Shemar Stewart,CIN,DE,-,-,-,Ques,Knee
T350,Dante Stills,ARI,DE,-,-,-,,
T350,Danny Striggow,JAX,DE,-,-,-,,
T350,Montez Sweat,CHI,DE,-,-,-,,
T350,Khordae Sydnor,CLE,DE,-,-,-,,
T350,Mika Tafua,FA,DE,-,-,-,,
T350,Myron Tagovailoa-Amosa,FA,DE,-,-,-,,
T350,Darrell Taylor,FA,DE,-,-,-,,
T350,Bryan Thomas,JAX,DE,-,-,-,,
T350,Cameron Thomas,ATL,DE,-,-,-,,
T350,R Mason Thomas,KC,DE,-,-,-,,
T350,BJ Thompson,FA,DE,-,-,-,,
T350,Tariqious Tisdale,FA,DE,-,-,-,,
T350,Casey Toohill,FA,DE,-,-,-,,
T350,Joe Tryon-Shoyinka,PHI,DE,-,-,-,Reserve-Ret,Undisclosed
T350,JT Tuimoloau,IND,DE,-,-,-,,
T350,Payton Turner,DET,DE,-,-,-,,
T350,Isaac Ukwu,FA,DE,-,-,-,,
T350,Brent Urban,FA,DE,-,-,-,,
T350,DeMarcus Walker,FA,DE,-,-,-,,
T350,Travon Walker,JAX,DE,-,-,-,,
T350,Eric Watts,NYJ,DE,-,-,-,,
T350,Markees Watts,CLE,DE,-,-,-,Reserve-Ret,Undisclosed
T350,Joshua Weru,PHI,DE,-,-,-,,
T350,Tyre West,DET,DE,-,-,-,,
T350,Tyrus Wheat,DAL,DE,-,-,-,,
T350,Keion White,SF,DE,-,-,-,Ques,Groin
T350,Cullen Wick,FA,DE,-,-,-,,
T350,Elijah Williams,MIN,DE,-,-,-,Ques,Ankle
T350,Jonah Williams,ARI,DE,-,-,-,,
T350,Leonard Williams,SEA,DE,-,-,-,,
T350,Mykel Williams,SF,DE,-,-,-,PUP-P,Knee - ACL
T350,Sam Williams,DAL,DE,-,-,-,,
T350,Wesley Williams,JAX,DE,-,-,-,,
T350,Tyree Wilson,NO,DE,-,-,-,,
T350,Zion Wilson,PHI,DE,-,-,-,,
T350,Billy Winn,FA,DE,-,-,-,,
T350,Deatrich Wise,WAS,DE,-,-,-,PUP-P,Quadriceps
T350,Colby Wooden,IND,DE,-,-,-,,
T350,Chris Wormley,FA,DE,-,-,-,,
T350,Alex Wright,CLE,DE,-,-,-,,
T350,Montravius Adams,FA,DT,-,-,-,,
T350,Myles Adams,DET,DT,-,-,-,,
T350,Adetomiwa Adebawore,IND,DT,-,-,-,,
T350,Tommy Akingbesote,BUF,DT,-,-,-,,
T350,Darius Alexander,NYG,DT,-,-,-,,
T350,Carlos Allen,ATL,DT,-,-,-,,
T350,Jonathan Allen,CIN,DT,-,-,-,,
T350,Zach Allen,DEN,DT,-,-,-,,
T350,Abdullah Anderson,FA,DT,-,-,-,,
T350,Evan Anderson,FA,DT,-,-,-,,
T350,Eli Ankou,FA,DT,-,-,-,,
T350,Arik Armstead,JAX,DT,-,-,-,,
T350,Popo Aumavae,FA,DT,-,-,-,,
T350,Dominic Bailey,HOU,DT,-,-,-,,
T350,Cameron Ball,IND,DT,-,-,-,,
T350,Caleb Banks,MIN,DT,-,-,-,,
T350,Ricky Barber,WAS,DT,-,-,-,,
T350,Christian Barmore,NE,DT,-,-,-,,
T350,Anquin Barnes,NYG,DT,-,-,-,,
T350,Dante Barnett,FA,DT,-,-,-,,
T350,Nick Barrett,LAC,DT,-,-,-,,
T350,Kyon Barrs,CAR,DT,-,-,-,,
T350,Ben Barten,NYJ,DT,-,-,-,,
T350,Kyler Baugh,PIT,DT,-,-,-,,
T350,Travis Bell,CLE,DT,-,-,-,,
T350,Keeanu Benton,PIT,DT,-,-,-,,
T350,Uar Bernard,PHI,DT,-,-,-,,
T350,Zeek Biggers,MIA,DT,-,-,-,,
T350,Andrew Billings,ARI,DT,-,-,-,,
T350,Josh Black,FA,DT,-,-,-,,
T350,Yahya Black,PIT,DT,-,-,-,,
T350,Ross Blacklock,FA,DT,-,-,-,,
T350,David Blay,NE,DT,-,-,-,,
T350,Quinton Bohanna,JAX,DT,-,-,-,,
T350,T.J. Bollers,JAX,DT,-,-,-,,
T350,Anthony Booker,FA,DT,-,-,-,,
T350,Thomas Booker,LV,DT,-,-,-,,
T350,Khristian Boyd,NO,DT,-,-,-,,
T350,Bryan Bresee,NO,DT,-,-,-,Out,Knee - ACL
T350,Cole Brevard,KC,DT,-,-,-,,
T350,C.J. Brewer,FA,DT,-,-,-,,
T350,Jowon Briggs,NYJ,DT,-,-,-,,
T350,Warren Brinson,GB,DT,-,-,-,,
T350,Karl Brooks,GB,DT,-,-,-,,
T350,Vernon Broughton,NO,DT,-,-,-,,
T350,Bobby Brown,CAR,DT,-,-,-,,
T350,Taven Bryan,FA,DT,-,-,-,Ques,Knee
T350,DeForest Buckner,IND,DT,-,-,-,,
T350,Adam Butler,LV,DT,-,-,-,,
T350,Matthew Butler,MIA,DT,-,-,-,,
T350,Jamaree Caldwell,LAC,DT,-,-,-,,
T350,Anthony Campbell,GB,DT,-,-,-,,
T350,DeMonte Capehart,TB,DT,-,-,-,,
T350,DeWayne Carter,BUF,DT,-,-,-,,
T350,Jahmeer Carter,LAC,DT,-,-,-,,
T350,Jalen Carter,PHI,DT,-,-,-,,
T350,Zach Carter,ARI,DT,-,-,-,,
T350,Elijah Chatman,CLE,DT,-,-,-,,
T350,Kenny Clark,DAL,DT,-,-,-,,
T350,Brandon Cleveland,LV,DT,-,-,-,,
T350,Keondre Coburn,FA,DT,-,-,-,,
T350,L.J. Collier,ARI,DT,-,-,-,,
T350,Alfred Collins,SF,DT,-,-,-,,
T350,Maliek Collins,CLE,DT,-,-,-,PUP-P,Quadriceps
T350,Keith Cooper,MIA,DT,-,-,-,,
T350,Parker Cothren,FA,DT,-,-,-,,
T350,Byron Cowart,FA,DT,-,-,-,Ques,Ankle
T350,Howard Cross,CIN,DT,-,-,-,,
T350,Jaden Crumedy,GB,DT,-,-,-,,
T350,D.J. Davidson,WAS,DT,-,-,-,,
T350,Marlon Davidson,NYG,DT,-,-,-,,
T350,Carl Davis,FA,DT,-,-,-,,
T350,Jordan Davis,PHI,DT,-,-,-,,
T350,Kalia Davis,CLE,DT,-,-,-,,
T350,Raekwon Davis,FA,DT,-,-,-,,
T350,Tyler Davis,LAR,DT,-,-,-,,
T350,Sheldon Day,FA,DT,-,-,-,,
T350,Branson Deen,FA,DT,-,-,-,,
T350,Gervon Dexter,CHI,DT,-,-,-,,
T350,Matt Dickerson,JAX,DT,-,-,-,,
T350,Aaron Donald,FA,DT,-,-,-,,
T350,Brandon Dorlus,ATL,DT,-,-,-,,
T350,Tommy Dunn,DAL,DT,-,-,-,,
T350,Zane Durant,BUF,DT,-,-,-,,
T350,Cory Durden,NE,DT,-,-,-,,
T350,Michael Dwumfour,FA,DT,-,-,-,,
T350,Bryson Eason,SF,DT,-,-,-,,
T350,Deven Eastern,SEA,DT,-,-,-,,
T350,Justin Eboigbe,LAC,DT,-,-,-,,
T350,Mario Edwards,HOU,DT,-,-,-,,
T350,TeRah Edwards,LAC,DT,-,-,-,,
T350,Daniel Ekuale,FA,DT,-,-,-,Ques,Knee - ACL
T350,Jordan Elliott,TEN,DT,-,-,-,,
T350,Jabari Ellis,FA,DT,-,-,-,,
T350,Noah Elliss,FA,DT,-,-,-,,
T350,Prince Emili,FA,DT,-,-,-,,
T350,James Ester,MIA,DT,-,-,-,,
T350,Joshua Farmer,NE,DT,-,-,-,,
T350,Neil Farrell,FA,DT,-,-,-,,
T350,Folorunso Fatukasi,FA,DT,-,-,-,,
T350,Braden Fiske,LAR,DT,-,-,-,,
T350,Jonathan Ford,GB,DT,-,-,-,,
T350,Poona Ford,LAR,DT,-,-,-,,
T350,Leki Fotu,NYG,DT,-,-,-,,
T350,Josh Fuga,FA,DT,-,-,-,,
T350,Greg Gaines,FA,DT,-,-,-,,
T350,Neville Gallimore,CHI,DT,-,-,-,,
T350,Elijah Garcia,CAR,DT,-,-,-,,
T350,Haskell Garrett,FA,DT,-,-,-,,
T350,Skyler Gill-Howard,DET,DT,-,-,-,,
T350,Kelvin Gilliam,DAL,DT,-,-,-,,
T350,Kevin Givens,SF,DT,-,-,-,,
T350,Davon Godchaux,NO,DT,-,-,-,,
T350,Eddie Goldman,FA,DT,-,-,-,,
T350,Bernard Gooden,FA,DT,-,-,-,,
T350,Monkell Goodwine,FA,DT,-,-,-,Ques,Undisclosed
T350,Adam Gotsis,FA,DT,-,-,-,,
T350,Mason Graham,CLE,DT,-,-,-,,
T350,Kenneth Grant,MIA,DT,-,-,-,,
T350,Aaron Graves,BAL,DT,-,-,-,,
T350,Mike Greene,FA,DT,-,-,-,,
T350,Eric Gregory,NE,DT,-,-,-,,
T350,Jacobian Guillory,LAC,DT,-,-,-,,
T350,Lawrence Guy,FA,DT,-,-,-,,
T350,Aaron Hall,CAR,DT,-,-,-,,
T350,Gabe Hall,PHI,DT,-,-,-,,
T350,Mike Hall,CLE,DT,-,-,-,,
T350,Gracen Halton,SF,DT,-,-,-,Ques,Knee
T350,DaVon Hamilton,JAX,DT,-,-,-,,
T350,Kyonte Hamilton,HOU,DT,-,-,-,Ques,Ankle
T350,Ty Hamilton,LAR,DT,-,-,-,,
T350,Da'Shawn Hand,ATL,DT,-,-,-,,
T350,Johnathan Hankins,FA,DT,-,-,-,Ques,Back
T350,Javon Hargrave,GB,DT,-,-,-,PUP-P,Knee
T350,Derrick Harmon,PIT,DT,-,-,-,,
T350,Jonathan Harris,FA,DT,-,-,-,,
T350,Marcus Harris,KC,DT,-,-,-,,
T350,Shelby Harris,NYG,DT,-,-,-,,
T350,Zxavian Harris,NO,DT,-,-,-,NFI-A,Foot
T350,Jared Harrison-Hunte,CAR,DT,-,-,-,,
T350,Bruce Hector,FA,DT,-,-,-,,
T350,Jack Heflin,NYJ,DT,-,-,-,,
T350,Tonka Hemingway,LV,DT,-,-,-,,
T350,Matt Henningsen,DEN,DT,-,-,-,,
T350,Willie Henry,FA,DT,-,-,-,,
T350,Cameron Heyward,PIT,DT,-,-,-,,
T350,B.J. Hill,CIN,DT,-,-,-,PUP-P,Undisclosed
T350,Trysten Hill,FA,DT,-,-,-,,
T350,Kurt Hinish,FA,DT,-,-,-,Ques,Undisclosed
T350,Timmy Horne,TEN,DT,-,-,-,,
T350,Cam Horsley,ARI,DT,-,-,-,,
T350,Jalen Hunt,JAX,DT,-,-,-,,
T350,Lee Hunter,CAR,DT,-,-,-,,
T350,Alex Huntley,MIA,DT,-,-,-,,
T350,Maurice Hurst,FA,DT,-,-,-,,
T350,Jaylon Hutchings,FA,DT,-,-,-,Ques,Undisclosed
T350,Siaki Ika,FA,DT,-,-,-,,
T350,Tyrion Ingram-Dawkins,MIN,DT,-,-,-,,
T350,Isaiah Iton,NE,DT,-,-,-,,
T350,Coziah Izzard,FA,DT,-,-,-,,
T350,Cam Jackson,CAR,DT,-,-,-,,
T350,Darrell Jackson,NYJ,DT,-,-,-,,
T350,Jordan Jackson,DEN,DT,-,-,-,,
T350,McKinnley Jackson,CIN,DT,-,-,-,,
T350,Bobby Jamison-Travis,NYG,DT,-,-,-,,
T350,Grady Jarrett,CHI,DT,-,-,-,,
T350,Jordan Jefferson,CIN,DT,-,-,-,,
T350,Quinton Jefferson,FA,DT,-,-,-,,
T350,John Jenkins,BAL,DT,-,-,-,,
T350,Kris Jenkins,CIN,DT,-,-,-,Ques,Ankle
T350,Kevin Jobity,PIT,DT,-,-,-,,
T350,Austin Johnson,FA,DT,-,-,-,,
T350,Eric Johnson,MIN,DT,-,-,-,,
T350,Benito Jones,LV,DT,-,-,-,,
T350,Chris Jones,KC,DT,-,-,-,,
T350,D.J. Jones,DEN,DT,-,-,-,,
T350,DaQuan Jones,FA,DT,-,-,-,,
T350,Jayson Jones,TB,DT,-,-,-,,
T350,Justin Jones,FA,DT,-,-,-,Ques,Knee
T350,Naquan Jones,HOU,DT,-,-,-,,
T350,Travis Jones,BAL,DT,-,-,-,PUP-P,Pectoral
T350,Linval Joseph,FA,DT,-,-,-,,
T350,Sebastian Joseph-Day,PIT,DT,-,-,-,,
T350,Sam Kamara,CLE,DT,-,-,-,,
T350,Calijah Kancey,TB,DT,-,-,-,,
T350,Aidan Keanaaina,DET,DT,-,-,-,,
T350,Tim Keenan,LAR,DT,-,-,-,,
T350,Javon Kinlaw,WAS,DT,-,-,-,,
T350,Rene Konga,MIA,DT,-,-,-,,
T350,Jonah Laulu,LV,DT,-,-,-,,
T350,Dexter Lawrence,CIN,DT,-,-,-,,
T350,Jeremiah Ledbetter,FA,DT,-,-,-,,
T350,Logan Lee,PIT,DT,-,-,-,,
T350,Corey Liuget,FA,DT,-,-,-,,
T350,Glen Logan,FA,DT,-,-,-,,
T350,Zion Logue,BUF,DT,-,-,-,,
T350,Roy Lopez,ARI,DT,-,-,-,,
T350,Derrick Lott,FA,DT,-,-,-,,
T350,Jayden Loving,CHI,DT,-,-,-,,
T350,James Lynch,CHI,DT,-,-,-,,
T350,Jeffrey M'Ba,WAS,DT,-,-,-,,
T350,Treven Ma'ae,LV,DT,-,-,-,,
T350,Nnamdi Madubuike,BAL,DT,-,-,-,,
T350,Jackie Marshall,TEN,DT,-,-,-,,
T350,Brodric Martin,ARI,DT,-,-,-,,
T350,Trevon Mason,FA,DT,-,-,-,,
T350,Phidarian Mathis,BUF,DT,-,-,-,,
T350,Devonnsha Maxwell,ATL,DT,-,-,-,,
T350,Terrell McClain,FA,DT,-,-,-,,
T350,Chris McClellan,GB,DT,-,-,-,,
T350,Kayden McDonald,HOU,DT,-,-,-,,
T350,T.Y. McGill,FA,DT,-,-,-,,
T350,DeShawn McKnight,TB,DT,-,-,-,,
T350,Alim McNeill,DET,DT,-,-,-,,
T350,Amari McNeill,KC,DT,-,-,-,,
T350,Christen Miller,NO,DT,-,-,-,Ques,Hamstring
T350,Jordan Miller,DEN,DT,-,-,-,,
T350,Rylie Mills,SEA,DT,-,-,-,,
T350,Larrell Murchison,LAR,DT,-,-,-,,
T350,Byron Murphy,SEA,DT,-,-,-,,
T350,Myles Murphy,FA,DT,-,-,-,,
T350,PJ Mustipher,ARI,DT,-,-,-,IR,Foot
T350,Haggai Ndubuisi,TB,DT,-,-,-,PUP-R,Undisclosed
T350,Jer'Zhan Newton,WAS,DT,-,-,-,,
T350,Bilal Nichols,FA,DT,-,-,-,Ques,Knee
T350,Derrick Nnadi,IND,DT,-,-,-,,
T350,Walter Nolen,ARI,DT,-,-,-,,
T350,Omarr Norman-Lott,KC,DT,-,-,-,PUP-P,Knee - ACL
T350,Bill Norton,LAR,DT,-,-,-,,
T350,Dion Novil,FA,DT,-,-,-,,
T350,Rakeem Nunez-Roches,TB,DT,-,-,-,,
T350,Osa Odighizuwa,SF,DT,-,-,-,Ques,Elbow
T350,Otito Ogbonnia,DAL,DT,-,-,-,,
T350,Larry Ogunjobi,FA,DT,-,-,-,,
T350,Moro Ojomo,PHI,DT,-,-,-,,
T350,CJ Okoye,BAL,DT,-,-,-,,
T350,David Olajiga,BAL,DT,-,-,-,,
T350,Ed Oliver,BUF,DT,-,-,-,,
T350,Levi Onwuzurike,DET,DT,-,-,-,,
T350,Tyler Onyedim,DEN,DT,-,-,-,,
T350,David Onyemata,NYJ,DT,-,-,-,,
T350,Domonique Orange,MIN,DT,-,-,-,,
T350,Ruke Orhorhoro,JAX,DT,-,-,-,,
T350,DeQuinton Osborne,FA,DT,-,-,-,,
T350,Payton Page,NYJ,DT,-,-,-,,
T350,Caeveon Patton,FA,DT,-,-,-,,
T350,Damon Payne,KC,DT,-,-,-,,
T350,Daron Payne,WAS,DT,-,-,-,,
T350,Aeneas Peebles,BAL,DT,-,-,-,,
T350,Jayden Peevy,FA,DT,-,-,-,,
T350,JJ Pegues,LV,DT,-,-,-,,
T350,Kyle Peko,FA,DT,-,-,-,,
T350,Mike Pennel,FA,DT,-,-,-,,
T350,Roderick Perry,FA,DT,-,-,-,,
T350,Jeremiah Pharms,NE,DT,-,-,-,,
T350,Harrison Phillips,NYJ,DT,-,-,-,,
T350,Jordan Phillips,FA,DT,-,-,-,Ques,Ankle
T350,Jordan Phillips,MIA,DT,-,-,-,,
T350,Zacch Pickens,NYG,DT,-,-,-,,
T350,Michael Pierce,FA,DT,-,-,-,,
T350,Brandon Pili,SEA,DT,-,-,-,Ques,Lower Leg
T350,Kaleb Proctor,ARI,DT,-,-,-,IR,Knee - Meniscus
T350,Isaiah Raikes,FA,DT,-,-,-,,
T350,Keith Randolph,FA,DT,-,-,-,Ques,Undisclosed
T350,Sheldon Rankins,HOU,DT,-,-,-,,
T350,DJ Reader,NYG,DT,-,-,-,,
T350,Jalen Redmond,MIN,DT,-,-,-,,
T350,Jarran Reed,SEA,DT,-,-,-,,
T350,Albert Regis,JAX,DT,-,-,-,,
T350,John Ridgeway,NO,DT,-,-,-,,
T350,Jordon Riley,GB,DT,-,-,-,PUP-P,Achilles
T350,Jahvaree Ritzie,MIN,DT,-,-,-,,
T350,Malcolm Roach,DEN,DT,-,-,-,,
T350,Sam Roberts,NYG,DT,-,-,-,,
T350,Roy Robertson-Harris,NYG,DT,-,-,-,PUP-P,Achilles
T350,Landon Robinson,CIN,DT,-,-,-,,
T350,Ty Robinson,PHI,DT,-,-,-,,
T350,Bryce Rodgers,FA,DT,-,-,-,,
T350,Levi Drake Rodriguez,MIN,DT,-,-,-,,
T350,Casey Rogers,NE,DT,-,-,-,,
T350,Justin Rogers,FA,DT,-,-,-,,
T350,Keivie Rose,JAX,DT,-,-,-,,
T350,Jaquelin Roy,FA,DT,-,-,-,,
T350,Gabe Rubio,PIT,DT,-,-,-,,
T350,T.J. Sanders,BUF,DT,-,-,-,,
T350,Khalen Saunders,TEN,DT,-,-,-,,
T350,Tim Settle,WAS,DT,-,-,-,,
T350,Uso Seumalo,SEA,DT,-,-,-,,
T350,Nathan Shepherd,NO,DT,-,-,-,,
T350,Aziz Shittu,FA,DT,-,-,-,,
T350,Zach Sieler,MIA,DT,-,-,-,,
T350,Keeshawn Silver,NO,DT,-,-,-,PUP-P,Undisclosed
T350,Nesta Jade Silvera,FA,DT,-,-,-,,
T350,Elijah Simmons,TB,DT,-,-,-,,
T350,Jeffery Simmons,TEN,DT,-,-,-,,
T350,J.R. Singleton,SEA,DT,-,-,-,,
T350,Jacob Slade,FA,DT,-,-,-,Ques,Undisclosed
T350,T.J. Slaton,CIN,DT,-,-,-,,
T350,Chris Smith,DET,DT,-,-,-,,
T350,Gary Smith,LV,DT,-,-,-,,
T350,Maason Smith,ATL,DT,-,-,-,,
T350,Mazi Smith,NYJ,DT,-,-,-,,
T350,T.J. Smith,FA,DT,-,-,-,,
T350,Tim Smith,IND,DT,-,-,-,,
T350,Nazir Stackhouse,GB,DT,-,-,-,,
T350,Grover Stewart,IND,DT,-,-,-,,
T350,Ben Stille,FA,DT,-,-,-,,
T350,Kentavius Street,CHI,DT,-,-,-,,
T350,Jay'viar Suggs,NO,DT,-,-,-,,
T350,T'Vondre Sweat,NYJ,DT,-,-,-,NFI-A,Hamstring
T350,Junior Tafuna,HOU,DT,-,-,-,,
T350,Taki Taimani,MIN,DT,-,-,-,,
T350,Teair Tart,LAC,DT,-,-,-,,
T350,Laki Tasi,TEN,DT,-,-,-,,
T350,Demetrius Taylor,FA,DT,-,-,-,,
T350,Leonard Taylor,NE,DT,-,-,-,,
T350,Bubba Thomas,SEA,DT,-,-,-,,
T350,Solomon Thomas,TEN,DT,-,-,-,,
T350,Anterio Thompson,ATL,DT,-,-,-,NFI-A,Undisclosed
T350,James Thompson,SF,DT,-,-,-,,
T350,Nick Thurman,FA,DT,-,-,-,,
T350,Jerry Tillery,IND,DT,-,-,-,,
T350,Tommy Togiai,HOU,DT,-,-,-,,
T350,Jay Toia,DAL,DT,-,-,-,,
T350,Dalvin Tomlinson,LAC,DT,-,-,-,,
T350,Khyiris Tonga,KC,DT,-,-,-,,
T350,Jay Tufele,FA,DT,-,-,-,,
T350,Marlon Tuipulotu,FA,DT,-,-,-,,
T350,Josh Tupou,NYG,DT,-,-,-,,
T350,Kobie Turner,LAR,DT,-,-,-,Ques,Undisclosed
T350,Shemar Turner,CHI,DT,-,-,-,PUP-P,Knee - ACL
T350,Shy Tuttle,WAS,DT,-,-,-,,
T350,Eyioma Uwazurike,DEN,DT,-,-,-,,
T350,Sebastian Valdez,SF,DT,-,-,-,,
T350,Antonio Valentino,FA,DT,-,-,-,,
T350,Jordan van den Berg,CHI,DT,-,-,-,,
T350,Vita Vea,TB,DT,-,-,-,Ques,Back
T350,Kendal Vickers,FA,DT,-,-,-,,
T350,Raymond Vohasek,FA,DT,-,-,-,,
T350,Deone Walker,BUF,DT,-,-,-,,
T350,Broderick Washington,BAL,DT,-,-,-,,
T350,Carlos Watkins,FA,DT,-,-,-,,
T350,Armon Watts,FA,DT,-,-,-,,
T350,Terry Webb,LAC,DT,-,-,-,,
T350,CJ West,SF,DT,-,-,-,,
T350,Tershawn Wharton,CAR,DT,-,-,-,PUP-P,Neck
T350,Christian Wilkins,FA,DT,-,-,-,Ques,Foot
T350,Andrew Williams,FA,DT,-,-,-,,
T350,Chris Williams,ATL,DT,-,-,-,,
T350,Damonic Williams,ARI,DT,-,-,-,,
T350,DeShawn Williams,FA,DT,-,-,-,,
T350,Jordan Williams,FA,DT,-,-,-,,
T350,Kristian Williams,DEN,DT,-,-,-,,
T350,McKinley Williams,FA,DT,-,-,-,,
T350,Milton Williams,NE,DT,-,-,-,,
T350,Quinnen Williams,DAL,DT,-,-,-,,
T350,Tyleik Williams,DET,DT,-,-,-,,
T350,Dion Wilson,BAL,DT,-,-,-,,
T350,Perrion Winfrey,FA,DT,-,-,-,,
T350,Mekhi Wingo,DET,DT,-,-,-,,
T350,D.J. Withers,DAL,DT,-,-,-,,
T350,Peter Woods,KC,DT,-,-,-,,
T350,Devonte Wyatt,GB,DT,-,-,-,,
T350,Byron Young,PHI,DT,-,-,-,,
T350,Cameron Young,FA,DT,-,-,-,,
T350,Jackson Acker,BUF,FB,-,-,-,,
T350,George Aston,FA,FB,-,-,-,,
T350,Jake Bargas,FA,FB,-,-,-,,
T350,Andrew Beck,NYJ,FB,-,-,-,,
T350,Max Bredeson,MIN,FB,-,-,-,,
T350,Algernon Brown,FA,FB,-,-,-,,
T350,Robert Burns,FA,FB,-,-,-,,
T350,Michael Burton,CLE,FB,-,-,-,,
T350,Jason Cabinda,FA,FB,-,-,-,,
T350,Chandler Cox,FA,FB,-,-,-,,
T350,Jeremy Cox,FA,FB,-,-,-,,
T350,Reggie Gilliam,NE,FB,-,-,-,,
T350,Garrett Groshek,FA,FB,-,-,-,,
T350,Troy Hairston,FA,FB,-,-,-,,
T350,C.J. Ham,MIN,FB,-,-,-,Reserve-Ret,Undisclosed
T350,Connor Heyward,LV,FB,-,-,439.50,,
T350,Zander Horvath,FA,FB,-,-,-,,
T350,Alec Ingold,LAC,FB,-,-,428.50,,
T350,Jakob Johnson,FA,FB,-,-,-,,
T350,Jordan Jones,FA,FB,-,-,-,,
T350,Kyle Juszczyk,SF,FB,216.00,-,-,,
T350,Corey Knox,FA,FB,-,-,-,,
T350,Brock Lampe,FA,FB,-,-,-,,
T350,Hunter Luepke,DAL,FB,-,-,-,,
T350,Scott Matlock,LAC,FB,-,-,-,,
T350,Bruce Miller,FA,FB,-,-,-,,
T350,Connor Neighbors,FA,FB,-,-,-,,
T350,Spencer Nigh,FA,FB,-,-,526.50,,
T350,Riley Nowakowski,PIT,FB,-,-,-,,
T350,Zach Ojile,FA,FB,-,-,-,,
T350,Jamize Olawale,FA,FB,-,-,-,,
T350,Ricky Ortiz,FA,FB,-,-,-,,
T350,Robbie Ouzts,SEA,FB,-,-,-,Ques,Undisclosed
T350,Derek Parish,FA,FB,-,-,-,,
T350,Henry Pearson,FA,FB,-,-,-,,
T350,Monte Pottebaum,FA,FB,-,-,-,,
T350,Adam Prentice,DEN,FB,-,-,-,,
T350,Nick Ralston,FA,FB,-,-,-,,
T350,Bronson Rechsteiner,FA,FB,-,-,-,,
T350,Patrick Ricard,NYG,FB,-,-,-,,
T350,Brady Russell,SEA,FB,-,-,-,,
T350,Lucas Scott,BAL,FB,-,-,-,,
T350,Sutton Smith,FA,FB,-,-,-,,
T350,Alstevis Squirewell,FA,FB,-,-,-,,
T350,Mason Stokke,FA,FB,-,-,-,,
T350,Chris Swain,FA,FB,-,-,-,,
T350,Carl Tucker,FA,FB,-,-,-,,
T350,Soma Vainuku,FA,FB,-,-,-,,
T350,Ben VanSumeren,BUF,FB,-,-,-,Ques,Knee
T350,Jack Westover,NE,FB,-,-,-,,
T350,Eli Wilson,FA,FB,-,-,-,,
T350,Ryan Yurachek,FA,FB,-,-,-,,
T350,Corey Acosta,FA,K,-,-,-,,
T350,Ramiz Ahmed,FA,K,-,-,-,,
T350,Matt Ammendola,FA,K,-,-,438.00,,
T350,Phillip Andersen,FA,K,-,-,-,,