,,,,Redraft,,,Dynasty,AAV,,Health Report,
Rank,Name,Team,Pos,Fantrax,Sleeper,MFL,Sleeper,MFL,Ottoneu,Status,Injury
1,Jahmyr Gibbs,DET,RB,1.12,1.90,-,2.10,,81.65,Ques,Back
2,Bijan Robinson,ATL,RB,1.20,2.30,-,1.60,,85.50,,
5,Ja'Marr Chase,CIN,WR,4.80,3.80,-,3.40,26.40,100.13,,
T3,Jonathan Taylor,IND,RB,3.40,4.30,-,16.20,17.75,81.53,,
T3,Christian McCaffrey,SF,RB,3.40,5.30,-,23.40,28.08,83.93,,
6,James Cook,BUF,RB,6.20,6.70,-,18.00,19.26,59.13,,
8,Puka Nacua,LAR,WR,8.20,7.60,-,4.10,,78.34,,
22,Derrick Henry,BAL,RB,23.60,8.10,-,53.50,26.34,80.50,,
9,Jaxon Smith-Njigba,SEA,WR,8.80,8.20,-,5.20,,58.89,,
10,De'Von Achane,MIA,RB,10.20,10.70,-,13.70,,56.75,,
15,Amon-Ra St. Brown,DET,WR,14.80,11.00,-,6.30,19.61,85.75,,
11,Ashton Jeanty,LV,RB,11.20,12.80,-,7.30,,39.27,,
27,Josh Allen,BUF,QB,29.60,13.70,-,8.80,26.09,98.51,,
13,Saquon Barkley,PHI,RB,13.40,14.50,-,32.60,23.74,93.58,,
14,CeeDee Lamb,DAL,WR,13.80,15.60,-,14.30,30.38,85.89,,
19,Justin Jefferson,MIN,WR,18.60,16.80,-,8.70,27.38,98.84,,
7,Kenneth Walker,KC,RB,6.80,17.20,-,26.20,14.72,49.77,,
23,Kyren Williams,LAR,RB,24.80,17.50,-,44.30,26.12,54.20,,
12,Omarion Hampton,LAC,RB,11.60,19.00,-,15.10,,22.47,,
16,Chase Brown,CIN,RB,16.20,20.30,-,30.30,,38.63,,
28,Jeremiyah Love,ARI,RB,29.86,21.70,3.29,12.00,37.07,18.32,,
40,Lamar Jackson,BAL,QB,41.20,22.40,-,34.20,26.35,84.00,,
21,Drake London,ATL,WR,19.60,23.40,-,20.40,13.36,51.11,,
24,Nico Collins,HOU,WR,26.20,24.90,-,25.30,21.49,51.53,,
18,Trey McBride,ARI,TE,18.40,25.00,-,17.00,17.77,42.46,,
30,George Pickens,DAL,WR,32.40,26.80,-,22.10,11.70,42.53,,
37,Josh Jacobs,GB,RB,38.16,26.90,-,52.40,19.65,68.68,,
20,A.J. Brown,NE,WR,18.96,28.30,-,43.80,20.39,68.92,,
17,Brock Bowers,LV,TE,16.73,29.00,-,11.70,,46.02,,
25,Breece Hall,NYJ,RB,26.80,30.50,-,35.80,12.89,49.86,,
42,Malik Nabers,NYG,WR,41.68,31.70,-,10.60,,47.72,Ques,Knee - ACL
32,Travis Etienne,NO,RB,34.40,32.10,-,64.70,15.63,30.43,,
31,Javonte Williams,DAL,RB,32.60,33.40,-,51.40,17.70,25.80,,
26,Rashee Rice,KC,WR,28.20,34.50,-,42.90,12.72,27.81,,
29,Chris Olave,NO,WR,31.40,35.70,-,31.90,13.65,33.35,,
55,Bucky Irving,TB,RB,56.08,35.70,-,41.00,,31.90,,
33,Tee Higgins,CIN,WR,36.20,37.20,-,56.70,9.94,46.22,,
34,TreVeyon Henderson,NE,RB,37.20,38.40,-,28.50,,21.21,,
57,Drake Maye,NE,QB,57.40,39.60,-,19.30,,37.58,,
35,Tetairoa McMillan,CAR,WR,37.60,40.20,-,21.60,,25.62,,
41,Cam Skattebo,NYG,RB,41.40,41.60,-,53.40,,20.44,,
36,DeVonta Smith,PHI,WR,37.68,42.80,-,58.20,21.26,42.93,,
43,Jaylen Waddle,DEN,WR,44.40,43.30,-,65.00,17.40,35.23,,
T48,Colston Loveland,CHI,TE,49.40,44.60,-,26.80,,14.40,,
44,Quinshon Judkins,CLE,RB,44.60,44.90,-,40.70,,16.27,,
38,Garrett Wilson,NYJ,WR,39.20,46.70,-,35.90,12.38,45.03,,
53,Ladd McConkey,LAC,WR,54.38,47.50,-,38.00,,33.12,,
50,Zay Flowers,BAL,WR,51.20,48.20,-,49.80,,30.02,,
54,Davante Adams,LAR,WR,54.60,49.30,-,87.70,16.02,41.23,,
39,Luther Burden,CHI,WR,40.20,50.10,-,44.60,,14.55,,
46,David Montgomery,HOU,RB,47.20,51.60,-,75.10,16.74,39.80,,
51,D'Andre Swift,CHI,RB,53.20,52.00,-,71.30,20.60,38.13,,
47,Emeka Egbuka,TB,WR,48.20,53.80,-,24.20,,21.08,,
T48,Joe Burrow,CIN,QB,49.40,54.00,-,29.60,16.01,61.83,,
45,Bhayshul Tuten,JAX,RB,45.60,55.50,-,69.50,,11.23,,
52,Jameson Williams,DET,WR,54.20,56.50,-,67.10,8.60,28.47,,
62,Jayden Daniels,WAS,QB,62.60,57.80,-,33.70,,49.23,,
58,RJ Harvey,DEN,RB,58.60,58.30,-,70.20,,29.03,,
61,Tyler Warren,IND,TE,61.60,59.60,-,37.30,,19.08,,
65,Mike Evans,SF,WR,66.20,60.60,-,96.70,15.66,33.63,Ques,Quadriceps
64,Jaylen Warren,PIT,RB,65.20,61.70,-,89.30,11.58,22.60,,
56,Terry McLaurin,WAS,WR,56.40,62.20,-,83.00,11.79,40.38,,
71,Harold Fannin,CLE,TE,71.80,62.50,-,55.50,6.86,10.69,,
68,Carnell Tate,TEN,WR,69.20,64.50,7.64,39.90,32.43,8.31,,
75,Jalen Hurts,PHI,QB,75.60,65.10,-,50.30,15.08,71.59,,
103,Sam LaPorta,DET,TE,103.20,66.40,-,62.20,7.54,31.93,,
60,DJ Moore,BUF,WR,61.40,67.60,-,77.20,15.20,35.47,,
77,Tucker Kraft,GB,TE,77.80,68.10,-,57.50,11.02,12.67,Ques,Knee - ACL
59,Christian Watson,GB,WR,60.40,69.10,-,76.50,10.33,8.73,,
89,Kyle Monangai,CHI,RB,90.20,70.90,-,79.50,8.50,9.20,,
T66,Rhamondre Stevenson,NE,RB,67.20,71.10,-,107.20,8.97,12.79,,
86,Chuba Hubbard,CAR,RB,87.34,71.50,-,88.90,10.58,21.40,,
90,Rico Dowdle,PIT,RB,91.20,73.20,-,98.20,8.16,11.93,,
63,Rome Odunze,CHI,WR,64.20,74.40,-,46.30,,24.30,,
80,Kyle Pitts,ATL,TE,81.20,75.70,-,71.40,13.14,16.02,,
95,Tony Pollard,TEN,RB,94.60,76.80,-,123.70,12.41,32.26,,
85,Jadarian Price,SEA,RB,87.20,77.20,7.79,59.30,28.39,5.56,,
81,Jaxson Dart,NYG,QB,82.20,78.50,-,66.80,,18.62,,
79,Justin Herbert,LAC,QB,79.80,79.90,-,68.60,16.36,38.16,,
76,DK Metcalf,PIT,WR,77.20,80.10,-,95.00,11.59,39.60,,
105,Blake Corum,LAR,RB,103.60,80.20,-,92.60,,9.36,,
78,Jordyn Tyson,NO,WR,79.20,82.00,12.07,48.80,33.89,8.29,,
72,Courtland Sutton,DEN,WR,72.80,83.20,-,114.20,7.53,23.64,,
70,Brian Thomas,JAX,WR,71.40,84.50,-,60.00,,32.15,,
122,Dalton Kincaid,BUF,TE,121.20,85.10,-,94.90,4.71,12.56,,
T66,Caleb Williams,CHI,QB,67.20,86.90,-,47.40,,39.41,,
119,Aaron Jones,MIN,RB,117.60,87.20,-,159.30,6.72,37.83,,
73,Marvin Harrison,ARI,WR,74.20,88.20,-,61.50,,36.00,,
88,Makai Lemon,PHI,WR,88.60,89.00,13.14,62.60,28.13,6.91,Ques,Undisclosed
84,J.K. Dobbins,DEN,RB,85.60,89.10,-,116.40,8.55,18.14,,
83,Trevor Lawrence,JAX,QB,85.00,91.20,-,86.10,15.05,32.23,,
91,Dak Prescott,DAL,QB,91.60,92.00,-,110.00,11.19,34.77,,
74,Michael Wilson,ARI,WR,75.20,93.10,-,78.30,8.15,11.85,,
T108,Oronde Gadsden,LAC,TE,107.40,94.70,-,84.80,5.98,10.16,,
93,Jakobi Meyers,JAX,WR,93.60,95.50,-,136.80,6.52,14.94,,
82,Parker Washington,JAX,WR,82.60,96.50,-,89.50,11.30,8.19,,
180,Hunter Henry,NE,TE,200.87,97.80,-,192.60,3.40,7.97,,
99,Kenneth Gainwell,TB,RB,98.60,98.60,-,125.30,9.60,7.67,,
120,Jacory Croskey-Merritt,WAS,RB,119.20,98.70,-,112.80,,20.10,,
T108,Jordan Addison,MIN,WR,107.40,100.40,-,82.60,6.42,25.32,,
111,Patrick Mahomes,KC,QB,110.20,101.00,-,73.10,18.64,55.65,Ques,Knee - ACL
94,Chris Godwin,TB,WR,94.20,102.40,-,133.90,10.68,12.93,,
159,Brian Robinson,ATL,RB,174.40,103.50,-,183.00,2.38,18.57,,
106,Tyler Allgeier,ARI,RB,105.20,104.10,-,120.10,3.87,10.46,,
69,Alec Pierce,IND,WR,69.80,105.00,-,85.80,13.02,11.18,PUP-P,Ankle
97,Michael Pittman,PIT,WR,97.20,106.10,-,116.90,9.23,17.24,,
114,Jake Ferguson,DAL,TE,113.20,107.90,-,105.60,4.22,11.79,,
128,Dallas Goedert,PHI,TE,127.60,107.90,-,155.70,4.42,10.13,,
150,James Conner,ARI,RB,159.40,109.90,-,201.80,2.09,23.75,Ques,Foot
101,Quentin Johnston,LAC,WR,100.80,110.90,-,98.50,7.34,10.66,,
140,Mark Andrews,BAL,TE,143.60,111.00,-,148.10,5.10,19.71,,
129,Jordan Mason,MIN,RB,129.20,112.40,-,127.10,7.86,11.88,,
96,Wan'Dale Robinson,TEN,WR,95.60,113.60,-,93.20,6.07,7.71,,
139,Tyrone Tracy,NYG,RB,139.80,114.20,-,134.10,,16.95,,
87,Matthew Stafford,LAR,QB,88.20,115.50,-,141.20,13.00,22.36,,
T147,Brandon Aubrey,DAL,K,155.60,116.70,-,238.20,,11.03,,
174,Cameron Dicker,LAC,K,193.40,120.70,-,242.30,1.58,7.50,,
184,Zach Charbonnet,SEA,RB,205.20,121.70,-,101.80,6.42,21.06,PUP-P,Knee - ACL
118,George Kittle,SF,TE,117.20,122.90,-,102.20,9.23,39.40,PUP-P,Achilles
115,KC Concepcion,CLE,WR,114.20,123.90,7.17,74.40,18.47,4.77,Ques,Shoulder
107,Bo Nix,DEN,QB,106.40,125.70,-,80.60,,32.51,,
102,Brock Purdy,SF,QB,102.20,125.90,-,103.80,8.98,32.40,,
92,Jonathon Brooks,CAR,RB,93.52,127.40,-,104.90,,2.86,,
170,Jason Myers,SEA,K,186.80,128.40,-,247.20,2.18,5.25,,
127,Travis Kelce,KC,TE,127.20,129.90,-,143.80,6.19,20.10,,
110,Jayden Reed,GB,WR,108.60,132.20,-,125.10,3.62,13.36,,
98,Jared Goff,DET,QB,98.20,133.80,-,150.90,8.98,33.54,,
130,Woody Marks,HOU,RB,130.60,134.80,-,124.80,,9.43,,
112,Jayden Higgins,HOU,WR,110.80,134.80,-,107.40,,9.29,,
138,Deebo Samuel,SF,WR,139.33,137.40,-,186.10,3.98,24.38,,
158,Ka'imi Fairbairn,HOU,K,172.40,138.80,-,244.60,1.29,6.83,,
185,Tyler Loop,BAL,K,207.20,139.30,-,287.40,,5.15,,
175,Dalton Schultz,HOU,TE,195.40,141.80,-,197.20,1.84,6.96,,
T216,Chris Boswell,PIT,K,260.40,142.20,-,283.90,1.64,6.30,,
169,Cam Little,JAX,K,186.40,143.10,-,242.80,2.32,5.58,,
231,Harrison Mevis,LAR,K,277.60,145.90,-,300.90,1.46,5.00,,
204,Harrison Butker,KC,K,235.40,146.30,-,350.50,,8.00,,
121,Baker Mayfield,TB,QB,120.20,148.00,-,132.50,8.63,29.24,,
T282,Ricky Pearsall,SF,WR,999.00,149.00,-,115.30,,13.87,IR,Knee - PCL
116,Josh Downs,IND,WR,114.40,150.90,-,119.70,5.07,12.26,,
104,Rachaad White,WAS,RB,103.33,151.40,-,139.20,9.34,13.33,,
160,Kenyon Sadiq,NYJ,TE,176.99,152.50,16.54,80.30,13.16,5.00,,
132,Jordan Love,GB,QB,133.60,152.80,-,131.90,6.31,33.23,,
T285,Emmett Johnson,KC,RB,-,154.30,27.38,137.40,7.34,2.94,,
125,Xavier Worthy,KC,WR,123.80,155.50,-,113.60,,19.83,Ques,Shoulder
144,Isaiah Likely,NYG,TE,151.20,156.70,-,106.70,5.76,7.55,,
100,Romeo Doubs,NE,WR,100.20,157.00,-,129.50,5.27,10.32,,
113,Khalil Shakir,BUF,WR,112.20,158.40,-,143.10,4.85,16.16,,
T166,Alvin Kamara,NO,RB,182.40,159.60,-,185.10,4.06,45.00,,
T135,Juwan Johnson,NO,TE,137.20,160.80,-,165.00,3.06,7.07,,
T147,Brenton Strange,JAX,TE,155.60,161.70,-,118.60,3.89,7.32,,
172,AJ Barner,SEA,TE,189.40,161.90,-,140.70,2.57,5.65,,
146,Stefon Diggs,FA,WR,154.40,164.30,-,187.00,4.50,19.89,,
248,Trey Benson,ARI,RB,308.38,165.90,-,157.30,,12.30,Ques,Knee
123,Matthew Golden,GB,WR,122.20,166.50,-,97.10,,23.16,,
164,Chig Okonkwo,WAS,TE,180.40,167.20,-,158.20,3.68,5.50,,
149,Tyjae Spears,TEN,RB,157.80,169.10,-,156.90,4.71,9.89,,
195,Andy Borregales,NE,K,222.20,170.10,-,292.90,,5.00,,
232,Sam Darnold,SEA,QB,282.15,170.70,-,168.40,8.07,21.24,,
117,Kyler Murray,MIN,QB,116.20,172.00,-,177.40,11.09,29.74,,
163,Jonah Coleman,DEN,RB,178.91,173.80,25.21,111.80,12.85,3.72,,
205,Jake Bates,DET,K,237.40,174.90,-,291.20,1.24,6.47,,
T285,Antonio Williams,WAS,WR,-,176.70,17.00,162.00,10.12,2.67,,
143,Dylan Sampson,CLE,RB,148.60,177.30,-,154.40,,8.48,,
154,T.J. Hockenson,MIN,TE,167.40,178.30,-,170.90,4.46,20.25,,
209,Will Reichard,MIN,K,245.60,179.80,-,282.50,,5.58,,
T135,Chris Rodriguez,JAX,RB,137.20,181.90,-,169.60,4.71,5.93,,
133,Rashid Shaheed,SEA,WR,134.60,182.50,-,149.50,3.82,9.87,,
126,Jauan Jennings,MIN,WR,126.20,183.50,-,175.70,2.98,13.13,,
198,Tyreek Hill,FA,WR,228.79,184.80,-,230.10,5.04,92.67,Ques,Knee - ACL
142,Denzel Boston,CLE,WR,148.20,185.10,21.29,109.30,10.36,4.85,,
124,Jalen Coker,CAR,WR,122.60,186.00,-,130.60,2.75,6.35,,
137,Tyler Shough,NO,QB,139.20,187.70,-,163.50,4.98,12.39,,
165,Tank Bigsby,PHI,RB,181.40,188.10,-,152.90,2.40,9.86,,
134,Omar Cooper,NYJ,WR,136.20,189.00,12.00,91.90,16.51,3.50,,
T166,Kimani Vidal,LAC,RB,182.40,191.50,-,178.60,3.02,8.85,,
183,Cam Ward,TEN,QB,205.08,193.30,-,161.10,,13.32,,
173,Braelon Allen,NYJ,RB,190.40,194.50,-,152.40,,13.21,,
145,De'Zhaun Stribling,SF,WR,154.23,195.30,18.92,147.60,7.91,,Ques,Hamstring
182,Malik Washington,MIA,WR,203.40,196.50,-,223.50,2.95,5.63,,
131,Malik Willis,MIA,QB,132.60,197.00,-,208.20,7.16,9.70,,
T285,Ja'Kobi Lane,BAL,WR,-,197.70,38.43,191.00,1.70,2.92,,
152,Jalen Nailor,LV,WR,163.20,199.80,-,182.50,2.33,5.00,,
190,Bryce Young,CAR,QB,214.59,200.50,-,203.10,4.60,20.59,,
T285,Chase McLaughlin,TB,K,-,201.00,-,285.90,1.20,5.85,,
189,Eddy Pineiro,SF,K,214.40,202.00,-,295.40,1.03,5.33,,
207,Travis Hunter,JAX,WR,241.86,203.30,-,122.80,,14.40,,
208,Eli Stowers,PHI,TE,242.60,204.30,17.33,121.50,10.02,3.09,,
T285,Wil Lutz,DEN,K,-,205.00,-,353.80,1.22,5.58,,
177,Ray Davis,BUF,RB,197.00,206.00,-,220.10,,9.00,,
T285,Mike Washington,LV,RB,-,206.50,25.77,160.30,3.90,2.00,,
197,Cairo Santos,CHI,K,226.40,208.80,-,359.20,,5.17,,
T285,Charleston Rambo,FA,WR,-,209.50,-,-,,,,
T285,Peyton Hendershot,FA,TE,-,210.00,-,-,,,,
T285,Ryan Willis,FA,QB,-,211.50,-,-,,,,
T285,Tyrie Cleveland,FA,WR,-,212.00,-,-,,,,
T285,Taj McGowan,FA,RB,-,213.50,-,-,,,,
T285,Khari Blasingame,FA,RB,-,214.00,-,-,,,,
T285,Jake Elliott,PHI,K,-,215.00,-,391.50,,6.30,,
178,C.J. Stroud,HOU,QB,198.22,215.50,-,151.60,6.18,37.75,,
T285,Trevon Wesco,FA,TE,-,217.50,-,-,,,,
T285,Cody Thompson,FA,WR,-,219.00,-,-,,,,
T285,Devine Ozigbo,FA,RB,-,221.50,-,-,,,,
T285,John Wolford,FA,QB,-,222.00,-,-,,,,
T285,Matt Seybert,FA,TE,-,224.00,-,-,,,,
192,Brandon Aiyuk,SF,WR,216.02,225.00,-,194.50,1.60,10.73,Reserve-DNR,Knee - ACL + MCL
221,Fernando Mendoza,LV,QB,266.71,226.50,16.86,100.80,31.60,10.45,,
156,Keaton Mitchell,LAC,RB,170.20,227.00,-,170.00,2.04,6.50,,
T285,Theo Johnson,NYG,TE,-,229.00,-,218.20,,5.93,,
171,Isiah Pacheco,DET,RB,187.40,230.50,-,164.20,3.46,32.25,,
T285,Nicholas Singleton,TEN,RB,-,231.50,30.62,134.60,10.23,5.84,,
T285,K.J. Costello,FA,QB,-,232.50,-,-,,,,
T285,Frank Darby,FA,WR,-,233.00,-,-,,,,
194,Dontayvion Wicks,PHI,WR,220.29,234.00,-,256.60,1.60,6.67,,
T285,Hunter Thedford,FA,OT,-,236.50,-,-,,,,
161,Kayshon Boutte,NE,WR,177.20,237.00,-,184.50,2.29,8.42,,
T285,Cyrus Allen,KC,WR,-,239.50,-,226.00,1.82,,Ques,Lower Leg
191,Evan McPherson,CIN,K,215.40,240.50,-,249.50,,5.70,,
T285,Ben Sauls,NYG,K,-,241.50,-,-,,,,
200,Cade Otton,TB,TE,231.20,242.00,-,224.00,2.27,8.00,,
196,Darnell Mooney,NYG,WR,222.93,243.00,-,231.30,1.87,9.58,,
223,David Njoku,LAC,TE,269.04,244.50,-,217.10,2.32,17.43,,
151,Jalen McMillan,TB,WR,159.80,245.00,-,146.40,,8.36,,
T285,KeAndre Lambert-Smith,LAC,WR,-,-,-,-,,5.00,,
T285,Bryce Lance,NO,WR,-,-,47.43,276.80,1.18,2.00,,
T285,Donaven McCulley,MIA,WR,-,-,-,-,,,,
T285,Lance McCutcheon,TEN,WR,-,-,-,-,,,,
T285,Ryan McDaniel,FA,WR,-,-,-,-,,,,
T285,Alex McGough,FA,WR,-,-,-,-,,,,
T285,Kyric McGowan,FA,WR,-,-,-,-,,,,
T285,Isaiah McKenzie,FA,WR,-,-,-,-,,,,
T285,Anthony Miller,FA,WR,-,-,-,-,,,,
T285,Dorren Miller,FA,WR,-,-,-,-,,,,
T285,Dre Miller,FA,WR,-,-,-,-,,,,
T285,Ryan Miller,NYG,WR,-,-,-,-,,,,
T285,Scotty Miller,CHI,WR,-,-,-,-,,,,
T285,Denzel Mims,DAL,WR,-,-,-,-,,,,
257,Marvin Mims,DEN,WR,317.65,-,-,271.80,,9.88,,
T285,Jonathan Mingo,DAL,WR,-,-,-,-,,5.00,,
202,Adonai Mitchell,NYJ,WR,232.90,-,-,199.30,,6.72,,
T285,Steven Mitchell,FA,WR,-,-,-,-,,,,
T285,D.J. Montgomery,FA,WR,-,-,-,-,,,,
T285,Tyren Montgomery,TEN,WR,-,-,-,427.50,,,,
T285,Chris Moore,BAL,WR,-,-,-,-,,,,
T285,David Moore,CAR,WR,-,-,-,-,,,,
T285,John Metchie,CAR,WR,-,-,-,435.50,,5.50,,
T285,Dohnte Meyers,CIN,WR,-,-,-,-,,,,
T285,Bub Means,NO,WR,-,-,-,-,,,,
T285,Malick Meiga,CAR,WR,-,-,-,-,,,,
T285,Tommy Mellott,FA,WR,-,-,-,-,,,,
T285,Bo Melton,GB,WR,-,-,-,-,,,,
T285,Elijah Moore,PHI,WR,-,-,-,-,,9.00,,
T285,Jason Moore,FA,WR,-,-,-,-,,,,
T285,Jordan Moore,CIN,WR,-,-,-,-,,,,
T285,Skyy Moore,GB,WR,-,-,-,-,,,,
T285,Jalen Moreno-Cropper,NO,WR,-,-,-,-,,,,
T285,Taylor Morin,FA,WR,-,-,-,-,,,,
T285,Mante' Morrow,LAC,WR,-,-,-,-,,,,
T285,Moose Muhammad,FA,WR,-,-,-,-,,,,
T285,Konata Mumpfield,LAR,WR,-,-,-,395.20,,5.00,,
T285,Randall Cobb,FA,WR,-,-,-,-,,,,
T285,TreVontae Hights,FA,WR,-,-,-,-,,,,
T285,Van Jefferson,WAS,WR,-,-,-,-,,17.00,,
T285,Jaray Jenkins,FA,WR,-,-,-,-,,,,
T285,Jaylin Lane,WAS,WR,-,-,-,-,,5.00,,
T285,Gage Larvadain,CLE,WR,-,-,-,-,,,,
T285,Kwamie Lassiter,FA,WR,-,-,-,-,,,,
T285,Kendrick Law,DET,WR,-,-,-,-,,,IR,Knee - ACL
T285,Allen Lazard,FA,WR,-,-,-,-,,5.00,,
T285,Shane Leatherbury,FA,WR,-,-,-,-,,,,
272,Xavier Legette,CAR,WR,324.13,-,-,266.40,,10.00,,
T285,Montana Lemonious-Craig,FA,WR,-,-,-,-,,,Ques,Lower Body
T285,Landon Lenoir,FA,WR,-,-,-,-,,,,
T285,Brandon Lewis,FA,WR,-,-,-,-,,,,
T285,Talolo Limu-Jones,FA,WR,-,-,-,-,,,,
T285,Henry Litwin,FA,WR,-,-,-,-,,,,
T285,Johnathan Lloyd,FA,WR,-,-,-,-,,,,
T285,Tyler Lockett,FA,WR,-,-,-,-,,33.00,,
T285,Justin Lockhart,FA,WR,-,-,-,-,,,,
T285,Kai Locksley,FA,WR,-,-,-,-,,,,
T285,Dominic Lovett,DET,WR,-,-,-,-,,,,
T285,Xavier Loyd,KC,WR,-,-,-,-,,,,
T285,Taysir Mack,FA,WR,-,-,-,-,,,,
T285,Ja'Mori Maclin,BUF,WR,-,-,-,-,,,,
T285,Joseph Manjack,DEN,WR,-,-,-,-,,,,
T285,Zimari Manning,FA,WR,-,-,-,-,,,,
T285,Keelan Marion,ATL,WR,-,-,-,421.00,,,,
T285,Gabe Marks,FA,WR,-,-,-,-,,,,
T285,Terrace Marshall,MIA,WR,-,-,-,-,,,,
T285,Tay Martin,DET,WR,-,-,-,-,,,,
T285,Tyreik McAllister,FA,WR,-,-,-,-,,,,
T285,Luke McCaffrey,WAS,WR,-,-,-,-,1.40,5.00,,
T285,Malik McClain,NYJ,WR,-,-,-,-,,,,
T285,Ray-Ray McCloud,FA,WR,-,-,-,-,,,,
T285,Max Hurleman,PIT,WR,-,-,-,-,,,,
227,Ted Hurst,TB,WR,273.85,-,33.55,197.50,5.89,2.00,,
270,Xavier Hutchinson,HOU,WR,323.61,-,-,-,0.78,,,
T285,Jalin Hyatt,NYG,WR,-,-,-,-,,,,
T285,Josh Imatorbhebhe,FA,WR,-,-,-,-,,,,
266,Andrei Iosivas,CIN,WR,322.89,-,-,368.50,1.02,9.00,,
T285,Trenton Irwin,SF,WR,-,-,-,-,,,,
T285,Andy Isabella,FA,WR,-,-,-,-,,,Ques,Ankle
T285,Calvin Jackson,FA,WR,-,-,-,-,,,,
T285,Courtney Jackson,TEN,WR,-,-,-,-,,,,
T285,JaQuae Jackson,LAC,WR,-,-,-,-,,,,
T285,Jermaine Jackson,FA,WR,-,-,-,-,,,,
T285,Jha'Quan Jackson,HOU,WR,-,-,-,-,,,,
T285,Kearis Jackson,FA,WR,-,-,-,-,,,,
T285,Lucky Jackson,DET,WR,-,-,-,-,,,,
T285,Shedrick Jackson,LV,WR,-,-,-,-,,,,
T285,Trishton Jackson,FA,WR,-,-,-,-,,,,
T285,Sam James,FA,WR,-,-,-,-,,,,
T285,Tyshaun James,FA,WR,-,-,-,-,,,,
T285,Jaxon Janke,FA,WR,-,-,-,-,,,,
T285,Rakim Jarrett,FA,WR,-,-,-,-,,,,
T285,Damion Jeanpiere,FA,WR,-,-,-,-,,,,
T285,Chris Hilton,WAS,WR,-,-,-,-,,,,
T285,T.Y. Hilton,FA,WR,-,-,-,-,,,,
T285,Kendall Hinton,FA,WR,-,-,-,-,,,,
T285,Changa Hodge,FA,WR,-,-,-,-,,,,
T285,KhaDarel Hodge,FA,WR,-,-,-,-,,,,
T285,Isaiah Hodgins,NYG,WR,-,-,-,-,,,,
T285,Traeshon Holden,DAL,WR,-,-,-,-,,,,
T285,Cyrus Holder,FA,WR,-,-,-,-,,,,
T285,Jimmy Holiday,KC,WR,-,-,-,-,,,,
T285,Alexander Hollins,FA,WR,-,-,-,-,,,,
259,Mack Hollins,NE,WR,318.09,-,-,428.50,1.08,5.00,,
T285,DeAndre Hopkins,FA,WR,-,-,-,-,,8.25,,
T285,Jimmy Horn,CAR,WR,-,-,-,-,,,,
246,Tory Horton,SEA,WR,306.25,-,-,213.30,,6.92,,
T285,Dennis Houston,TB,WR,-,-,-,-,,,,
T285,Alton Howard,FA,WR,-,-,-,-,,,,
T285,Jordan Hudson,DAL,WR,-,-,-,-,,,,
T285,Kyron Hudson,CHI,WR,-,-,-,-,,,,
T285,Lil'Jordan Humphrey,DEN,WR,-,-,-,-,,,,
188,Jerry Jeudy,CLE,WR,213.37,-,-,181.20,4.54,15.33,,
T285,John Jiles,FA,WR,-,-,-,-,,,Ques,Undisclosed
T285,Brandon Johnson,LV,WR,-,-,-,-,,,,
T285,Collin Johnson,FA,WR,-,-,-,-,,,,
T285,Cornelius Johnson,BAL,WR,-,-,-,-,,,,
T285,Diontae Johnson,FA,WR,-,-,-,-,,2.00,,
T285,Jamel Johnson,FA,WR,-,-,-,-,,,,
T285,Jaylen Johnson,FA,WR,-,-,-,-,,,,
T285,Johnny Johnson,FA,WR,-,-,-,-,,,,
T285,Kameron Johnson,TB,WR,-,-,-,-,,,,
T285,KeeSean Johnson,FA,WR,-,-,-,-,,,,
T285,Marcus Johnson,FA,WR,-,-,-,-,,,,
264,Tez Johnson,TB,WR,320.92,-,-,311.20,,6.20,,
T285,Tyler Johnson,DAL,WR,-,-,-,-,,,,
T285,Willie Johnson,FA,WR,-,-,-,-,,,,
T285,Xavier Johnson,CIN,WR,-,-,-,-,,,,
T285,Charlie Jones,CIN,WR,-,-,-,-,,,,
T285,J.J. Jones,FA,WR,-,-,-,-,,,,
T285,Jacoby Jones,WAS,WR,-,-,-,-,,,,
T285,Jeshaun Jones,MIN,WR,-,-,-,-,,,,
T285,Julio Jones,FA,WR,-,-,-,-,,,,
T285,Marvin Jones,FA,WR,-,-,-,-,,,,
T285,Tim Jones,JAX,WR,-,-,-,-,,,,
T285,Zay Jones,FA,WR,-,-,-,-,,18.00,,
T285,Lamar Jordan,FA,WR,-,-,-,-,,,,
T285,Kevin Kassis,FA,WR,-,-,-,-,,,,
T285,Kolbe Katsis,DEN,WR,-,-,-,-,,,,
T285,Jakobie Keeney-James,FA,WR,-,-,-,-,,,,
T285,Josh Kelly,HOU,WR,-,-,-,-,,,,
T285,Tom Kennedy,DET,WR,-,-,-,-,,,,
T285,Dane Key,DEN,WR,-,-,-,398.50,,,,
T285,Lawrence Keys,DET,WR,-,-,-,-,,,Ques,Leg
T285,Ramel Keyton,FA,WR,-,-,-,-,,,,
T285,Jimmy Kibble,NE,WR,-,-,-,-,,,IR,Undisclosed
T285,Mason Kinsey,TEN,WR,-,-,-,-,,,,
213,Christian Kirk,SF,WR,256.16,-,-,269.50,1.00,11.40,Ques,Calf
T285,Jontre Kirklin,FA,WR,-,-,-,-,,,,
T285,Keith Kirkwood,FA,WR,-,-,-,-,,,,
T285,Shaleak Knotts,FA,WR,-,-,-,-,,,,
T285,Malik Knowles,FA,WR,-,-,-,-,,,,
219,Cooper Kupp,SEA,WR,261.94,-,-,258.20,2.78,26.17,,
T285,Aaron Lacombe,FA,WR,-,-,-,-,,,,
T285,Caullin Lacy,NYJ,WR,-,-,-,425.00,,,,
T285,Chris Lacy,FA,WR,-,-,-,-,,,,
T285,Kalif Raymond,CHI,WR,-,-,-,-,,9.00,,
T285,Jalen Reagor,MIA,WR,-,-,-,-,,,,
T285,Brock Rechsteiner,NO,WR,-,-,-,-,,,,
T285,Ja'Seem Reed,CAR,WR,-,-,-,-,,,,
T285,JuJu Smith-Schuster,NYG,WR,-,-,-,-,,20.00,,
T285,Tyler Snead,FA,WR,-,-,-,-,,,,
T285,Daniel Sobkowicz,HOU,WR,-,-,-,-,,,,
T285,Jack Sorenson,FA,WR,-,-,-,-,,,,
T285,Jaden Smith,DAL,WR,-,-,-,-,,,,
T285,Jaylen Smith,FA,WR,-,-,-,-,,,,
T285,Josh Smith,FA,WR,-,-,-,-,,,,
T285,Octavian Smith,BAL,WR,-,-,-,-,,,,
T285,Tre'Quan Smith,FA,WR,-,-,-,-,,,,
T285,Xavier Smith,LAR,WR,-,-,-,-,,,,
T285,Ihmir Smith-Marsette,ARI,WR,-,-,-,-,,,,
T285,Damore'ea Stringfellow,FA,WR,-,-,-,-,,,,
T285,J. Michael Sturdivant,GB,WR,-,-,-,-,,,,
T285,Justin Sumpter,FA,WR,-,-,-,-,,,,
T285,Corey Sutton,FA,WR,-,-,-,-,,,,
T285,Equanimeous St. Brown,FA,WR,-,-,-,-,,,Ques,Foot
T285,Jerreth Sterns,FA,WR,-,-,-,-,,,,
T285,Dillon Stoner,FA,WR,-,-,-,-,,,,
T285,Drake Stoops,FA,WR,-,-,-,-,,,,
T285,Mike Strachan,FA,WR,-,-,-,-,,,,
T285,Kalil Pimpleton,FA,WR,-,-,-,-,,,,
T285,Golden Tate,FA,WR,-,-,-,-,,,,
T285,Malik Taylor,FA,WR,-,-,-,-,,,,
T285,Trent Taylor,FA,WR,-,-,-,-,,,,
157,Isaac TeSlaa,DET,WR,170.60,-,-,173.20,,7.56,,
T285,Adam Thielen,MIN,WR,-,-,-,-,,14.00,Reserve-Ret,Undisclosed
T285,Raylen Sharpe,IND,WR,-,-,-,-,,,,
T285,Tyrell Shavers,BUF,WR,-,-,-,-,,,PUP-P,Knee - ACL
T285,Damon Sheehy-Guiseppi,FA,WR,-,-,-,-,,,,
T285,DT Sheffield,NYJ,WR,-,-,-,-,,,,
T285,Laviska Shenault,FA,WR,-,-,-,-,,,,
T285,Sterling Shepard,FA,WR,-,-,-,-,,5.00,,
T285,Will Sheppard,GB,WR,-,-,-,-,,,,
T285,Trent Sherfield,BUF,WR,-,-,-,-,,,,
T285,Noah Short,FA,WR,-,-,-,-,,,,
T285,Justin Shorter,LV,WR,-,-,-,-,,,IR,Undisclosed
T285,David Sills,TB,WR,-,-,-,-,,,,
T285,Tyler Simmons,FA,WR,-,-,-,-,,,,
T285,Steven Sims,FA,WR,-,-,-,-,,,,
T285,Quentin Skinner,BUF,WR,-,-,-,-,,,,
T285,Quincy Skinner,NYJ,WR,-,-,-,-,,,,
T285,Ben Skowronek,PIT,WR,-,-,-,-,,,,
T285,Matthew Slater,FA,WR,-,-,-,-,,,,
275,Darius Slayton,NYG,WR,325.90,-,-,359.20,0.94,9.67,,
T285,Jared Smart,FA,WR,-,-,-,-,,,,
T285,Ainias Smith,CAR,WR,-,-,-,-,,,,
T285,Anthony Smith,DAL,WR,-,-,-,-,,,,
T285,Arian Smith,NYJ,WR,-,-,-,-,,,,
T285,Brandon Smith,PIT,WR,-,-,-,-,,,,
T285,Braylon Sanders,FA,WR,-,-,-,-,,,,
T285,Marcus Sanders,MIN,WR,-,-,-,-,,,,
T285,Mohamed Sanu,FA,WR,-,-,-,-,,,,
T285,Elijah Sarratt,BAL,WR,-,-,40.00,145.20,3.72,3.18,,
T285,Bud Sasser,FA,WR,-,-,-,-,,,,
T285,Treyvhon Saunders,HOU,WR,-,-,-,-,,,,
T285,Savon Scarver,FA,WR,-,-,-,-,,,,
T285,Dalton Schoen,FA,WR,-,-,-,-,,,,
T285,Anthony Schwartz,FA,WR,-,-,-,-,,,,
T285,Gee Scott,NYJ,WR,-,-,-,-,,,IR,Undisclosed
T285,Ty Scott,FA,WR,-,-,-,-,,,,
T285,Tyler Scott,LAR,WR,-,-,-,-,,,,
T285,Mathew Sexton,FA,WR,-,-,-,-,,,,
T285,Kevin Shaa,FA,WR,-,-,-,-,,,,
T285,A.J. Richardson,FA,WR,-,-,-,-,,,,
T285,JP Richardson,CHI,WR,-,-,-,-,,,,
176,Calvin Ridley,TEN,WR,195.60,-,-,304.60,2.72,24.63,,
T285,Riley Ridley,FA,WR,-,-,-,-,,,,
T285,Eric Rivers,TB,WR,-,-,-,366.00,,,,
T285,Jaquarii Roberson,FA,WR,-,-,-,-,,,,
T285,Reggie Roberson,FA,WR,-,-,-,-,,,,
T285,Andre Roberts,FA,WR,-,-,-,-,,,,
T285,Chase Roberts,LV,WR,-,-,-,-,,,,
T285,Demetris Robertson,FA,WR,-,-,-,-,,,,
T285,Allen Robinson,FA,WR,-,-,-,-,,,,
T285,Demarcus Robinson,SF,WR,-,-,-,-,,7.00,,
T285,Stephon Robinson,FA,WR,-,-,-,-,,,,
T285,Nick Nash,WAS,WR,-,-,-,-,,,,
T285,JoJo Natson,FA,WR,-,-,-,-,,,,
T285,J.J. Nelson,FA,WR,-,-,-,-,,,,
T285,Dazz Newsome,FA,WR,-,-,-,-,,,,
T285,Isaiah Neyor,GB,WR,-,-,-,-,,,,
T285,Joseph Ngata,FA,WR,-,-,-,-,,,,
241,Jaylin Noel,HOU,WR,303.14,-,-,209.20,,5.75,NFI-A,Finger
T285,Trebor Pena,JAX,WR,-,-,-,454.00,,,,
T285,A.T. Perry,PIT,WR,-,-,-,-,,,,
T285,Dante Pettis,BUF,WR,-,-,-,-,,,,
T285,Kyle Philips,FA,WR,-,-,-,-,,,,
T285,Whop Philyor,FA,WR,-,-,-,-,,,,
T285,Samson Nacua,FA,WR,-,-,-,-,,,,
T285,Bryce Oliver,TEN,WR,-,-,-,-,,,,
T285,Gunner Olszewski,NYG,WR,-,-,-,-,,,IR,Achilles
T285,K.J. Osborn,TEN,WR,-,-,-,-,,,,
T285,Coleman Owen,IND,WR,-,-,-,-,,,,
T285,Terique Owens,FA,WR,-,-,-,-,,,,
T285,Joshua Palmer,BUF,WR,-,-,-,-,,8.67,,
T285,Tejhaun Palmer,FA,WR,-,-,-,-,,,,
T285,Trey Palmer,NO,WR,-,-,-,-,,,,
T285,Eli Pancol,IND,WR,-,-,-,-,,,,
T285,DeVante Parker,FA,WR,-,-,-,-,,,,
T285,Zach Pascal,FA,WR,-,-,-,-,,,,
T285,Tim Patrick,NYJ,WR,-,-,-,-,,5.00,,
T285,Ben Patterson,FA,WR,-,-,-,-,,,,
T285,Dean Patterson,TB,WR,-,-,-,-,,,,
T285,Neil Pau'u,FA,WR,-,-,-,-,,,,
T285,Will Pauling,SF,WR,-,-,-,-,,,,
T285,JaVonta Payton,FA,WR,-,-,-,-,,,,
T285,Joe Reed,FA,WR,-,-,-,-,,,,
T285,Louis Rees-Zammit,FA,WR,-,-,-,-,,,,
T285,Nikko Remigio,KC,WR,-,-,-,-,,,,
T285,Hunter Renfrow,FA,WR,-,-,-,-,,,,
T285,Xavier Restrepo,TEN,WR,-,-,-,-,,5.00,,
T285,Josh Reynolds,FA,WR,-,-,-,-,,,Ques,Hip
T285,Brenden Rice,FA,WR,-,-,-,-,,,Ques,Undisclosed
T285,John Rhys Plumlee,FA,WR,-,-,-,-,,,,
T285,Ja'Lynn Polk,NO,WR,-,-,-,-,,,Reserve-Ret,Undisclosed
T285,Brandon Powell,FA,WR,-,-,-,-,,,,
T285,Kaden Prather,GB,WR,-,-,-,-,,,,
T285,Kobe Prentice,NE,WR,-,-,-,-,,,,
T285,Brennan Presley,LAR,WR,-,-,-,-,,,,
T285,Hal Presley,FA,WR,-,-,-,-,,,,
T285,Myles Price,MIN,WR,-,-,-,-,,,,
T285,Jamaal Pritchett,NYJ,WR,-,-,-,-,,,,
T285,James Proche,FA,WR,-,-,-,-,,,,
T285,Kendric Pryor,CIN,WR,-,-,-,-,,,,
T285,Rashad Rochelle,SEA,WR,-,-,-,-,,,,
T285,Amari Rodgers,FA,WR,-,-,-,-,,,,
T285,Marcus Rosemy-Jacksaint,FA,WR,-,-,-,-,,,,
T285,Cameron Ross,DEN,WR,-,-,-,-,,,,
T285,Devonte Ross,LAC,WR,-,-,-,-,,,,
T285,John Ross,FA,WR,-,-,-,-,,,,
T285,Justyn Ross,FA,WR,-,-,-,-,,,,
T285,Marvelle Ross,FA,WR,-,-,-,-,,,,
T285,Jalen Royals,KC,WR,-,-,-,327.30,,6.00,,
T285,Corey Rucker,LV,WR,-,-,-,-,,,IR,Undisclosed
T285,Trayvon Rudolph,MIN,WR,-,-,-,-,,,,
T285,Henry Ruggs,FA,WR,-,-,-,408.00,,,,
T285,Jonathon Rumph,FA,WR,-,-,-,-,,,,
T285,Xavier Rush,FA,WR,-,-,-,-,,,,
T285,Malik Rutherford,FA,WR,-,-,-,-,,,,
T285,Curtis Samuel,FA,WR,-,-,-,-,,14.00,,
T285,Donald Parham,FA,TE,-,-,-,-,,,,
T285,Dylan Parham,FA,TE,-,-,-,-,,,,
162,Colby Parkinson,LAR,TE,177.80,-,-,307.10,1.99,7.00,,
T285,Johnny Pascuzzi,LAC,TE,-,-,-,-,,,,
T285,Josh Pederson,FA,TE,-,-,-,-,,,,
T285,Jordan Petaia,FA,TE,-,-,-,-,,,,
T285,Jamal Pettigrew,FA,TE,-,-,-,-,,,,
T285,Chris Pierce,FA,TE,-,-,-,-,,,,
T285,Bryce Pierre,FA,TE,-,-,-,-,,,Ques,Undisclosed
T285,Drew Sample,CIN,TE,-,-,-,-,,,,
T285,Ja'Tavion Sanders,CAR,TE,-,-,-,305.00,,6.40,,
T285,Marcus Santos-Silva,FA,TE,-,-,-,-,,,,
T285,Eric Saubert,SEA,TE,-,-,-,-,,,,
T285,Luke Schoonmaker,DAL,TE,-,-,-,-,,,,
T285,Darnell Washington,PIT,TE,-,-,-,368.50,,5.00,,
T285,Jerome Washington,FA,TE,-,-,-,-,,,,
T285,Scotty Washington,FA,TE,-,-,-,-,,,,
T285,Tre Watson,KC,TE,-,-,-,-,,,,
T285,Treyton Welch,NO,TE,-,-,-,-,,,,
T285,Pro Wells,FA,TE,-,-,-,-,,,,
T285,Stephen Sullivan,FA,TE,-,-,-,-,,,,
T285,Cam Sutton,FA,TE,-,-,-,-,,,,
T285,Evan Svoboda,LAC,TE,-,-,-,-,,,,
T285,Geoff Swaim,FA,TE,-,-,-,-,,,,
T285,Messiah Swinson,GB,TE,-,-,-,-,,,,
T285,Leonard Taylor,FA,TE,-,-,-,-,,,,
225,Mason Taylor,NYJ,TE,270.34,-,-,179.20,,6.20,,
T285,Tim Tebow,FA,TE,-,-,-,402.30,,,,
T285,Ian Thomas,LV,TE,-,-,-,-,,,,
T285,Logan Thomas,FA,TE,-,-,-,-,,,,
T285,Noah Togiai,FA,TE,-,-,-,-,,,,
T285,Eric Tomlinson,FA,TE,-,-,-,-,,,,
228,Jake Tonges,SF,TE,275.95,-,-,219.70,1.90,5.00,,
T285,Robert Tonyan,PIT,TE,-,-,-,-,,,,
T285,Carson Towt,IND,TE,-,-,-,-,,,,
T285,Seydou Traore,MIA,TE,-,-,-,-,,,,
T285,Adam Trautman,DEN,TE,-,-,-,-,,,,
T285,Tommy Tremble,CAR,TE,-,-,-,-,0.72,,,
T285,Michael Trigg,DAL,TE,-,-,-,272.20,,,,
T285,Cole Turner,MIA,TE,-,-,-,-,,,,
T285,C.J. Uzomah,FA,TE,-,-,-,-,,,,
T285,Mitch Van Vooren,NE,TE,-,-,-,-,,,,
T285,Nick Vannett,SEA,TE,-,-,-,-,,,,
T285,Jack Velling,ATL,TE,-,-,-,-,,,,
T285,Dan Villari,LAR,TE,-,-,-,-,,,,
T285,Travis Vokolek,FA,TE,-,-,-,-,,,,
T285,Darren Waller,FA,TE,-,-,-,-,,7.50,Ques,Groin
T285,Garrett Walston,FA,TE,-,-,-,-,,,,
T285,Jacob Warren,FA,TE,-,-,-,-,,,,
T285,Devon Allen,FA,WR,-,-,-,-,,,,
T285,Floyd Allen,FA,WR,-,-,-,-,,,,
237,Keenan Allen,FA,WR,294.97,-,-,383.80,,11.30,,
T285,Geronimo Allison,FA,WR,-,-,-,-,,,,
T285,Aaron Anderson,CLE,WR,-,-,-,392.80,,,,
T285,Vinny Anthony,ATL,WR,-,-,-,-,,,,
T285,Andrew Armstrong,KC,WR,-,-,-,-,,,,
T285,Tutu Atwell,MIA,WR,-,-,-,-,,5.00,,
T285,Calvin Austin,NYG,WR,-,-,-,-,,6.00,,
T285,Kevin Austin,NO,WR,-,-,-,-,,,,
T285,Tavon Austin,FA,WR,-,-,-,-,,,,
234,Elic Ayomanor,TEN,WR,288.25,-,-,221.00,,6.15,,
T285,Andre Baccellia,FA,WR,-,-,-,-,,,Ques,Neck
T285,Alex Bachman,FA,WR,-,-,-,-,,,,
T285,Javon Baker,FA,WR,-,-,-,-,,,,
T285,Daylen Baldwin,FA,WR,-,-,-,-,,,,
T285,Michael Bandy,DEN,WR,-,-,-,-,,,,
244,Rashod Bateman,BAL,WR,305.11,-,-,309.50,1.27,8.13,,
T285,Cole Beasley,FA,WR,-,-,-,-,,,,
T285,Hank Beatty,TEN,WR,-,-,-,-,,2.00,,
222,Jack Bech,LV,WR,268.16,-,-,212.10,,5.00,,
T285,Odell Beckham,NYG,WR,-,-,-,341.40,,,,
T285,Reggie Begelton,FA,WR,-,-,-,-,,,,
263,Chris Bell,MIA,WR,320.34,-,24.23,138.70,8.57,3.27,NFI-A,Knee - ACL
T285,David Bell,FA,WR,-,-,-,-,,,,
T285,Dillon Bell,MIN,WR,-,-,-,442.00,,,,
T285,Ronnie Bell,NO,WR,-,-,-,-,,,,
262,Skyler Bell,BUF,WR,319.46,-,51.60,190.90,3.59,2.00,,
T285,Malik Benson,LV,WR,-,-,74.40,312.40,,,,
T285,Trinity Benson,FA,WR,-,-,-,-,,,,
T285,Gabriel Benyard,CAR,WR,-,-,-,-,,,,
T285,Junior Bergen,SF,WR,-,-,-,-,,,,
224,Germie Bernard,PIT,WR,269.26,-,23.15,128.60,7.57,2.44,,
T285,Jared Bernhardt,FA,WR,-,-,-,-,,,,
T285,Braxton Berrios,NYG,WR,-,-,-,-,,,,
T285,Stanley Berryhill,FA,WR,-,-,-,-,,,,
T285,Tyron Billy-Johnson,FA,WR,-,-,-,-,,,,
T285,Tarik Black,FA,WR,-,-,-,-,,,,
T285,Chris Blair,ATL,WR,-,-,-,-,,,,
T285,DeMeer Blankumsee,FA,WR,-,-,-,-,,,,
T285,Javess Blue,FA,WR,-,-,-,-,,,,
T285,Bryce Bobo,FA,WR,-,-,-,-,,,,
T285,Jake Bobo,SEA,WR,-,-,-,-,,,Ques,Leg
T285,Slade Bolden,FA,WR,-,-,-,-,,,,
280,Isaiah Bond,CLE,WR,327.53,-,-,274.80,,6.63,,
T285,Lewis Bond,HOU,WR,-,-,-,-,,,,
T285,Lynn Bowden,FA,WR,-,-,-,-,,,,
T285,Zion Bowens,FA,WR,-,-,-,-,,,,
T285,Brady Boyd,JAX,WR,-,-,-,-,,,,
T285,Devonte Boyd,FA,WR,-,-,-,-,,,,
T285,Tyler Boyd,FA,WR,-,-,-,-,,,,
T285,Miles Boykin,FA,WR,-,-,-,-,,,,
T285,Trevon Bradford,FA,WR,-,-,-,-,,,,
T285,Ja'Marcus Bradley,FA,WR,-,-,-,-,,,,
T285,Jaden Bradley,WAS,WR,-,-,-,-,,,,
T285,Jonathan Brady,FA,WR,-,-,-,-,,,,
T285,Tyre Brady,FA,WR,-,-,-,-,,,,
T285,Cortez Braham,BAL,WR,-,-,-,-,,,,
T229,Zachariah Branch,ATL,WR,276.55,-,40.10,142.60,5.81,3.11,,
T285,Chandler Brayboy,JAX,WR,-,-,-,-,,,,
T282,Chris Brazzell,CAR,WR,999.00,-,24.45,210.40,5.09,2.82,IR,Knee
T285,Shemar Bridges,FA,WR,-,-,-,-,,,,
T285,Romello Brinson,FA,WR,-,-,-,-,,,,
T285,Michael Briscoe,MIN,WR,-,-,-,-,,,,
T285,Le'Meke Brockington,ATL,WR,-,-,-,-,,,,
T285,Ja'Corey Brooks,FA,WR,-,-,-,-,,,Ques,Undisclosed
T285,Jalen Brooks,ARI,WR,-,-,-,-,,,,
T285,Blake Whiteheart,CLE,TE,-,-,-,-,,,,
T285,Josh Whyle,GB,TE,-,-,-,-,,,,
T285,Nate Wieting,FA,TE,-,-,-,-,,,,
T285,Mitchell Wilcox,FA,TE,-,-,-,-,,,,
T285,Jared Wiley,KC,TE,-,-,-,-,,,,
T285,Carson Williams,FA,TE,-,-,-,-,,,,
T285,Rodney Williams,FA,TE,-,-,-,-,,,,
T285,Brayden Willis,SF,TE,-,-,-,-,,,,
T285,Joel Wilson,TEN,TE,-,-,-,-,,,,
T285,Charlie Woerner,ATL,TE,-,-,-,-,,,,
T285,Ethan Wolf,FA,TE,-,-,-,-,,,,
T285,Trevor Wood,FA,TE,-,-,-,-,,,,
T285,Jelani Woods,NYJ,TE,-,-,-,-,,,,
T285,Brock Wright,DET,TE,-,-,-,-,,,,
T285,Dae'Quan Wright,PHI,TE,-,-,-,-,,,,
T285,Colson Yankoff,WAS,TE,-,-,-,-,,,,
T285,Thomas Yassmin,GB,TE,-,-,-,-,,,,
T285,Kenny Yeboah,ARI,TE,-,-,-,-,,,,
T285,Ben Yurosek,MIN,TE,-,-,-,-,,,,
T285,Shane Zylstra,BUF,TE,-,-,-,-,,,,
T285,Keshunn Abram,FA,WR,-,-,-,-,,,,
T285,Cole Burgess,PIT,WR,-,-,-,-,,,,
T285,Deion Burks,IND,WR,-,-,60.60,278.30,,3.00,,
T285,Treylon Burks,WAS,WR,-,-,-,384.20,,5.00,,
T285,Braxton Burmeister,FA,WR,-,-,-,-,,,,
T285,Deontay Burnett,FA,WR,-,-,-,-,,,,
T285,Jermaine Burton,FA,WR,-,-,-,-,,,,
T285,Rico Bussey,FA,WR,-,-,-,-,,,,
T285,Hakeem Butler,DEN,WR,-,-,-,-,,,,
T285,Terrell Bynum,FA,WR,-,-,-,-,,,,
T285,Jeff Caldwell,KC,WR,-,-,-,395.80,,,,
T285,Antonio Callaway,FA,WR,-,-,-,-,,,,
T285,Marquez Callaway,FA,WR,-,-,-,-,,,,
T285,Dalen Cambre,NYG,WR,-,-,-,-,,,,
T285,Josh Cameron,JAX,WR,-,-,-,381.80,,,,
T285,Dalevon Campbell,LAC,WR,-,-,-,-,,,,
T285,Parris Campbell,DAL,WR,-,-,-,-,,,Reserve-Ret,Undisclosed
T285,Cam Camper,NYJ,WR,-,-,-,-,,,,
T285,DeAndre Carter,FA,WR,-,-,-,-,,,Ques,Knee
T285,Joshua Cephus,FA,WR,-,-,-,-,,,,
T285,DJ Chark,FA,WR,-,-,-,-,,,,
T285,Irvin Charles,SEA,WR,-,-,-,-,,,,
T285,Barion Brown,NO,WR,-,-,-,-,,,,
T285,Camden Brown,DAL,WR,-,-,-,-,,,,
T285,Dyami Brown,WAS,WR,-,-,-,-,,5.00,,
T285,Fred Brown,FA,WR,-,-,-,-,,,,
233,Hollywood Brown,PHI,WR,287.80,-,-,323.30,1.59,7.67,,
T285,Jaron Brown,FA,WR,-,-,-,-,,,,
T285,John Brown,FA,WR,-,-,-,-,,,,
T285,Kameron Brown,FA,WR,-,-,-,-,,,,
T285,Noah Brown,FA,WR,-,-,-,-,,9.00,Ques,Ribs
T285,Sean Brown,FA,WR,-,-,-,-,,,,
T285,Sincere Brown,LAC,WR,-,-,-,-,,,,
T285,Tony Brown,FA,WR,-,-,-,-,,,,
T285,Jason Brownlee,KC,WR,-,-,-,-,,,,
252,Pat Bryant,DEN,WR,312.56,-,-,193.80,,5.00,,
T285,Alex Bullock,JAX,WR,-,-,-,-,,,Reserve-Ret,Undisclosed
T285,Jaelon Darden,FA,WR,-,-,-,-,,,,
T285,Corey Davis,FA,WR,-,-,-,-,,,,
T285,Danny Davis,FA,WR,-,-,-,-,,,,
T285,Davion Davis,FA,WR,-,-,-,-,,,,
T285,Derius Davis,LAC,WR,-,-,-,-,,,,
T285,Gabe Davis,FA,WR,-,-,-,-,,9.00,Ques,Knee - ACL
T285,Joaquin Davis,PIT,WR,-,-,-,-,,,,
T285,Kaden Davis,CHI,WR,-,-,-,-,,,,
T285,Shaquan Davis,FA,WR,-,-,-,-,,,,
T285,Terrill Davis,MIN,WR,-,-,-,-,,,,
T285,Seth Dawkins,FA,WR,-,-,-,-,,,,
T285,Jacob De Jesus,KC,WR,-,-,-,-,,,,
T285,DeVonte Dedmon,FA,WR,-,-,-,-,,,,
T285,Nick DeGennaro,NE,WR,-,-,-,-,,,,
187,Tank Dell,HOU,WR,213.24,-,-,188.50,2.60,2.31,Ques,Knee - ACL + MCL
T285,Reggie Diggs,FA,WR,-,-,-,-,,,,
T242,Keon Coleman,BUF,WR,304.40,-,-,200.80,,11.86,,
T285,Kevin Coleman,MIA,WR,-,-,60.00,227.20,1.88,,,
T285,Beaux Collins,NYG,WR,-,-,-,-,,,Ques,Concussion
277,Kendrick Bourne,ARI,WR,326.52,-,-,-,1.02,17.00,,
T285,Nelson Agholor,FA,WR,-,-,-,-,,,,
T285,Jamal Agnew,FA,WR,-,-,-,-,,,Ques,Undisclosed
247,Chimere Dike,TEN,WR,307.55,-,-,215.20,1.70,5.64,,
T285,Kyle Dixon,NE,WR,-,-,-,-,,,,
T285,Cameron Dorner,NE,WR,-,-,-,-,,,,
T285,Phillip Dorsett,LV,WR,-,-,-,-,,,,
T285,Greg Dortch,DET,WR,-,-,-,-,,,,
260,Jahan Dotson,ATL,WR,318.24,-,-,329.90,1.19,,,
T285,Kenny Cook,FA,WR,-,-,-,-,,,,
T285,Brandin Cooks,FA,WR,-,-,-,-,,8.50,,
T285,Elijah Cooks,FA,WR,-,-,-,-,,,,
T285,Amari Cooper,FA,WR,-,-,-,-,,3.00,,
T285,Darius Cooper,PHI,WR,-,-,-,-,,5.00,,
T285,Ajou Ajou,FA,WR,-,-,-,-,,,,
T285,Maurice Alexander,CHI,WR,-,-,-,-,,,,
T285,Damien Alford,FA,WR,-,-,-,-,,,Ques,Undisclosed
T285,Josh Ali,FA,WR,-,-,-,-,,,,
T285,Christian Scotland-Williamson,FA,TE,-,-,-,-,,,,
T285,Jared Scott,FA,TE,-,-,-,-,,,,
T285,Jonathan Adams,FA,WR,-,-,-,-,,,,
T285,Dan Chisena,CAR,WR,-,-,-,-,,,IR,Undisclosed
T285,Efton Chism,NE,WR,-,-,-,434.50,,5.00,,
T285,Robbie Chosen,FA,WR,-,-,-,-,,,,
T285,Cody Chrest,FA,WR,-,-,-,-,,,,
T285,Marquez Clark,FA,WR,-,-,-,-,,,,
T285,Trevon Clark,FA,WR,-,-,-,-,,,,
T285,Chase Claypool,FA,WR,-,-,-,-,,,,
T285,Jacob Copeland,FA,WR,-,-,-,-,,,,
T285,Malachi Corley,CLE,WR,-,-,-,-,,,,
T285,Chase Cota,FA,WR,-,-,-,-,,,,
T285,Britain Covey,PHI,WR,-,-,-,-,,,,
T285,Jacob Cowing,SF,WR,-,-,-,-,,,,
T285,River Cracraft,WAS,WR,-,-,-,-,,,,
T285,Josh Crockett,FA,WR,-,-,-,-,,,,
T285,Jamison Crowder,FA,WR,-,-,-,-,,,,
T285,Malik Cunningham,DET,WR,-,-,-,-,,,,
T285,Zach D'Orazio,FA,WR,-,-,-,-,,,,
T285,Mac Dalena,BUF,WR,-,-,-,-,,,,
T285,Jared Dangerfield,FA,WR,-,-,-,-,,,,
T285,CJ Daniels,LAR,WR,-,-,-,301.30,,2.00,,
T285,Dallas Daniels,FA,WR,-,-,-,-,,,,
T285,DaVaris Daniels,FA,WR,-,-,-,-,,,,
T285,Kenny Golladay,FA,WR,-,-,-,-,,,,
T285,Josh Gordon,FA,WR,-,-,-,-,,,,
T285,Stephen Gosnell,BUF,WR,-,-,-,-,,,,
T285,Anthony Gould,IND,WR,-,-,-,-,,,,
T285,Danny Gray,PHI,WR,-,-,-,-,,,,
T285,Bryson Green,ARI,WR,-,-,-,-,,,,
T285,Garrett Greene,TB,WR,-,-,-,-,,,,
T285,Wesley Grimes,SF,WR,-,-,-,-,,,,
T285,Luke Grimm,LAC,WR,-,-,-,-,,,,
T285,Xavier Guillory,BAL,WR,-,-,-,-,,,,
T285,Sahmir Hagans,IND,WR,-,-,-,-,,,,
T285,Justin Hall,FA,WR,-,-,-,-,,,,
T285,Josh Hammond,FA,WR,-,-,-,-,,,,
T285,Mecole Hardman,BUF,WR,-,-,-,-,,,,
T285,Mike Harley,FA,WR,-,-,-,-,,,,
T285,Josh Harper,FA,WR,-,-,-,-,,,,
T285,De'Michael Harris,FA,WR,-,-,-,-,,,,
T285,Keilahn Harris,FA,WR,-,-,-,-,,,,
T285,Travell Harris,FA,WR,-,-,-,-,,,,
155,Tre' Harris,LAC,WR,169.20,-,-,172.80,,7.00,,
T285,Deonte Harty,FA,WR,-,-,-,-,,,Ques,Knee
T285,Jadon Haselwood,FA,WR,-,-,-,-,,,,
T285,Brandon Hayes,FA,WR,-,-,-,-,,,,
T285,Malik Heath,FA,WR,-,-,-,-,,,,
T285,Jaivon Heiligh,FA,WR,-,-,-,-,,,,
T285,Emmanuel Henderson,SEA,WR,-,-,-,441.00,,,,
T285,Thomas Hennigan,FA,WR,-,-,-,-,,,,
T285,AJ Henning,MIA,WR,-,-,-,-,,,,
T285,Ra'Shaun Henry,FA,WR,-,-,-,-,,,,
T285,Jake Herslow,FA,WR,-,-,-,-,,,,
T285,Julian Hicks,FA,WR,-,-,-,-,,,,
T285,Aleva Hifo,FA,WR,-,-,-,-,,,,
T285,Isaiah Ford,FA,WR,-,-,-,-,,,,
T285,Bryce Ford-Wheaton,FA,WR,-,-,-,-,,,Ques,Achilles
T285,Montorie Foster,SEA,WR,-,-,-,-,,,,
T285,Deshon Foxx,FA,WR,-,-,-,-,,,,
168,Troy Franklin,DEN,WR,183.40,-,-,195.50,,8.85,,
T285,Zakhari Franklin,FA,WR,-,-,-,-,,,,
T285,Ty Fryfogle,FA,WR,-,-,-,-,,,,
T285,Travis Fulgham,FA,WR,-,-,-,-,,,,
T285,Russell Gage,FA,WR,-,-,-,-,,,,
T285,Michael Gallup,FA,WR,-,-,-,-,,,,
T285,Kaylon Geiger,FA,WR,-,-,-,-,,,,
T285,Xavier Gipson,NYG,WR,-,-,-,-,,,,
T285,Caleb Douglas,MIA,WR,-,-,45.62,268.50,1.89,,,
T285,DeMario Douglas,NE,WR,-,-,-,332.60,,7.40,,
T285,Colton Dowell,SF,WR,-,-,-,-,,,,
T285,Emeka Emezie,FA,WR,-,-,-,-,,,,
T285,Alex Erickson,FA,WR,-,-,-,-,,,,
T285,Dee Eskridge,FA,WR,-,-,-,-,,,,
T285,Amba Etta-Tawo,FA,WR,-,-,-,-,,,,
T285,Dontario Drummond,FA,WR,-,-,-,-,,,,
T285,Dylan Drummond,ATL,WR,-,-,-,-,,,,
T285,Grant DuBose,FA,WR,-,-,-,-,,,Ques,Shoulder
T285,Ashton Dulin,IND,WR,-,-,-,-,,,,
T285,Kyre Duplessis,SEA,WR,-,-,-,-,,,,
T285,Devin Duvernay,ARI,WR,-,-,-,-,,,,
T285,Brennan Eagles,FA,WR,-,-,-,-,,,,
T285,Jerrion Ealy,FA,WR,-,-,-,-,,,,
T285,Tru Edwards,LAR,WR,-,-,-,-,,,,
T285,Omari Evans,KC,WR,-,-,-,-,,,,
T285,Erik Ezukanma,PHI,WR,-,-,-,-,,,,
T285,Jequez Ezzard,FA,WR,-,-,-,-,,,,
T285,Simi Fehoko,ARI,WR,-,-,-,-,,,,
T285,Da'Quan Felton,FA,WR,-,-,-,-,,,Ques,Undisclosed
T285,Tai Felton,MIN,WR,-,-,-,-,,5.00,,
T285,Isiah Ferguson,FA,WR,-,-,-,-,,,,
T285,Ethan Fernea,FA,WR,-,-,-,-,,,,
T285,Maurice Ffrench,FA,WR,-,-,-,-,,,,
239,Malachi Fields,NYG,WR,298.07,-,42.92,174.50,5.58,6.25,,
T285,Dez Fitzpatrick,FA,WR,-,-,-,-,,,Ques,Undisclosed
T285,Dontae Fleming,MIN,WR,-,-,-,-,,,,
T285,Luke Floriea,CLE,WR,-,-,-,-,,,,
186,Ryan Flournoy,DAL,WR,208.20,-,-,233.50,1.78,,,
T285,Malik Flowers,FA,WR,-,-,-,-,,,,
T285,Thomas Odukoya,FA,TE,-,-,-,-,,,Ques,Undisclosed
T285,Drew Ogletree,IND,TE,-,-,-,-,,,,
T285,Albert Okwuegbunam,LV,TE,-,-,-,-,,,,
T285,Josh Oliver,MIN,TE,-,-,-,-,,,,
T285,Caleb Lohner,DEN,TE,-,-,-,-,,,Ques,Lower Body
T285,Hunter Long,JAX,TE,-,-,-,-,,,,
T285,James Looney,FA,TE,-,-,-,-,,,,
T285,Tyler Mabry,FA,TE,-,-,-,-,,,Ques,Undisclosed
T285,Devin Mahina,FA,TE,-,-,-,-,,,,
T285,Will Mallory,IND,TE,-,-,-,-,,,,
T285,Chris Manhertz,NYG,TE,-,-,-,-,,,,
T285,David Martin-Robinson,TEN,TE,-,-,-,-,,,,
T285,RJ Maryland,GB,TE,-,-,-,-,,,,
T285,Lance Mason,SEA,TE,-,-,-,429.50,,,,
T285,Moliki Matavao,NO,TE,-,-,-,-,,,,
T285,Jordan Matthews,FA,TE,-,-,-,-,,,,
T285,Michael Mayer,LV,TE,-,-,-,235.20,,6.00,Ques,Nose
T285,Camren McDonald,FA,TE,-,-,-,-,,,,
T285,Sean McKeon,IND,TE,-,-,-,-,,,,
T285,Tre' McKitty,FA,TE,-,-,-,-,,,,
T285,Tanner McLachlan,SF,TE,-,-,-,-,,,IR,Undisclosed
T285,Taylor McNamara,FA,TE,-,-,-,-,,,,
T285,Lake McRee,PIT,TE,-,-,-,457.00,,,,
T285,Jackson Meeks,DET,TE,-,-,-,-,,,,
T285,Carson Meier,FA,TE,-,-,-,-,,,,
T285,Chamon Metayer,CAR,TE,-,-,-,-,,,,
T285,James Mitchell,CAR,TE,-,-,-,-,,,,
T285,John Mitchell,FA,TE,-,-,-,-,,,,
T285,Zaire Mitchell-Paden,NO,TE,-,-,-,-,,,,
T285,Briley Moore,FA,TE,-,-,-,-,,,,
T285,Quentin Moore,WAS,TE,-,-,-,-,,,,
T285,Foster Moreau,HOU,TE,-,-,-,-,,,,
T285,Quintin Morris,JAX,TE,-,-,-,-,,,,
T285,Thaddeus Moss,FA,TE,-,-,-,-,,,,
T285,Johnny Mundt,PHI,TE,-,-,-,-,,,,
T285,Nick Muse,DET,TE,-,-,-,-,,,,
T285,Luke Musgrave,GB,TE,-,-,-,468.00,,6.00,PUP-P,Neck
T285,Chris Myarick,FA,TE,-,-,-,-,,,,
T285,Bryson Nesbit,MIN,TE,-,-,-,-,,,,
T285,Adam Shaheen,FA,TE,-,-,-,-,,,,
T285,Bauer Sharp,TB,TE,-,-,-,404.30,,,,
T285,John Samuel Shenker,FA,TE,-,-,-,-,,,,
T285,Joshua Simon,ATL,TE,-,-,-,-,,,,
T285,Ben Sims,MIA,TE,-,-,-,-,,,,
T285,Ben Sinnott,WAS,TE,-,-,-,377.50,,,,
T285,Stone Smartt,PHI,TE,-,-,-,-,,,,
T285,Irv Smith,FA,TE,-,-,-,-,,,Ques,Ankle
T285,Jonnu Smith,FA,TE,-,-,-,-,,5.00,,
T285,Kaden Smith,FA,TE,-,-,-,-,,,,
T285,Durham Smythe,BAL,TE,-,-,-,-,,,,
T285,Matt Sokol,FA,TE,-,-,-,-,,,,
T285,Brevyn Spann-Ford,DAL,TE,-,-,-,-,,,,
T285,Dylan Stapleton,FA,TE,-,-,-,-,,,,
T285,John Stephens,FA,TE,-,-,-,-,,,,
T285,Luke Stocker,FA,TE,-,-,-,-,,,,
T285,Jack Stoll,CLE,TE,-,-,-,-,,,,
T285,Cade Stover,HOU,TE,-,-,-,-,,,,
T285,Mason Pline,KC,TE,-,-,-,-,,,,
T285,Tony Poljan,FA,TE,-,-,-,-,,,,
T285,Caden Prieskorn,CAR,TE,-,-,-,-,,,,
T285,MyCole Pruitt,FA,TE,-,-,-,-,,,,
T285,Layne Pryor,HOU,TE,-,-,-,-,,,,
T285,Teagan Quitoriano,ARI,TE,-,-,-,-,,,,
T285,Eli Raridon,NE,TE,-,-,29.67,254.20,4.04,2.00,,
T285,Mark Redman,LAR,TE,-,-,-,-,,,,
T285,Tip Reiman,ARI,TE,-,-,-,-,,,PUP-P,Ankle
T285,Giovanni Ricci,FA,TE,-,-,-,-,,,,
T285,Jared Rice,FA,TE,-,-,-,-,,,,
T285,Mike Rigerman,FA,TE,-,-,-,-,,,,
T285,Justin Rigg,FA,TE,-,-,-,-,,,,
T285,Richard Rodgers,FA,TE,-,-,-,-,,,,
T285,Armani Rogers,FA,TE,-,-,-,-,,,,
T285,DJ Rogers,DAL,TE,-,-,-,470.00,,,,
T285,Sam Roush,CHI,TE,-,-,-,449.50,,,,
T285,Joe Royer,CLE,TE,-,-,-,-,,,,
T285,Hayden Rucci,SF,TE,-,-,-,-,,,,
T285,Jeremy Ruckert,NYJ,TE,-,-,-,-,,,,
T285,Carter Runyon,LV,TE,-,-,-,-,,,,
T285,Carsen Ryan,CLE,TE,-,-,-,-,,,,
T285,Justin Joly,DEN,TE,-,-,51.86,302.50,1.56,,,
T285,Rohan Jones,LAR,TE,-,-,-,-,,,,
T285,Brevin Jordan,HOU,TE,-,-,-,-,,,,
T285,Will Kacmarek,MIA,TE,-,-,-,448.50,,,,
T285,Nikola Kalinic,CHI,TE,-,-,-,-,,,,
T285,Nick Kallerup,SEA,TE,-,-,-,-,,,,
T285,Jaren Kanak,TEN,TE,-,-,-,406.50,,,,
T285,Josh Kattus,CIN,TE,-,-,-,-,,,NFI-A,Undisclosed
T285,Max Klare,LAR,TE,-,-,36.22,214.70,2.62,2.40,,
T285,Marlin Klein,HOU,TE,-,-,56.20,407.80,,,,
T285,Cole Kmet,CHI,TE,-,-,-,358.00,1.15,9.00,,
T285,Dawson Knox,BUF,TE,-,-,-,466.50,0.90,5.00,,
T285,Charlie Kolar,LAC,TE,-,-,-,-,,,,
T285,Travis Koontz,FA,TE,-,-,-,-,,,,
T285,Davis Koppenhaver,FA,TE,-,-,-,-,,,,
T285,Tanner Koziol,JAX,TE,-,-,-,367.50,,,,
T285,Ko Kieft,TB,TE,-,-,-,-,,,,
T285,Miles Kitselman,DET,TE,-,-,-,-,,,Ques,Leg
T285,Hayden Large,CHI,TE,-,-,-,-,,,,
T285,Cameron Latu,PHI,TE,-,-,-,-,,,,
T285,Keleki Latu,BUF,TE,-,-,-,-,,,,
T285,Matt Lauter,FA,TE,-,-,-,-,,,,
T285,Dylan Leonard,FA,TE,-,-,-,-,,,,
T285,Marcedes Lewis,FA,TE,-,-,-,-,,,,
T285,Tyler Kroft,FA,TE,-,-,-,-,,,,
T285,Erik Krommenhoek,FA,TE,-,-,-,-,,,,
T285,Lucas Krull,DEN,TE,-,-,-,-,,,,
T285,Zack Kuntz,LV,TE,-,-,-,-,,,,
T285,Luke Lachey,GB,TE,-,-,-,-,,,,
T285,Anthony Landphere,FA,TE,-,-,-,-,,,,
T285,Marshall Lang,MIN,TE,-,-,-,-,,,,
T285,Neal Johnson,FA,TE,-,-,-,-,,,,
T285,J.J. Galbreath,PIT,TE,-,-,-,-,,,,
T285,Jameson Geers,ARI,TE,-,-,-,-,,,,
T285,Mike Gesicki,CIN,TE,-,-,-,347.70,1.14,7.50,,
T285,Nolan Givan,FA,TE,-,-,-,-,,,,
T285,Patrick Herbert,JAX,TE,-,-,-,-,,,,
T285,Chris Herndon,FA,TE,-,-,-,-,,,,
T285,Parker Hesse,FA,TE,-,-,-,-,,,,
T285,Matthew Hibner,BAL,TE,-,-,-,430.00,1.24,,,
T285,Tyler Higbee,LAR,TE,-,-,-,-,0.74,,,
T285,Elijah Higgins,ARI,TE,-,-,-,-,,,,
T285,Julian Hill,NE,TE,-,-,-,-,,,IR,Knee
T285,Taysom Hill,FA,TE,-,-,-,-,,9.00,,
T285,Curtis Hodges,FA,TE,-,-,-,-,,,,
T285,Dallin Holker,FA,TE,-,-,-,-,,,,
T285,J.P. Holtz,FA,TE,-,-,-,-,,,,
T285,Austin Hooper,ATL,TE,-,-,-,-,,,,
T285,Brycen Hopkins,FA,TE,-,-,-,-,,,,
T285,Jesper Horsted,FA,TE,-,-,-,-,,,,
T285,Zach Horton,FA,TE,-,-,-,-,,,,
T285,Parker Houston,FA,TE,-,-,-,-,,,,
T285,Bug Howard,FA,TE,-,-,-,-,,,,
T285,O.J. Howard,FA,TE,-,-,-,-,,,,
T285,J.J. Howland,FA,TE,-,-,-,-,,,,
T285,Garrett Hudson,FA,TE,-,-,-,-,,,,
T285,Tanner Hudson,CIN,TE,-,-,-,-,,,,
T285,Qadir Ismail,CHI,TE,-,-,-,-,,,,
T285,Kalif Jackson,FA,TE,-,-,-,-,,,,
T285,Tyree Jackson,FA,TE,-,-,-,-,,,Ques,Undisclosed
T285,Michael Jacobson,FA,TE,-,-,-,-,,,,
T285,Jesse James,FA,TE,-,-,-,-,,,,
T285,E.J. Jenkins,PHI,TE,-,-,-,-,,,,
T285,Justin Johnson,FA,TE,-,-,-,-,,,,
T285,Jonathan Ward,FA,RB,-,-,-,-,,,,
T285,Chip Trayanum,NYJ,RB,-,-,-,-,,,,
212,Sean Tucker,TB,RB,253.30,-,-,229.60,1.83,7.18,,
T285,De'Montre Tuggle,FA,RB,-,-,-,-,,,,
T285,Xavier Turner,FA,RB,-,-,-,-,,,,
T285,Zamir White,FA,RB,-,-,-,-,,5.00,,
T285,ZaQuandre White,FA,RB,-,-,-,-,,,,
T285,Noah Whittington,HOU,RB,-,-,-,-,,,,
T285,Michael Wiley,FA,RB,-,-,-,-,,,Ques,Undisclosed
193,Antonio Williams,FA,RB,218.01,-,-,-,,,,
T285,D.J. Williams,FA,RB,-,-,-,-,,,Ques,Undisclosed
T285,Jamaal Williams,FA,RB,-,-,-,-,,,,
T285,Jordan Waters,LAR,RB,-,-,-,-,,,,
T285,Blake Watson,FA,RB,-,-,-,-,,,Ques,Undisclosed
T285,Devwah Whaley,FA,RB,-,-,-,-,,,,
T285,Ian Wheeler,BUF,RB,-,-,-,-,,,,
T285,Carlos Washington,MIA,RB,-,-,-,-,,,,
T285,Josh Williams,TB,RB,-,-,-,-,,,,
T285,Gavin Bartholomew,MIN,TE,-,-,-,-,,,Ques,Back
T285,Brenden Bates,CLE,TE,-,-,-,-,,,,
T285,John Bates,WAS,TE,-,-,-,-,,,Ques,Hamstring
T285,Ben Beise,FA,TE,-,-,-,-,,,,
T285,Drew Belcher,FA,TE,-,-,-,-,,,,
T285,Blake Bell,FA,TE,-,-,-,-,,,,
T285,Jaheim Bell,PIT,TE,-,-,-,-,,,,
T285,Daniel Bellinger,TEN,TE,-,-,-,-,,,,
T285,Dallen Bentley,DEN,TE,-,-,-,-,,,,
T285,Shaun Beyer,FA,TE,-,-,-,-,,,,
T285,Kendall Blanton,FA,TE,-,-,-,-,,,,
T285,Nate Boerkircher,JAX,TE,-,-,-,455.00,,,,
T285,Naz Bohannon,FA,TE,-,-,-,-,,,,
T285,Isaiah Spiller,FA,RB,-,-,-,-,,,,
T285,Darren Sproles,FA,RB,-,-,-,-,,,,
T285,William Stanback,FA,RB,-,-,-,-,,,,
T285,Carson Steele,PHI,RB,-,-,-,-,,,,
T285,Terion Stewart,FA,RB,-,-,-,444.50,,,,
T285,Tre Stewart,FA,RB,-,-,-,-,,,,
T285,Pierre Strong,GB,RB,-,-,-,-,,,,
T285,Titus Swen,FA,RB,-,-,-,-,,,,
T285,Jabari Small,DET,RB,-,-,-,-,,,,
T285,Wendell Smallwood,FA,RB,-,-,-,-,,,,
T285,Abram Smith,FA,RB,-,-,-,-,,,,
249,Brashard Smith,KC,RB,310.04,-,-,273.40,,5.67,,
T285,EJ Smith,KC,RB,-,-,-,-,,,,
T285,Ito Smith,FA,RB,-,-,-,-,,,,
T285,Rodney Smith,FA,RB,-,-,-,-,,,,
T285,Benny Snell,FA,RB,-,-,-,-,,,,
T285,Anthony Tyus,CAR,RB,-,-,-,-,,,,
T285,Sione Vaki,DET,RB,-,-,-,401.30,,,Ques,Eye
T285,Xazavian Valladay,FA,RB,-,-,-,-,,,,
T285,Deuce Vaughn,FA,RB,-,-,-,-,,,,
T285,Jordon Vaughn,FA,RB,-,-,-,-,,,,
T285,Ke'Shawn Vaughn,FA,RB,-,-,-,-,,,,
T285,CJ Verdell,FA,RB,-,-,-,-,,,,
T285,Elijah Tau-Tolliver,BAL,RB,-,-,-,-,,,,
T285,Corey Taylor,FA,RB,-,-,-,-,,,,
T285,J'Mari Taylor,JAX,RB,-,-,-,259.00,,,,
T285,J.J. Taylor,FA,RB,-,-,-,-,,,,
T285,Patrick Taylor,SF,RB,-,-,-,-,,,,
T285,Master Teague,FA,RB,-,-,-,-,,,,
T285,SaRodorick Thompson,FA,RB,-,-,-,-,,,,
T285,DeAndre Torrey,FA,RB,-,-,-,-,,,,
T285,Tanner Arkin,NE,TE,-,-,-,-,,,,
T285,Dan Arnold,FA,TE,-,-,-,-,,,,
T285,Elijah Arroyo,SEA,TE,-,-,-,260.90,,5.50,,
T285,Josh Babicz,FA,TE,-,-,-,-,,,,
T285,Stephen Baggett,FA,TE,-,-,-,-,,,,
T285,Noah Fant,NO,TE,-,-,-,-,,5.00,,
T285,Princeton Fant,DAL,TE,-,-,-,-,,,Ques,Knee
T285,Luke Farrell,SF,TE,-,-,-,-,,,,
T229,Terrance Ferguson,LAR,TE,276.55,-,-,176.10,,5.20,,
T285,Thomas Fidone,NYG,TE,-,-,-,-,,,,
T285,Anthony Firkser,DET,TE,-,-,-,-,,,Ques,Leg
T285,Tucker Fisk,FA,TE,-,-,-,-,,,,
T285,John FitzPatrick,FA,TE,-,-,-,-,,,Ques,Achilles
T285,Kenny Fletcher,TB,TE,-,-,-,-,,,,
T285,Miller Forristall,FA,TE,-,-,-,-,,,,
T285,Austin Fort,FA,TE,-,-,-,-,,,,
T285,Jody Fortson,FA,TE,-,-,-,-,,,,
T285,Cole Fotheringham,FA,TE,-,-,-,-,,,,
T285,Feleipe Franks,CAR,TE,-,-,-,-,,,,
206,Pat Freiermuth,PIT,TE,239.40,-,-,232.50,2.14,6.17,,
T285,Troy Fumagalli,FA,TE,-,-,-,-,,,,
T285,Devin Funchess,FA,TE,-,-,-,-,,,,
T285,Thomas Gordon,DET,TE,-,-,-,-,,,,
T285,Cam Grandy,CIN,TE,-,-,-,-,,,Ques,Chest
T285,Colin Granger,FA,TE,-,-,-,-,,,,
T285,Kylen Granson,TEN,TE,-,-,-,-,,,,
T285,Noah Gray,KC,TE,-,-,-,346.40,,7.00,,
T285,Seth Green,FA,TE,-,-,-,-,,,,
T285,Xavier Grimble,FA,TE,-,-,-,-,,,,
T285,Nick Guggemos,FA,TE,-,-,-,-,,,,
T285,Grayson Gunter,FA,TE,-,-,-,-,,,,
T285,Patrick Gurd,LV,TE,-,-,-,-,,,,
T285,John Michael Gyllenborg,KC,TE,-,-,-,-,,,IR,Knee
T285,Heinrich Haarberg,FA,TE,-,-,-,-,,,,
T285,Jeremiah Hall,FA,TE,-,-,-,-,,,,
T285,Louis Hansen,FA,TE,-,-,-,-,,,,
T285,Cody Hardy,NO,TE,-,-,-,-,,,,
T285,Jackson Hawes,BUF,TE,-,-,-,-,,,,
203,Gunnar Helm,TEN,TE,235.20,-,-,166.10,2.73,5.00,,
T285,Nick Bowers,FA,TE,-,-,-,-,,,,
T285,Nick Boyle,FA,TE,-,-,-,-,,,,
T285,Jerand Bradley,LAC,TE,-,-,-,-,,,,
T285,Jacob Breeland,FA,TE,-,-,-,-,,,,
T285,Cade Brewer,FA,TE,-,-,-,-,,,,
T285,Jake Briningstool,KC,TE,-,-,-,-,,,,
T285,Keenen Brown,FA,TE,-,-,-,-,,,,
T285,Pharaoh Brown,FA,TE,-,-,-,-,,,,
T285,Harrison Bryant,FA,TE,-,-,-,-,,,Ques,Undisclosed
T285,Jake Burt,FA,TE,-,-,-,-,,,,
T285,Trey Burton,FA,TE,-,-,-,-,,,,
T285,Matt Bushman,FA,TE,-,-,-,-,,,,
T285,Lawrence Cager,WAS,TE,-,-,-,-,,,,
T285,Grant Calcaterra,PHI,TE,-,-,-,-,,,,
T285,Sal Cannella,FA,TE,-,-,-,-,,,,
T285,Stephen Carlson,CHI,TE,-,-,-,-,,,,
T285,Derek Carrier,FA,TE,-,-,-,-,,,,
T285,Roger Carter,FA,TE,-,-,-,-,,,,
T285,McCallan Castles,FA,TE,-,-,-,-,,,,
T285,Charles Clay,FA,TE,-,-,-,-,,,,
T285,Tyler Conklin,DET,TE,-,-,-,-,,5.00,PUP-P,Knee
T285,Ethan Conner,JAX,TE,-,-,-,-,,,,
T285,Tanner Conner,NYG,TE,-,-,-,-,,,,
T285,Jalin Conyers,FA,TE,-,-,-,-,,,,
T285,Jared Cook,FA,TE,-,-,-,-,,,,
T285,Daniel Crawford,FA,TE,-,-,-,-,,,,
T285,Micky Crum,FA,TE,-,-,-,-,,,,
T285,Josh Cuevas,BAL,TE,-,-,-,-,,,,
T285,Devin Culp,TB,TE,-,-,-,-,,,,
T285,Baylor Cupp,FA,TE,-,-,-,-,,,,
T285,Chase Curtis,NYJ,TE,-,-,-,-,,,,
T285,Drake Dabney,GB,TE,-,-,-,-,,,,
T285,Zach Davidson,FA,TE,-,-,-,-,,,,
T285,Tyler Davis,FA,TE,-,-,-,-,,,,
T285,Easton Dean,FA,TE,-,-,-,-,,,,
T285,Derrick Deese,FA,TE,-,-,-,-,,,,
T285,Josiah Deguara,SF,TE,-,-,-,-,,,,
T285,Oscar Delp,NO,TE,-,-,37.83,255.30,2.41,,,
T285,Garrett Dickerson,FA,TE,-,-,-,-,,,,
T285,Khalil Dinkins,FA,TE,-,-,-,-,,,Ques,Undisclosed
T285,CJ Dippre,NE,TE,-,-,-,-,,,PUP-P,Undisclosed
T285,Will Dissly,FA,TE,-,-,-,-,,,Ques,Undisclosed
T216,Greg Dulcich,MIA,TE,260.40,-,-,253.40,2.54,,,
T285,Payne Durham,TB,TE,-,-,-,-,,,,
T285,Ross Dwelley,FA,TE,-,-,-,-,,,,
T285,Eric Ebron,FA,TE,-,-,-,-,,,,
T285,Jack Endries,CIN,TE,-,-,-,331.80,,,,
226,Evan Engram,DEN,TE,270.55,-,-,319.10,0.99,20.40,,
T285,Zach Ertz,FA,TE,-,-,-,-,,8.29,Ques,Knee - ACL
T285,Mitchell Evans,CAR,TE,-,-,-,-,,,,
T285,Gerald Everett,FA,TE,-,-,-,-,,,,
T285,Michael Ezeike,FA,TE,-,-,-,-,,,,
T285,Rivaldo Fairweather,ARI,TE,-,-,-,-,,,,
T285,Pooka Williams,FA,RB,-,-,-,-,,,,
T285,Rasheed Williams,FA,RB,-,-,-,-,,,,
T285,Trayveon Williams,FA,RB,-,-,-,-,,,,
153,Emanuel Wilson,SEA,RB,166.20,-,-,211.50,1.41,7.43,,
T285,Jeff Wilson,FA,RB,-,-,-,-,,,,
T285,Jacardia Wright,SEA,RB,-,-,-,-,,,,
236,Jaylen Wright,MIA,RB,291.95,-,-,224.70,,7.67,,
T285,Owen Wright,FA,RB,-,-,-,-,,,,
T285,T.J. Yeldon,FA,RB,-,-,-,-,,,,
T285,Micah Abernathy,FA,S,-,-,-,-,,,,
T285,Johnathan Abram,FA,S,-,-,-,-,,,,
T285,Jamal Adams,MIN,S,-,-,-,-,,,,
T285,Tony Adams,TEN,S,-,-,-,-,,,,
T285,Nasir Adderley,FA,S,-,-,-,-,,,,
T285,Jon Alexander,FA,S,-,-,-,-,,,,
T285,Ugo Amadi,FA,S,-,-,-,-,,,,
T285,Adrian Amos,FA,S,-,-,-,-,,,,
T285,Tycen Anderson,DEN,S,-,-,-,-,,,,
T285,Zayne Anderson,MIA,S,-,-,-,-,,,,
T285,Daijahn Anthony,CIN,S,-,-,-,-,,,,
T285,Grayland Arnold,FA,S,-,-,-,-,,,,
T285,Noah Avinger,LAC,S,-,-,-,-,,,,
T285,Budda Baker,ARI,S,-,-,-,-,4.03,,,
T285,Marcus Banks,TB,S,-,-,-,-,,,,
T285,Jessie Bates,ATL,S,-,-,-,-,3.50,,,
T285,John Battle,FA,S,-,-,-,-,,,,
T285,Jordan Battle,CIN,S,-,-,-,-,,,,
T285,D'Anthony Bell,SEA,S,-,-,-,-,,,,
T285,Markquese Bell,DAL,S,-,-,-,-,,,,
T285,Vonn Bell,FA,S,-,-,-,-,,,,
T285,Dane Belton,NYJ,S,-,-,-,-,,,,
T285,Cole Bishop,BUF,S,-,-,-,-,,,Ques,Knee
T285,Julian Blackmon,NO,S,-,-,-,-,,,,
T285,Marquise Blair,FA,S,-,-,-,-,,,,
T285,Reed Blankenship,HOU,S,-,-,-,-,,,,
T285,Joey Blount,ARI,S,-,-,-,-,,,Ques,Undisclosed
T285,Bubba Bolden,FA,S,-,-,-,-,,,,
T285,Billy Bowman,ATL,S,-,-,-,-,,,PUP-P,Achilles
T285,Beau Brade,NYG,S,-,-,-,-,,,,
T285,Brian Branch,DET,S,-,-,-,-,,,PUP-P,Achilles
T285,Jaquan Brisker,PIT,S,-,-,-,-,,,,
T285,Kendell Brooks,TEN,S,-,-,-,-,,,,
T285,Larry Brooks,FA,S,-,-,-,-,,,,
T285,Aamaris Brown,DET,S,-,-,-,-,,,,
T285,Austin Brown,IND,S,-,-,-,-,,,,
T285,Ji'Ayir Brown,SF,S,-,-,-,-,,,,
T285,Mike Brown,NE,S,-,-,-,-,,,,
T285,Omar Brown,MIA,S,-,-,-,-,,,,
T285,Sydney Brown,ATL,S,-,-,-,-,,,,
T285,Coby Bryant,CHI,S,-,-,-,-,,,Ques,Knee
T285,Javon Bullard,GB,S,-,-,-,-,,,,
T285,Calen Bullock,HOU,S,-,-,-,-,,,,
T285,Terrell Burgess,NO,S,-,-,-,-,,,,
T285,Major Burns,MIA,S,-,-,-,-,,,,
T285,Deon Bush,FA,S,-,-,-,-,,,Ques,Achilles
T285,Percy Butler,WAS,S,-,-,-,-,,,,
T285,Kevin Byard,NE,S,-,-,-,-,2.38,,,
T285,Camryn Bynum,IND,S,-,-,-,-,,,,
T285,Elijah Campbell,NYG,S,-,-,-,-,,,,
T285,Derrick Canteen,TEN,S,-,-,-,-,,,,
T285,Sebastian Castro,PIT,S,-,-,-,-,,,,
T285,Andre Chachere,FA,S,-,-,-,-,,,,
T285,Duce Chestnut,FA,S,-,-,-,-,,,,
T285,Zion Childress,DAL,S,-,-,-,-,,,Ques,Hamstring
T285,Jeremy Chinn,LV,S,-,-,-,-,,,,
T285,Lewis Cine,FA,S,-,-,-,-,,,,
T285,Andre Cisco,NYJ,S,-,-,-,-,,,Ques,Pectoral
T285,Alijah Clark,DAL,S,-,-,-,-,,,,
T285,Bud Clark,SEA,S,-,-,-,-,,,,
T285,Chuck Clark,DET,S,-,-,-,-,,,,
T285,Dean Clark,NYJ,S,-,-,-,-,,,,
T285,Hudson Clark,FA,S,-,-,-,-,,,,
T285,Adrian Colbert,FA,S,-,-,-,-,,,,
T285,Chamarri Conner,KC,S,-,-,-,-,3.16,,,
T285,Alex Cook,LAR,S,-,-,-,-,,,,
T285,Bryan Cook,CIN,S,-,-,-,-,,,,
T285,Kitan Crawford,ARI,S,-,-,-,-,,,Ques,Ankle
T285,Nick Cross,WAS,S,-,-,-,-,,,,
T285,Dane Cruikshank,FA,S,-,-,-,-,,,,
T285,Kamren Curl,LAR,S,-,-,-,-,3.36,,,
T285,Marcel Dabo,FA,S,-,-,-,-,,,,
T285,Ashtyn Davis,SF,S,-,-,-,-,,,,
T285,Elliott Davison,NO,S,-,-,-,-,,,,
T285,Cooper DeJean,PHI,S,-,-,-,-,,,,
T285,Grant Delpit,CLE,S,-,-,-,-,,,,
T285,Ben DeLuca,FA,S,-,-,-,-,,,,
T285,Trevor Denbow,FA,S,-,-,-,-,,,,
T285,Quandre Diggs,FA,S,-,-,-,-,,,,
T285,Malik Dixon-Williams,FA,S,-,-,-,-,,,,
T285,Caleb Downs,DAL,S,-,-,20.89,-,,,,
T285,Kyle Dugger,CIN,S,-,-,-,-,,,,
T285,Christopher Edmonds,CLE,S,-,-,-,-,,,,
T285,Terrell Edmunds,FA,S,-,-,-,-,,,,
T285,Mike Edwards,FA,S,-,-,-,-,,,,
T285,DeShon Elliott,PIT,S,-,-,-,-,3.55,,,
T285,Jalen Elliott,FA,S,-,-,-,-,,,,
T285,Nick Emmanwori,SEA,S,-,-,-,-,,,PUP-P,Ankle
T285,Marcus Epps,PHI,S,-,-,-,-,,,,
T285,AJ Finley,SEA,S,-,-,-,-,,,Ques,Knee
T285,Bishop Fitzgerald,TEN,S,-,-,-,-,,,,
T285,Minkah Fitzpatrick,NYJ,S,-,-,-,-,2.10,,,
T285,Darrick Forrest,SF,S,-,-,-,-,,,IR,Undisclosed
T285,Sam Franklin,BUF,S,-,-,-,-,,,,
T285,Jordan Fuller,FA,S,-,-,-,-,,,,
T285,C.J. Gardner-Johnson,BUF,S,-,-,-,-,,,Ques,Calf
T285,Marcus Gilchrist,FA,S,-,-,-,-,,,,
T285,Alohi Gilman,KC,S,-,-,-,-,2.46,,,
T285,Tashaun Gipson,FA,S,-,-,-,-,,,,
T285,Devin Grant,LAC,S,-,-,-,-,,,,
T285,Richie Grant,FA,S,-,-,-,-,,,,
T285,J.T. Gray,PHI,S,-,-,-,-,,,,
T285,Kapena Gushiken,PHI,S,-,-,-,-,,,,
T285,Kahlef Hailassie,MIN,S,-,-,-,-,,,,
T285,Erick Hallett,TEN,S,-,-,-,-,,,,
T285,Kyle Hamilton,BAL,S,-,-,-,-,,,,
T285,Damar Hamlin,BUF,S,-,-,-,-,,,,
T285,Jordan Hancock,BUF,S,-,-,-,-,,,,
T285,Thomas Harper,DET,S,-,-,-,-,,,Ques,Concussion
T285,Will Harris,WAS,S,-,-,-,-,,,,
T285,A.J. Haulcy,IND,S,-,-,41.88,-,,,,
T285,Jaylinn Hawkins,BAL,S,-,-,-,-,,,,
T285,DeMarcco Hellams,ATL,S,-,-,-,-,,,Ques,Hamstring
T285,Jack Henderson,PIT,S,-,-,-,-,,,,
T285,Ronnie Hickman,CLE,S,-,-,-,-,,,,
T285,Elijah Hicks,CHI,S,-,-,-,-,,,PUP-P,Shin
T285,Jaden Hicks,KC,S,-,-,-,-,,,,
T285,Brandon Hill,FA,S,-,-,-,-,,,,
T285,Jevon Holland,NYG,S,-,-,-,-,1.88,,Ques,Knee
T285,Maxen Hook,SEA,S,-,-,-,-,,,,
T285,Amani Hooker,TEN,S,-,-,-,-,,,,
T285,Malik Hooker,DAL,S,-,-,-,-,1.04,,,
T285,Jordan Howden,NO,S,-,-,-,-,,,,
T285,Talanoa Hufanga,DEN,S,-,-,-,-,,,,
T285,Jalen Huskey,JAX,S,-,-,-,-,,,,
T285,Desmond Igbinosun,FA,S,-,-,-,-,,,,
T285,Tanner Ingle,LAR,S,-,-,-,-,,,,
T285,Daniel Isom,FA,S,-,-,-,-,,,,
T285,Christian Izien,DET,S,-,-,-,-,,,,
T285,Dan Jackson,DET,S,-,-,-,-,,,Ques,Leg
T285,Eddie Jackson,FA,S,-,-,-,-,,,,
T285,Kareem Jackson,FA,S,-,-,-,-,,,,
T285,Keondre Jackson,BAL,S,-,-,-,-,,,,
T285,Matthew Jackson,FA,S,-,-,-,-,,,,
T285,Theo Jackson,MIN,S,-,-,-,-,,,,
T285,Derwin James,LAC,S,-,-,-,-,4.31,,,
T285,Tony Jefferson,LAC,S,-,-,-,-,,,,
T285,Rayshawn Jenkins,PIT,S,-,-,-,-,,,,
T285,Anthony Johnson,CHI,S,-,-,-,-,,,,
T285,Antonio Johnson,JAX,S,-,-,-,-,,,,
T285,Dalton Johnson,LV,S,-,-,-,-,,,,
T285,John Johnson,FA,S,-,-,-,-,,,,
T285,Lonnie Johnson,MIA,S,-,-,-,-,,,,
T285,Quindell Johnson,FA,S,-,-,-,-,,,,
T285,Tysheem Johnson,FA,S,-,-,-,-,,,,
T285,Brandon Jones,DEN,S,-,-,-,-,,,Ques,Pectoral
T285,Colin Jones,FA,S,-,-,-,-,,,,
T285,Brandon Joseph,FA,S,-,-,-,-,,,,
T285,Kerby Joseph,DET,S,-,-,-,-,,,PUP-P,Knee
T285,PJ Jules,CIN,S,-,-,-,-,,,,
T285,Sanoussi Kane,TEN,S,-,-,-,-,,,IR,Undisclosed
T285,Damontae Kazee,FA,S,-,-,-,-,,,,
T285,Murvin Kenion,GB,S,-,-,-,-,,,,
T285,Devon Key,DEN,S,-,-,-,-,,,,
T285,Jaylen Key,FA,S,-,-,-,-,,,,
T285,Jalon Kilgore,BUF,S,-,-,-,-,,,,
T285,Miles Killebrew,TB,S,-,-,-,-,,,,
T285,Kamren Kinchens,LAR,S,-,-,-,-,,,,
T285,Qwuantrezz Knight,WAS,S,-,-,-,-,,,,
T285,Kevin Knowles,KC,S,-,-,-,-,,,,
T285,Devin Lafayette,LV,S,-,-,-,-,,,,
T285,Quentin Lake,LAR,S,-,-,-,-,,,,
T285,Rayuan Lane,JAX,S,-,-,-,-,,,,
T285,Tucker Large,PHI,S,-,-,-,-,,,NFI-R,Undisclosed
T285,Raheem Layne,NYG,S,-,-,-,-,,,,
T285,P.J. Locke,DAL,S,-,-,-,-,,,Ques,Knee
T285,Julian Love,SEA,S,-,-,-,-,2.44,,,
T285,Reuben Lowery,IND,S,-,-,-,-,,,Reserve-Ret,Undisclosed
T285,Quan Martin,WAS,S,-,-,-,-,,,,
T285,Tyrann Mathieu,FA,S,-,-,-,-,,,,
T285,Marcus Maye,FA,S,-,-,-,-,,,,
T285,Bobby McCain,FA,S,-,-,-,-,,,,
T285,Tanner McCalister,KC,S,-,-,-,-,,,,
T285,Jaylen McCollough,LAR,S,-,-,-,-,,,,
T285,Tristin McCollum,LV,S,-,-,-,-,,,,
T285,Robert McDaniel,WAS,S,-,-,-,-,,,,
T285,Xavier McKinney,GB,S,-,-,-,-,2.89,,,
T285,Donovan McMillon,CLE,S,-,-,-,-,,,,
T285,Patrick McMorris,SF,S,-,-,-,-,,,,
T285,Emmanuel McNeil-Warren,CLE,S,-,-,49.17,-,,,,
T285,Jairon McVea,FA,S,-,-,-,-,,,,
T285,Ifeatu Melifonwu,TB,S,-,-,-,-,,,,
T285,Kaevon Merriweather,HOU,S,-,-,-,-,,,,
T285,Josh Metellus,MIN,S,-,-,-,-,,,Ques,Shoulder
T285,RJ Mickens,LAC,S,-,-,-,-,,,,
T285,Jalen Mills,FA,S,-,-,-,-,,,,
T285,Tre'von Moehrig,CAR,S,-,-,-,-,3.86,,,
T285,Elijah Molden,LAC,S,-,-,-,-,,,,
T285,Jarius Monroe,NYJ,S,-,-,-,-,,,,
T285,Louis Moore,MIA,S,-,-,-,-,,,,
T285,Malachi Moore,NYJ,S,-,-,-,-,,,,
T285,Tarvarius Moore,FA,S,-,-,-,-,,,,
T285,Jordan Mosley,FA,S,-,-,-,-,,,,
T285,Israel Mukuamu,FA,S,-,-,-,-,,,,
T285,Andrew Mukuba,PHI,S,-,-,-,-,,,,
T285,Eric Murray,JAX,S,-,-,-,-,,,,
T285,Malik Mustapha,SF,S,-,-,-,-,,,Ques,Hamstring
T285,Devin Neal,JAX,S,-,-,-,-,,,,
T285,Ryan Neal,FA,S,-,-,-,-,,,,
T285,Siran Neal,SF,S,-,-,-,-,,,,
T285,Ben Nikkel,IND,S,-,-,-,-,,,,
T285,Morice Norris,FA,S,-,-,-,-,,,Ques,Concussion
T285,Tyler Nubin,NYG,S,-,-,-,-,,,,
T285,Xavier Nwankpa,KC,S,-,-,-,-,,,,
T285,Isaiah Nwokobia,CIN,S,-,-,-,-,,,,
T285,George Odum,FA,S,-,-,-,-,,,,
T285,Ty Okada,SEA,S,-,-,-,-,2.22,,,
T285,Kitan Oladapo,GB,S,-,-,-,-,,,,
T285,Isaiah Oliver,ARI,S,-,-,-,-,,,,
T285,Gervarrius Owens,CHI,S,-,-,-,-,,,,
T285,Jonathan Owens,IND,S,-,-,-,-,,,,
T285,Tyler Owens,WAS,S,-,-,-,-,,,,
T285,Wande Owens,FA,S,-,-,-,-,,,,
T285,Ayo Oyelola,FA,S,-,-,-,-,,,,
T285,Makari Paige,FA,S,-,-,-,-,,,,
T285,VJ Payne,NYJ,S,-,-,-,-,,,,
T285,Jabrill Peppers,FA,S,-,-,-,-,,,,
T285,Devyn Perkins,LV,S,-,-,-,-,,,,
T285,Mark Perry,GB,S,-,-,-,-,,,,
T285,Dell Pettus,NE,S,-,-,-,-,,,,
T285,Jalyn Phillips,FA,S,-,-,-,-,,,,
T285,Jason Pinnock,NYG,S,-,-,-,-,,,,
T285,Isaiah Pola-Mao,LV,S,-,-,-,-,,,,
T285,Jordan Poyer,FA,S,-,-,-,-,,,Ques,Hamstring
T285,Josh Proctor,FA,S,-,-,-,-,,,,
T285,Maximus Pulley,PHI,S,-,-,-,-,,,,
T285,Jalen Ramsey,PIT,S,-,-,-,-,1.26,,PUP-P,Knee
T285,Kamari Ramsey,HOU,S,-,-,-,-,,,,
T285,Caleb Ransaw,JAX,S,-,-,-,-,,,Ques,Lower Body
T285,Lathan Ransom,CAR,S,-,-,-,-,,,,
T285,Taylor Rapp,FA,S,-,-,-,-,,,Ques,Knee
T285,Jeremy Reaves,WAS,S,-,-,-,-,,,,
T285,Jaylen Reed,HOU,S,-,-,-,-,,,,
T285,Jerrick Reed,TEN,S,-,-,-,-,,,,
T285,Justin Reid,NO,S,-,-,-,-,,,,
T285,Demani Richardson,CAR,S,-,-,-,-,,,,
T285,J.J. Roberts,TB,S,-,-,-,-,,,Ques,Knee
T285,Jahquez Robinson,BAL,S,-,-,-,-,,,,
T285,Jammie Robinson,ATL,S,-,-,-,-,,,,
T285,Myles Rowser,FA,S,-,-,-,-,,,,
T285,Andre' Sam,PHI,S,-,-,-,-,,,,
T285,Shilo Sanders,FA,S,-,-,-,-,,,,
T285,Jonas Sanker,NO,S,-,-,-,-,,,,
T285,Benny Sapp,FA,S,-,-,-,-,,,,
T285,John Saunders,NE,S,-,-,-,-,,,,
T285,Darnell Savage,FA,S,-,-,-,-,,,,
T285,Brenden Schooler,NE,S,-,-,-,-,,,NFI-A,Undisclosed
T285,Daniel Scott,IND,S,-,-,-,-,,,,
T285,Miles Scott,DEN,S,-,-,-,-,,,,
T285,Nick Scott,CAR,S,-,-,-,-,2.08,,,
T285,Marlen Sewell,FA,S,-,-,-,-,,,,
T285,Marques Sigle,SF,S,-,-,-,-,,,,
T285,Cam'Ron Silmon-Craig,JAX,S,-,-,-,-,,,,
T285,Isaiah Simmons,CAR,S,-,-,-,-,,,,
T285,Justin Simmons,FA,S,-,-,-,-,,,,
T285,DeShon Singleton,KC,S,-,-,-,-,,,,
T285,JL Skinner,DEN,S,-,-,-,-,,,,
T285,Chris Smith,FA,S,-,-,-,-,,,Ques,Undisclosed
T285,DQ Smith,FA,S,-,-,-,-,,,,
T285,Genesis Smith,LAC,S,-,-,-,-,,,,
T285,Harrison Smith,FA,S,-,-,-,-,,,,
T285,Tykee Smith,TB,S,-,-,-,-,,,,
T285,Daniel Sorensen,FA,S,-,-,-,-,,,,
T285,Robert Spears-Jennings,PIT,S,-,-,-,-,,,,
T285,Malik Spencer,WAS,S,-,-,-,-,,,,
T285,Malaki Starks,BAL,S,-,-,-,-,,,,
T285,M.J. Stewart,HOU,S,-,-,-,-,,,PUP-P,Quadriceps
T285,Geno Stone,BUF,S,-,-,-,-,,,,
T285,Loren Strickland,DET,S,-,-,-,-,,,,
T285,Jalen Stroman,SF,S,-,-,-,-,,,,
T285,Treydan Stukes,LV,S,-,-,-,-,,,,
T285,Lorenzo Styles,NO,S,-,-,-,-,,,,
T285,Michael Taaffe,MIA,S,-,-,-,-,,,,
T285,Jason Taylor,FA,S,-,-,-,-,,,,
T285,Trey Taylor,FA,S,-,-,-,-,,,,
T285,Dadrion Taylor-Demerson,ARI,S,-,-,-,-,,,,
T285,Roderic Teamer,FA,S,-,-,-,-,,,,
T285,Dillon Thieneman,CHI,S,-,-,32.60,-,,,,
T285,A.J. Thomas,FA,S,-,-,-,-,,,,
T285,Daniel Thomas,CLE,S,-,-,-,-,,,,
T285,Jacob Thomas,MIN,S,-,-,-,-,,,,
T285,Jakobe Thomas,MIN,S,-,-,-,-,,,,
T285,Juanyeh Thomas,IND,S,-,-,-,-,,,,
T285,Michael Thomas,FA,S,-,-,-,-,,,,
T285,Rodney Thomas,SEA,S,-,-,-,-,,,,
T285,Trevian Thomas,JAX,S,-,-,-,-,,,,
T285,Jalen Thompson,DAL,S,-,-,-,-,,,Ques,Hip
T285,Trenton Thompson,FA,S,-,-,-,-,,,,
T285,Juan Thornhill,FA,S,-,-,-,-,,,,
T285,Dante Trader,MIA,S,-,-,-,-,,,,
T285,Nolan Turner,FA,S,-,-,-,-,,,,
T285,Delarrin Turner-Yell,FA,S,-,-,-,-,,,Ques,Knee
T285,Nate Valcarcel,LAR,S,-,-,-,-,,,,
T285,La'Kendrick Van Zandt,FA,S,-,-,-,-,,,,
T285,Malik Verdon,ATL,S,-,-,-,-,,,,
T285,Tanner Wall,LV,S,-,-,-,-,,,,
T285,K'Von Wallace,BAL,S,-,-,-,-,,,,
T285,Silas Walters,BAL,S,-,-,-,-,,,,
T285,Jay Ward,MIN,S,-,-,-,-,,,,
T285,Jimmie Ward,FA,S,-,-,-,-,,,Ques,Foot
T285,Ar'Darius Washington,NYG,S,-,-,-,-,,,,
T285,Trey Washington,IND,S,-,-,-,-,,,,
T285,Zion Washington,CLE,S,-,-,-,-,,,,
T285,Xavier Watts,ATL,S,-,-,-,-,,,Ques,Undisclosed
T285,Lardarius Webb,BAL,S,-,-,-,-,,,,
T285,Tre Webb,FA,S,-,-,-,-,,,,
T285,Zakee Wheatley,CAR,S,-,-,-,-,,,,
T285,Jordan Whitehead,FA,S,-,-,-,-,,,,
T285,Evan Williams,GB,S,-,-,-,-,,,,
T285,Marcus Williams,FA,S,-,-,-,-,,,,
T285,Wydett Williams,ARI,S,-,-,-,-,,,,
T285,Kendall Williamson,LAC,S,-,-,-,-,,,Ques,Ankle
T285,Donovan Wilson,FA,S,-,-,-,-,,,,
T285,Antoine Winfield,TB,S,-,-,-,-,,,,
T285,Andrew Wingard,ARI,S,-,-,-,-,,,,
T285,Kevin Winston,TEN,S,-,-,-,-,,,,
T285,Rashad Wisdom,TB,S,-,-,-,-,,,,
T285,Cole Wisniewski,PHI,S,-,-,-,-,,,Ques,Hamstring
T285,Hunter Wohler,IND,S,-,-,-,-,,,Ques,Foot
T285,Julius Wood,DAL,S,-,-,-,-,,,,
T285,Xavier Woods,FA,S,-,-,-,-,,,,
T285,Craig Woodson,NE,S,-,-,-,-,,,,
T285,Daryl Worley,FA,S,-,-,-,-,,,,
T285,Russ Yeast,CIN,S,-,-,-,-,,,,
T285,Nate Adkins,DEN,TE,-,-,-,-,,,,
T285,Jordan Akins,FA,TE,-,-,-,-,,,,
T285,Mo Alie-Cox,IND,TE,-,-,-,-,,,,
T285,Erick All,CIN,TE,-,-,-,438.50,,,,
T285,Chase Allen,FA,TE,-,-,-,-,,,,
T285,Davis Allen,LAR,TE,-,-,-,-,,,Ques,Quadriceps
T285,Stephen Anderson,FA,TE,-,-,-,-,,,,
T285,Kristian Wilkerson,FA,WR,-,-,-,-,,,,
T285,Montrell Washington,FA,WR,-,-,-,-,,,,
T285,Avery Williams,FA,WR,-,-,-,-,,,,
T285,C.J. Williams,JAX,WR,-,-,-,-,,,,
T285,Devon Williams,FA,WR,-,-,-,-,,,,
T285,E.J. Williams,LV,WR,-,-,-,-,,,,
T285,Isaiah Williams,NYJ,WR,-,-,-,-,,10.00,,
T285,Tahj Washington,MIA,WR,-,-,-,-,,,,
T285,Austin Watkins,FA,WR,-,-,-,-,,,,
T285,Jordan Watkins,SF,WR,-,-,-,-,,,,
T285,Quez Watkins,PHI,WR,-,-,-,-,,,,
T285,Sammy Watkins,FA,WR,-,-,-,-,,,,
T285,Xavier Ubosi,FA,WR,-,-,-,-,,,,
T285,Marquez Valdes-Scantling,DAL,WR,-,-,-,-,,,,
261,Devaughn Vele,NO,WR,318.73,-,-,316.60,,5.00,,
T285,Jalen Virgil,FA,WR,-,-,-,-,,,Ques,Undisclosed
T285,Reggie Virgil,ARI,WR,-,-,-,-,,,,
T285,Justin Watson,HOU,WR,-,-,-,-,,,,
T285,Jamarius Way,FA,WR,-,-,-,-,,,,
T285,Jared Wayne,HOU,WR,-,-,-,-,,,,
T285,Theo Wease,MIA,WR,-,-,-,458.50,,,,
T285,Xavier Weaver,ARI,WR,-,-,-,-,,,,
T285,Jeremiah Webb,NE,WR,-,-,-,-,,,IR,Arm
T285,Joe Webb,FA,WR,-,-,-,-,,,,
T285,Raleigh Webb,FA,WR,-,-,-,-,,,,
T285,Nsimba Webster,FA,WR,-,-,-,-,,,,
T285,Connor Wedington,FA,WR,-,-,-,-,,,,
T285,Juice Wells,ATL,WR,-,-,-,-,,,,
T285,Levi Wentz,PIT,WR,-,-,-,-,,,,
T285,Nick Westbrook-Ikhine,IND,WR,-,-,-,-,,7.00,,
T285,LaJohntay Wester,BAL,WR,-,-,-,-,,,,
T285,Isaiah Weston,FA,WR,-,-,-,-,,,,
T285,Kaden Wetjen,PIT,WR,-,-,-,-,,,,
T285,Keric Wheatfall,FA,WR,-,-,-,-,,,,
T285,Cody White,SEA,WR,-,-,-,-,,,,
T285,Kevin White,FA,WR,-,-,-,-,,,,
T285,Papi White,FA,WR,-,-,-,-,,,,
T285,Ricky White,SEA,WR,-,-,-,-,,,,
T285,Squirrel White,CHI,WR,-,-,-,-,,,Reserve-Ret,Undisclosed
T285,Jordan Whittington,LAR,WR,-,-,-,-,,,,
T285,Keytaon Thompson,FA,WR,-,-,-,-,,,,
T285,Dont'e Thornton,LV,WR,-,-,-,323.70,,10.00,,
281,Tyquan Thornton,KC,WR,327.81,-,-,321.30,1.17,5.00,,
T285,Jamari Thrash,CLE,WR,-,-,-,-,,,,
T285,Cedric Tillman,CLE,WR,-,-,-,363.00,,7.86,,
T285,Mitchell Tinsley,CIN,WR,-,-,-,-,,,,
T285,Mason Tipton,NO,WR,-,-,-,-,,,PUP-P,Leg
T285,Travis Toivonen,FA,WR,-,-,-,-,,,,
T285,Jalen Tolbert,MIA,WR,-,-,-,404.50,1.03,5.00,,
T285,Max Tomczak,BUF,WR,-,-,-,-,,,,
T285,Kadarius Toney,FA,WR,-,-,-,-,,,,
T285,Samori Toure,PHI,WR,-,-,-,-,,,,
T285,Austin Trammell,JAX,WR,-,-,-,-,,,,
T285,Laquon Treadwell,IND,WR,-,-,-,-,,,,
T285,Brycen Tremayne,CAR,WR,-,-,-,-,,,,
141,Tre Tucker,LV,WR,147.20,-,-,205.90,3.08,9.77,,
T285,DJ Turner,HOU,WR,-,-,-,-,,,,
T285,Malik Turner,SF,WR,-,-,-,-,,,,
T285,Tre Turner,FA,WR,-,-,-,-,,,,
T285,KaVontae Turpin,DAL,WR,-,-,-,420.50,,,,
T285,Michael Thomas,FA,WR,-,-,-,-,,,,
T285,Noah Thomas,CIN,WR,-,-,-,382.50,,,,
T285,Noel Thomas,FA,WR,-,-,-,-,,,,
T285,Zavion Thomas,CHI,WR,-,-,47.57,320.80,2.49,,,
T285,Deven Thompkins,LV,WR,-,-,-,-,,,,
T285,Brenen Thompson,LAC,WR,-,-,40.60,257.50,1.68,,,
T285,Bryan Thompson,FA,WR,-,-,-,-,,,,
T285,Dayton Wade,BAL,WR,-,-,-,-,,,,
T285,Derel Walker,FA,WR,-,-,-,-,,,,
T285,Devontez Walker,BAL,WR,-,-,-,-,,,,
T285,Jahdae Walker,CHI,WR,-,-,-,397.50,,,,
T285,Joe Walker,FA,WR,-,-,-,-,,,,
T285,Harrison Wallace,ARI,WR,-,-,-,-,,,,
T285,Tylan Wallace,CLE,WR,-,-,-,-,,,,
T285,Jalen Walthall,NYJ,WR,-,-,-,-,,,IR,Undisclosed
T285,Casey Washington,CAR,WR,-,-,-,-,,,,
T285,James Washington,FA,WR,-,-,-,-,,,,
T285,Luke Wysong,FA,WR,-,-,-,-,,,Ques,Undisclosed
T285,Colbie Young,CIN,WR,-,-,-,-,,,,
T285,Dareke Young,LV,WR,-,-,-,-,,,,
T285,Michael Young,FA,WR,-,-,-,-,,,,
276,Olamide Zaccheaus,ATL,WR,326.17,-,-,-,,,,
T285,Ishmael Zamora,FA,WR,-,-,-,-,,,,
T285,Johnny Wilson,PHI,WR,-,-,-,-,,,,
T285,Kole Wilson,CLE,WR,-,-,-,-,,,,
T285,Roman Wilson,PIT,WR,-,-,-,373.00,,7.67,,
T285,Lujuan Winningham,FA,WR,-,-,-,-,,,,
T285,Easop Winston,FA,WR,-,-,-,-,,,,
T285,Isaiah Wooden,FA,WR,-,-,-,-,,,,
T285,Michael Woods,FA,WR,-,-,-,-,,,Ques,Leg
T285,Robert Woods,LAR,WR,-,-,-,-,,,Reserve-Ret,Undisclosed
T285,Michael Wortham,JAX,WR,-,-,-,-,,,,
T285,Ke'Shawn Williams,CIN,WR,-,-,-,-,,,,
258,Kyle Williams,NE,WR,317.81,-,-,260.50,,5.00,,
T285,Malik Williams,FA,WR,-,-,-,-,,,,
T285,Mario Williams,LAR,WR,-,-,-,-,,,,
T285,Mike Williams,LAC,WR,-,-,-,-,,,Reserve-Ex,Undisclosed
271,Savion Williams,GB,WR,324.01,-,-,431.50,,5.00,,
T285,Seth Williams,FA,WR,-,-,-,-,,,,
T285,Cedrick Wilson,DET,WR,-,-,-,-,,,,
T285,Nick Sciba,FA,K,-,-,-,338.30,,,,
T285,Austin Seibert,FA,K,-,-,-,-,,,,
T285,Mason Shipley,FA,K,-,-,-,-,,,,
T285,Spencer Shrader,IND,K,-,-,-,-,,5.00,,
T285,Caleb Shudak,FA,K,-,-,-,418.00,,,,
T285,Sam Sloman,FA,K,-,-,-,-,,,,
T285,Joey Slye,TEN,K,-,-,-,451.50,,5.00,,
T285,Trey Smack,GB,K,-,-,47.60,357.60,,,,
T285,Charlie Smyth,NO,K,-,-,-,464.50,,,,
T285,Drew Stevens,WAS,K,-,-,-,-,,,,
T285,Andre Szmyt,CLE,K,-,-,-,463.00,,,,
T285,Matthew Trickett,FA,K,-,-,-,-,,,,
T285,Maddux Trujillo,FA,K,-,-,-,-,,,,
T285,Justin Tucker,FA,K,-,-,-,-,,,,
T285,James Turner,FA,K,-,-,-,-,,,,
T285,Jake Verity,FA,K,-,-,-,419.50,,,,
T285,Tristan Vizcaino,FA,K,-,-,-,-,,,,
T285,Nick Vogel,FA,K,-,-,-,-,,,,
T285,Parker White,FA,K,-,-,-,333.00,,,,
T285,Trey Wolff,FA,K,-,-,-,-,,,,
T285,Matthew Wright,FA,K,-,-,-,-,,,,
T285,Cade York,NYJ,K,-,-,-,296.40,,,,
T285,Greg Zuerlein,FA,K,-,-,-,-,,,Ques,Knee
T285,Dominic Zvada,NYG,K,-,-,-,450.00,,,,
T285,Yasir Abdullah,JAX,LB,-,-,-,-,,,,
T285,Matthew Adams,FA,LB,-,-,-,-,,,,
T285,Mitchell Agude,FA,LB,-,-,-,-,,,,
T285,Austin Ajiake,IND,LB,-,-,-,-,,,,
T285,Azeez Al-Shaair,HOU,LB,-,-,-,-,6.53,,,
T285,Christian Albright,FA,LB,-,-,-,-,,,,
T285,Jaylan Alexander,FA,LB,-,-,-,-,,,,
T285,Kwon Alexander,FA,LB,-,-,-,-,,,,
T285,CJ Allen,IND,LB,-,-,19.25,-,,,,
T285,Dakota Allen,FA,LB,-,-,-,-,,,,
T285,Troy Andersen,ATL,LB,-,-,-,-,,,PUP-P,Knee
T285,Liam Anderson,CIN,LB,-,-,-,-,,,,
T285,Joe Andreessen,BUF,LB,-,-,-,-,,,,
T285,Andrew Ankrah,FA,LB,-,-,-,-,,,,
T285,Alex Anzalone,TB,LB,-,-,-,-,3.48,,,
T285,Kam Arnold,KC,LB,-,-,-,-,,,,
T285,Brian Asamoah,FA,LB,-,-,-,-,,,Ques,Knee
T285,C. J. Avery,FA,LB,-,-,-,-,,,,
T285,Joe Bachie,DET,LB,-,-,-,-,,,,
T285,Levelle Bailey,DEN,LB,-,-,-,-,,,,
T285,Markus Bailey,FA,LB,-,-,-,-,,,,
T285,Wesley Bailey,LAR,LB,-,-,-,-,,,,
T285,Rueben Bain,TB,LB,-,-,-,-,,,,
T285,Jerome Baker,FA,LB,-,-,-,-,,,,
T285,Keshawn Banks,ATL,LB,-,-,-,-,,,,
T285,Shad Banks,TEN,LB,-,-,-,-,,,,
T285,Jaishawn Barham,DAL,LB,-,-,-,-,,,,
T285,Derrick Barnes,DET,LB,-,-,-,-,,,,
T285,Krys Barnes,FA,LB,-,-,-,-,,,,
T285,Zaire Barnes,NYG,LB,-,-,-,-,,,,
T285,Amare Barno,FA,LB,-,-,-,-,,,Ques,Knee
T285,Michael Barrett,FA,LB,-,-,-,-,,,,
T285,Shaquil Barrett,FA,LB,-,-,-,-,,,,
T285,Justin Barron,DAL,LB,-,-,-,-,,,,
T285,Jared Bartlett,JAX,LB,-,-,-,-,,,,
T285,Cody Barton,TEN,LB,-,-,-,-,3.58,,,
T285,Lander Barton,LAC,LB,-,-,-,-,,,,
T285,Boogie Basham,FA,LB,-,-,-,-,,,,
T285,Jeffrey Bassa,KC,LB,-,-,-,-,,,,
T285,Tyler Batty,MIN,LB,-,-,-,-,,,,
T285,Zack Baun,PHI,LB,-,-,-,-,,,,
T285,Quinton Bell,SF,LB,-,-,-,-,,,,
T285,Nick Bellore,WAS,LB,-,-,-,-,,,Reserve-Ret,Personal
T285,Ja'Whaun Bentley,FA,LB,-,-,-,-,,,,
T285,Terrel Bernard,BUF,LB,-,-,-,-,,,,
T285,JD Bertrand,ATL,LB,-,-,-,-,,,,
T285,Tatum Bethune,SF,LB,-,-,-,-,,,Ques,Groin
T285,Ezekiel Bigger,FA,LB,-,-,-,-,,,,
T285,Wesley Bissainthe,KC,LB,-,-,-,-,,,,
T285,Kendrick Blackshire,FA,LB,-,-,-,-,,,,
T285,Chris Board,FA,LB,-,-,-,-,,,Ques,Chest
T285,Bryce Boettcher,IND,LB,-,-,-,-,,,,
T285,Curtis Bolton,FA,LB,-,-,-,-,,,,
T285,Nick Bolton,KC,LB,-,-,-,-,,,,
T285,Nik Bonitto,DEN,LB,-,-,-,-,,,,
T285,Jordan Botelho,FA,LB,-,-,-,-,,,,
T285,Tyus Bowser,FA,LB,-,-,-,-,,,,
T285,Swayze Bozeman,CIN,LB,-,-,-,-,,,,
T285,Nigel Bradham,FA,LB,-,-,-,-,,,,
T285,William Bradley-King,SF,LB,-,-,-,-,,,IR,Undisclosed
T285,Chris Braswell,TB,LB,-,-,-,-,,,,
T285,K.J. Britt,NE,LB,-,-,-,-,,,,
T285,Jordyn Brooks,MIA,LB,-,-,-,-,,,,
T285,Cam Brown,FA,LB,-,-,-,-,,,,
T285,Elliott Brown,ARI,LB,-,-,-,-,,,,
T285,Sean Brown,TEN,LB,-,-,-,-,,,,
T285,Baron Browning,ARI,LB,-,-,-,-,,,,
T285,Carson Bruener,PIT,LB,-,-,-,-,,,,
T285,Teddye Buchanan,BAL,LB,-,-,-,-,,,PUP-P,Knee - ACL
T285,John Bullock,TB,LB,-,-,-,-,,,,
T285,Oren Burks,CIN,LB,-,-,-,-,,,,
T285,Amari Burney,FA,LB,-,-,-,-,,,,
T285,Brian Burns,NYG,LB,-,-,-,-,5.17,,,
T285,Devin Bush,CHI,LB,-,-,-,-,4.41,,,
T285,Chance Campbell,PHI,LB,-,-,-,-,,,,
T285,De'Vondre Campbell,FA,LB,-,-,-,-,,,,
T285,Jack Campbell,DET,LB,-,-,-,-,,,,
T285,Jihaad Campbell,PHI,LB,-,-,-,-,,,,
T285,Jaylon Carlies,IND,LB,-,-,-,-,,,,
T285,Daylan Carnell,FA,LB,-,-,-,-,,,,
T285,Owen Carney,FA,LB,-,-,-,-,,,,
T285,Abdul Carter,NYG,LB,-,-,-,-,,,Ques,Ankle
T285,Barrett Carter,CIN,LB,-,-,-,-,,,,
T285,Lorenzo Carter,FA,LB,-,-,-,-,,,,
T285,Blake Cashman,MIN,LB,-,-,-,-,7.45,,,
T285,K'Lavon Chaisson,WAS,LB,-,-,-,-,1.49,,,
T285,Tahj Chambers,IND,LB,-,-,-,-,,,,
T285,Chaz Chambliss,MIN,LB,-,-,-,-,,,,
T285,Leo Chenal,WAS,LB,-,-,-,-,,,,
T285,Claudin Cherelus,CAR,LB,-,-,-,-,,,,
T285,Cole Christiansen,KC,LB,-,-,-,-,0.91,,,
T285,Jimmy Ciarlo,BUF,LB,-,-,-,-,,,,
T285,Damone Clark,DET,LB,-,-,-,-,,,,
T285,Jack Cochrane,KC,LB,-,-,-,-,,,,
T285,Jordan Colbert,FA,LB,-,-,-,-,,,Ques,Neck
T285,DJ Coleman,FA,LB,-,-,-,-,,,,
T285,Zaven Collins,ARI,LB,-,-,-,-,,,,
T285,Junior Colson,LAC,LB,-,-,-,-,,,Ques,Shoulder
T285,Branson Combs,JAX,LB,-,-,-,-,,,,
T285,Edgerrin Cooper,GB,LB,-,-,-,-,,,,
T285,Jonathon Cooper,DEN,LB,-,-,-,-,,,,
T285,Carter Coughlin,FA,LB,-,-,-,-,,,,
T285,Brenton Cox,GB,LB,-,-,-,-,,,,
T285,Keyron Crawford,LV,LB,-,-,-,-,,,,
T285,Jordan Crook,FA,LB,-,-,-,-,,,,
T285,Maxx Crosby,LV,LB,-,-,-,-,,,,
T285,Zach Cunningham,FA,LB,-,-,-,-,,,Ques,Hamstring
T285,Kendal Daniels,ATL,LB,-,-,-,-,,,,
T285,Lavonte David,FA,LB,-,-,-,-,,,,
T285,Demario Davis,NYJ,LB,-,-,-,-,3.60,,,
T285,Jamin Davis,PIT,LB,-,-,-,-,,,,
T285,Akeem Davis-Gaither,IND,LB,-,-,-,-,,,,
T285,Divine Deablo,ATL,LB,-,-,-,-,,,,
T285,Nakobe Dean,LV,LB,-,-,-,-,,,,
T285,Dominic Deluca,BAL,LB,-,-,-,-,,,,
T285,SirVocea Dennis,TB,LB,-,-,-,-,,,,
T285,Dani Dennis-Sutton,GB,LB,-,-,-,-,,,,
T285,Mohamoud Diabate,TEN,LB,-,-,-,-,,,,
T285,Yaya Diaby,TB,LB,-,-,-,-,,,,
T285,Xzavier Dickson,FA,LB,-,-,-,-,,,,
T285,Fadil Diggs,NO,LB,-,-,-,-,,,,
T285,Victor Dimukeje,FA,LB,-,-,-,-,,,,
T285,Jack Dingle,CIN,LB,-,-,-,-,,,,
T285,Stephen Dix,FA,LB,-,-,-,-,,,,
T285,Tyrel Dodson,MIA,LB,-,-,-,-,,,,
T285,Shaun Dolac,LAR,LB,-,-,-,-,,,Ques,Knee - PCL
T285,Jaden Dugger,SF,LB,-,-,-,-,,,,
T285,Khalid Duke,FA,LB,-,-,-,-,,,,
T285,Bud Dupree,LAC,LB,-,-,-,-,,,,
T285,Landis Durham,FA,LB,-,-,-,-,,,,
T285,Troy Dye,LAC,LB,-,-,-,-,,,,
T285,Kenny Dyson,FA,LB,-,-,-,-,,,,
T285,Arnold Ebiketie,PHI,LB,-,-,-,-,,,,
T285,Tremaine Edmunds,NYG,LB,-,-,-,-,5.19,,,
T285,T.J. Edwards,CHI,LB,-,-,-,-,4.45,,NFI-A,Calf
T285,Sam Eguavoen,FA,LB,-,-,-,-,,,,
T285,Tommy Eichenberg,LV,LB,-,-,-,-,,,,
T285,Milo Eifler,FA,LB,-,-,-,-,,,,
T285,Kaleb Elarms-Orr,BUF,LB,-,-,41.60,-,,,,
T285,Keyshaun Elliott,CHI,LB,-,-,-,-,,,PUP-P,Undisclosed
T285,Christian Elliss,NE,LB,-,-,-,-,2.14,,,
T285,Jonah Elliss,DEN,LB,-,-,-,-,,,,
T285,Kaden Elliss,NO,LB,-,-,-,-,5.54,,,
T285,Kingsley Enagbare,NYJ,LB,-,-,-,-,,,,
T285,Rashaan Evans,FA,LB,-,-,-,-,,,,
T285,Donovan Ezeiruaku,DAL,LB,-,-,-,-,,,,
T285,Andrew Farmer,SF,LB,-,-,-,-,,,IR,Back
T285,Olakunle Fatukasi,FA,LB,-,-,-,-,,,,
T285,Tony Fields,CHI,LB,-,-,-,-,,,,
T285,Aiden Fisher,HOU,LB,-,-,-,-,,,,
T285,Demetrius Flannigan-Fowles,BUF,LB,-,-,-,-,,,,
T285,Jaylan Ford,NO,LB,-,-,-,-,,,,
T285,Trace Ford,NYG,LB,-,-,-,-,,,,
T285,Caden Fordham,TB,LB,-,-,-,-,,,,
T285,Dante Fowler,SEA,LB,-,-,-,-,,,,
T285,Tomon Fox,LAR,LB,-,-,-,-,,,,
T285,Zaire Franklin,GB,LB,-,-,-,-,5.35,,,
T285,Theron Gaines,BUF,LB,-,-,-,-,,,,
T285,Dallas Gant,FA,LB,-,-,-,-,,,,
T285,Jake Ganus,FA,LB,-,-,-,-,,,,
T285,Dennis Gardeck,JAX,LB,-,-,-,-,,,,
T285,Rashan Gary,DAL,LB,-,-,-,-,,,,
T285,Willie Gay,MIA,LB,-,-,-,-,,,,
T285,Ali Gaye,HOU,LB,-,-,-,-,,,,
T285,Eric Gentry,CIN,LB,-,-,-,-,,,,
T285,Brandon George,FA,LB,-,-,-,-,,,,
T285,Jack Gibbens,ARI,LB,-,-,-,-,,,,
T285,Luke Gifford,SF,LB,-,-,-,-,,,,
T285,Joe Giles-Harris,CIN,LB,-,-,-,-,,,,
T285,Cam Gill,CAR,LB,-,-,-,-,,,,
T285,Trevis Gipson,CAR,LB,-,-,-,-,,,,
T285,Jake Golday,MIN,LB,-,-,40.43,-,,,,
T285,Chauncey Golston,NYG,LB,-,-,-,-,,,,
T285,Cameron Goode,MIA,LB,-,-,-,-,,,,
T285,Brandon Graham,FA,LB,-,-,-,-,,,,
T285,Jalen Graham,SF,LB,-,-,-,-,,,,
T285,Cedric Gray,TEN,LB,-,-,-,-,,,,
T285,Mike Green,BAL,LB,-,-,-,-,,,,
T285,Jonathan Greenard,PHI,LB,-,-,-,-,3.01,,PUP-P,Pectoral
T285,Dre Greenlaw,SF,LB,-,-,-,-,3.00,,,
T285,Antonio Grier,FA,LB,-,-,-,-,,,Ques,Undisclosed
T285,Kamu Grugier-Hill,FA,LB,-,-,-,-,,,,
T285,Derick Hall,SEA,LB,-,-,-,-,,,,
T285,Dominique Hampton,FA,LB,-,-,-,-,,,,
T285,Nick Hampton,CAR,LB,-,-,-,-,,,,
T285,Jake Hansen,HOU,LB,-,-,-,-,,,Ques,Ankle
T285,Aaron Hansford,FA,LB,-,-,-,-,,,,
T285,Daniel Hardy,CHI,LB,-,-,-,-,,,,
T285,Jaylen Harrell,TEN,LB,-,-,-,-,,,,
T285,Charles Harris,FA,LB,-,-,-,-,,,,
T285,Christian Harris,ATL,LB,-,-,-,-,,,,
T285,Connor Harris,FA,LB,-,-,-,-,,,,
T285,Darius Harris,FA,LB,-,-,-,-,,,Ques,Undisclosed
T285,Demone Harris,FA,LB,-,-,-,-,,,,
T285,Malik Harrison,PIT,LB,-,-,-,-,,,,
T285,Ronnie Harrison,MIA,LB,-,-,-,-,,,,
T285,Marquis Haynes,FA,LB,-,-,-,-,,,,
T285,Romello Height,SF,LB,-,-,-,-,,,Ques,Elbow
T285,Daiyan Henley,LAC,LB,-,-,-,-,,,,
T285,Nick Herbig,PIT,LB,-,-,-,-,,,,
T285,Neville Hewitt,FA,LB,-,-,-,-,,,,
T285,Shaka Heyward,CIN,LB,-,-,-,-,,,,
T285,Clarence Hicks,FA,LB,-,-,-,-,,,,
T285,Jordan Hicks,FA,LB,-,-,-,-,,,,
T285,Jay Higgins,BAL,LB,-,-,-,-,,,,
T285,Alex Highsmith,PIT,LB,-,-,-,-,,,,
T285,Anthony Hill,TEN,LB,-,-,-,-,,,,
T285,Jamal Hill,HOU,LB,-,-,-,-,,,Ques,Wrist
T285,Nikhal Hill-Green,FA,LB,-,-,-,-,,,,
T285,Cole Holcomb,PIT,LB,-,-,-,-,,,,
T285,Ty'Ron Hopper,GB,LB,-,-,-,-,,,,
T285,James Houston,DAL,LB,-,-,-,-,,,,
T285,Justin Houston,FA,LB,-,-,-,-,,,,
T285,Khaleke Hudson,FA,LB,-,-,-,-,,,,
T285,Parker Hughes,JAX,LB,-,-,-,-,,,,
T285,Andrzej Hughes-Murray,FA,LB,-,-,-,-,,,,
T285,Jake Hummel,HOU,LB,-,-,-,-,,,,
T285,Jalyx Hunt,PHI,LB,-,-,-,-,,,,
T285,Danielle Hunter,HOU,LB,-,-,-,-,7.31,,,
T285,Erick Hunter,DET,LB,-,-,-,-,,,,
T285,Ruben Hyppolite,CHI,LB,-,-,-,-,,,,
T285,Thomas Incoom,CAR,LB,-,-,-,-,,,Ques,Shoulder
T285,Adisa Isaac,BAL,LB,-,-,-,-,,,,
T285,Jared Ivey,SEA,LB,-,-,-,-,,,,
T285,Brennan Jackson,LV,LB,-,-,-,-,,,,
T285,D'Marco Jackson,CHI,LB,-,-,-,-,1.59,,,
T285,Drake Jackson,WAS,LB,-,-,-,-,,,,
T285,Nick Jackson,TB,LB,-,-,-,-,,,,
T285,Storey Jackson,FA,LB,-,-,-,-,,,,
T285,Curtis Jacobs,FA,LB,-,-,-,-,,,,
T285,Khalil Jacobs,NE,LB,-,-,-,-,,,,
T285,Shemar James,DAL,LB,-,-,-,-,,,,
T285,Justin Jefferson,CLE,LB,-,-,-,-,,,,
T285,Keonta Jenkins,BUF,LB,-,-,-,-,,,,
T285,Anfernee Jennings,NO,LB,-,-,-,-,,,,
T285,Josey Jewell,FA,LB,-,-,-,-,,,Ques,Concussion
T285,Buddy Johnson,LV,LB,-,-,-,-,,,,
T285,Caleb Johnson,FA,LB,-,-,-,-,,,Ques,Shoulder
T285,Deandre Johnson,FA,LB,-,-,-,-,,,,
T285,Dyontae Johnson,FA,LB,-,-,-,-,,,,
T285,Emany Johnson,LAC,LB,-,-,-,-,,,,
T285,Jamon Johnson,FA,LB,-,-,-,-,,,,
T285,Patrick Johnson,LV,LB,-,-,-,-,,,,
T285,Cam Jones,FA,LB,-,-,-,-,,,,
T285,Carl Jones,BAL,LB,-,-,-,-,,,,
T285,Deion Jones,FA,LB,-,-,-,-,,,,
T285,Dre'Mont Jones,NE,LB,-,-,-,-,,,,
T285,Ernest Jones,SEA,LB,-,-,-,-,,,,
T285,Patrick Jones,CAR,LB,-,-,-,-,,,,
T285,Truman Jones,TEN,LB,-,-,-,-,,,,
T285,Vi Jones,FA,LB,-,-,-,-,,,,
T285,Ale Kaho,WAS,LB,-,-,-,-,,,,
T285,Mikail Kamara,SF,LB,-,-,-,-,,,IR,Knee
T285,Mohamed Kamara,TB,LB,-,-,-,-,,,,
T285,Khalid Kareem,NYG,LB,-,-,-,-,,,,
T285,Jack Kelly,NYG,LB,-,-,-,-,,,,
T285,Nyjalik Kelly,GB,LB,-,-,-,-,,,,
T285,Keith Kelsey,FA,LB,-,-,-,-,,,,
T285,Eric Kendricks,FA,LB,-,-,-,-,,,,
T285,Mychal Kendricks,FA,LB,-,-,-,-,,,,
T285,Kyle Kennard,LAC,LB,-,-,-,-,,,,
T285,Arden Key,IND,LB,-,-,-,-,,,,
T285,Austin Keys,ARI,LB,-,-,-,-,,,,
T285,Isiah King,FA,LB,-,-,-,-,,,,
T285,Kobe King,NYJ,LB,-,-,-,-,,,IR,Undisclosed
T285,Niles King,FA,LB,-,-,-,-,,,,
T285,Jack Kiser,JAX,LB,-,-,-,-,,,Ques,Knee
T285,Demetrius Knight,CIN,LB,-,-,-,-,,,,
T285,Tyrice Knight,SEA,LB,-,-,-,-,,,,
T285,Jamree Kromah,CHI,LB,-,-,-,-,,,,
T285,Jackson Kuwatch,CAR,LB,-,-,-,-,,,,
T285,William Kwenkeu,FA,LB,-,-,-,-,,,,
T285,Nate Landman,LAR,LB,-,-,-,-,,,,
T285,Harold Landry,NE,LB,-,-,-,-,,,PUP-P,Undisclosed
T285,DeMarcus Lawrence,SEA,LB,-,-,-,-,,,,
T285,Malachi Lawrence,DAL,LB,-,-,48.38,-,,,,
T285,Carl Lawson,FA,LB,-,-,-,-,,,,
T285,Deontae Lawson,PHI,LB,-,-,-,-,,,,
T285,Keli Lawson,FA,LB,-,-,-,-,,,,
T285,Eku Leota,ARI,LB,-,-,-,-,,,,
T285,Cody Lindenberg,LV,LB,-,-,-,-,,,,
T285,Marist Liufau,DAL,LB,-,-,-,-,,,,
T285,Damon Lloyd,FA,LB,-,-,-,-,,,,
T285,Devin Lloyd,CAR,LB,-,-,-,-,,,,
T285,David Long,FA,LB,-,-,-,-,,,,
T285,Kyle Louis,MIA,LB,-,-,-,-,,,,
T285,Jesse Luketa,NE,LB,-,-,-,-,,,,
T285,Frankie Luvu,WAS,LB,-,-,-,-,3.40,,,
T285,Blake Lynch,FA,LB,-,-,-,-,,,,
T285,Nate Lynn,FA,LB,-,-,-,-,,,,
T285,Khalil Mack,LAC,LB,-,-,-,-,,,,
T285,Boye Mafe,CIN,LB,-,-,-,-,,,,
T285,Jordan Magee,WAS,LB,-,-,-,-,,,,
T285,DeAngelo Malone,ATL,LB,-,-,-,-,,,PUP-P,Undisclosed
T285,Marte Mapu,HOU,LB,-,-,-,-,,,,
T285,Chandler Martin,FA,LB,-,-,-,-,,,,
T285,Jacob Martin,TEN,LB,-,-,-,-,,,,
T285,Josh Martin,FA,LB,-,-,-,-,,,,
T285,Nick Martin,SF,LB,-,-,-,-,,,,
T285,Bam Martin-Scott,CAR,LB,-,-,-,-,,,,
T285,Easton Mascarenas-Arnold,CLE,LB,-,-,-,-,,,,
T285,Luke Masterson,FA,LB,-,-,-,-,,,,
T285,Tyler Matakevich,FA,LB,-,-,-,-,,,,
T285,Ochaun Mathis,FA,LB,-,-,-,-,,,,
T285,Wayne Matthews,CHI,LB,-,-,-,-,,,,
T285,Kana'i Mauga,FA,LB,-,-,-,-,,,,
T285,Francisco Mauigoa,NYJ,LB,-,-,-,-,,,Ques,Neck
T285,Dorian Mausi,TEN,LB,-,-,-,-,,,,
T285,Albert McClellan,FA,LB,-,-,-,-,,,,
T285,Marcelino McCrary-Ball,NYJ,LB,-,-,-,-,,,,
T285,Dasan McCullough,DEN,LB,-,-,-,-,,,,
T285,Cooper McDonald,KC,LB,-,-,-,-,,,,
T285,Isaiah McDuffie,GB,LB,-,-,-,-,,,,
T285,Micah McFadden,NYG,LB,-,-,-,-,,,,
T285,Cameron McGrone,LV,LB,-,-,-,-,,,,
T285,Derrick McLendon,FA,LB,-,-,-,-,,,,
T285,Jalen McLeod,JAX,LB,-,-,-,-,,,,
T285,Raekwon McMillan,FA,LB,-,-,-,-,,,,
T285,Kain Medrano,WAS,LB,-,-,-,-,,,,
T285,Akheem Mesidor,LAC,LB,-,-,41.29,-,,,,
T285,Matt Milano,FA,LB,-,-,-,-,,,,
T285,Ventrell Miller,JAX,LB,-,-,-,-,4.49,,,
T285,Smael Mondon,PHI,LB,-,-,-,-,,,,
T285,Jeremiah Moon,FA,LB,-,-,-,-,,,,
T285,Trey Moore,MIA,LB,-,-,-,-,,,,
T285,Nicholas Morrow,FA,LB,-,-,-,-,,,,
T285,Arron Mosby,GB,LB,-,-,-,-,,,,
T285,C.J. Mosley,FA,LB,-,-,-,-,,,,
T285,Darius Muasau,NYG,LB,-,-,-,-,,,,
T285,Jamil Muhammad,FA,LB,-,-,-,-,,,,
T285,Chad Muma,NE,LB,-,-,-,-,,,,
T285,Red Murdock,DEN,LB,-,-,-,-,,,,
T285,Caleb Murphy,NYG,LB,-,-,-,-,,,,
T285,Gabriel Murphy,FA,LB,-,-,-,-,,,,
T285,Kenneth Murray,FA,LB,-,-,-,-,,,,
T285,Tanner Muse,FA,LB,-,-,-,-,,,,
T285,Carl Nassib,FA,LB,-,-,-,-,,,,
T285,Elias Neal,LAR,LB,-,-,-,-,,,,
T285,Anthony Nelson,TB,LB,-,-,-,-,,,,
T285,Garrett Nelson,FA,LB,-,-,-,-,,,,
T285,Yannick Ngakoue,FA,LB,-,-,-,-,,,,
T285,Ben Niemann,FA,LB,-,-,-,-,,,,
T285,Nick Niemann,GB,LB,-,-,-,-,,,,
T285,Maema Njongmeta,CAR,LB,-,-,-,-,,,,
T285,Bryce Notree,FA,LB,-,-,-,-,,,,
T285,Trevor Nowaske,DET,LB,-,-,-,-,,,,
T285,Uchenna Nwosu,SEA,LB,-,-,-,-,,,,
T285,Patrick O'Connell,SEA,LB,-,-,-,-,,,,
T285,Connor O'Toole,SEA,LB,-,-,-,-,,,,
T285,Namdi Obiazor,NE,LB,-,-,-,-,,,,
T285,Amen Ogbongbemiga,FA,LB,-,-,-,-,,,,
T285,Adetokunbo Ogundeji,FA,LB,-,-,-,-,,,,
T285,David Ojabo,MIA,LB,-,-,-,-,,,,
T285,Azeez Ojulari,ATL,LB,-,-,-,-,,,,
T285,BJ Ojulari,ARI,LB,-,-,-,-,,,,
T285,Bobby Okereke,FA,LB,-,-,-,-,3.52,,,
T285,Ogbo Okoronkwo,FA,LB,-,-,-,-,,,,
T285,Oluwafemi Oladejo,TEN,LB,-,-,-,-,,,,
T285,Collin Oliver,GB,LB,-,-,-,-,,,,
T285,Segun Olubi,LV,LB,-,-,-,-,,,,
T285,Foyesade Oluokun,JAX,LB,-,-,-,-,,,,
T285,Joshua Onujiogu,FA,LB,-,-,-,-,,,,
T285,Anfernee Orji,NYG,LB,-,-,-,-,,,,
T285,K.C. Ossai,HOU,LB,-,-,-,-,,,,
T285,DeMarvion Overshown,DAL,LB,-,-,-,-,,,,
T285,Odafe Oweh,WAS,LB,-,-,-,-,,,,
T285,Jeremiah Owusu-Koramoah,CLE,LB,-,-,-,-,,,PUP-R,Neck
T285,Ivan Pace,MIN,LB,-,-,-,-,,,,
T285,Owen Pappoe,ARI,LB,-,-,-,-,,,,
T285,T.J. Parker,BUF,LB,-,-,-,-,,,,
T285,Micah Parsons,GB,LB,-,-,-,-,,,PUP-P,Knee - ACL
T285,Langston Patterson,DAL,LB,-,-,-,-,,,,
T285,Chris Paul,SEA,LB,-,-,-,-,,,,
T285,James Pearce,ATL,LB,-,-,-,-,,,,
T285,Harold Perkins,ATL,LB,-,-,-,-,,,,
T285,Denzel Perryman,LAC,LB,-,-,-,-,1.71,,,
T285,Darryl Peterson,LAR,LB,-,-,-,-,,,,
T285,Del'Shawn Phillips,LAC,LB,-,-,-,-,,,,
T285,Jacob Phillips,FA,LB,-,-,-,-,,,Ques,Biceps
T285,Jaelan Phillips,CAR,LB,-,-,-,-,,,,
T285,Jason Pierre-Paul,FA,LB,-,-,-,-,,,,
T285,Anthony Pittman,FA,LB,-,-,-,-,,,,
T285,Elijah Ponder,NE,LB,-,-,-,-,,,,
T285,Bumper Pool,FA,LB,-,-,-,-,,,,
T285,Marcus Porter,FA,LB,-,-,-,-,,,,
T285,Mani Powell,TEN,LB,-,-,-,-,,,,
T285,Germaine Pratt,FA,LB,-,-,-,-,,,,
T285,Isaiah Pryor,FA,LB,-,-,-,-,,,,
T285,Alani Pututau,FA,LB,-,-,-,-,,,,
T285,Jack Pyburn,TB,LB,-,-,-,-,,,,
T285,Shaquille Quarterman,FA,LB,-,-,-,-,,,,
T285,Patrick Queen,PIT,LB,-,-,-,-,,,,
T285,TJ Quinn,GB,LB,-,-,-,-,,,,
T285,Jose Ramirez,PHI,LB,-,-,-,-,,,,
T285,Garmon Randolph,LAC,LB,-,-,-,-,,,,
T285,Haason Reddick,FA,LB,-,-,-,-,,,,
T285,Troy Reeder,DET,LB,-,-,-,-,,,,
T285,Arvell Reese,NYG,LB,-,-,20.40,-,,,,
T285,Otis Reese,FA,LB,-,-,-,-,,,,
T285,Jalen Reeves-Maybin,FA,LB,-,-,-,-,,,,
T285,Karene Reid,DEN,LB,-,-,-,-,,,,
T285,Winston Reid,CLE,LB,-,-,-,-,1.34,,,
T285,Mason Reiger,MIA,LB,-,-,-,-,,,,
T285,LaRoy Reynolds,FA,LB,-,-,-,-,,,,
T285,Jon Rhattigan,CHI,LB,-,-,-,-,,,,
T285,Forrest Rhyne,FA,LB,-,-,-,-,,,,
T285,Monty Rice,FA,LB,-,-,-,-,,,,
T285,Bo Richter,MIN,LB,-,-,-,-,,,,
T285,Cam Riley,FA,LB,-,-,-,-,,,,
T285,Duke Riley,FA,LB,-,-,-,-,,,,
T285,Chauncey Rivers,FA,LB,-,-,-,-,,,,
T285,Elandon Roberts,FA,LB,-,-,-,-,,,,
T285,Jacob Roberts,MIN,LB,-,-,-,-,,,,
T285,Curtis Robinson,DAL,LB,-,-,-,-,,,,
T285,Mark Robinson,FA,LB,-,-,-,-,,,,
T285,Que Robinson,DEN,LB,-,-,-,-,,,,
T285,Tavius Robinson,BAL,LB,-,-,-,-,,,,
T285,Jacob Rodriguez,MIA,LB,-,-,26.22,-,,,,
T285,Malcolm Rodriguez,DET,LB,-,-,-,-,2.68,,,
T285,Jimmy Rolder,DET,LB,-,-,-,-,,,Ques,Hamstring
T285,Josh Ross,MIN,LB,-,-,-,-,,,,
T285,Christian Rozeboom,TB,LB,-,-,-,-,,,,
T285,Kaimon Rucker,BAL,LB,-,-,-,-,,,,
T285,Chris Rumph,NO,LB,-,-,-,-,,,,
T285,Chapelle Russell,FA,LB,-,-,-,-,,,,
T285,J.J. Russell,FA,LB,-,-,-,-,,,Ques,Concussion
T285,Jack Sanborn,CHI,LB,-,-,-,-,,,,
T285,Drew Sanders,DEN,LB,-,-,-,-,,,,
T285,Jack Sawyer,PIT,LB,-,-,-,-,,,,
T285,Carson Schwesinger,CLE,LB,-,-,-,-,,,,
T285,Nic Scourton,CAR,LB,-,-,-,-,,,IR,Knee - ACL
T285,Nephi Sewell,CHI,LB,-,-,-,-,,,,
T285,Noah Sewell,CHI,LB,-,-,-,-,,,PUP-P,Achilles
T285,Karson Sharar,ARI,LB,-,-,-,-,,,Ques,Hamstring
T285,Ty Shelby,FA,LB,-,-,-,-,,,,
T285,Jamie Sheriff,SEA,LB,-,-,-,-,,,,
T285,Jamien Sherwood,NYJ,LB,-,-,-,-,,,,
T285,Cody Simon,ARI,LB,-,-,-,-,,,,
T285,Trenton Simpson,BAL,LB,-,-,-,-,,,,
T285,Alex Singleton,DEN,LB,-,-,-,-,7.58,,,
T285,Jackson Sirmon,NO,LB,-,-,-,-,,,,
T285,Brandon Smith,FA,LB,-,-,-,-,,,,
T285,Nolan Smith,PHI,LB,-,-,-,-,,,,
T285,Roquan Smith,BAL,LB,-,-,-,-,,,,
T285,Tyreke Smith,KC,LB,-,-,-,-,,,,
T285,James Smith-Williams,FA,LB,-,-,-,-,,,,
T285,Xavian Sorey,LV,LB,-,-,-,-,,,,
T285,Barryn Sorrell,GB,LB,-,-,-,-,,,,
T285,Baylon Spector,FA,LB,-,-,-,-,,,,
T285,E.J. Speed,HOU,LB,-,-,-,-,,,PUP-P,Quadriceps
T285,Omar Speights,LAR,LB,-,-,-,-,,,,
T285,Robert Spillane,NE,LB,-,-,-,-,7.21,,,
T285,Isaiah Stalbird,NO,LB,-,-,-,-,,,,
T285,Cam'Ron Stewart,MIN,LB,-,-,-,-,,,,
T285,Josaiah Stewart,LAR,LB,-,-,-,-,,,,
T285,Justin Strnad,DEN,LB,-,-,-,-,,,,
T285,Grant Stuard,LAR,LB,-,-,-,-,,,,
T285,Danny Stutsman,NO,LB,-,-,-,-,,,,
T285,Sonny Styles,WAS,LB,-,-,14.20,-,,,,
T285,Ty Summers,FA,LB,-,-,-,-,,,Ques,Foot
T285,Chazz Surratt,SEA,LB,-,-,-,-,,,,
T285,Josh Sweat,ARI,LB,-,-,-,-,,,PUP-P,Knee
T285,Bradyn Swinson,NE,LB,-,-,-,-,,,,
T285,Sione Takitaki,HOU,LB,-,-,-,-,,,,
T285,Jahlani Tavai,FA,LB,-,-,-,-,,,,
T285,Kayvon Thibodeaux,NYG,LB,-,-,-,-,,,,
T285,Brayden Thomas,FA,LB,-,-,-,-,,,,
T285,Chris Thomas,FA,LB,-,-,-,-,,,,
T285,DQ Thomas,FA,LB,-,-,-,-,,,,
T285,Drake Thomas,SEA,LB,-,-,-,-,4.46,,,
T285,Isaiah Thomas,FA,LB,-,-,-,-,,,,
T285,Keir Thomas,LAR,LB,-,-,-,-,,,,
T285,Xavier Thomas,FA,LB,-,-,-,-,,,Ques,Undisclosed
T285,Shaq Thompson,FA,LB,-,-,-,-,,,,
T285,Dondrea Tillman,DEN,LB,-,-,-,-,,,,
T285,Channing Tindall,ATL,LB,-,-,-,-,,,,
T285,Henry To'oTo'o,HOU,LB,-,-,-,-,,,,
T285,Drue Tranquill,KC,LB,-,-,-,-,3.68,,,
T285,Bralen Trice,ATL,LB,-,-,-,-,,,,
T285,Jeremiah Trotter,PHI,LB,-,-,-,-,,,,
T285,Josiah Trotter,TB,LB,-,-,38.50,-,,,,
T285,Nadame Tucker,LAC,LB,-,-,-,-,,,,
T285,Tuli Tuipulotu,LAC,LB,-,-,-,-,,,,
T285,Dallas Turner,MIN,LB,-,-,-,-,,,,
T285,Ezekiel Turner,FA,LB,-,-,-,-,,,Ques,Foot
T285,Jordan Turner,DEN,LB,-,-,-,-,,,NFI-A,Undisclosed
T285,Joshua Uche,MIA,LB,-,-,-,-,,,,
T285,Edefuan Ulofoshio,CLE,LB,-,-,-,-,,,,
T285,Princely Umanmielen,CAR,LB,-,-,-,-,,,,
T285,Andrew Van Ginkel,MIN,LB,-,-,-,-,5.03,,,
T285,Lukas Van Ness,GB,LB,-,-,-,-,,,,
T285,Kyle Van Noy,FA,LB,-,-,-,-,,,,
T285,Zach VanValkenburg,FA,LB,-,-,-,-,,,,
T285,Joseph Vaughn,SEA,LB,-,-,-,-,,,,
T285,Devin Veresuk,IND,LB,-,-,-,-,,,,
T285,Jared Verse,CLE,LB,-,-,-,-,,,,
T285,Nick Vigil,FA,LB,-,-,-,-,,,,
T285,Bobby Wagner,FA,LB,-,-,-,-,2.86,,,
T285,Anthony Walker,FA,LB,-,-,-,-,,,,
T285,Arden Walker,MIN,LB,-,-,-,-,,,,
T285,David Walker,TB,LB,-,-,-,-,,,,
T285,Jailin Walker,FA,LB,-,-,-,-,,,,
T285,Jalon Walker,ATL,LB,-,-,-,-,,,,
T285,Johnny Walker,DEN,LB,-,-,-,-,,,,
T285,Mykal Walker,NYJ,LB,-,-,-,-,,,,
T285,Quay Walker,LV,LB,-,-,-,-,,,,
T285,Trevin Wallace,CAR,LB,-,-,-,-,,,Ques,Shoulder
T285,Garret Wallow,SF,LB,-,-,-,-,,,,
T285,Eddie Walls,LAR,LB,-,-,-,-,,,IR,Undisclosed
T285,Jihad Ward,FA,LB,-,-,-,-,,,,
T285,Fred Warner,SF,LB,-,-,-,-,8.77,,,
T285,Nathaniel Watson,CLE,LB,-,-,-,-,,,Ques,Biceps
T285,T.J. Watt,PIT,LB,-,-,-,-,6.74,,,
T285,Marlowe Wax,LAC,LB,-,-,-,-,,,,
T285,Rashad Weaver,FA,LB,-,-,-,-,,,,
T285,West Weeks,IND,LB,-,-,-,-,,,,
T285,Kristian Welch,GB,LB,-,-,-,-,,,,
T285,Carson Wells,FA,LB,-,-,-,-,,,,
T285,Julius Welschof,PIT,LB,-,-,-,-,,,,
T285,Pete Werner,NO,LB,-,-,-,-,,,,
T285,Ja'Markis Weston,SEA,LB,-,-,-,-,,,IR,Undisclosed
T285,DaShaun White,FA,LB,-,-,-,-,,,,
T285,Devin White,DET,LB,-,-,-,-,,,,
T285,Kyzir White,FA,LB,-,-,-,-,,,,
T285,Benton Whitley,CLE,LB,-,-,-,-,,,,
T285,Nate Wieland,FA,LB,-,-,-,-,,,,
T285,Dorian Williams,BUF,LB,-,-,-,-,,,Ques,Lower Body
T285,James Williams,TEN,LB,-,-,-,-,,,,
T285,Quincy Williams,CLE,LB,-,-,-,-,,,,
T285,Scooby Williams,MIN,LB,-,-,-,-,,,,
T285,Reid Williford,BAL,LB,-,-,-,-,,,,
T285,Eric Wilson,MIN,LB,-,-,-,-,2.94,,,
T285,Logan Wilson,FA,LB,-,-,-,-,,,,
T285,Mack Wilson,ARI,LB,-,-,-,-,2.93,,,
T285,Payton Wilson,PIT,LB,-,-,-,-,,,,
T285,Riley Wilson,NE,LB,-,-,-,-,,,,
T285,Jacoby Windmon,PIT,LB,-,-,-,-,,,,
T285,Dee Winters,DAL,LB,-,-,-,-,,,,
T285,D.J. Wonnum,DET,LB,-,-,-,-,,,,
T285,Jackson Woodard,MIA,LB,-,-,-,-,,,,
T285,Wade Woodaz,HOU,LB,-,-,-,-,,,,
T285,Josh Woods,ATL,LB,-,-,-,-,,,,
T285,Chandler Wooten,FA,LB,-,-,-,-,,,,
T285,Javin Wright,TB,LB,-,-,-,-,,,,
T285,Kadofi Wright,FA,LB,-,-,-,-,,,,
T285,Oshane Ximines,FA,LB,-,-,-,-,,,,
T285,Taurean York,DEN,LB,-,-,-,-,,,,
T285,Byron Young,LAR,LB,-,-,-,-,,,,
T285,Chase Young,NO,LB,-,-,-,-,4.13,,,
T285,Jordan Young,FA,LB,-,-,-,-,,,,
T285,Zion Young,BAL,LB,-,-,-,-,,,,
T285,Nash Hutmacher,TB,OG,-,-,-,-,,,,
T285,Dylan Parham,NYJ,OG,-,-,-,-,,,,
T285,Chris Williams,FA,OG,-,-,-,-,,,,
T285,Andrew Mevis,FA,K,-,-,-,334.00,,,,
T285,Ryan Santoso,FA,K,-,-,-,-,,,,
T285,Justin Rohrwasser,FA,K,-,-,-,-,,,,
T285,Parker Romo,FA,K,-,-,-,422.50,,,,
T285,Taylor Russolino,FA,K,-,-,-,413.00,,,,
T285,Chad Ryland,ARI,K,-,-,-,-,,5.00,,
T285,Jason Sanders,NYJ,K,-,-,-,453.50,,2.00,,
T285,Matthew Caldwell,LAR,QB,-,-,-,-,,,,
T285,Derek Carr,NO,QB,-,-,-,-,,,Reserve-Ret,Personal
T285,Davis Cheek,FA,QB,-,-,-,-,,,,
T285,Jacob Clark,LV,QB,-,-,-,-,,,,
T285,Sean Clifford,CIN,QB,-,-,-,-,,,,
T285,Jack Coan,FA,QB,-,-,-,-,,,,
T285,Jake Coker,FA,QB,-,-,-,-,,,,
T285,Brady Cook,NYJ,QB,-,-,-,-,,,,
T285,Case Cookus,FA,QB,-,-,-,-,,,,
T285,Chevan Cordeiro,FA,QB,-,-,-,-,,,,
T285,Matt Corral,FA,QB,-,-,-,-,,,,
T285,Kyle Allen,BUF,QB,-,-,-,-,,,,
T285,Luke Altmyer,DET,QB,-,-,-,-,,,,
T285,Drew Anderson,FA,QB,-,-,-,-,,,,
T285,Zack Annexstad,FA,QB,-,-,-,-,,,,
T285,Austin Aune,FA,QB,-,-,-,-,,,,
T285,Tyson Bagent,CHI,QB,-,-,-,460.50,,,,
T285,Matt Barkley,FA,QB,-,-,-,-,,,,
T285,Connor Bazelak,TB,QB,-,-,-,-,,,,
T285,Jason Bean,FA,QB,-,-,-,-,,,,
T285,C.J. Beathard,FA,QB,-,-,-,-,,,,
T285,Carson Beck,ARI,QB,-,-,33.00,263.30,7.78,4.10,,
T285,Stetson Bennett,LAR,QB,-,-,-,-,,,,
T285,James Blackman,FA,QB,-,-,-,-,,,,
T285,Ian Book,FA,QB,-,-,-,-,,,,
T285,Anthony Boone,FA,QB,-,-,-,-,,,,
T285,Tim Boyle,FA,QB,-,-,-,-,,,,
T285,Carter Bradley,JAX,QB,-,-,-,-,,,,
T285,Teddy Bridgewater,DET,QB,-,-,-,-,,,,
199,Jacoby Brissett,ARI,QB,230.11,-,-,299.40,5.29,8.52,,
T285,Max Brosmer,MIN,QB,-,-,-,-,,5.00,,
T285,Anthony Brown,FA,QB,-,-,-,-,,,,
T285,Jake Browning,TB,QB,-,-,-,-,,6.50,,
T285,Shane Buechele,BUF,QB,-,-,-,-,,,,
T285,Leroy Watson,FA,OT,-,-,-,-,,,,
T285,Bryan Anger,DAL,P,-,-,-,-,,,,
T285,Matt Araiza,KC,P,-,-,-,-,,,,
T285,Jake Bailey,ATL,P,-,-,-,-,,,,
T285,Bryce Baringer,NE,P,-,-,-,-,,,,
T285,Corey Bojorquez,CLE,P,-,-,-,-,,,,
T285,Jack Browning,FA,P,-,-,-,-,,,,
T285,James Burnip,FA,P,-,-,-,-,,,,
T285,Jake Camarda,FA,P,-,-,-,-,,,,
T285,AJ Cole,LV,P,-,-,-,-,,,,
T285,Logan Cooke,JAX,P,-,-,-,-,,,,
T285,Jeremy Crawshaw,DEN,P,-,-,-,-,,,,
T285,Michael Dickson,SEA,P,-,-,-,-,,,,
T285,Riley Dixon,TB,P,-,-,-,-,,,,
T285,Tommy Doman,BUF,P,-,-,-,-,,,,
T285,Ryan Eckley,BAL,P,-,-,-,-,,,,
T285,Ethan Evans,LAR,P,-,-,-,-,,,,
T285,Jack Fox,DET,P,-,-,-,-,,,,
T285,Trenton Gill,FA,P,-,-,-,-,,,,
T285,Jamie Gillan,FA,P,-,-,-,-,,,,
T285,Blake Gillikin,ARI,P,-,-,-,-,,,,
T285,Matt Haack,WAS,P,-,-,-,-,,,,
T285,Matthew Hayball,ATL,P,-,-,-,-,,,,
T285,Lou Hedley,FA,P,-,-,-,-,,,,
T285,Johnny Hekker,MIN,P,-,-,-,-,,,,
T285,Cameron Johnston,PIT,P,-,-,-,-,,,,
T285,Kai Kroeger,HOU,P,-,-,-,-,,,,
T285,Ty Long,FA,P,-,-,-,-,,,,
T285,Braden Mann,PHI,P,-,-,-,-,,,,
T285,Sam Martin,CAR,P,-,-,-,-,,,,
T285,Austin McNamara,NYJ,P,-,-,-,-,,,,
T285,Thomas Morstead,FA,P,-,-,-,-,,,,
T285,Pat O'Donnell,FA,P,-,-,-,-,,,,
T285,Michael Palardy,FA,P,-,-,-,-,,,,
T285,Bradley Pinion,MIA,P,-,-,-,-,,,,
T285,Ryan Rehkow,CIN,P,-,-,-,-,,,,
T285,Brad Robbins,FA,P,-,-,-,-,,,,
T285,Rigoberto Sanchez,IND,P,-,-,-,-,,,,
T285,JK Scott,LAC,P,-,-,-,-,,,,
T285,Ryan Stonehouse,FA,P,-,-,-,-,,,,
T285,Jordan Stout,NYG,P,-,-,-,-,,,,
T285,Tory Taylor,CHI,P,-,-,-,-,,,,
T285,Tommy Townsend,TEN,P,-,-,-,-,,,,
T285,Corliss Waitman,SF,P,-,-,-,-,,,,
T285,Tress Way,WAS,P,-,-,-,-,,,NFI-A,Pectoral
T285,Daniel Whelan,GB,P,-,-,-,-,,,,
T285,Matt Wile,FA,P,-,-,-,-,,,,
T285,Mitch Wishnowsky,BUF,P,-,-,-,-,,,,
T285,Brandon Wright,FA,P,-,-,-,-,,,,
T285,Ryan Wright,NO,P,-,-,-,-,,,,
T285,Ty Zentner,FA,P,-,-,-,-,,,,
T285,Joey Aguilar,JAX,QB,-,-,-,-,,,,
T285,Holton Ahlers,FA,QB,-,-,-,-,,,,
T285,Drew Allar,PIT,QB,-,-,44.33,303.00,3.56,3.29,,
T285,Austin Allen,FA,QB,-,-,-,-,,,,
T285,Brandon Allen,NYG,QB,-,-,-,-,,,,
T285,Jose Borregales,FA,K,-,-,-,414.00,,,,
T285,Luke Drzewiecki,FA,K,-,-,-,-,,,,
T285,Christopher Dunn,FA,K,-,-,-,-,,,,
T285,Dominik Eberle,FA,K,-,-,-,-,,,,
T285,Austin MacGinnis,FA,K,-,-,-,-,,,,
T285,Brett Maher,FA,K,-,-,-,-,,,,
T285,Laith Marjan,PIT,K,-,-,-,-,,,,
T285,Kansei Matsuzawa,LV,K,-,-,-,-,,,,
T285,Jude McAtamney,FA,K,-,-,-,-,,,,
T285,Tucker McCann,FA,K,-,-,-,-,,,,
T285,James McCourt,FA,K,-,-,-,385.50,,,,
T285,Matt McCrane,FA,K,-,-,-,-,,,,
T285,Gabriel Plascencia,FA,K,-,-,-,-,,,,
T285,Jack Podlesny,FA,K,-,-,-,-,,,,
T285,B.T. Potter,TB,K,-,-,-,-,,,,
T285,Matt Prater,FA,K,-,-,-,-,,5.50,,
T285,Alex Quevedo,FA,K,-,-,-,-,,,,
T285,Chris Naggar,FA,K,-,-,-,343.10,,,,
T285,Brayden Narveson,FA,K,-,-,-,-,,,,
T285,Quinn Nordin,FA,K,-,-,-,411.50,,,,
T285,Mike Nugent,FA,K,-,-,-,-,,,,
T285,Cody Parkey,FA,K,-,-,-,-,,,,
T285,Riley Patterson,MIA,K,-,-,-,341.00,,5.00,,
T285,Brandon McManus,FA,K,-,-,-,-,,5.50,,
T285,John Lunsford,FA,K,-,-,-,-,,,,
T285,Mike Meyer,FA,K,-,-,-,-,,,,
T285,JJ Molson,FA,K,-,-,-,-,,,,
T285,Jake Moody,WAS,K,-,-,-,-,,9.00,,
T285,Trevor Moore,FA,K,-,-,-,-,,,,
T285,Cole Murphy,FA,K,-,-,-,-,,,,
T285,Taylor Bertolet,FA,K,-,-,-,-,,,,
T285,Rodrigo Blankenship,FA,K,-,-,-,-,,,,
T285,Chris Blewitt,FA,K,-,-,-,-,,,,
T285,Michael Badgley,FA,K,-,-,-,-,,5.00,,
T285,Dan Bailey,FA,K,-,-,-,280.40,,,,
T285,John Baron,FA,K,-,-,-,-,,,,
T285,Tyler Bass,BUF,K,-,-,-,340.10,,2.50,,
T285,Anders Carlson,FA,K,-,-,-,-,,,,
T285,Daniel Carlson,FA,K,-,-,-,-,,11.00,,
T285,Sergio Castillo,FA,K,-,-,-,-,,,,
T285,Ryan Coe,FA,K,-,-,-,-,,,,
T285,Caden Davis,FA,K,-,-,-,-,,,,
T285,Gabe Brkic,FA,K,-,-,-,410.50,,,,
T285,Jonathan Brown,FA,K,-,-,-,-,,,,
T285,Tanner Brown,NO,K,-,-,-,-,,,,
T285,Randy Bullock,FA,K,-,-,-,-,,,,
T285,Will Ferrin,FA,K,-,-,-,-,,,,
T285,Ryan Fitzgerald,CAR,K,-,-,-,446.50,,5.00,,
T285,Nick Folk,ATL,K,-,-,-,445.50,,5.00,,
T285,Kai Forbath,FA,K,-,-,-,-,,,,
T285,Chris Freeman,FA,K,-,-,-,-,,,,
T285,Elliott Fry,FA,K,-,-,-,-,,,,
T285,Graham Gano,FA,K,-,-,-,-,,17.00,Ques,Neck
T285,Jonathan Garibay,FA,K,-,-,-,388.00,,,,
T285,Matt Gay,LV,K,-,-,-,389.00,,5.00,,
T285,Zane Gonzalez,MIA,K,-,-,-,-,,,,
T285,Blake Grupe,IND,K,-,-,-,458.00,,9.00,,
T285,Lirim Hajrullahu,FA,K,-,-,-,-,,,,
T285,Alex Hale,FA,K,-,-,-,-,,,,
T285,Clayton Hatfield,FA,K,-,-,-,-,,,,
T285,Blake Haubeil,FA,K,-,-,-,409.00,,,,
T285,Lucas Havrisik,FA,K,-,-,-,336.20,,,,
T285,Cole Hedlund,FA,K,-,-,-,-,,,,
T285,Dustin Hopkins,FA,K,-,-,-,-,,,,
T285,John Hoyland,FA,K,-,-,-,-,,,,
T285,Brian Johnson,FA,K,-,-,-,417.50,,,,
T285,Greg Joseph,FA,K,-,-,-,-,,,,
T285,Joshua Karty,FA,K,-,-,-,-,,5.00,,
T285,Alex Kessman,FA,K,-,-,-,339.00,,,,
T285,Jonathan Kim,FA,K,-,-,-,-,,,,
T285,Younghoe Koo,FA,K,-,-,-,-,,7.00,,
T285,Lenny Krieg,FA,K,-,-,-,-,,,,
T285,Josh Lambo,FA,K,-,-,-,-,,,,
214,Kirk Cousins,LV,QB,256.42,-,-,305.20,2.98,6.78,,
T285,Dustin Crum,FA,QB,-,-,-,-,,,,
T285,Andy Dalton,PHI,QB,-,-,-,-,,,,
T285,Jalon Daniels,TB,QB,-,-,-,-,,,,
T285,Michael Hiers,FA,QB,-,-,-,-,,,,
T285,Hendon Hooker,TEN,QB,-,-,-,-,,,,
T285,Will Howard,PIT,QB,-,-,-,390.80,,2.00,,
T285,Sam Howell,DAL,QB,-,-,-,-,,,,
T285,Brian Hoyer,FA,QB,-,-,-,-,,,,
T285,Tyler Huntley,BAL,QB,-,-,-,416.00,,5.00,,
T285,Anthony Gordon,FA,QB,-,-,-,-,,,,
T285,Taylen Green,CLE,QB,-,-,70.80,399.50,0.69,,,
T285,Will Grier,CAR,QB,-,-,-,-,,,Reserve-Ret,Undisclosed
T285,Mark Gronowski,MIA,QB,-,-,-,-,,,,
T285,Jarrett Guarantano,FA,QB,-,-,-,-,,,,
T285,Jake Haener,FA,QB,-,-,-,-,,,,
T285,Jaren Hall,FA,QB,-,-,-,-,,,,
T285,Gavin Hardison,FA,QB,-,-,-,-,,,,
T285,Felix Harper,FA,QB,-,-,-,-,,,,
T285,Sam Hartman,WAS,QB,-,-,-,-,,,,
T285,Taylor Heinicke,FA,QB,-,-,-,-,,,,
T285,Seth Henigan,FA,QB,-,-,-,-,,,,
T285,Chad Henne,FA,QB,-,-,-,-,,,,
T285,Kevin Davidson,FA,QB,-,-,-,-,,,,
T285,Hunter Dekkers,NO,QB,-,-,-,-,,,,
T285,Tim DeMorat,FA,QB,-,-,-,-,,,,
T285,Tommy DeVito,NE,QB,-,-,-,-,,,,
T285,Ben DiNucci,FA,QB,-,-,-,-,,,,
T285,Joshua Dobbs,FA,QB,-,-,-,-,,,,
T285,Jeff Driskel,FA,QB,-,-,-,-,,,,
T285,Kyron Drones,GB,QB,-,-,-,-,,,,
T285,Max Duggan,FA,QB,-,-,-,-,,,,
T285,Sam Ehlinger,DEN,QB,-,-,-,-,,,,
T285,Quinn Ewers,MIA,QB,-,-,-,356.70,,6.80,,
T285,Danny Ezechukwu,FA,QB,-,-,-,-,,,,
T285,Joe Fagnano,BAL,QB,-,-,-,-,,,,
T285,Cody Fajardo,FA,QB,-,-,-,-,,,,
T285,Justin Fields,KC,QB,-,-,-,362.80,2.23,12.67,,
T285,Nick Fitzgerald,FA,QB,-,-,-,-,,,,
T285,Joe Flacco,CIN,QB,-,-,-,-,,5.00,,
T285,Nick Foles,FA,QB,-,-,-,-,,,,
T285,Jake Fromm,FA,QB,-,-,-,-,,,,
T285,Blaine Gabbert,FA,QB,-,-,-,-,,,,
T285,Dillon Gabriel,CLE,QB,-,-,-,-,,7.67,,
T285,Chase Garbers,FA,QB,-,-,-,-,,,,
T285,Ethan Garbers,FA,QB,-,-,-,-,,,,
T285,Jimmy Garoppolo,FA,QB,-,-,-,-,,5.00,,
T285,Mike Glennon,FA,QB,-,-,-,-,,,,
T285,Graham Mertz,HOU,QB,-,-,-,-,,,,
T285,Cam Miller,MIA,QB,-,-,-,-,,,,
T285,Davis Mills,HOU,QB,-,-,-,-,,5.00,,
T285,Jalen Milroe,SEA,QB,-,-,-,265.80,,5.67,,
T285,Joe Milton,DAL,QB,-,-,-,462.00,,5.00,,
T285,Gardner Minshew,ARI,QB,-,-,-,432.00,,8.00,,
T285,Kellen Mond,FA,QB,-,-,-,-,,,,
T285,Tanner Mordecai,FA,QB,-,-,-,-,,,,
T285,Chandler Morris,FA,QB,-,-,-,-,,,,
T285,Behren Morton,NE,QB,-,-,-,-,,,,
T285,Jalen Morton,FA,QB,-,-,-,-,,,,
T285,Miller Moss,CHI,QB,-,-,-,-,,,,
T285,Nick Mullens,JAX,QB,-,-,-,-,,,,
T285,Josh Love,FA,QB,-,-,-,-,,,,
T285,J.J. McCarthy,MIN,QB,-,-,-,267.30,,12.93,,
T285,Kyle McCord,GB,QB,-,-,-,-,,,,
T285,Colt McCoy,FA,QB,-,-,-,-,,,,
T285,Tanner McKee,PHI,QB,-,-,-,-,,5.00,,
T285,Trace McSorley,FA,QB,-,-,-,-,,,,
T285,Devin Leary,FA,QB,-,-,-,-,,,,
T285,Mitch Leidner,FA,QB,-,-,-,-,,,,
T285,Riley Leonard,IND,QB,-,-,-,350.70,,6.00,,
T285,Will Levis,TEN,QB,-,-,-,-,,2.00,,
T285,Brian Lewerke,FA,QB,-,-,-,-,,,,
T285,Levi Lewis,FA,QB,-,-,-,-,,,,
T285,Chase Litton,FA,QB,-,-,-,-,,,,
T285,Sefo Liufau,FA,QB,-,-,-,-,,,,
T285,Drew Lock,SEA,QB,-,-,-,-,,,,
T285,Rocky Lombardi,FA,QB,-,-,-,-,,,,
T285,Josh Johnson,CIN,QB,-,-,-,-,,,,
179,Daniel Jones,IND,QB,199.64,-,-,196.50,5.80,13.59,,
T285,Emory Jones,FA,QB,-,-,-,-,,,,
T285,Mac Jones,SF,QB,-,-,-,364.00,1.35,5.29,,
T285,Athan Kaliakmanis,WAS,QB,-,-,-,-,,,,
T285,Case Keenum,CHI,QB,-,-,-,-,,,,
T285,Cole Kelley,FA,QB,-,-,-,-,,,,
T285,Chad Kelly,FA,QB,-,-,-,-,,,,
T285,D'Eriq King,FA,QB,-,-,-,-,,,,
T285,Haynes King,CAR,QB,-,-,-,433.50,,,,
T285,Cade Klubnik,NYJ,QB,-,-,39.00,308.60,1.78,3.20,,
T285,Trey Lance,LAC,QB,-,-,-,-,,6.00,,
T285,Kyle Lauletta,FA,QB,-,-,-,-,,,,
T285,Nate Sudfeld,FA,QB,-,-,-,-,,,,
T285,Taulia Tagovailoa,FA,QB,-,-,-,-,,,,
218,Tua Tagovailoa,ATL,QB,261.56,-,-,310.30,4.42,15.63,,
T285,Ryan Tannehill,FA,QB,-,-,-,-,,,,
T285,Tyrod Taylor,GB,QB,-,-,-,-,,5.50,,
T285,Vincent Testaverde,FA,QB,-,-,-,469.00,,,,
T285,Skylar Thompson,BAL,QB,-,-,-,-,,,,
T285,Dorian Thompson-Robinson,FA,QB,-,-,-,-,,,,
T285,Payton Thorne,FA,QB,-,-,-,-,,,,
T285,Nick Tiano,FA,QB,-,-,-,-,,,,
T285,Kyle Trask,FA,QB,-,-,-,-,,,,
T285,Jordan Travis,FA,QB,-,-,-,-,,,,
T285,Mitchell Trubisky,TEN,QB,-,-,-,-,,,,
T285,Clayton Tune,FA,QB,-,-,-,-,,,,
T285,DJ Uiagalelei,LAC,QB,-,-,-,-,,,,
T285,Trevor Siemian,FA,QB,-,-,-,-,,,Ques,Undisclosed
T285,Brandon Silvers,FA,QB,-,-,-,-,,,,
T285,Ty Simpson,LAR,QB,-,-,20.25,167.20,10.42,6.46,,
T285,Kedon Slovis,ARI,QB,-,-,-,-,,,,
210,Geno Smith,NYJ,QB,250.48,-,-,400.50,5.66,14.09,,
T285,J'Mar Smith,FA,QB,-,-,-,-,,,,
T282,Brendan Sorsby,FA,QB,999.00,-,-,-,,,,
T285,Nate Stanley,FA,QB,-,-,-,-,,,,
T285,Joel Stave,FA,QB,-,-,-,-,,,,
T285,Tommy Stevens,FA,QB,-,-,-,-,,,,
T285,Easton Stick,IND,QB,-,-,-,-,,,,
T285,Jarrett Stidham,DEN,QB,-,-,-,-,,,,
T285,Cole Stoudt,FA,QB,-,-,-,-,,,,
T285,Jack Strand,ATL,QB,-,-,-,467.00,,,,
T285,Chris Streveler,FA,QB,-,-,-,-,,,,
T285,Carson Strong,FA,QB,-,-,-,-,,,,
T285,Spencer Rattler,NO,QB,-,-,-,-,,8.33,,
T285,Austin Reed,FA,QB,-,-,-,-,,,,
T285,Jake Retzlaff,FA,QB,-,-,-,-,,,,
T285,Anthony Richardson,IND,QB,-,-,-,326.80,1.86,6.50,,
T285,Desmond Ridder,FA,QB,-,-,-,-,,,,
T285,Philip Rivers,FA,QB,-,-,-,-,,5.00,,
T285,Brogan Roback,FA,QB,-,-,-,-,,,,
T285,Sawyer Robertson,FA,QB,-,-,-,-,,,,
211,Aaron Rodgers,PIT,QB,251.60,-,-,293.10,5.25,11.59,,
T285,Kurtis Rourke,SF,QB,-,-,-,-,,,,
T285,Nathan Rourke,FA,QB,-,-,-,-,,,,
T285,Mason Rudolph,PIT,QB,-,-,-,-,,6.00,,
T285,Cooper Rush,ATL,QB,-,-,-,-,,7.00,,
T285,Broc Rutter,FA,QB,-,-,-,-,,,,
T285,Brett Rypien,FA,QB,-,-,-,-,,,,
240,Shedeur Sanders,CLE,QB,302.08,-,-,264.70,,7.35,,
T285,Spencer Sanders,FA,QB,-,-,-,-,,,,
T285,Garrett Nussmeier,KC,QB,-,-,-,370.00,1.66,3.22,,
T285,Aidan O'Connell,LV,QB,-,-,-,-,,,,
T285,Chris Oladokun,KC,QB,-,-,-,-,,,,
T285,Shea Patterson,FA,QB,-,-,-,-,,,,
T285,Diego Pavia,FA,QB,-,-,-,-,,,,
T285,Cole Payton,PHI,QB,-,-,78.80,394.80,1.23,,,
T285,Andrew Peasley,FA,QB,-,-,-,-,,,,
T285,Michael Penix,ATL,QB,-,-,-,251.10,,13.94,Ques,Knee - ACL
T285,Luis Perez,FA,QB,-,-,-,-,,,,
T285,E.J. Perry,FA,QB,-,-,-,-,,,,
T285,Nathan Peterman,FA,QB,-,-,-,-,,,,
T285,Brandon Peters,FA,QB,-,-,-,-,,,,
T285,Kenny Pickett,CAR,QB,-,-,-,-,,5.00,,
T285,Drew Plitt,FA,QB,-,-,-,-,,,,
T285,Jack Plummer,FA,QB,-,-,-,-,,,,
T285,Michael Pratt,FA,QB,-,-,-,-,,,,
T285,Lincoln Pare,FA,RB,-,-,-,-,,,Ques,Undisclosed
T285,Cordarrelle Patterson,FA,RB,-,-,-,-,,,,
T285,Jaret Patterson,LAC,RB,-,-,-,-,,,,
T285,Rashaad Penny,FA,RB,-,-,-,-,,,,
T285,Camerun Peoples,FA,RB,-,-,-,-,,,,
T285,La'Mical Perine,FA,RB,-,-,-,-,,,,
253,Samaje Perine,CIN,RB,313.89,-,-,361.10,1.16,5.50,,
T285,Ricky Person,FA,RB,-,-,-,-,,,,
T285,Scottie Phillips,FA,RB,-,-,-,-,,,,
T285,Artavis Pierce,FA,RB,-,-,-,-,,,,
T285,Dameon Pierce,PHI,RB,-,-,-,452.00,,5.00,,
T285,Josh Pitsenberger,HOU,RB,-,-,-,-,,,,
T285,Sandro Platzgummer,FA,RB,-,-,-,-,,,,
T285,Ahmani Marshall,CLE,RB,-,-,-,-,,,,
T285,Damien Martinez,GB,RB,-,-,-,-,,6.00,,
T285,Alexander Mattison,FA,RB,-,-,-,-,,3.00,,
T285,DeWayne McBride,FA,RB,-,-,-,-,,,,
T285,John Lovett,FA,RB,-,-,-,-,,,,
T285,Phil Mafah,DAL,RB,-,-,-,-,,,,
T285,CJ Marable,FA,RB,-,-,-,-,,,,
T285,Kevin Marks,FA,RB,-,-,-,-,,,,
T285,Myles Montgomery,NE,RB,-,-,-,-,,,,
T285,Ty Montgomery,FA,RB,-,-,-,-,,,,
T285,Le'Veon Moss,MIA,RB,-,-,-,317.60,,,Reserve-Ret,Undisclosed
T285,Zack Moss,FA,RB,-,-,-,-,,2.00,Ques,Neck
T285,Raheem Mostert,FA,RB,-,-,-,-,,5.00,Ques,Knee
T285,Kalel Mullings,TEN,RB,-,-,-,-,,,,
T285,Latavius Murray,FA,RB,-,-,-,-,,,,
265,Devin Neal,NO,RB,321.80,-,-,228.60,,9.00,,
T285,Lew Nichols,PIT,RB,-,-,-,423.00,,,,
T285,Jaden Nixon,GB,RB,-,-,-,-,,,,
T285,Sone Ntoh,FA,RB,-,-,-,-,,,,
T285,Kene Nwangwu,NYJ,RB,-,-,-,465.00,,,,
T285,Dare Ogunbowale,FA,RB,-,-,-,-,,,,
T285,Jaydn Ott,KC,RB,-,-,-,-,,,,
T285,A.J. Ouellette,FA,RB,-,-,-,-,,,,
T285,Kejon Owens,FA,RB,-,-,-,-,,,Ques,Illness
T285,Joe Mixon,FA,RB,-,-,-,315.00,,12.88,Ques,Foot
T285,A.J. Rose,FA,RB,-,-,-,-,,,,
T285,Kairee Robinson,FA,RB,-,-,-,-,,,,
T285,Keilan Robinson,FA,RB,-,-,-,-,,,Ques,Undisclosed
T285,Miles Sanders,FA,RB,-,-,-,-,,5.00,,
T285,Raheim Sanders,CLE,RB,-,-,-,-,,,,
T285,Mekhi Sargent,FA,RB,-,-,-,-,,,,
T285,Jacob Saylors,DET,RB,-,-,-,-,,,,
T285,Cody Schrader,DEN,RB,-,-,-,-,,,,
T285,Sam Scott,NYJ,RB,-,-,-,-,,,,
T285,Stevie Scott,FA,RB,-,-,-,-,,,,
T285,Zavier Scott,MIN,RB,-,-,-,-,,5.00,,
T285,Trey Sermon,FA,RB,-,-,-,-,,13.00,,
T285,Aaron Shampklin,FA,RB,-,-,-,-,,,,
T285,Will Shipley,PHI,RB,-,-,-,-,,5.00,,
268,Devin Singletary,NYG,RB,323.25,-,-,403.00,1.24,5.43,,
T285,Deneric Prince,FA,RB,-,-,-,-,,,,
T285,Trey Ragas,FA,RB,-,-,-,-,,,,
T285,Adam Randall,BAL,RB,-,-,46.82,233.90,2.19,,,
T285,Clint Ratkovich,FA,RB,-,-,-,-,,,,
T285,Desmond Reid,FA,RB,-,-,-,-,,,Ques,Undisclosed
T285,Craig Reynolds,FA,RB,-,-,-,-,,,Ques,Undisclosed
T285,Demario Richard,FA,RB,-,-,-,-,,,,
T285,Jalen Richard,FA,RB,-,-,-,-,,,,
T285,Dominic Richardson,DAL,RB,-,-,-,-,,,,
T285,Ronnie Rivers,LAR,RB,-,-,-,-,,,,
T285,Aidan Robbins,FA,RB,-,-,-,-,,,,
T285,Kye Robichaux,DET,RB,-,-,-,-,,,Ques,Undisclosed
T285,Bilal Powell,FA,RB,-,-,-,-,,,,
T285,Christian Powell,FA,RB,-,-,-,-,,,,
T285,ShunDerrick Powell,FA,RB,-,-,-,-,,,,
T285,D'Vonte Price,FA,RB,-,-,-,-,,,,
T285,Jase McClellan,FA,RB,-,-,-,-,,,,
T285,Sincere McCormick,SF,RB,-,-,-,-,,,,
T285,Nate McCrary,FA,RB,-,-,-,-,,,,
T285,Seth McGowan,IND,RB,-,-,50.57,270.00,0.75,,,
278,Kenny McIntosh,FA,RB,326.87,-,-,-,,,,
T285,Jerick McKinnon,FA,RB,-,-,-,-,,,,
279,Jaleel McLaughlin,DEN,RB,327.52,-,-,-,,15.00,,
T285,Dontae McMillan,BAL,RB,-,-,-,-,,,,
T285,Travon McMillian,FA,RB,-,-,-,-,,,,
T285,Jeremy McNichols,WAS,RB,-,-,-,-,,5.00,,
T285,Kirk Merritt,FA,RB,-,-,-,-,,,,
T285,Ellis Merriweather,FA,RB,-,-,-,-,,,,
T285,Sony Michel,FA,RB,-,-,-,-,,,,
T285,Dante Miller,NYG,RB,-,-,-,-,,,,
T285,Jam Miller,NE,RB,-,-,39.80,275.60,,2.00,,
T285,Kendre Miller,NO,RB,-,-,-,328.10,,10.33,,
T285,Dedrick Mills,FA,RB,-,-,-,-,,,,
T285,Kendall Milton,CIN,RB,-,-,-,-,,,,
T285,Jordan Mims,MIN,RB,-,-,-,-,,,,
T285,Elijah Mitchell,PHI,RB,-,-,-,-,,5.00,,
T285,Joshua Kelley,FA,RB,-,-,-,-,,,,
T285,John Kelly,FA,RB,-,-,-,-,,,,
T285,Jacob Kibodi,FA,RB,-,-,-,-,,,,
T285,Corey Kiner,ARI,RB,-,-,-,-,,,,
T285,Bam Knight,ARI,RB,-,-,-,-,,6.00,,
T285,Brenden Knox,FA,RB,-,-,-,-,,,,
T285,Bryant Koback,FA,RB,-,-,-,-,,,,
T285,Lan Larison,NE,RB,-,-,-,-,,,,
T285,Dylan Laube,LV,RB,-,-,-,-,,,,
T285,Ray Lawry,FA,RB,-,-,-,-,,,,
T285,Dion Lewis,FA,RB,-,-,-,-,,,,
T285,Phillip Lindsay,FA,RB,-,-,-,-,,,,
235,MarShawn Lloyd,GB,RB,290.77,-,-,250.10,3.26,2.86,,
T285,Austin Jones,FA,RB,-,-,-,-,,,,
T285,Cash Jones,ATL,RB,-,-,-,-,,,,
T285,Ronald Jones,FA,RB,-,-,-,-,,,,
T285,Shermari Jones,FA,RB,-,-,-,-,,,,
T285,Taiwan Jones,FA,RB,-,-,-,-,,,,
T285,Tony Jones,FA,RB,-,-,-,-,,,,
T285,Velus Jones,SEA,RB,-,-,-,-,,,,
T285,Jawhar Jordan,HOU,RB,-,-,-,-,,13.00,,
274,Kaleb Johnson,PIT,RB,324.60,-,-,188.10,,7.60,,
T285,Kerryon Johnson,FA,RB,-,-,-,-,,,,
T285,Montrell Johnson,FA,RB,-,-,-,-,,,Ques,Undisclosed
T285,Roschon Johnson,CHI,RB,-,-,-,-,,7.00,,
256,Ty Johnson,BUF,RB,317.27,-,-,379.20,0.96,5.00,,
T285,Jermar Jefferson,FA,RB,-,-,-,-,,,,
T285,Terrell Jennings,NE,RB,-,-,-,-,,,,
T285,Amar Johnson,LAC,RB,-,-,-,-,,,,
T285,D'Ernest Johnson,FA,RB,-,-,-,-,,,,
201,Jordan James,SF,RB,232.35,-,-,215.70,,2.00,Ques,Ribs
T285,Deon Jackson,FA,RB,-,-,-,-,,,,
T285,Devontae Jackson,FA,RB,-,-,-,-,,,,
T285,Ja'Quinden Jackson,FA,RB,-,-,-,-,,,,
T285,Isaiah Jacobs,FA,RB,-,-,-,-,,,,
T285,Evan Hull,ARI,RB,-,-,-,456.50,,,,
T285,Kareem Hunt,FA,RB,-,-,-,-,,7.00,,
T285,Jarquez Hunter,LAR,RB,-,-,-,371.10,,2.00,,
T285,Caleb Huntley,FA,RB,-,-,-,-,,,,
T285,Carlos Hyde,FA,RB,-,-,-,-,,,,
T285,Mohamed Ibrahim,FA,RB,-,-,-,-,,,,
T285,Godwin Igwebuike,FA,RB,-,-,-,-,,,,
T285,Keaontay Ingram,FA,RB,-,-,-,-,,,,
T285,Robert Henry,WAS,RB,-,-,-,330.20,,,,
T285,Khalil Herbert,SF,RB,-,-,-,-,,,,
T285,Brian Hill,FA,RB,-,-,-,-,,,,
220,Justice Hill,BAL,RB,263.53,-,-,314.10,1.94,5.33,,
T285,Nyheim Hines,FA,RB,-,-,-,-,,,,
245,George Holani,SEA,RB,305.43,-,-,344.40,1.26,,,
T285,Darnell Holland,FA,RB,-,-,-,-,,,,
T285,Travis Homer,PIT,RB,-,-,-,-,,,,
T285,Jordan Howard,FA,RB,-,-,-,-,,,,
T285,Logan Woodside,FA,QB,-,-,-,-,,,,
T285,Ben Wooldridge,FA,QB,-,-,-,-,,,,
T285,Ulysses Bentley,IND,RB,-,-,-,-,,,,
T285,B.J. Baylor,FA,RB,-,-,-,-,,,,
T285,Greg Bell,FA,RB,-,-,-,-,,,,
T285,Coleman Bennett,CHI,RB,-,-,-,-,,,,
181,Jaydon Blue,DAL,RB,202.20,-,-,206.70,,10.50,,
T285,Mike Boone,FA,RB,-,-,-,-,,,,
T285,Davon Booth,CLE,RB,-,-,-,443.00,,,,
T285,Max Borghi,FA,RB,-,-,-,-,,,,
T285,Isaiah Bowser,FA,RB,-,-,-,-,,,,
T285,Gary Brightwell,CIN,RB,-,-,-,-,,,,
T285,British Brooks,HOU,RB,-,-,-,-,,,,
251,Chris Brooks,GB,RB,310.91,-,-,349.50,1.70,5.00,NFI-A,Hamstring
T285,Julius Chestnut,TEN,RB,-,-,-,-,,,,
T285,Nick Chubb,FA,RB,-,-,-,-,,25.00,,
T285,Demond Claiborne,MIN,RB,-,-,35.00,204.90,3.01,2.88,,
T285,Corey Clement,FA,RB,-,-,-,-,,,,
T285,Toriano Clinton,FA,RB,-,-,-,-,,,,
T285,Tarik Cohen,FA,RB,-,-,-,-,,,,
T285,Matt Colburn,FA,RB,-,-,-,-,,,,
T285,Leddie Brown,FA,RB,-,-,-,-,,,,
T285,Malcolm Brown,FA,RB,-,-,-,-,,,,
T285,Kentrel Bullock,CIN,RB,-,-,-,-,,,,
T285,Rex Burkhead,FA,RB,-,-,-,-,,,,
T285,James Butler,FA,RB,-,-,-,-,,,,
T285,Josh Caldwell,FA,RB,-,-,-,-,,,,
T285,Kadarius Calloway,TB,RB,-,-,-,-,,,,
T285,Trenton Cannon,FA,RB,-,-,-,-,,,,
T285,Michael Carter,TEN,RB,-,-,-,-,,6.33,,
T285,Nathan Carter,ATL,RB,-,-,-,-,,,,
T285,Anderson Castle,IND,RB,-,-,-,-,,,,
T285,Ty Chandler,NO,RB,-,-,-,-,,18.00,,
T285,Russell Wilson,FA,QB,-,-,-,-,,5.00,,
T285,Zach Wilson,NO,QB,-,-,-,-,,,,
T285,Dresser Winn,FA,QB,-,-,-,-,,,,
T285,Jameis Winston,NYG,QB,-,-,-,-,,7.25,,
T285,Peter Pujals,FA,QB,-,-,-,-,,,,
T285,Hajj-Malik Williams,FA,QB,-,-,-,-,,,,
T285,E.J. Warner,FA,QB,-,-,-,-,,,,
T285,Deshaun Watson,CLE,QB,-,-,-,376.00,2.39,2.67,,
T285,Carson Wentz,MIN,QB,-,-,-,-,,5.00,,
T285,Mike White,FA,QB,-,-,-,-,,,,
T285,Jamie Newman,FA,QB,-,-,-,-,,,,
T285,Marcus Mariota,WAS,QB,-,-,-,-,,6.83,,
T285,Adrian Martinez,SF,QB,-,-,-,-,,,,
T285,Bailey Zappe,NYJ,QB,-,-,-,-,,,,
T285,Israel Abanikanda,DAL,RB,-,-,-,-,,,,
T285,Ameer Abdullah,JAX,RB,-,-,-,-,,,,
T285,Khalid Abdullah,FA,RB,-,-,-,-,,,,
T285,Salvon Ahmed,CHI,RB,-,-,-,-,,,,
T285,Cam Akers,FA,RB,-,-,-,-,,5.00,,
T285,Rasheen Ali,BAL,RB,-,-,-,-,,,,
T285,Kaytron Allen,WAS,RB,-,-,28.15,179.70,6.85,4.03,,
T285,Kazmeir Allen,FA,RB,-,-,-,-,,,,
238,LeQuint Allen,JAX,RB,297.77,-,-,277.30,,5.00,,
T285,Sherman Badie,FA,RB,-,-,-,-,,,,
T285,Tyler Badie,DEN,RB,-,-,-,-,,5.00,,
T285,Emani Bailey,FA,RB,-,-,-,-,,,,
T285,Kalen Ballage,FA,RB,-,-,-,-,,,,
T285,Damon Bankston,NYG,RB,-,-,-,-,,,,
T285,Peyton Barber,FA,RB,-,-,-,-,,,,
T285,Tyrion Davis-Price,FA,RB,-,-,-,-,,,,
T285,Synjyn Days,FA,RB,-,-,-,-,,,,
215,Emari Demercado,KC,RB,259.46,-,-,374.00,1.67,6.00,,
T285,Greg Desrosiers,LAC,RB,-,-,-,-,,,,
T285,AJ Dillon,CAR,RB,-,-,-,-,,5.00,,
T285,DeeJay Dallas,JAX,RB,-,-,-,-,,,,
254,Isaiah Davis,NYJ,RB,316.30,-,-,318.00,,7.33,,
255,Malik Davis,DAL,RB,317.13,-,-,372.80,1.72,5.00,,
T285,Miles Davis,CAR,RB,-,-,-,-,,,,
T285,Kenyan Drake,FA,RB,-,-,-,-,,,,
T285,Mataeo Durant,FA,RB,-,-,-,-,,,,
T285,Trestan Ebner,FA,RB,-,-,-,-,,,,
T285,Chase Edmonds,FA,RB,-,-,-,-,,,,
T285,Donovan Edwards,MIA,RB,-,-,-,-,,,,
T285,Gus Edwards,FA,RB,-,-,-,-,,,,
T285,Clyde Edwards-Helaire,FA,RB,-,-,-,-,,,,
T285,Austin Ekeler,FA,RB,-,-,-,439.50,,12.00,,
T285,Ezekiel Elliott,FA,RB,-,-,-,-,,,,
T285,BJ Emmons,FA,RB,-,-,-,-,,,,
T285,Audric Estime,NO,RB,-,-,-,-,,7.33,,
T285,Kaelon Black,SF,RB,-,-,37.85,202.70,2.29,,Ques,Thigh
T285,Raheem Blackshear,FA,RB,-,-,-,-,,,,
T285,Chris Collier,LV,RB,-,-,-,-,,,IR,Undisclosed
T285,Kennedy Brooks,FA,RB,-,-,-,-,,,,
T285,Tahj Brooks,CIN,RB,-,-,-,377.30,,5.50,,
T285,Tony Brooks-James,FA,RB,-,-,-,-,,,,
T285,Brittain Brown,CHI,RB,-,-,-,-,,,,
T285,Snoop Conner,FA,RB,-,-,-,-,,,,
T285,Dean Connors,LAR,RB,-,-,-,440.00,,,,
T285,Dalvin Cook,FA,RB,-,-,-,-,,,,
T285,Damarea Crockett,FA,RB,-,-,-,-,,,,
T285,Jashaun Corbin,FA,RB,-,-,-,-,,,,
T285,Wayne Gallman,FA,RB,-,-,-,-,,,,
T285,Ja'Quan Gardner,FA,RB,-,-,-,-,,,,
T285,Myles Gaskin,FA,RB,-,-,-,-,,,,
T285,CJ Donaldson,NO,RB,-,-,-,380.30,,,,
T285,Elijah Dotson,FA,RB,-,-,-,-,,,,
T285,Hassan Hall,FA,RB,-,-,-,-,,,,
T285,Hassan Haskins,FA,RB,-,-,-,-,,10.00,,
T285,JaMycal Hasty,FA,RB,-,-,-,-,,,,
T285,Jamal Haynes,CIN,RB,-,-,-,-,,,,
T285,Eli Heidenreich,PIT,RB,-,-,44.33,262.70,1.73,,,
T285,Roman Hemby,LV,RB,-,-,-,325.60,,,,
T285,Darrell Henderson,FA,RB,-,-,-,-,,,,
T285,Anthony Hankerson,MIA,RB,-,-,-,-,,,,
T285,Deion Hankins,FA,RB,-,-,-,-,,,,
T285,TJ Harden,FA,RB,-,-,-,-,,,,
T285,JaQuan Hardy,FA,RB,-,-,-,-,,,,
T285,Kevin Harris,FA,RB,-,-,-,-,,,,
250,Najee Harris,FA,RB,310.48,-,-,322.50,,22.40,Ques,Achilles
T285,Trevor Etienne,CAR,RB,-,-,-,313.70,,7.00,,
T285,Darrynton Evans,FA,RB,-,-,-,-,,,,
T285,Tiyon Evans,FA,RB,-,-,-,-,,,,
T285,Zach Evans,FA,RB,-,-,-,-,,,,
T285,Tavien Feaster,FA,RB,-,-,-,-,,,,
T285,Tayon Fleet-Davis,FA,RB,-,-,-,-,,,,
267,Jerome Ford,WAS,RB,323.20,-,-,447.00,,10.33,,
T285,D'Onta Foreman,FA,RB,-,-,-,-,,,,
T285,Leonard Fournette,FA,RB,-,-,-,-,,,,
T285,Jake Funk,FA,RB,-,-,-,-,,,,
T285,Antonio Gibson,FA,RB,-,-,-,-,,5.00,Ques,Knee - ACL
273,DJ Giddens,IND,RB,324.17,-,-,222.00,,5.25,,
T285,Tyler Goodson,ATL,RB,-,-,-,-,,5.00,,
T285,Melvin Gordon,FA,RB,-,-,-,-,,,,
T242,Ollie Gordon,MIA,RB,304.40,-,-,206.30,,8.38,,
T285,Derrick Gore,FA,RB,-,-,-,-,,,,
T285,Frank Gore,BUF,RB,-,-,-,-,,,,
T285,Eric Gray,NYG,RB,-,-,-,-,,,,
269,Isaac Guerendo,SF,RB,323.49,-,-,-,,8.50,PUP-P,Pectoral
T285,Christian Kuntz,PIT,C,-,-,-,-,,,,
T285,Keith Abney,DET,CB,-,-,-,-,,,,
T285,Micah Abraham,FA,CB,-,-,-,-,,,,
T285,Kris Abrams-Draine,DEN,CB,-,-,-,-,,,,
T285,Paulson Adebo,NYG,CB,-,-,-,-,,,,
T285,Jaire Alexander,FA,CB,-,-,-,-,,,,
T285,Dee Alford,BUF,CB,-,-,-,-,,,,
T285,Marcus Allen,MIN,CB,-,-,-,-,,,,
T285,Trey Amos,WAS,CB,-,-,-,-,,,PUP-P,Lower Leg
T285,Prince Amukamara,FA,CB,-,-,-,-,,,,
T285,Chigozie Anusiem,LV,CB,-,-,-,-,,,,
T285,Eli Apple,FA,CB,-,-,-,-,,,,
T285,Jalyn Armour-Davis,FA,CB,-,-,-,-,,,Ques,Achilles
T285,Da'Veawn Armstead,MIN,CB,-,-,-,-,,,,
T285,Cornell Armstrong,FA,CB,-,-,-,-,,,Ques,Hamstring
T285,Damon Arnette,FA,CB,-,-,-,-,,,,
T285,Terrion Arnold,FA,CB,-,-,-,-,,,,
T285,Alex Austin,MIA,CB,-,-,-,-,,,,
T285,Brent Austin,DEN,CB,-,-,-,-,,,,
T285,Tre Avery,CLE,CB,-,-,-,-,,,,
T285,Chidobe Awuzie,BAL,CB,-,-,-,-,,,,
T285,Johnson Bademosi,FA,CB,-,-,-,-,,,,
T285,Darrell Baker,MIA,CB,-,-,-,-,,,PUP-P,Undisclosed
T285,Johnathan Baldwin,GB,CB,-,-,-,-,,,,
T285,Corey Ballentine,JAX,CB,-,-,-,-,,,,
T285,Mory Bamba,NYJ,CB,-,-,-,-,,,,
T285,Deonte Banks,NYG,CB,-,-,-,-,,,,
T285,Jahdae Barron,DEN,CB,-,-,-,-,,,,
T285,Shemar Bartholomew,GB,CB,-,-,-,-,,,,
T285,Miles Battle,MIA,CB,-,-,-,-,,,,
T285,Dalys Beanum,NO,CB,-,-,-,-,,,,
T285,Christian Benford,BUF,CB,-,-,-,-,,,,
T285,Jakorian Bennett,PHI,CB,-,-,-,-,,,,
T285,Jarrick Bernard-Converse,NYG,CB,-,-,-,-,,,,
T285,Caleb Biggers,FA,CB,-,-,-,-,,,,
T285,Beanie Bishop,FA,CB,-,-,-,-,,,Reserve-Sus,Suspension
T285,Korie Black,NYG,CB,-,-,-,-,,,,
T285,Mekhi Blackmon,IND,CB,-,-,-,-,,,,
T285,Josh Blackwell,CHI,CB,-,-,-,-,,,,
T285,DaRon Bland,DAL,CB,-,-,-,-,,,,
T285,Isaiah Bolden,FA,CB,-,-,-,-,,,,
T285,Ethan Bonner,MIA,CB,-,-,-,-,,,,
T285,Andrew Booth,FA,CB,-,-,-,-,,,,
T285,Dicaprio Bootle,FA,CB,-,-,-,-,,,Ques,Undisclosed
T285,Cedric Boswell,FA,CB,-,-,-,-,,,,
T285,Kris Boyd,FA,CB,-,-,-,-,,,Ques,Abdomen
T285,Ekow Boye-Doe,FA,CB,-,-,-,-,,,,
T285,Devan Boykin,PIT,CB,-,-,-,-,,,,
T285,Lance Boykin,FA,CB,-,-,-,-,,,,
T285,Christian Braswell,JAX,CB,-,-,-,-,,,,
T285,JuJu Brents,MIA,CB,-,-,-,-,,,,
T285,Trikweze Bridges,DAL,CB,-,-,-,-,,,,
T285,Tyrone Broden,FA,CB,-,-,-,-,,,Ques,Undisclosed
T285,Natrone Brooks,ATL,CB,-,-,-,-,,,,
T285,Ike Brown,FA,CB,-,-,-,-,,,,
T285,Montaric Brown,JAX,CB,-,-,-,-,0.90,,,
T285,Tony Brown,FA,CB,-,-,-,-,,,,
T285,Tre Brown,NYJ,CB,-,-,-,-,,,,
T285,Jarvis Brownlee,NYJ,CB,-,-,-,-,,,Ques,Hip
T285,Cobee Bryant,ATL,CB,-,-,-,-,,,,
T285,Myles Bryant,CLE,CB,-,-,-,-,,,,
T285,Denzel Burke,ARI,CB,-,-,-,-,,,,
T285,Artie Burns,FA,CB,-,-,-,-,,,Ques,Knee - ACL
T285,Josh Butler,DAL,CB,-,-,-,-,,,,
T285,Keydrain Calligan,TEN,CB,-,-,-,-,,,,
T285,James Campbell,FA,CB,-,-,-,-,,,,
T285,Tyson Campbell,CLE,CB,-,-,-,-,1.73,,,
T285,Channing Canada,NE,CB,-,-,-,-,,,,
T285,Jadon Canady,KC,CB,-,-,-,-,,,,
T285,Brandon Carr,FA,CB,-,-,-,-,,,,
T285,Caelen Carson,DAL,CB,-,-,-,-,,,,
T285,Ajani Carter,FA,CB,-,-,-,-,,,,
T285,Michael Carter,PHI,CB,-,-,-,-,,,,
T285,T.J. Carter,FA,CB,-,-,-,-,,,,
T285,Tariq Castro-Fields,PHI,CB,-,-,-,-,,,,
T285,Tyreek Chappell,MIN,CB,-,-,-,-,,,,
T285,Brandon Cisse,GB,CB,-,-,-,-,,,,
T285,Jordan Clark,NYJ,CB,-,-,-,-,,,,
T285,Kei'Trel Clark,ARI,CB,-,-,-,-,,,,
T285,Brandon Codrington,HOU,CB,-,-,-,-,,,,
T285,Ryan Cooper,FA,CB,-,-,-,-,,,,
T285,Bryce Cosby,FA,CB,-,-,-,-,,,,
T285,Te'Cory Couch,BUF,CB,-,-,-,-,,,,
T285,Brandon Crossley,NE,CB,-,-,-,-,,,,
T285,Elijah Culp,ARI,CB,-,-,-,-,,,,
T285,Michael Dansby,SEA,CB,-,-,-,-,,,,
T285,Ronald Darby,FA,CB,-,-,-,-,,,,
T285,Carlton Davis,NE,CB,-,-,-,-,,,Ques,Undisclosed
T285,Cortez Davis,FA,CB,-,-,-,-,,,,
T285,Fred Davis,WAS,CB,-,-,-,-,,,,
T285,Jaden Davis,ARI,CB,-,-,-,-,,,IR,Undisclosed
T285,Jalen Davis,CIN,CB,-,-,-,-,,,,
T285,Michael Davis,FA,CB,-,-,-,-,,,Ques,Shoulder
T285,Tacario Davis,CIN,CB,-,-,-,-,,,,
T285,Jamel Dean,PIT,CB,-,-,-,-,,,,
T285,Mansoor Delane,KC,CB,-,-,31.80,-,,,Ques,Shoulder
T285,Charles Demmings,MIN,CB,-,-,-,-,,,,
T285,M.J. Devonshire,GB,CB,-,-,-,-,,,,
T285,Marcellas Dial,NE,CB,-,-,-,-,,,,
T285,Trevon Diggs,FA,CB,-,-,-,-,,,,
T285,Thaddeus Dixon,NYG,CB,-,-,-,-,,,IR,Achilles
T285,Khalil Dorsey,DET,CB,-,-,-,-,,,,
T285,Rasul Douglas,WAS,CB,-,-,-,-,,,,
T285,Storm Duck,MIA,CB,-,-,-,-,,,PUP-P,Knee
T285,Cobie Durant,DAL,CB,-,-,-,-,,,,
T285,Brandin Echols,PIT,CB,-,-,-,-,,,,
T285,Johnathan Edwards,IND,CB,-,-,-,-,,,,
T285,Wyett Ekeler,FA,CB,-,-,-,-,,,,
T285,Kaiir Elam,KC,CB,-,-,-,-,,,,
T285,Martin Emerson,NO,CB,-,-,-,-,,,,
T285,Akayleb Evans,CAR,CB,-,-,-,-,,,,
T285,Darren Evans,FA,CB,-,-,-,-,,,,
T285,Daylen Everette,PIT,CB,-,-,-,-,,,,
T285,KC Eziomume,CHI,CB,-,-,-,-,,,,
T285,Caleb Farley,FA,CB,-,-,-,-,,,,
T285,Junior Faulk,FA,CB,-,-,-,-,,,,
T285,Cor'Dale Flott,TEN,CB,-,-,-,-,,,,
T285,Dallis Flowers,CHI,CB,-,-,-,-,,,,
T285,Tre Flowers,FA,CB,-,-,-,-,,,,
T285,Emmanuel Forbes,LAR,CB,-,-,-,-,,,,
T285,Mike Ford,ATL,CB,-,-,-,-,,,,
T285,Tyrell Ford,FA,CB,-,-,-,-,,,,
T285,Zah Frazier,FA,CB,-,-,-,-,,,,
T285,Andre Fuller,SEA,CB,-,-,-,-,,,,
T285,Kendall Fuller,FA,CB,-,-,-,-,,,,
T285,Travon Fuller,FA,CB,-,-,-,-,,,,
T285,Kristian Fulton,KC,CB,-,-,-,-,,,,
T285,Tyrek Funderburk,CAR,CB,-,-,-,-,,,,
T285,Don Gardner,FA,CB,-,-,-,-,,,,
T285,Sauce Gardner,IND,CB,-,-,-,-,,,Ques,Calf
T285,Mekhi Garner,FA,CB,-,-,-,-,,,,
T285,Eric Garror,FA,CB,-,-,-,-,,,,
T285,Allan George,FA,CB,-,-,-,-,,,,
T285,Kenneth George,FA,CB,-,-,-,-,,,,
T285,Zyon Gilbert,FA,CB,-,-,-,-,,,,
T285,Steven Gilmore,FA,CB,-,-,-,-,,,,
T285,Christian Gonzalez,NE,CB,-,-,-,-,,,,
T285,Mario Goodrich,TEN,CB,-,-,-,-,,,,
T285,Kyler Gordon,CHI,CB,-,-,-,-,,,PUP-P,Calf
T285,Thomas Graham,FA,CB,-,-,-,-,,,,
T285,Nick Grant,FA,CB,-,-,-,-,,,,
T285,A.J. Green,MIA,CB,-,-,-,-,,,,
T285,Art Green,NYG,CB,-,-,-,-,,,,
T285,Renardo Green,SF,CB,-,-,-,-,,,,
T285,Shaquill Griffin,FA,CB,-,-,-,-,,,,
T285,Jaylon Guilbeau,FA,CB,-,-,-,-,,,Ques,Undisclosed
T285,Kamal Hadden,GB,CB,-,-,-,-,,,,
T285,Devin Hafford,FA,CB,-,-,-,-,,,,
T285,Maxwell Hairston,BUF,CB,-,-,-,-,,,,
T285,Bryce Hall,FA,CB,-,-,-,-,,,,
T285,Darren Hall,ATL,CB,-,-,-,-,,,,
T285,Kemon Hall,TB,CB,-,-,-,-,,,,
T285,Stephen Hall,HOU,CB,-,-,-,-,,,,
T285,TJ Hall,NO,CB,-,-,-,-,,,,
T285,Tyler Hall,FA,CB,-,-,-,-,,,,
T285,Al'zillion Hamilton,LAR,CB,-,-,-,-,,,PUP-P,Undisclosed
T285,Antonio Hamilton,WAS,CB,-,-,-,-,,,,
T285,Elijah Hamilton,FA,CB,-,-,-,-,,,,
T285,Matt Hankins,FA,CB,-,-,-,-,,,,
T285,Justin Hardee,FA,CB,-,-,-,-,,,Ques,Undisclosed
T285,Myles Harden,CLE,CB,-,-,-,-,,,,
T285,Daequan Hardy,PIT,CB,-,-,-,-,,,IR,Undisclosed
T285,Marcus Harris,TEN,CB,-,-,-,-,,,,
T285,Cam Hart,LAC,CB,-,-,-,-,,,,
T285,Ahmari Harvey,PIT,CB,-,-,-,-,,,,
T285,Tre Hawkins,WAS,CB,-,-,-,-,,,IR,Undisclosed
T285,Josh Hayes,TB,CB,-,-,-,-,,,,
T285,Amari Henderson,FA,CB,-,-,-,-,,,,
T285,C.J. Henderson,ATL,CB,-,-,-,-,,,,
T285,Tre Herndon,FA,CB,-,-,-,-,,,,
T285,Tyron Herring,CLE,CB,-,-,-,-,,,,
T285,Faion Hicks,FA,CB,-,-,-,-,,,,
T285,Dax Hill,CIN,CB,-,-,-,-,,,,
T285,Nijuel Hill,FA,CB,-,-,-,-,,,,
T285,Troy Hill,FA,CB,-,-,-,-,,,,
T285,Mike Hilton,FA,CB,-,-,-,-,,,Ques,Shoulder
T285,Nate Hobbs,SF,CB,-,-,-,-,,,,
T285,Preston Hodge,JAX,CB,-,-,-,-,,,,
T285,Ka'dar Hollman,FA,CB,-,-,-,-,,,,
T285,Darnay Holmes,ATL,CB,-,-,-,-,,,,
T285,Colton Hood,NYG,CB,-,-,-,-,,,,
T285,Delonte Hood,FA,CB,-,-,-,-,,,,
T285,Jaycee Horn,CAR,CB,-,-,-,-,,,,
T285,Xavien Howard,FA,CB,-,-,-,-,,,,
T285,Mike Hughes,ATL,CB,-,-,-,-,,,,
T285,Marlon Humphrey,BAL,CB,-,-,-,-,2.89,,,
T285,Alijah Huzzie,HOU,CB,-,-,-,-,,,,
T285,Noah Igbinoghene,SEA,CB,-,-,-,-,,,,
T285,Davison Igbinosun,BUF,CB,-,-,-,-,,,,
T285,Ja'Marcus Ingram,HOU,CB,-,-,-,-,,,,
T285,Keenan Isaac,FA,CB,-,-,-,-,,,,
T285,DJ Ivey,CIN,CB,-,-,-,-,,,,
T285,Adoree' Jackson,FA,CB,-,-,-,-,,,,
T285,Dane Jackson,JAX,CB,-,-,-,-,,,Reserve-Ret,Personal
T285,Domani Jackson,GB,CB,-,-,-,-,,,,
T285,Donte Jackson,LAC,CB,-,-,-,-,,,,
T285,Lamar Jackson,FA,CB,-,-,-,-,,,,
T285,Mike Jackson,CAR,CB,-,-,-,-,2.12,,,
T285,DJ James,FA,CB,-,-,-,-,,,,
T285,D'Shawn Jamison,PIT,CB,-,-,-,-,,,,
T285,Shemar Jean-Charles,SEA,CB,-,-,-,-,,,,
T285,Josh Jobe,SEA,CB,-,-,-,-,,,,
T285,Alex Johnson,LAR,CB,-,-,-,-,,,,
T285,Brandon Johnson,SEA,CB,-,-,-,-,,,,
T285,Chris Johnson,MIA,CB,-,-,-,-,,,,
T285,Isaiah Johnson,FA,CB,-,-,-,-,,,Ques,Knee - ACL
T285,Jaylon Johnson,CHI,CB,-,-,-,-,,,,
T285,Leonard Johnson,FA,CB,-,-,-,-,,,,
T285,Nazeeh Johnson,TEN,CB,-,-,-,-,,,,
T285,Taron Johnson,LV,CB,-,-,-,-,,,,
T285,Will Johnson,ARI,CB,-,-,-,-,,,,
T285,Shaun Jolly,FA,CB,-,-,-,-,,,,
T285,Chris Jones,FA,CB,-,-,-,-,,,,
T285,DaShawn Jones,FA,CB,-,-,-,-,,,,
T285,Devin Jones,FA,CB,-,-,-,-,,,,
T285,Dom Jones,FA,CB,-,-,-,-,,,Ques,Knee
T285,Elijah Jones,FA,CB,-,-,-,-,,,,
T285,Elijah Jones,ARI,CB,-,-,-,-,,,,
T285,Jack Jones,SF,CB,-,-,-,-,,,,
T285,Jarrian Jones,JAX,CB,-,-,-,-,,,,
T285,Jaylon Jones,CHI,CB,-,-,-,-,,,,
T285,Jaylon Jones,IND,CB,-,-,-,-,,,,
T285,Jonathan Jones,PHI,CB,-,-,-,-,,,,
T285,Marcus Jones,NE,CB,-,-,-,-,,,,
T285,Marlon Jones,GB,CB,-,-,-,-,,,,
T285,Nic Jones,NYG,CB,-,-,-,-,,,,
T285,Kelvin Joseph,FA,CB,-,-,-,-,,,,
T285,Kyu Blu Kelly,FA,CB,-,-,-,-,,,Ques,Knee
T285,Anthony Kendall,CLE,CB,-,-,-,-,,,Ques,Undisclosed
T285,Derion Kendrick,DAL,CB,-,-,-,-,,,,
T285,Donte Kent,PIT,CB,-,-,-,-,,,PUP-P,Undisclosed
T285,Jalen Kimber,CIN,CB,-,-,-,-,,,,
T285,Desmond King,FA,CB,-,-,-,-,,,,
T285,Kalen King,ARI,CB,-,-,-,-,,,,
T285,Kevin King,FA,CB,-,-,-,-,,,Ques,Undisclosed
T285,Luther Kirk,FA,CB,-,-,-,-,,,,
T285,Kader Kohou,KC,CB,-,-,-,-,,,,
T285,Bilhal Kone,BAL,CB,-,-,-,-,,,,
T285,Chris Lammons,FA,CB,-,-,-,-,,,Ques,Foot
T285,Cam Lampkin,LAR,CB,-,-,-,-,,,,
T285,Kamari Lassiter,HOU,CB,-,-,-,-,,,,
T285,Marshon Lattimore,FA,CB,-,-,-,-,,,Ques,Knee - ACL
T285,Des Lawrence,FA,CB,-,-,-,-,,,,
T285,Will Lee,CAR,CB,-,-,-,-,,,,
T285,Deommodore Lenoir,SF,CB,-,-,-,-,,,,
T285,Deane Leonard,LAC,CB,-,-,-,-,,,,
T285,Cam Lewis,CHI,CB,-,-,-,-,,,,
T285,Jourdan Lewis,JAX,CB,-,-,-,-,,,,
T285,David Long,FA,CB,-,-,-,-,,,,
T285,Robert Longerbeam,BAL,CB,-,-,-,-,,,,
T285,Keni-H Lovely,JAX,CB,-,-,-,-,,,,
T285,Duron Lowe,FA,CB,-,-,-,-,,,,
T285,Chase Lucas,TB,CB,-,-,-,-,,,PUP-P,Undisclosed
T285,Jeadyn Lukus,FA,CB,-,-,-,-,,,,
T285,Darrell Luter,SF,CB,-,-,-,-,,,,
T285,Bralyn Lux,CIN,CB,-,-,-,-,,,,
T285,Avonte Maddox,DET,CB,-,-,-,-,,,,
T285,Jason Maitre,FA,CB,-,-,-,-,,,Ques,Undisclosed
T285,Dontae Manning,CHI,CB,-,-,-,-,,,,
T285,Paul Manning,FA,CB,-,-,-,-,,,Ques,Undisclosed
T285,Devon Marshall,JAX,CB,-,-,-,-,,,,
T285,Jason Marshall,MIA,CB,-,-,-,-,,,,
T285,Keyon Martin,BAL,CB,-,-,-,-,,,,
T285,Hezekiah Masses,LV,CB,-,-,-,-,,,,
T285,Damarri Mathis,CLE,CB,-,-,-,-,,,,
T285,Arthur Maulet,FA,CB,-,-,-,-,,,,
T285,Mac McCain,FA,CB,-,-,-,-,,,,
T285,Jeremiah McClendon,FA,CB,-,-,-,-,,,,
T285,Nick McCloud,FA,CB,-,-,-,-,,,Ques,Groin
T285,Zyon McCollum,TB,CB,-,-,-,-,,,,
T285,Jermod McCoy,LV,CB,-,-,-,-,,,Ques,Knee
T285,Roger McCreary,DET,CB,-,-,-,-,,,,
T285,Deshawn McCuin,FA,CB,-,-,-,-,,,,
T285,Latrell McCutchin,FA,CB,-,-,-,-,,,Ques,Undisclosed
T285,Matthew McDoom,BAL,CB,-,-,-,-,,,,
T285,Trent McDuffie,LAR,CB,-,-,-,-,,,,
T285,Dwight McGlothern,MIN,CB,-,-,-,-,,,Ques,Hip
T285,Kool-Aid McKinstry,NO,CB,-,-,-,-,,,,
T285,Kyler McMichael,FA,CB,-,-,-,-,,,,
T285,Ja'Quan McMillian,DEN,CB,-,-,-,-,,,,
T285,Jalen McMurray,TEN,CB,-,-,-,-,,,,
T285,Mac McWilliams,PHI,CB,-,-,-,-,,,,
T285,Max Melton,ARI,CB,-,-,-,-,,,,
T285,Cam Miller,CAR,CB,-,-,-,-,,,,
T285,D.J. Miller,BUF,CB,-,-,-,-,,,,
T285,Kobee Minor,NE,CB,-,-,-,-,,,,
T285,Cameron Mitchell,FA,CB,-,-,-,-,,,Ques,Undisclosed
T285,Quinyon Mitchell,PHI,CB,-,-,-,-,,,,
T285,Devin Moore,DAL,CB,-,-,-,-,,,,
T285,Kenny Moore,FA,CB,-,-,-,-,,,,
T285,T.J. Moore,FA,CB,-,-,-,-,,,,
T285,Fabian Moreau,WAS,CB,-,-,-,-,,,,
T285,Benjamin Morrison,TB,CB,-,-,-,-,,,,
T285,Malkelm Morrison,FA,CB,-,-,-,-,,,,
T285,Emmanuel Moseley,FA,CB,-,-,-,-,,,Ques,Illness
T285,Quandre Mosely,FA,CB,-,-,-,-,,,,
T285,Riley Moss,DEN,CB,-,-,-,-,,,,
T285,Jabbar Muhammad,JAX,CB,-,-,-,-,,,,
T285,Malik Muhammad,CHI,CB,-,-,-,-,,,,
T285,Byron Murphy,MIN,CB,-,-,-,-,,,,
T285,Sean Murphy-Bunting,ARI,CB,-,-,-,-,,,,
T285,Julian Neal,SEA,CB,-,-,-,-,,,Ques,Leg
T285,Nik Needham,FA,CB,-,-,-,-,,,,
T285,Greg Newsome,NYG,CB,-,-,-,-,,,,
T285,Quinton Newsome,ARI,CB,-,-,-,-,,,,
T285,Josh Newton,CIN,CB,-,-,-,-,,,,
T285,DeCarlos Nicholson,CAR,CB,-,-,-,-,,,,
T285,Parry Nickerson,FA,CB,-,-,-,-,,,,
T285,Keisean Nixon,GB,CB,-,-,-,-,,,,
T285,Drey Norwood,LAR,CB,-,-,-,-,,,,
T285,Caleb Offord,LV,CB,-,-,-,-,,,,
T285,Jeff Okudah,FA,CB,-,-,-,-,,,Ques,Concussion
T285,Jordan Oladokun,FA,CB,-,-,-,-,,,,
T285,Donovan Olumba,FA,CB,-,-,-,-,,,,
T285,Amani Oruwariye,BAL,CB,-,-,-,-,,,,
T285,Jacob Parrish,TB,CB,-,-,-,-,,,,
T285,Rico Payton,NYG,CB,-,-,-,-,,,IR,Undisclosed
T285,D'Arco Perkins-McAllister,KC,CB,-,-,-,-,,,,
T285,Patrick Peterson,FA,CB,-,-,-,-,,,,
T285,Bryce Phillips,KC,CB,-,-,-,-,,,,
T285,Clark Phillips,ATL,CB,-,-,-,-,,,,
T285,Dru Phillips,NYG,CB,-,-,-,-,,,,
T285,James Pierre,MIN,CB,-,-,-,-,,,,
T285,Jalen Pitre,HOU,CB,-,-,-,-,,,,
T285,Derrek Pitts,FA,CB,-,-,-,-,,,,
T285,Carlins Platel,FA,CB,-,-,-,-,,,,
T285,D'Angelo Ponds,NYJ,CB,-,-,-,-,,,Ques,Calf
T285,Darien Porter,LV,CB,-,-,-,-,,,,
T285,Daryl Porter,PIT,CB,-,-,-,-,,,,
T285,Jackson Porter,FA,CB,-,-,-,-,,,,
T285,Joey Porter,PIT,CB,-,-,-,-,,,PUP-P,Back
T285,Bobby Price,FA,CB,-,-,-,-,,,,
T285,Jayden Price,NO,CB,-,-,-,-,,,,
T285,Toriano Pride,BUF,CB,-,-,-,-,,,,
T285,Troy Pride,FA,CB,-,-,-,-,,,,
T285,De'Antre Prince,FA,CB,-,-,-,-,,,,
T285,Nehemiah Pritchett,SEA,CB,-,-,-,-,,,,
T285,Karon Prunty,NE,CB,-,-,-,-,,,,
T285,Ephesians Prysock,SF,CB,-,-,-,-,,,,
T285,Myles Purchase,LAC,CB,-,-,-,-,,,,
T285,Brendan Radley-Hiles,FA,CB,-,-,-,-,,,,
T285,Ennis Rakestraw,DET,CB,-,-,-,-,,,,
T285,D.J. Reed,DET,CB,-,-,-,-,,,,
T285,Nikko Reed,LAC,CB,-,-,-,-,,,Ques,Hamstring
T285,Michael Reid,NO,CB,-,-,-,-,,,,
T285,Shavon Revel,DAL,CB,-,-,-,-,,,,
T285,Decamerion Richardson,LV,CB,-,-,-,-,,,,
T285,Eli Ricks,FA,CB,-,-,-,-,,,,
T285,Quincy Riley,NO,CB,-,-,-,-,,,,
T285,Kelee Ringo,PHI,CB,-,-,-,-,,,,
T285,Chandler Rivers,BAL,CB,-,-,-,-,,,,
T285,Amik Robertson,WAS,CB,-,-,-,-,,,,
T285,Nickell Robey-Coleman,FA,CB,-,-,-,-,,,,
T285,Ethan Robinson,MIA,CB,-,-,-,-,,,,
T285,Jaden Robinson,DEN,CB,-,-,-,-,,,,
T285,Jakob Robinson,SF,CB,-,-,-,-,,,Ques,Forearm
T285,Marquise Robinson,BAL,CB,-,-,-,-,,,,
T285,Micah Robinson,TEN,CB,-,-,-,-,,,,
T285,Robert Rochell,CAR,CB,-,-,-,-,,,,
T285,Isaiah Rodgers,MIN,CB,-,-,-,-,,,,
T285,Eric Rogers,LAC,CB,-,-,-,-,,,Ques,Undisclosed
T285,Christian Roland-Wallace,KC,CB,-,-,-,-,,,Ques,Back
T285,D'Angelo Ross,CLE,CB,-,-,-,-,,,,
T285,De'Shawn Rucker,DET,CB,-,-,-,-,,,,
T285,Darius Rush,WAS,CB,-,-,-,-,,,,
T285,KeiVarae Russell,FA,CB,-,-,-,-,,,,
T285,Mike Sainristil,WAS,CB,-,-,-,-,,,,
T285,Asante Samuel,PIT,CB,-,-,-,-,,,,
T285,Marcus Sayles,FA,CB,-,-,-,-,,,,
T285,Eric Scott,FA,CB,-,-,-,-,,,,
T285,Keionte Scott,TB,CB,-,-,-,-,,,,
T285,Kevon Seymour,FA,CB,-,-,-,-,,,,
T285,Kendall Sheffield,FA,CB,-,-,-,-,,,Ques,Undisclosed
T285,Duke Shelley,FA,CB,-,-,-,-,,,,
T285,Rodney Shelley,LAC,CB,-,-,-,-,,,,
T285,Jaylin Simpson,GB,CB,-,-,-,-,,,,
T285,Doneiko Slaughter,PIT,CB,-,-,-,-,,,,
T285,Darius Slay,FA,CB,-,-,-,-,,,Reserve-Ret,Undisclosed
T285,Avery Smith,LAC,CB,-,-,-,-,,,,
T285,Cam Smith,FA,CB,-,-,-,-,,,,
T285,Jaylin Smith,HOU,CB,-,-,-,-,,,,
T285,Keidron Smith,NYJ,CB,-,-,-,-,,,,
T285,Melvin Smith,KC,CB,-,-,-,-,,,,
T285,Terell Smith,CHI,CB,-,-,-,-,,,Ques,Knee
T285,Tremon Smith,HOU,CB,-,-,-,-,,,,
T285,Chau Smith-Wade,CAR,CB,-,-,-,-,,,,
T285,L'Jarius Sneed,KC,CB,-,-,-,-,,,,
T285,Ameer Speed,DAL,CB,-,-,-,-,,,,
T285,Benjamin St-Juste,GB,CB,-,-,-,-,,,,
T285,Brandon Stephens,NYJ,CB,-,-,-,-,,,Ques,Neck
T285,Tyrique Stevenson,CHI,CB,-,-,-,-,,,,
T285,Reddy Steward,DAL,CB,-,-,-,-,,,,
T285,Qwan'tez Stiggers,NYJ,CB,-,-,-,-,,,Ques,Knee
T285,Tarheeb Still,LAC,CB,-,-,-,-,,,,
T285,Derek Stingley,HOU,CB,-,-,-,-,,,,
T285,Eric Stokes,LV,CB,-,-,-,-,,,,
T285,Upton Stout,SF,CB,-,-,-,-,,,,
T285,Greg Stroman,FA,CB,-,-,-,-,,,,
T285,Dorian Strong,BUF,CB,-,-,-,-,,,NFI-R,Neck
T285,Patrick Surtain,DEN,CB,-,-,-,-,,,,
T285,Cameron Sutton,FA,CB,-,-,-,-,,,,
T285,T.J. Tampa,BAL,CB,-,-,-,-,,,,
T285,Alontae Taylor,TEN,CB,-,-,-,-,,,,
T285,Ja'Sir Taylor,CIN,CB,-,-,-,-,,,,
T285,Keith Taylor,FA,CB,-,-,-,-,,,Ques,Undisclosed
T285,Reese Taylor,DEN,CB,-,-,-,-,,,,
T285,Cam Taylor-Britt,IND,CB,-,-,-,-,,,,
T285,A.J. Terrell,ATL,CB,-,-,-,-,,,,
T285,Avieon Terrell,ATL,CB,-,-,-,-,,,,
T285,Ambry Thomas,PHI,CB,-,-,-,-,,,,
T285,Azareye'h Thomas,NYJ,CB,-,-,-,-,,,,
T285,Starling Thomas,ARI,CB,-,-,-,-,,,,
T285,Tavierre Thomas,MIN,CB,-,-,-,-,,,,
T285,Stantley Thomas-Oliver,FA,CB,-,-,-,-,,,,
T285,NaJee Thompson,FA,CB,-,-,-,-,,,,
T285,Corey Thornton,CAR,CB,-,-,-,-,,,,
T285,Tre Tomlinson,FA,CB,-,-,-,-,,,,
T285,Cory Trice,FA,CB,-,-,-,-,,,Ques,Knee
T285,DJ Turner,CIN,CB,-,-,-,-,,,,
T285,Carrington Valentine,GB,CB,-,-,-,-,,,Ques,Leg
T285,Greedy Vance,LV,CB,-,-,-,-,,,,
T285,Zemaiah Vaughn,MIN,CB,-,-,-,-,,,,
T285,Zelmar Vedder,KC,CB,-,-,-,-,,,,
T285,David Vereen,FA,CB,-,-,-,-,,,,
T285,Car'lin Vigers,WAS,CB,-,-,-,-,,,,
T285,Kindle Vildor,NE,CB,-,-,-,-,,,,
T285,Shaun Wade,PHI,CB,-,-,-,-,,,,
T285,Kani Walker,BUF,CB,-,-,-,-,,,,
T285,Josh Wallace,LAR,CB,-,-,-,-,,,,
T285,Levi Wallace,FA,CB,-,-,-,-,,,,
T285,Justin Walley,IND,CB,-,-,-,-,,,,
T285,Charvarius Ward,IND,CB,-,-,-,-,,,,
T285,Denzel Ward,CLE,CB,-,-,-,-,,,,
T285,Jaylen Watson,LAR,CB,-,-,-,-,,,,
T285,Isas Waxter,LAC,CB,-,-,-,-,,,,
T285,Sam Webb,DEN,CB,-,-,-,-,,,,
T285,Chris Westry,FA,CB,-,-,-,-,,,,
T285,Ryan White,FA,CB,-,-,-,-,,,,
T285,Tre'Davious White,FA,CB,-,-,-,-,,,,
T285,Nick Whiteside,DET,CB,-,-,-,-,,,,
T285,Nate Wiggins,BAL,CB,-,-,-,-,,,,
T285,Damarion Williams,TB,CB,-,-,-,-,,,,
T285,Darious Williams,LAR,CB,-,-,-,-,,,Reserve-Ret,Undisclosed
T285,Dee Williams,FA,CB,-,-,-,-,,,,
T285,Garrett Williams,ARI,CB,-,-,-,-,,,PUP-P,Achilles
T285,Jaylin Williams,FA,CB,-,-,-,-,,,,
T285,Josh Williams,TEN,CB,-,-,-,-,,,,
T285,Nohl Williams,KC,CB,-,-,-,-,,,,
T285,Divaad Wilson,FA,CB,-,-,-,-,,,Ques,Undisclosed
T285,Marco Wilson,MIA,CB,-,-,-,-,,,,
T285,Ahkello Witherspoon,WAS,CB,-,-,-,-,,,Reserve-Ret,Undisclosed
T285,Devon Witherspoon,SEA,CB,-,-,-,-,,,,
T285,Samuel Womack,NYJ,CB,-,-,-,-,,,,
T285,A.J. Woods,ATL,CB,-,-,-,-,,,,
T285,Charles Woods,NE,CB,-,-,-,-,,,,
T285,Riq Woolen,PHI,CB,-,-,-,-,,,,
T285,Ceyair Wright,CIN,CB,-,-,-,-,,,,
T285,Collin Wright,HOU,CB,-,-,-,-,,,,
T285,Nahshon Wright,NYJ,CB,-,-,-,-,1.44,,,
T285,Rejzohn Wright,NO,CB,-,-,-,-,,,,
T285,Rock Ya-Sin,DET,CB,-,-,-,-,,,,
T285,Isaac Yiadom,NO,CB,-,-,-,-,,,,
T285,Abu Daramy-Swaray,FA,DB,-,-,-,-,,,,
T285,Mario Addison,FA,DE,-,-,-,-,,,,
T285,David Agoha,FA,DE,-,-,-,-,,,,
T285,Brevin Allen,FA,DE,-,-,-,-,,,,
T285,Henry Anderson,FA,DE,-,-,-,-,,,,
T285,Ryder Anderson,FA,DE,-,-,-,-,,,,
T285,Will Anderson,HOU,DE,-,-,-,-,,,,
T285,Vincent Anthony,KC,DE,-,-,-,-,,,,
T285,Felix Anudike-Uzomah,KC,DE,-,-,-,-,,,,
T285,Dorance Armstrong,WAS,DE,-,-,-,-,,,PUP-P,Knee - ACL
T285,Denico Autry,FA,DE,-,-,-,-,,,,
T285,Genard Avery,FA,DE,-,-,-,-,,,,
T285,Allen Bailey,FA,DE,-,-,-,-,,,,
T285,David Bailey,NYJ,DE,-,-,20.00,-,,,,
T285,Derek Barnett,FA,DE,-,-,-,-,,,,
T285,Tyler Baron,NYJ,DE,-,-,-,-,,,PUP-P,Knee
T285,Alex Barrett,FA,DE,-,-,-,-,,,,
T285,Robert Beal,MIA,DE,-,-,-,-,,,,
T285,Rayshaun Benny,BAL,DE,-,-,-,-,,,,
T285,Rashod Berry,FA,DE,-,-,-,-,,,,
T285,Angelo Blackson,FA,DE,-,-,-,-,,,,
T285,Austin Booker,CHI,DE,-,-,-,-,,,,
T285,Joey Bosa,FA,DE,-,-,-,-,,,,
T285,Nick Bosa,SF,DE,-,-,-,-,4.82,,Ques,Knee - ACL
T285,Derrick Brown,CAR,DE,-,-,-,-,,,,
T285,Earnest Brown,TEN,DE,-,-,-,-,,,,
T285,Markaviest Bryant,FA,DE,-,-,-,-,,,,
T285,Jonathan Bullard,DAL,DE,-,-,-,-,,,,
T285,Jordan Burch,ARI,DE,-,-,-,-,,,,
T285,Ethan Burke,BAL,DE,-,-,-,-,,,,
T285,Solomon Byrd,HOU,DE,-,-,-,-,,,,
T285,Calais Campbell,BAL,DE,-,-,-,-,,,,
T285,Andre Carter,FA,DE,-,-,-,-,,,,
T285,T.J. Carter,FA,DE,-,-,-,-,,,,
T285,Bradley Chubb,BUF,DE,-,-,-,-,2.61,,,
T285,Adrian Clayborn,FA,DE,-,-,-,-,,,,
T285,Micheal Clemons,IND,DE,-,-,-,-,,,,
T285,Kameron Cline,FA,DE,-,-,-,-,,,,
T285,Jadeveon Clowney,HOU,DE,-,-,-,-,,,,
T285,Myles Cole,NO,DE,-,-,-,-,,,,
T285,Seth Coleman,MIA,DE,-,-,-,-,,,,
T285,Gus Cumberlander,FA,DE,-,-,-,-,,,,
T285,Caden Curry,IND,DE,-,-,-,-,,,,
T285,Mike Danna,BUF,DE,-,-,-,-,,,,
T285,Marcus Davenport,FA,DE,-,-,-,-,,,,
T285,Devean Deal,FA,DE,-,-,-,-,,,,
T285,Ethan Downs,KC,DE,-,-,-,-,,,IR,Knee - ACL
T285,Anthony Dunn,KC,DE,-,-,-,-,,,,
T285,Quindarius Dunnigan,JAX,DE,-,-,-,-,,,,
T285,Zach Durfee,JAX,DE,-,-,-,-,,,,
T285,Samson Ebukam,ATL,DE,-,-,-,-,,,,
T285,Paschal Ekeji,NYJ,DE,-,-,-,-,,,,
T285,A.J. Epenesa,PHI,DE,-,-,-,-,,,,
T285,Logan Fano,CLE,DE,-,-,-,-,,,,
T285,Keldric Faulk,TEN,DE,-,-,50.67,-,,,,
T285,Viliami Fehoko,FA,DE,-,-,-,-,,,,
T285,Clelin Ferrell,MIA,DE,-,-,-,-,,,,
T285,Michael Fletcher,FA,DE,-,-,-,-,,,,
T285,Leonard Floyd,FA,DE,-,-,-,-,,,,
T285,Isaiah Foskey,CIN,DE,-,-,-,-,,,,
T285,Morgan Fox,FA,DE,-,-,-,-,,,,
T285,John Franklin-Myers,TEN,DE,-,-,-,-,1.28,,,
T285,Amari Gainer,NE,DE,-,-,-,-,,,,
T285,Jalan Gaines,SEA,DE,-,-,-,-,,,,
T285,Patrick Gamble,FA,DE,-,-,-,-,,,,
T285,Myles Garrett,LAR,DE,-,-,-,-,,,Ques,Lower Body
T285,Jonathan Garvin,CHI,DE,-,-,-,-,,,,
T285,Joe Gaziano,FA,DE,-,-,-,-,,,,
T285,William Gholston,FA,DE,-,-,-,-,,,,
T285,Ashton Gillotte,KC,DE,-,-,-,-,,,Ques,Hamstring
T285,Anthony Goodlow,PIT,DE,-,-,-,-,,,,
T285,Ta'Quon Graham,FA,DE,-,-,-,-,,,,
T285,Carl Granderson,NO,DE,-,-,-,-,,,,
T285,BJ Green,JAX,DE,-,-,-,-,,,,
T285,Yetur Gross-Matos,FA,DE,-,-,-,-,,,,
T285,George Gumbs,IND,DE,-,-,-,-,,,,
T285,Logan Hall,HOU,DE,-,-,-,-,,,,
T285,Jalen Harris,FA,DE,-,-,-,-,,,,
T285,Zach Harrison,ATL,DE,-,-,-,-,,,NFI-A,Undisclosed
T285,Sabastian Harsh,HOU,DE,-,-,-,-,,,,
T285,Jahfari Harvey,LV,DE,-,-,-,-,,,,
T285,Ahmed Hassanein,DET,DE,-,-,-,-,,,,
T285,Michael Heldman,NO,DE,-,-,-,-,,,,
T285,Trey Hendrickson,BAL,DE,-,-,-,-,5.09,,,
T285,KJ Henry,SF,DE,-,-,-,-,,,,
T285,Malik Herring,TEN,DE,-,-,-,-,,,,
T285,Josh Hines-Allen,JAX,DE,-,-,-,-,,,,
T285,Michael Hoecht,BUF,DE,-,-,-,-,,,Ques,Achilles
T285,Jalyn Holmes,TEN,DE,-,-,-,-,,,,
T285,Xavier Holmes,NE,DE,-,-,-,-,,,,
T285,Dylan Horton,HOU,DE,-,-,-,-,,,,
T285,Cashius Howell,CIN,DE,-,-,55.50,-,,,,
T285,Aidan Hubbard,SEA,DE,-,-,-,-,,,,
T285,Sam Hubbard,FA,DE,-,-,-,-,,,,
T285,Bryce Huff,FA,DE,-,-,-,-,,,,
T285,Jerry Hughes,FA,DE,-,-,-,-,,,,
T285,Kody Huisman,BUF,DE,-,-,-,-,,,,
T285,Adin Huntington,CLE,DE,-,-,-,-,,,,
T285,Quintayvious Hutchins,NE,DE,-,-,-,-,,,Ques,Undisclosed
T285,Aidan Hutchinson,DET,DE,-,-,-,-,,,,
T285,Gabe Jacas,NE,DE,-,-,-,-,,,,
T285,Landon Jackson,BUF,DE,-,-,-,-,,,Ques,Knee
T285,Tarron Jackson,FA,DE,-,-,-,-,,,Ques,Undisclosed
T285,Keyshawn James-Newby,PHI,DE,-,-,-,-,,,Ques,Ankle
T285,Javontae Jean-Baptiste,WAS,DE,-,-,-,-,,,Ques,Pectoral
T285,Cedric Johnson,CIN,DE,-,-,-,-,,,,
T285,Desjuan Johnson,LAR,DE,-,-,-,-,,,,
T285,DJ Johnson,WAS,DE,-,-,-,-,,,,
T285,Jermaine Johnson,TEN,DE,-,-,-,-,,,,
T285,Kingsley Jonathan,NYJ,DE,-,-,-,-,,,,
T285,Andre Jones,BUF,DE,-,-,-,-,,,,
T285,Chandler Jones,FA,DE,-,-,-,-,,,,
T285,Marvin Jones,SEA,DE,-,-,-,-,,,,
T285,Sai'vion Jones,DEN,DE,-,-,-,-,,,,
T285,Cameron Jordan,NO,DE,-,-,-,-,1.56,,,
T285,Drew Jordan,FA,DE,-,-,-,-,,,,
T285,Daniel Joseph,FA,DE,-,-,-,-,,,,
T285,Joshua Josephs,WAS,DE,-,-,-,-,,,,
T285,Matthew Judon,FA,DE,-,-,-,-,,,,
T285,George Karlaftis,KC,DE,-,-,-,-,,,,
T285,Malcolm Koonce,LV,DE,-,-,-,-,1.80,,,
T285,Tanoh Kpassagnon,FA,DE,-,-,-,-,,,,
T285,Tyler Lacy,DET,DE,-,-,-,-,,,,
T285,Isaiah Land,DAL,DE,-,-,-,-,,,,
T285,Laiatu Latu,IND,DE,-,-,-,-,,,,
T285,Shaq Lawson,FA,DE,-,-,-,-,,,,
T285,Tevin Lawson,FA,DE,-,-,-,-,,,,
T285,DeMarvin Leal,FA,DE,-,-,-,-,,,,
T285,Titus Leo,SF,DE,-,-,-,-,,,,
T285,Tyquan Lewis,FA,DE,-,-,-,-,,,,
T285,Max Llewellyn,MIA,DE,-,-,-,-,,,,
T285,LaCale London,ATL,DE,-,-,-,-,,,,
T285,Isaiahh Loudermilk,MIN,DE,-,-,-,-,,,,
T285,Dean Lowry,PIT,DE,-,-,-,-,,,,
T285,Anthony Lucas,DET,DE,-,-,-,-,,,,
T285,T.J. Maguranyanga,WAS,DE,-,-,-,-,,,,
T285,Jeremiah Martin,CHI,DE,-,-,-,-,,,,
T285,Will McDonald,NYJ,DE,-,-,-,-,,,,
T285,Braiden McGregor,NYJ,DE,-,-,-,-,,,,
T285,Isaiah McGuire,CLE,DE,-,-,-,-,,,,
T285,Takkarist McKinley,FA,DE,-,-,-,-,,,,
T285,TK McLendon,FA,DE,-,-,-,-,,,,
T285,Mitchell Melton,IND,DE,-,-,-,-,,,,
T285,Eli Mencer,FA,DE,-,-,-,-,,,,
T285,Von Miller,FA,DE,-,-,-,-,,,,
T285,DaMarcus Mitchell,FA,DE,-,-,-,-,,,,
T285,Damontre Moore,FA,DE,-,-,-,-,,,,
T285,Derrick Moore,DET,DE,-,-,44.80,-,,,Ques,Groin
T285,Mike Morris,SEA,DE,-,-,-,-,,,,
T285,Al-Quadin Muhammad,TB,DE,-,-,-,-,,,,
T285,Myles Murphy,CIN,DE,-,-,-,-,4.12,,,
T285,Mapalo Mwansa,CAR,DE,-,-,-,-,,,,
T285,Durell Nchami,IND,DE,-,-,-,-,,,,
T285,CJ Nunnally,FA,DE,-,-,-,-,,,,
T285,Patrick O'Connor,FA,DE,-,-,-,-,,,,
T285,Eric O'Neill,DET,DE,-,-,-,-,,,,
T285,Efe Obada,FA,DE,-,-,-,-,,,,
T285,Adedayo Odeleye,DAL,DE,-,-,-,-,,,,
T285,Dayo Odeyingbo,CHI,DE,-,-,-,-,,,Ques,Achilles
T285,Emmanuel Ogbah,FA,DE,-,-,-,-,,,,
T285,Kehinde Oginni,FA,DE,-,-,-,-,,,,
T285,Sam Okuayinonu,SF,DE,-,-,-,-,,,,
T285,Julian Okwara,CLE,DE,-,-,-,-,,,,
T285,Charles Omenihu,WAS,DE,-,-,-,-,,,,
T285,Joseph Ossai,NYJ,DE,-,-,-,-,,,PUP-P,Undisclosed
T285,Esezi Otomewo,PIT,DE,-,-,-,-,,,,
T285,LT Overton,DAL,DE,-,-,-,-,,,,
T285,JoJo Ozougwu,FA,DE,-,-,-,-,,,,
T285,Josh Paschal,FA,DE,-,-,-,-,,,,
T285,Scott Patchan,FA,DE,-,-,-,-,,,,
T285,Kwity Paye,LV,DE,-,-,-,-,,,,
T285,Antwaun Powell-Ryland,CIN,DE,-,-,-,-,,,,
T285,Joshua Pryor,FA,DE,-,-,-,-,,,,
T285,C.J. Ravenell,FA,DE,-,-,-,-,,,Ques,Undisclosed
T285,LaBryan Ray,CAR,DE,-,-,-,-,,,,
T285,Elijah Roberts,TB,DE,-,-,-,-,,,,
T285,Cameron Robertson,ARI,DE,-,-,-,-,,,,
T285,A'Shawn Robinson,TB,DE,-,-,-,-,,,,
T285,Chop Robinson,MIA,DE,-,-,-,-,,,,
T285,Darius Robinson,ARI,DE,-,-,-,-,,,,
T285,Dominique Robinson,HOU,DE,-,-,-,-,,,,
T285,Janarius Robinson,FA,DE,-,-,-,-,,,,
T285,Greg Rousseau,BUF,DE,-,-,-,-,,,,
T285,Cameron Sample,SF,DE,-,-,-,-,,,Ques,Knee
T285,Tyreak Sapp,CLE,DE,-,-,-,-,,,,
T285,Cian Slone,LV,DE,-,-,-,-,,,,
T285,Elerson Smith,FA,DE,-,-,-,-,,,,
T285,Preston Smith,FA,DE,-,-,-,-,,,,
T285,Za'Darius Smith,FA,DE,-,-,-,-,,,,
T285,Dawuane Smoot,FA,DE,-,-,-,-,,,,
T285,Charles Snowden,DAL,DE,-,-,-,-,,,IR,Undisclosed
T285,Javon Solomon,BUF,DE,-,-,-,-,,,,
T285,Shemar Stewart,CIN,DE,-,-,-,-,,,Ques,Knee
T285,Dante Stills,ARI,DE,-,-,-,-,,,,
T285,Danny Striggow,JAX,DE,-,-,-,-,,,,
T285,Montez Sweat,CHI,DE,-,-,-,-,2.81,,,
T285,Khordae Sydnor,CLE,DE,-,-,-,-,,,,
T285,Mika Tafua,FA,DE,-,-,-,-,,,,
T285,Myron Tagovailoa-Amosa,FA,DE,-,-,-,-,,,,
T285,Darrell Taylor,FA,DE,-,-,-,-,,,,
T285,Bryan Thomas,JAX,DE,-,-,-,-,,,,
T285,Cameron Thomas,ATL,DE,-,-,-,-,,,,
T285,R Mason Thomas,KC,DE,-,-,-,-,,,,
T285,BJ Thompson,FA,DE,-,-,-,-,,,,
T285,Tariqious Tisdale,FA,DE,-,-,-,-,,,,
T285,Casey Toohill,FA,DE,-,-,-,-,,,,
T285,Joe Tryon-Shoyinka,PHI,DE,-,-,-,-,,,Reserve-Ret,Undisclosed
T285,JT Tuimoloau,IND,DE,-,-,-,-,,,,
T285,Payton Turner,DET,DE,-,-,-,-,,,,
T285,Isaac Ukwu,FA,DE,-,-,-,-,,,,
T285,Brent Urban,FA,DE,-,-,-,-,,,,
T285,DeMarcus Walker,FA,DE,-,-,-,-,,,,
T285,Travon Walker,JAX,DE,-,-,-,-,3.17,,,
T285,Eric Watts,NYJ,DE,-,-,-,-,,,,
T285,Markees Watts,CLE,DE,-,-,-,-,,,Reserve-Ret,Undisclosed
T285,Joshua Weru,PHI,DE,-,-,-,-,,,,
T285,Tyre West,DET,DE,-,-,-,-,,,,
T285,Tyrus Wheat,DAL,DE,-,-,-,-,,,,
T285,Keion White,SF,DE,-,-,-,-,,,Ques,Groin
T285,Cullen Wick,FA,DE,-,-,-,-,,,,
T285,Elijah Williams,MIN,DE,-,-,-,-,,,Ques,Ankle
T285,Jonah Williams,ARI,DE,-,-,-,-,,,,
T285,Leonard Williams,SEA,DE,-,-,-,-,,,,
T285,Mykel Williams,SF,DE,-,-,-,-,,,PUP-P,Knee - ACL
T285,Sam Williams,DAL,DE,-,-,-,-,,,,
T285,Wesley Williams,JAX,DE,-,-,-,-,,,,
T285,Tyree Wilson,NO,DE,-,-,-,-,,,,
T285,Zion Wilson,PHI,DE,-,-,-,-,,,,
T285,Billy Winn,FA,DE,-,-,-,-,,,,
T285,Deatrich Wise,WAS,DE,-,-,-,-,,,PUP-P,Quadriceps
T285,Colby Wooden,IND,DE,-,-,-,-,,,,
T285,Chris Wormley,FA,DE,-,-,-,-,,,,
T285,Alex Wright,CLE,DE,-,-,-,-,2.12,,,
T285,Montravius Adams,FA,DT,-,-,-,-,,,,
T285,Myles Adams,DET,DT,-,-,-,-,,,,
T285,Adetomiwa Adebawore,IND,DT,-,-,-,-,,,,
T285,Tommy Akingbesote,BUF,DT,-,-,-,-,,,,
T285,Darius Alexander,NYG,DT,-,-,-,-,,,,
T285,Carlos Allen,ATL,DT,-,-,-,-,,,,
T285,Jonathan Allen,CIN,DT,-,-,-,-,,,,
T285,Zach Allen,DEN,DT,-,-,-,-,2.94,,,
T285,Abdullah Anderson,FA,DT,-,-,-,-,,,,
T285,Evan Anderson,FA,DT,-,-,-,-,,,,
T285,Eli Ankou,FA,DT,-,-,-,-,,,,
T285,Arik Armstead,JAX,DT,-,-,-,-,,,,
T285,Popo Aumavae,FA,DT,-,-,-,-,,,,
T285,Dominic Bailey,HOU,DT,-,-,-,-,,,,
T285,Cameron Ball,IND,DT,-,-,-,-,,,,
T285,Caleb Banks,MIN,DT,-,-,-,-,,,,
T285,Ricky Barber,WAS,DT,-,-,-,-,,,,
T285,Christian Barmore,NE,DT,-,-,-,-,,,,
T285,Anquin Barnes,NYG,DT,-,-,-,-,,,,
T285,Dante Barnett,FA,DT,-,-,-,-,,,,
T285,Nick Barrett,LAC,DT,-,-,-,-,,,,
T285,Kyon Barrs,CAR,DT,-,-,-,-,,,,
T285,Ben Barten,NYJ,DT,-,-,-,-,,,,
T285,Kyler Baugh,PIT,DT,-,-,-,-,,,,
T285,Travis Bell,CLE,DT,-,-,-,-,,,,
T285,Keeanu Benton,PIT,DT,-,-,-,-,,,,
T285,Uar Bernard,PHI,DT,-,-,-,-,,,,
T285,Zeek Biggers,MIA,DT,-,-,-,-,,,,
T285,Andrew Billings,ARI,DT,-,-,-,-,,,,
T285,Josh Black,FA,DT,-,-,-,-,,,,
T285,Yahya Black,PIT,DT,-,-,-,-,,,,
T285,Ross Blacklock,FA,DT,-,-,-,-,,,,
T285,David Blay,NE,DT,-,-,-,-,,,,
T285,Quinton Bohanna,JAX,DT,-,-,-,-,,,,
T285,T.J. Bollers,JAX,DT,-,-,-,-,,,,
T285,Anthony Booker,FA,DT,-,-,-,-,,,,
T285,Thomas Booker,LV,DT,-,-,-,-,,,,
T285,Khristian Boyd,NO,DT,-,-,-,-,,,,
T285,Bryan Bresee,NO,DT,-,-,-,-,,,Out,Knee - ACL
T285,Cole Brevard,KC,DT,-,-,-,-,,,,
T285,C.J. Brewer,FA,DT,-,-,-,-,,,,
T285,Jowon Briggs,NYJ,DT,-,-,-,-,,,,
T285,Warren Brinson,GB,DT,-,-,-,-,,,,
T285,Karl Brooks,GB,DT,-,-,-,-,,,,
T285,Vernon Broughton,NO,DT,-,-,-,-,,,,
T285,Bobby Brown,CAR,DT,-,-,-,-,,,,
T285,Taven Bryan,FA,DT,-,-,-,-,,,Ques,Knee
T285,DeForest Buckner,IND,DT,-,-,-,-,,,,
T285,Adam Butler,LV,DT,-,-,-,-,,,,
T285,Matthew Butler,MIA,DT,-,-,-,-,,,,
T285,Jamaree Caldwell,LAC,DT,-,-,-,-,,,,
T285,Anthony Campbell,GB,DT,-,-,-,-,,,,
T285,DeMonte Capehart,TB,DT,-,-,-,-,,,,
T285,DeWayne Carter,BUF,DT,-,-,-,-,,,,
T285,Jahmeer Carter,LAC,DT,-,-,-,-,,,,
T285,Jalen Carter,PHI,DT,-,-,-,-,,,,
T285,Zach Carter,ARI,DT,-,-,-,-,,,,
T285,Elijah Chatman,CLE,DT,-,-,-,-,,,,
T285,Kenny Clark,DAL,DT,-,-,-,-,,,,
T285,Brandon Cleveland,LV,DT,-,-,-,-,,,,
T285,Keondre Coburn,FA,DT,-,-,-,-,,,,
T285,L.J. Collier,ARI,DT,-,-,-,-,,,,
T285,Alfred Collins,SF,DT,-,-,-,-,,,,
T285,Maliek Collins,CLE,DT,-,-,-,-,,,PUP-P,Quadriceps
T285,Keith Cooper,MIA,DT,-,-,-,-,,,,
T285,Parker Cothren,FA,DT,-,-,-,-,,,,
T285,Byron Cowart,FA,DT,-,-,-,-,,,Ques,Ankle
T285,Howard Cross,CIN,DT,-,-,-,-,,,,
T285,Jaden Crumedy,GB,DT,-,-,-,-,,,,
T285,D.J. Davidson,WAS,DT,-,-,-,-,,,,
T285,Marlon Davidson,NYG,DT,-,-,-,-,,,,
T285,Carl Davis,FA,DT,-,-,-,-,,,,
T285,Jordan Davis,PHI,DT,-,-,-,-,,,,
T285,Kalia Davis,CLE,DT,-,-,-,-,,,,
T285,Raekwon Davis,FA,DT,-,-,-,-,,,,
T285,Tyler Davis,LAR,DT,-,-,-,-,,,,
T285,Sheldon Day,FA,DT,-,-,-,-,,,,
T285,Branson Deen,FA,DT,-,-,-,-,,,,
T285,Gervon Dexter,CHI,DT,-,-,-,-,,,,
T285,Matt Dickerson,JAX,DT,-,-,-,-,,,,
T285,Aaron Donald,FA,DT,-,-,-,-,,,,
T285,Brandon Dorlus,ATL,DT,-,-,-,-,,,,
T285,Tommy Dunn,DAL,DT,-,-,-,-,,,,
T285,Zane Durant,BUF,DT,-,-,-,-,,,,
T285,Cory Durden,NE,DT,-,-,-,-,,,,
T285,Michael Dwumfour,FA,DT,-,-,-,-,,,,
T285,Bryson Eason,SF,DT,-,-,-,-,,,,
T285,Deven Eastern,SEA,DT,-,-,-,-,,,,
T285,Justin Eboigbe,LAC,DT,-,-,-,-,,,,
T285,Mario Edwards,HOU,DT,-,-,-,-,,,,
T285,TeRah Edwards,LAC,DT,-,-,-,-,,,,
T285,Daniel Ekuale,FA,DT,-,-,-,-,,,Ques,Knee - ACL
T285,Jordan Elliott,TEN,DT,-,-,-,-,,,,
T285,Jabari Ellis,FA,DT,-,-,-,-,,,,
T285,Noah Elliss,FA,DT,-,-,-,-,,,,
T285,Prince Emili,FA,DT,-,-,-,-,,,,
T285,James Ester,MIA,DT,-,-,-,-,,,,
T285,Joshua Farmer,NE,DT,-,-,-,-,,,,
T285,Neil Farrell,FA,DT,-,-,-,-,,,,
T285,Folorunso Fatukasi,FA,DT,-,-,-,-,,,,
T285,Braden Fiske,LAR,DT,-,-,-,-,,,,
T285,Jonathan Ford,GB,DT,-,-,-,-,,,,
T285,Poona Ford,LAR,DT,-,-,-,-,,,,
T285,Leki Fotu,NYG,DT,-,-,-,-,,,,
T285,Josh Fuga,FA,DT,-,-,-,-,,,,
T285,Greg Gaines,FA,DT,-,-,-,-,,,,
T285,Neville Gallimore,CHI,DT,-,-,-,-,,,,
T285,Elijah Garcia,CAR,DT,-,-,-,-,,,,
T285,Haskell Garrett,FA,DT,-,-,-,-,,,,
T285,Skyler Gill-Howard,DET,DT,-,-,-,-,,,,
T285,Kelvin Gilliam,DAL,DT,-,-,-,-,,,,
T285,Kevin Givens,SF,DT,-,-,-,-,,,,
T285,Davon Godchaux,NO,DT,-,-,-,-,,,,
T285,Eddie Goldman,FA,DT,-,-,-,-,,,,
T285,Bernard Gooden,FA,DT,-,-,-,-,,,,
T285,Monkell Goodwine,FA,DT,-,-,-,-,,,Ques,Undisclosed
T285,Adam Gotsis,FA,DT,-,-,-,-,,,,
T285,Mason Graham,CLE,DT,-,-,-,-,,,,
T285,Kenneth Grant,MIA,DT,-,-,-,-,,,,
T285,Aaron Graves,BAL,DT,-,-,-,-,,,,
T285,Mike Greene,FA,DT,-,-,-,-,,,,
T285,Eric Gregory,NE,DT,-,-,-,-,,,,
T285,Jacobian Guillory,LAC,DT,-,-,-,-,,,,
T285,Lawrence Guy,FA,DT,-,-,-,-,,,,
T285,Aaron Hall,CAR,DT,-,-,-,-,,,,
T285,Gabe Hall,PHI,DT,-,-,-,-,,,,
T285,Mike Hall,CLE,DT,-,-,-,-,,,,
T285,Gracen Halton,SF,DT,-,-,-,-,,,Ques,Knee
T285,DaVon Hamilton,JAX,DT,-,-,-,-,,,,
T285,Kyonte Hamilton,HOU,DT,-,-,-,-,,,Ques,Ankle
T285,Ty Hamilton,LAR,DT,-,-,-,-,,,,
T285,Da'Shawn Hand,ATL,DT,-,-,-,-,,,,
T285,Johnathan Hankins,FA,DT,-,-,-,-,,,Ques,Back
T285,Javon Hargrave,GB,DT,-,-,-,-,,,PUP-P,Knee
T285,Derrick Harmon,PIT,DT,-,-,-,-,,,,
T285,Jonathan Harris,FA,DT,-,-,-,-,,,,
T285,Marcus Harris,KC,DT,-,-,-,-,,,,
T285,Shelby Harris,NYG,DT,-,-,-,-,,,,
T285,Zxavian Harris,NO,DT,-,-,-,-,,,NFI-A,Foot
T285,Jared Harrison-Hunte,CAR,DT,-,-,-,-,,,,
T285,Bruce Hector,FA,DT,-,-,-,-,,,,
T285,Jack Heflin,NYJ,DT,-,-,-,-,,,,
T285,Tonka Hemingway,LV,DT,-,-,-,-,,,,
T285,Matt Henningsen,DEN,DT,-,-,-,-,,,,
T285,Willie Henry,FA,DT,-,-,-,-,,,,
T285,Cameron Heyward,PIT,DT,-,-,-,-,1.90,,,
T285,B.J. Hill,CIN,DT,-,-,-,-,,,PUP-P,Undisclosed
T285,Trysten Hill,FA,DT,-,-,-,-,,,,
T285,Kurt Hinish,FA,DT,-,-,-,-,,,Ques,Undisclosed
T285,Timmy Horne,TEN,DT,-,-,-,-,,,,
T285,Cam Horsley,ARI,DT,-,-,-,-,,,,
T285,Jalen Hunt,JAX,DT,-,-,-,-,,,,
T285,Lee Hunter,CAR,DT,-,-,-,-,,,,
T285,Alex Huntley,MIA,DT,-,-,-,-,,,,
T285,Maurice Hurst,FA,DT,-,-,-,-,,,,
T285,Jaylon Hutchings,FA,DT,-,-,-,-,,,Ques,Undisclosed
T285,Siaki Ika,FA,DT,-,-,-,-,,,,
T285,Tyrion Ingram-Dawkins,MIN,DT,-,-,-,-,,,,
T285,Isaiah Iton,NE,DT,-,-,-,-,,,,
T285,Coziah Izzard,FA,DT,-,-,-,-,,,,
T285,Cam Jackson,CAR,DT,-,-,-,-,,,,
T285,Darrell Jackson,NYJ,DT,-,-,-,-,,,,
T285,Jordan Jackson,DEN,DT,-,-,-,-,,,,
T285,McKinnley Jackson,CIN,DT,-,-,-,-,,,,
T285,Bobby Jamison-Travis,NYG,DT,-,-,-,-,,,,
T285,Grady Jarrett,CHI,DT,-,-,-,-,,,,
T285,Jordan Jefferson,CIN,DT,-,-,-,-,,,,
T285,Quinton Jefferson,FA,DT,-,-,-,-,,,,
T285,John Jenkins,BAL,DT,-,-,-,-,,,,
T285,Kris Jenkins,CIN,DT,-,-,-,-,,,Ques,Ankle
T285,Kevin Jobity,PIT,DT,-,-,-,-,,,,
T285,Austin Johnson,FA,DT,-,-,-,-,,,,
T285,Eric Johnson,MIN,DT,-,-,-,-,,,,
T285,Benito Jones,LV,DT,-,-,-,-,,,,
T285,Chris Jones,KC,DT,-,-,-,-,2.00,,,
T285,D.J. Jones,DEN,DT,-,-,-,-,,,,
T285,DaQuan Jones,FA,DT,-,-,-,-,,,,
T285,Jayson Jones,TB,DT,-,-,-,-,,,,
T285,Justin Jones,FA,DT,-,-,-,-,,,Ques,Knee
T285,Naquan Jones,HOU,DT,-,-,-,-,,,,
T285,Travis Jones,BAL,DT,-,-,-,-,,,PUP-P,Pectoral
T285,Linval Joseph,FA,DT,-,-,-,-,,,,
T285,Sebastian Joseph-Day,PIT,DT,-,-,-,-,,,,
T285,Sam Kamara,CLE,DT,-,-,-,-,,,,
T285,Calijah Kancey,TB,DT,-,-,-,-,,,,
T285,Aidan Keanaaina,DET,DT,-,-,-,-,,,,
T285,Tim Keenan,LAR,DT,-,-,-,-,,,,
T285,Javon Kinlaw,WAS,DT,-,-,-,-,,,,
T285,Rene Konga,MIA,DT,-,-,-,-,,,,
T285,Jonah Laulu,LV,DT,-,-,-,-,,,,
T285,Dexter Lawrence,CIN,DT,-,-,-,-,2.91,,,
T285,Jeremiah Ledbetter,FA,DT,-,-,-,-,,,,
T285,Logan Lee,PIT,DT,-,-,-,-,,,,
T285,Corey Liuget,FA,DT,-,-,-,-,,,,
T285,Glen Logan,FA,DT,-,-,-,-,,,,
T285,Zion Logue,BUF,DT,-,-,-,-,,,,
T285,Roy Lopez,ARI,DT,-,-,-,-,,,,
T285,Derrick Lott,FA,DT,-,-,-,-,,,,
T285,Jayden Loving,CHI,DT,-,-,-,-,,,,
T285,James Lynch,CHI,DT,-,-,-,-,,,,
T285,Jeffrey M'Ba,WAS,DT,-,-,-,-,,,,
T285,Treven Ma'ae,LV,DT,-,-,-,-,,,,
T285,Nnamdi Madubuike,BAL,DT,-,-,-,-,,,,
T285,Jackie Marshall,TEN,DT,-,-,-,-,,,,
T285,Brodric Martin,ARI,DT,-,-,-,-,,,,
T285,Trevon Mason,FA,DT,-,-,-,-,,,,
T285,Phidarian Mathis,BUF,DT,-,-,-,-,,,,
T285,Devonnsha Maxwell,ATL,DT,-,-,-,-,,,,
T285,Terrell McClain,FA,DT,-,-,-,-,,,,
T285,Chris McClellan,GB,DT,-,-,-,-,,,,
T285,Kayden McDonald,HOU,DT,-,-,-,-,,,,
T285,T.Y. McGill,FA,DT,-,-,-,-,,,,
T285,DeShawn McKnight,TB,DT,-,-,-,-,,,,
T285,Alim McNeill,DET,DT,-,-,-,-,,,,
T285,Amari McNeill,KC,DT,-,-,-,-,,,,
T285,Christen Miller,NO,DT,-,-,-,-,,,Ques,Hamstring
T285,Jordan Miller,DEN,DT,-,-,-,-,,,,
T285,Rylie Mills,SEA,DT,-,-,-,-,,,,
T285,Larrell Murchison,LAR,DT,-,-,-,-,,,,
T285,Byron Murphy,SEA,DT,-,-,-,-,,,,
T285,Myles Murphy,FA,DT,-,-,-,-,,,,
T285,PJ Mustipher,ARI,DT,-,-,-,-,,,IR,Foot
T285,Haggai Ndubuisi,TB,DT,-,-,-,-,,,PUP-R,Undisclosed
T285,Jer'Zhan Newton,WAS,DT,-,-,-,-,,,,
T285,Bilal Nichols,FA,DT,-,-,-,-,,,Ques,Knee
T285,Derrick Nnadi,IND,DT,-,-,-,-,,,,
T285,Walter Nolen,ARI,DT,-,-,-,-,,,,
T285,Omarr Norman-Lott,KC,DT,-,-,-,-,,,PUP-P,Knee - ACL
T285,Bill Norton,LAR,DT,-,-,-,-,,,,
T285,Dion Novil,FA,DT,-,-,-,-,,,,
T285,Rakeem Nunez-Roches,TB,DT,-,-,-,-,,,,
T285,Osa Odighizuwa,SF,DT,-,-,-,-,,,Ques,Elbow
T285,Otito Ogbonnia,DAL,DT,-,-,-,-,,,,
T285,Larry Ogunjobi,FA,DT,-,-,-,-,,,,
T285,Moro Ojomo,PHI,DT,-,-,-,-,,,,
T285,CJ Okoye,BAL,DT,-,-,-,-,,,,
T285,David Olajiga,BAL,DT,-,-,-,-,,,,
T285,Ed Oliver,BUF,DT,-,-,-,-,,,,
T285,Levi Onwuzurike,DET,DT,-,-,-,-,,,,
T285,Tyler Onyedim,DEN,DT,-,-,-,-,,,,
T285,David Onyemata,NYJ,DT,-,-,-,-,,,,
T285,Domonique Orange,MIN,DT,-,-,-,-,,,,
T285,Ruke Orhorhoro,JAX,DT,-,-,-,-,,,,
T285,DeQuinton Osborne,FA,DT,-,-,-,-,,,,
T285,Payton Page,NYJ,DT,-,-,-,-,,,,
T285,Caeveon Patton,FA,DT,-,-,-,-,,,,
T285,Damon Payne,KC,DT,-,-,-,-,,,,
T285,Daron Payne,WAS,DT,-,-,-,-,,,,
T285,Aeneas Peebles,BAL,DT,-,-,-,-,,,,
T285,Jayden Peevy,FA,DT,-,-,-,-,,,,
T285,JJ Pegues,LV,DT,-,-,-,-,,,,
T285,Kyle Peko,FA,DT,-,-,-,-,,,,
T285,Mike Pennel,FA,DT,-,-,-,-,,,,
T285,Roderick Perry,FA,DT,-,-,-,-,,,,
T285,Jeremiah Pharms,NE,DT,-,-,-,-,,,,
T285,Harrison Phillips,NYJ,DT,-,-,-,-,,,,
T285,Jordan Phillips,FA,DT,-,-,-,-,,,Ques,Ankle
T285,Jordan Phillips,MIA,DT,-,-,-,-,,,,
T285,Zacch Pickens,NYG,DT,-,-,-,-,,,,
T285,Michael Pierce,FA,DT,-,-,-,-,,,,
T285,Brandon Pili,SEA,DT,-,-,-,-,,,Ques,Lower Leg
T285,Kaleb Proctor,ARI,DT,-,-,-,-,,,IR,Knee - Meniscus
T285,Isaiah Raikes,FA,DT,-,-,-,-,,,,
T285,Keith Randolph,FA,DT,-,-,-,-,,,Ques,Undisclosed
T285,Sheldon Rankins,HOU,DT,-,-,-,-,,,,
T285,DJ Reader,NYG,DT,-,-,-,-,,,,
T285,Jalen Redmond,MIN,DT,-,-,-,-,3.14,,,
T285,Jarran Reed,SEA,DT,-,-,-,-,,,,
T285,Albert Regis,JAX,DT,-,-,-,-,,,,
T285,John Ridgeway,NO,DT,-,-,-,-,,,,
T285,Jordon Riley,GB,DT,-,-,-,-,,,PUP-P,Achilles
T285,Jahvaree Ritzie,MIN,DT,-,-,-,-,,,,
T285,Malcolm Roach,DEN,DT,-,-,-,-,,,,
T285,Sam Roberts,NYG,DT,-,-,-,-,,,,
T285,Roy Robertson-Harris,NYG,DT,-,-,-,-,,,PUP-P,Achilles
T285,Landon Robinson,CIN,DT,-,-,-,-,,,,
T285,Ty Robinson,PHI,DT,-,-,-,-,,,,
T285,Bryce Rodgers,FA,DT,-,-,-,-,,,,
T285,Levi Drake Rodriguez,MIN,DT,-,-,-,-,,,,
T285,Casey Rogers,NE,DT,-,-,-,-,,,,
T285,Justin Rogers,FA,DT,-,-,-,-,,,,
T285,Keivie Rose,JAX,DT,-,-,-,-,,,,
T285,Jaquelin Roy,FA,DT,-,-,-,-,,,,
T285,Gabe Rubio,PIT,DT,-,-,-,-,,,,
T285,T.J. Sanders,BUF,DT,-,-,-,-,,,,
T285,Khalen Saunders,TEN,DT,-,-,-,-,,,,
T285,Tim Settle,WAS,DT,-,-,-,-,,,,
T285,Uso Seumalo,SEA,DT,-,-,-,-,,,,
T285,Nathan Shepherd,NO,DT,-,-,-,-,,,,
T285,Aziz Shittu,FA,DT,-,-,-,-,,,,
T285,Zach Sieler,MIA,DT,-,-,-,-,2.39,,,
T285,Keeshawn Silver,NO,DT,-,-,-,-,,,PUP-P,Undisclosed
T285,Nesta Jade Silvera,FA,DT,-,-,-,-,,,,
T285,Elijah Simmons,TB,DT,-,-,-,-,,,,
T285,Jeffery Simmons,TEN,DT,-,-,-,-,,,,
T285,J.R. Singleton,SEA,DT,-,-,-,-,,,,
T285,Jacob Slade,FA,DT,-,-,-,-,,,Ques,Undisclosed
T285,T.J. Slaton,CIN,DT,-,-,-,-,,,,
T285,Chris Smith,DET,DT,-,-,-,-,,,,
T285,Gary Smith,LV,DT,-,-,-,-,,,,
T285,Maason Smith,ATL,DT,-,-,-,-,,,,
T285,Mazi Smith,NYJ,DT,-,-,-,-,,,,
T285,T.J. Smith,FA,DT,-,-,-,-,,,,
T285,Tim Smith,IND,DT,-,-,-,-,,,,
T285,Nazir Stackhouse,GB,DT,-,-,-,-,,,,
T285,Grover Stewart,IND,DT,-,-,-,-,,,,
T285,Ben Stille,FA,DT,-,-,-,-,,,,
T285,Kentavius Street,CHI,DT,-,-,-,-,,,,
T285,Jay'viar Suggs,NO,DT,-,-,-,-,,,,
T285,T'Vondre Sweat,NYJ,DT,-,-,-,-,,,NFI-A,Hamstring
T285,Junior Tafuna,HOU,DT,-,-,-,-,,,,
T285,Taki Taimani,MIN,DT,-,-,-,-,,,,
T285,Teair Tart,LAC,DT,-,-,-,-,,,,
T285,Laki Tasi,TEN,DT,-,-,-,-,,,,
T285,Demetrius Taylor,FA,DT,-,-,-,-,,,,
T285,Leonard Taylor,NE,DT,-,-,-,-,,,,
T285,Bubba Thomas,SEA,DT,-,-,-,-,,,,
T285,Solomon Thomas,TEN,DT,-,-,-,-,,,,
T285,Anterio Thompson,ATL,DT,-,-,-,-,,,NFI-A,Undisclosed
T285,James Thompson,SF,DT,-,-,-,-,,,,
T285,Nick Thurman,FA,DT,-,-,-,-,,,,
T285,Jerry Tillery,IND,DT,-,-,-,-,,,,
T285,Tommy Togiai,HOU,DT,-,-,-,-,1.96,,,
T285,Jay Toia,DAL,DT,-,-,-,-,,,,
T285,Dalvin Tomlinson,LAC,DT,-,-,-,-,,,,
T285,Khyiris Tonga,KC,DT,-,-,-,-,,,,
T285,Jay Tufele,FA,DT,-,-,-,-,,,,
T285,Marlon Tuipulotu,FA,DT,-,-,-,-,,,,
T285,Josh Tupou,NYG,DT,-,-,-,-,,,,
T285,Kobie Turner,LAR,DT,-,-,-,-,,,Ques,Undisclosed
T285,Shemar Turner,CHI,DT,-,-,-,-,,,PUP-P,Knee - ACL
T285,Shy Tuttle,WAS,DT,-,-,-,-,,,,
T285,Eyioma Uwazurike,DEN,DT,-,-,-,-,,,,
T285,Sebastian Valdez,SF,DT,-,-,-,-,,,,
T285,Antonio Valentino,FA,DT,-,-,-,-,,,,
T285,Jordan van den Berg,CHI,DT,-,-,-,-,,,,
T285,Vita Vea,TB,DT,-,-,-,-,,,Ques,Back
T285,Kendal Vickers,FA,DT,-,-,-,-,,,,
T285,Raymond Vohasek,FA,DT,-,-,-,-,,,,
T285,Deone Walker,BUF,DT,-,-,-,-,,,,
T285,Broderick Washington,BAL,DT,-,-,-,-,,,,
T285,Carlos Watkins,FA,DT,-,-,-,-,,,,
T285,Armon Watts,FA,DT,-,-,-,-,,,,
T285,Terry Webb,LAC,DT,-,-,-,-,,,,
T285,CJ West,SF,DT,-,-,-,-,,,,
T285,Tershawn Wharton,CAR,DT,-,-,-,-,,,PUP-P,Neck
T285,Christian Wilkins,FA,DT,-,-,-,-,,,Ques,Foot
T285,Andrew Williams,FA,DT,-,-,-,-,,,,
T285,Chris Williams,ATL,DT,-,-,-,-,,,,
T285,Damonic Williams,ARI,DT,-,-,-,-,,,,
T285,DeShawn Williams,FA,DT,-,-,-,-,,,,
T285,Jordan Williams,FA,DT,-,-,-,-,,,,
T285,Kristian Williams,DEN,DT,-,-,-,-,,,,
T285,McKinley Williams,FA,DT,-,-,-,-,,,,
T285,Milton Williams,NE,DT,-,-,-,-,,,,
T285,Quinnen Williams,DAL,DT,-,-,-,-,,,,
T285,Tyleik Williams,DET,DT,-,-,-,-,,,,
T285,Dion Wilson,BAL,DT,-,-,-,-,,,,
T285,Perrion Winfrey,FA,DT,-,-,-,-,,,,
T285,Mekhi Wingo,DET,DT,-,-,-,-,,,,
T285,D.J. Withers,DAL,DT,-,-,-,-,,,,
T285,Peter Woods,KC,DT,-,-,-,-,,,,
T285,Devonte Wyatt,GB,DT,-,-,-,-,,,,
T285,Byron Young,PHI,DT,-,-,-,-,,,,
T285,Cameron Young,FA,DT,-,-,-,-,,,,
T285,Jackson Acker,BUF,FB,-,-,-,-,,,,
T285,George Aston,FA,FB,-,-,-,-,,,,
T285,Jake Bargas,FA,FB,-,-,-,-,,,,
T285,Andrew Beck,NYJ,FB,-,-,-,-,,,,
T285,Max Bredeson,MIN,FB,-,-,-,-,,,,
T285,Algernon Brown,FA,FB,-,-,-,-,,,,
T285,Robert Burns,FA,FB,-,-,-,-,,,,
T285,Michael Burton,CLE,FB,-,-,-,-,,,,
T285,Jason Cabinda,FA,FB,-,-,-,-,,,,
T285,Chandler Cox,FA,FB,-,-,-,-,,,,
T285,Jeremy Cox,FA,FB,-,-,-,-,,,,
T285,Reggie Gilliam,NE,FB,-,-,-,-,,,,
T285,Garrett Groshek,FA,FB,-,-,-,-,,,,
T285,Troy Hairston,FA,FB,-,-,-,-,,,,
T285,C.J. Ham,MIN,FB,-,-,-,-,,,Reserve-Ret,Undisclosed
T285,Connor Heyward,LV,FB,-,-,-,-,,,,
T285,Zander Horvath,FA,FB,-,-,-,-,,,,
T285,Alec Ingold,LAC,FB,-,-,-,-,,,,
T285,Jakob Johnson,FA,FB,-,-,-,-,,,,
T285,Jordan Jones,FA,FB,-,-,-,-,,,,
T285,Kyle Juszczyk,SF,FB,-,-,-,437.00,,7.00,,
T285,Corey Knox,FA,FB,-,-,-,-,,,,
T285,Brock Lampe,FA,FB,-,-,-,-,,,,
T285,Hunter Luepke,DAL,FB,-,-,-,-,,,,
T285,Scott Matlock,LAC,FB,-,-,-,-,,,,
T285,Bruce Miller,FA,FB,-,-,-,-,,,,
T285,Connor Neighbors,FA,FB,-,-,-,-,,,,
T285,Spencer Nigh,FA,FB,-,-,-,-,,,,
T285,Riley Nowakowski,PIT,FB,-,-,-,-,,,,
T285,Zach Ojile,FA,FB,-,-,-,-,,,,
T285,Jamize Olawale,FA,FB,-,-,-,-,,,,
T285,Ricky Ortiz,FA,FB,-,-,-,-,,,,
T285,Robbie Ouzts,SEA,FB,-,-,-,-,,,Ques,Undisclosed
T285,Derek Parish,FA,FB,-,-,-,-,,,,
T285,Henry Pearson,FA,FB,-,-,-,-,,,,
T285,Monte Pottebaum,FA,FB,-,-,-,-,,,,
T285,Adam Prentice,DEN,FB,-,-,-,-,,,,
T285,Nick Ralston,FA,FB,-,-,-,-,,,,
T285,Bronson Rechsteiner,FA,FB,-,-,-,-,,,,
T285,Patrick Ricard,NYG,FB,-,-,-,-,,,,
T285,Brady Russell,SEA,FB,-,-,-,-,,,,
T285,Lucas Scott,BAL,FB,-,-,-,-,,,,
T285,Sutton Smith,FA,FB,-,-,-,-,,,,
T285,Alstevis Squirewell,FA,FB,-,-,-,-,,,,
T285,Mason Stokke,FA,FB,-,-,-,-,,,,
T285,Chris Swain,FA,FB,-,-,-,-,,,,
T285,Carl Tucker,FA,FB,-,-,-,-,,,,
T285,Soma Vainuku,FA,FB,-,-,-,-,,,,
T285,Ben VanSumeren,BUF,FB,-,-,-,-,,,Ques,Knee
T285,Jack Westover,NE,FB,-,-,-,-,,,,
T285,Eli Wilson,FA,FB,-,-,-,-,,,,
T285,Ryan Yurachek,FA,FB,-,-,-,-,,,,
T285,Corey Acosta,FA,K,-,-,-,-,,,,
T285,Ramiz Ahmed,FA,K,-,-,-,-,,,,
T285,Matt Ammendola,FA,K,-,-,-,-,,,,
T285,Phillip Andersen,FA,K,-,-,-,-,,,,