"ECR","Player","1","2","3","4","5","6","7","8","9","10","11","12","13","14","15","16","17","18"
"1","Josh AllenJ. Allen BUF","at  HOUThis is a 1 star matchup. QBs perform below their average vs. HOU who currently ranks #31 against this position","vs.  DETThis is a 3 star matchup. QBs perform close to their average vs. DET who currently ranks #13 against this position","vs.  LACThis is a 2 star matchup. QBs perform below their average vs. LAC who currently ranks #29 against this position","vs.  NEThis is a 4 star matchup. QBs perform better than their average vs. NE who currently ranks #8 against this position","at  LARThis is a 3 star matchup. QBs perform close to their average vs. LAR who currently ranks #17 against this position","at  LVThis is a 3 star matchup. QBs perform close to their average vs. LV who currently ranks #14 against this position","BYE","vs.  BALThis is a 2 star matchup. QBs perform close to their average vs. BAL who currently ranks #24 against this position","at  MINThis is a 2 star matchup. QBs perform below their average vs. MIN who currently ranks #27 against this position","at  NYJThis is a 4 star matchup. QBs perform better than their average vs. NYJ who currently ranks #7 against this position","vs.  MIAThis is a 4 star matchup. QBs perform better than their average vs. MIA who currently ranks #5 against this position","vs.  KCThis is a 3 star matchup. QBs perform close to their average vs. KC who currently ranks #22 against this position","at  NEThis is a 4 star matchup. QBs perform better than their average vs. NE who currently ranks #8 against this position","at  GBThis is a 3 star matchup. QBs perform close to their average vs. GB who currently ranks #12 against this position","vs.  CHIThis is a 5 star matchup. QBs perform better than their average vs. CHI who currently ranks #4 against this position","at  DENThis is a 1 star matchup. QBs perform below their average vs. DEN who currently ranks #30 against this position","at  MIAThis is a 4 star matchup. QBs perform better than their average vs. MIA who currently ranks #5 against this position","vs.  NYJThis is a 4 star matchup. QBs perform better than their average vs. NYJ who currently ranks #7 against this position"
"2","Lamar JacksonL. Jackson BAL","at  INDThis is a 3 star matchup. QBs perform close to their average vs. IND who currently ranks #20 against this position","vs.  NOThis is a 2 star matchup. QBs perform close to their average vs. NO who currently ranks #25 against this position","at  DALThis is a 5 star matchup. QBs perform better than their average vs. DAL who currently ranks #1 against this position","vs.  TENThis is a 5 star matchup. QBs perform better than their average vs. TEN who currently ranks #2 against this position","at  ATLThis is a 3 star matchup. QBs perform close to their average vs. ATL who currently ranks #19 against this position","at  CLEThis is a 2 star matchup. QBs perform below their average vs. CLE who currently ranks #26 against this position","vs.  CINThis is a 4 star matchup. QBs perform better than their average vs. CIN who currently ranks #6 against this position","at  BUFThis is a 3 star matchup. QBs perform close to their average vs. BUF who currently ranks #21 against this position","vs.  JACThis is a 3 star matchup. QBs perform close to their average vs. JAC who currently ranks #16 against this position","vs.  LACThis is a 2 star matchup. QBs perform below their average vs. LAC who currently ranks #29 against this position","at  CARThis is a 3 star matchup. QBs perform close to their average vs. CAR who currently ranks #23 against this position","at  HOUThis is a 1 star matchup. QBs perform below their average vs. HOU who currently ranks #31 against this position","BYE","vs.  TBThis is a 4 star matchup. QBs perform better than their average vs. TB who currently ranks #9 against this position","at  PITThis is a 4 star matchup. QBs perform close to their average vs. PIT who currently ranks #11 against this position","vs.  CLEThis is a 2 star matchup. QBs perform below their average vs. CLE who currently ranks #26 against this position","at  CINThis is a 4 star matchup. QBs perform better than their average vs. CIN who currently ranks #6 against this position","vs.  PITThis is a 4 star matchup. QBs perform close to their average vs. PIT who currently ranks #11 against this position"
"3","Drake MayeD. Maye NE","at  SEAThis is a 1 star matchup. QBs perform below their average vs. SEA who currently ranks #32 against this position","vs.  PITThis is a 4 star matchup. QBs perform close to their average vs. PIT who currently ranks #11 against this position","at  JACThis is a 3 star matchup. QBs perform close to their average vs. JAC who currently ranks #16 against this position","at  BUFThis is a 3 star matchup. QBs perform close to their average vs. BUF who currently ranks #21 against this position","vs.  LVThis is a 3 star matchup. QBs perform close to their average vs. LV who currently ranks #14 against this position","vs.  NYJThis is a 4 star matchup. QBs perform better than their average vs. NYJ who currently ranks #7 against this position","at  CHIThis is a 5 star matchup. QBs perform better than their average vs. CHI who currently ranks #4 against this position","at  MIAThis is a 4 star matchup. QBs perform better than their average vs. MIA who currently ranks #5 against this position","vs.  GBThis is a 3 star matchup. QBs perform close to their average vs. GB who currently ranks #12 against this position","at  DETThis is a 3 star matchup. QBs perform close to their average vs. DET who currently ranks #13 against this position","BYE","at  LACThis is a 2 star matchup. QBs perform below their average vs. LAC who currently ranks #29 against this position","vs.  BUFThis is a 3 star matchup. QBs perform close to their average vs. BUF who currently ranks #21 against this position","vs.  MINThis is a 2 star matchup. QBs perform below their average vs. MIN who currently ranks #27 against this position","at  KCThis is a 3 star matchup. QBs perform close to their average vs. KC who currently ranks #22 against this position","at  NYJThis is a 4 star matchup. QBs perform better than their average vs. NYJ who currently ranks #7 against this position","vs.  DENThis is a 1 star matchup. QBs perform below their average vs. DEN who currently ranks #30 against this position","vs.  MIAThis is a 4 star matchup. QBs perform better than their average vs. MIA who currently ranks #5 against this position"
"4","Joe BurrowJ. Burrow CIN","vs.  TBThis is a 4 star matchup. QBs perform better than their average vs. TB who currently ranks #9 against this position","at  HOUThis is a 1 star matchup. QBs perform below their average vs. HOU who currently ranks #31 against this position","at  PITThis is a 4 star matchup. QBs perform close to their average vs. PIT who currently ranks #11 against this position","vs.  JACThis is a 3 star matchup. QBs perform close to their average vs. JAC who currently ranks #16 against this position","at  MIAThis is a 4 star matchup. QBs perform better than their average vs. MIA who currently ranks #5 against this position","BYE","at  BALThis is a 2 star matchup. QBs perform close to their average vs. BAL who currently ranks #24 against this position","vs.  TENThis is a 5 star matchup. QBs perform better than their average vs. TEN who currently ranks #2 against this position","at  ATLThis is a 3 star matchup. QBs perform close to their average vs. ATL who currently ranks #19 against this position","vs.  PITThis is a 4 star matchup. QBs perform close to their average vs. PIT who currently ranks #11 against this position","at  WASThis is a 5 star matchup. QBs perform better than their average vs. WAS who currently ranks #3 against this position","vs.  NOThis is a 2 star matchup. QBs perform close to their average vs. NO who currently ranks #25 against this position","at  CLEThis is a 2 star matchup. QBs perform below their average vs. CLE who currently ranks #26 against this position","vs.  KCThis is a 3 star matchup. QBs perform close to their average vs. KC who currently ranks #22 against this position","at  CARThis is a 3 star matchup. QBs perform close to their average vs. CAR who currently ranks #23 against this position","at  INDThis is a 3 star matchup. QBs perform close to their average vs. IND who currently ranks #20 against this position","vs.  BALThis is a 2 star matchup. QBs perform close to their average vs. BAL who currently ranks #24 against this position","vs.  CLEThis is a 2 star matchup. QBs perform below their average vs. CLE who currently ranks #26 against this position"
"5","Jayden DanielsJ. Daniels WAS","at  PHIThis is a 2 star matchup. QBs perform below their average vs. PHI who currently ranks #28 against this position","at  DALThis is a 5 star matchup. QBs perform better than their average vs. DAL who currently ranks #1 against this position","vs.  SEAThis is a 1 star matchup. QBs perform below their average vs. SEA who currently ranks #32 against this position","vs.  INDThis is a 3 star matchup. QBs perform close to their average vs. IND who currently ranks #20 against this position","vs.  NYGThis is a 3 star matchup. QBs perform close to their average vs. NYG who currently ranks #18 against this position","at  SFThis is a 4 star matchup. QBs perform better than their average vs. SF who currently ranks #10 against this position","BYE","vs.  PHIThis is a 2 star matchup. QBs perform below their average vs. PHI who currently ranks #28 against this position","vs.  LARThis is a 3 star matchup. QBs perform close to their average vs. LAR who currently ranks #17 against this position","at  NYGThis is a 3 star matchup. QBs perform close to their average vs. NYG who currently ranks #18 against this position","vs.  CINThis is a 4 star matchup. QBs perform better than their average vs. CIN who currently ranks #6 against this position","at  ARIThis is a 3 star matchup. QBs perform close to their average vs. ARI who currently ranks #15 against this position","at  TENThis is a 5 star matchup. QBs perform better than their average vs. TEN who currently ranks #2 against this position","vs.  HOUThis is a 1 star matchup. QBs perform below their average vs. HOU who currently ranks #31 against this position","vs.  ATLThis is a 3 star matchup. QBs perform close to their average vs. ATL who currently ranks #19 against this position","at  MINThis is a 2 star matchup. QBs perform below their average vs. MIN who currently ranks #27 against this position","at  JACThis is a 3 star matchup. QBs perform close to their average vs. JAC who currently ranks #16 against this position","vs.  DALThis is a 5 star matchup. QBs perform better than their average vs. DAL who currently ranks #1 against this position"
"6","Jalen HurtsJ. Hurts PHI","vs.  WASThis is a 5 star matchup. QBs perform better than their average vs. WAS who currently ranks #3 against this position","at  TENThis is a 5 star matchup. QBs perform better than their average vs. TEN who currently ranks #2 against this position","at  CHIThis is a 5 star matchup. QBs perform better than their average vs. CHI who currently ranks #4 against this position","vs.  LARThis is a 3 star matchup. QBs perform close to their average vs. LAR who currently ranks #17 against this position","at  JACThis is a 3 star matchup. QBs perform close to their average vs. JAC who currently ranks #16 against this position","vs.  CARThis is a 3 star matchup. QBs perform close to their average vs. CAR who currently ranks #23 against this position","vs.  DALThis is a 5 star matchup. QBs perform better than their average vs. DAL who currently ranks #1 against this position","at  WASThis is a 5 star matchup. QBs perform better than their average vs. WAS who currently ranks #3 against this position","vs.  NYGThis is a 3 star matchup. QBs perform close to their average vs. NYG who currently ranks #18 against this position","BYE","vs.  PITThis is a 4 star matchup. QBs perform close to their average vs. PIT who currently ranks #11 against this position","at  DALThis is a 5 star matchup. QBs perform better than their average vs. DAL who currently ranks #1 against this position","at  ARIThis is a 3 star matchup. QBs perform close to their average vs. ARI who currently ranks #15 against this position","vs.  INDThis is a 3 star matchup. QBs perform close to their average vs. IND who currently ranks #20 against this position","vs.  SEAThis is a 1 star matchup. QBs perform below their average vs. SEA who currently ranks #32 against this position","vs.  HOUThis is a 1 star matchup. QBs perform below their average vs. HOU who currently ranks #31 against this position","at  SFThis is a 4 star matchup. QBs perform better than their average vs. SF who currently ranks #10 against this position","at  NYGThis is a 3 star matchup. QBs perform close to their average vs. NYG who currently ranks #18 against this position"
"7","Justin HerbertJ. Herbert LAC","vs.  ARIThis is a 3 star matchup. QBs perform close to their average vs. ARI who currently ranks #15 against this position","vs.  LVThis is a 3 star matchup. QBs perform close to their average vs. LV who currently ranks #14 against this position","at  BUFThis is a 3 star matchup. QBs perform close to their average vs. BUF who currently ranks #21 against this position","at  SEAThis is a 1 star matchup. QBs perform below their average vs. SEA who currently ranks #32 against this position","vs.  DENThis is a 1 star matchup. QBs perform below their average vs. DEN who currently ranks #30 against this position","at  KCThis is a 3 star matchup. QBs perform close to their average vs. KC who currently ranks #22 against this position","BYE","at  LARThis is a 3 star matchup. QBs perform close to their average vs. LAR who currently ranks #17 against this position","vs.  HOUThis is a 1 star matchup. QBs perform below their average vs. HOU who currently ranks #31 against this position","at  BALThis is a 2 star matchup. QBs perform close to their average vs. BAL who currently ranks #24 against this position","vs.  NYJThis is a 4 star matchup. QBs perform better than their average vs. NYJ who currently ranks #7 against this position","vs.  NEThis is a 4 star matchup. QBs perform better than their average vs. NE who currently ranks #8 against this position","at  TBThis is a 4 star matchup. QBs perform better than their average vs. TB who currently ranks #9 against this position","at  LVThis is a 3 star matchup. QBs perform close to their average vs. LV who currently ranks #14 against this position","vs.  SFThis is a 4 star matchup. QBs perform better than their average vs. SF who currently ranks #10 against this position","at  MIAThis is a 4 star matchup. QBs perform better than their average vs. MIA who currently ranks #5 against this position","vs.  KCThis is a 3 star matchup. QBs perform close to their average vs. KC who currently ranks #22 against this position","at  DENThis is a 1 star matchup. QBs perform below their average vs. DEN who currently ranks #30 against this position"
"8","Caleb WilliamsC. Williams CHI","at  CARThis is a 3 star matchup. QBs perform close to their average vs. CAR who currently ranks #23 against this position","vs.  MINThis is a 2 star matchup. QBs perform below their average vs. MIN who currently ranks #27 against this position","vs.  PHIThis is a 2 star matchup. QBs perform below their average vs. PHI who currently ranks #28 against this position","vs.  NYJThis is a 4 star matchup. QBs perform better than their average vs. NYJ who currently ranks #7 against this position","at  GBThis is a 3 star matchup. QBs perform close to their average vs. GB who currently ranks #12 against this position","at  ATLThis is a 3 star matchup. QBs perform close to their average vs. ATL who currently ranks #19 against this position","vs.  NEThis is a 4 star matchup. QBs perform better than their average vs. NE who currently ranks #8 against this position","at  SEAThis is a 1 star matchup. QBs perform below their average vs. SEA who currently ranks #32 against this position","vs.  TBThis is a 4 star matchup. QBs perform better than their average vs. TB who currently ranks #9 against this position","BYE","vs.  NOThis is a 2 star matchup. QBs perform close to their average vs. NO who currently ranks #25 against this position","at  DETThis is a 3 star matchup. QBs perform close to their average vs. DET who currently ranks #13 against this position","vs.  JACThis is a 3 star matchup. QBs perform close to their average vs. JAC who currently ranks #16 against this position","at  MIAThis is a 4 star matchup. QBs perform better than their average vs. MIA who currently ranks #5 against this position","at  BUFThis is a 3 star matchup. QBs perform close to their average vs. BUF who currently ranks #21 against this position","vs.  GBThis is a 3 star matchup. QBs perform close to their average vs. GB who currently ranks #12 against this position","vs.  DETThis is a 3 star matchup. QBs perform close to their average vs. DET who currently ranks #13 against this position","at  MINThis is a 2 star matchup. QBs perform below their average vs. MIN who currently ranks #27 against this position"
"9","Trevor LawrenceT. Lawrence JAC","vs.  CLEThis is a 2 star matchup. QBs perform below their average vs. CLE who currently ranks #26 against this position","at  DENThis is a 1 star matchup. QBs perform below their average vs. DEN who currently ranks #30 against this position","vs.  NEThis is a 4 star matchup. QBs perform better than their average vs. NE who currently ranks #8 against this position","at  CINThis is a 4 star matchup. QBs perform better than their average vs. CIN who currently ranks #6 against this position","vs.  PHIThis is a 2 star matchup. QBs perform below their average vs. PHI who currently ranks #28 against this position","vs.  HOUThis is a 1 star matchup. QBs perform below their average vs. HOU who currently ranks #31 against this position","BYE","vs.  INDThis is a 3 star matchup. QBs perform close to their average vs. IND who currently ranks #20 against this position","at  BALThis is a 2 star matchup. QBs perform close to their average vs. BAL who currently ranks #24 against this position","at  TENThis is a 5 star matchup. QBs perform better than their average vs. TEN who currently ranks #2 against this position","at  NYGThis is a 3 star matchup. QBs perform close to their average vs. NYG who currently ranks #18 against this position","vs.  TENThis is a 5 star matchup. QBs perform better than their average vs. TEN who currently ranks #2 against this position","at  CHIThis is a 5 star matchup. QBs perform better than their average vs. CHI who currently ranks #4 against this position","vs.  PITThis is a 4 star matchup. QBs perform close to their average vs. PIT who currently ranks #11 against this position","at  HOUThis is a 1 star matchup. QBs perform below their average vs. HOU who currently ranks #31 against this position","at  DALThis is a 5 star matchup. QBs perform better than their average vs. DAL who currently ranks #1 against this position","vs.  WASThis is a 5 star matchup. QBs perform better than their average vs. WAS who currently ranks #3 against this position","at  INDThis is a 3 star matchup. QBs perform close to their average vs. IND who currently ranks #20 against this position"
"10","Dak PrescottD. Prescott DAL","at  NYGThis is a 3 star matchup. QBs perform close to their average vs. NYG who currently ranks #18 against this position","vs.  WASThis is a 5 star matchup. QBs perform better than their average vs. WAS who currently ranks #3 against this position","vs.  BALThis is a 2 star matchup. QBs perform close to their average vs. BAL who currently ranks #24 against this position","at  HOUThis is a 1 star matchup. QBs perform below their average vs. HOU who currently ranks #31 against this position","vs.  TBThis is a 4 star matchup. QBs perform better than their average vs. TB who currently ranks #9 against this position","at  GBThis is a 3 star matchup. QBs perform close to their average vs. GB who currently ranks #12 against this position","at  PHIThis is a 2 star matchup. QBs perform below their average vs. PHI who currently ranks #28 against this position","vs.  ARIThis is a 3 star matchup. QBs perform close to their average vs. ARI who currently ranks #15 against this position","at  INDThis is a 3 star matchup. QBs perform close to their average vs. IND who currently ranks #20 against this position","vs.  SFThis is a 4 star matchup. QBs perform better than their average vs. SF who currently ranks #10 against this position","vs.  TENThis is a 5 star matchup. QBs perform better than their average vs. TEN who currently ranks #2 against this position","vs.  PHIThis is a 2 star matchup. QBs perform below their average vs. PHI who currently ranks #28 against this position","at  SEAThis is a 1 star matchup. QBs perform below their average vs. SEA who currently ranks #32 against this position","BYE","at  LARThis is a 3 star matchup. QBs perform close to their average vs. LAR who currently ranks #17 against this position","vs.  JACThis is a 3 star matchup. QBs perform close to their average vs. JAC who currently ranks #16 against this position","vs.  NYGThis is a 3 star matchup. QBs perform close to their average vs. NYG who currently ranks #18 against this position","at  WASThis is a 5 star matchup. QBs perform better than their average vs. WAS who currently ranks #3 against this position"
"11","Brock PurdyB. Purdy SF","at  LARThis is a 3 star matchup. QBs perform close to their average vs. LAR who currently ranks #17 against this position","vs.  MIAThis is a 4 star matchup. QBs perform better than their average vs. MIA who currently ranks #5 against this position","vs.  ARIThis is a 3 star matchup. QBs perform close to their average vs. ARI who currently ranks #15 against this position","vs.  DENThis is a 1 star matchup. QBs perform below their average vs. DEN who currently ranks #30 against this position","at  SEAThis is a 1 star matchup. QBs perform below their average vs. SEA who currently ranks #32 against this position","vs.  WASThis is a 5 star matchup. QBs perform better than their average vs. WAS who currently ranks #3 against this position","at  ATLThis is a 3 star matchup. QBs perform close to their average vs. ATL who currently ranks #19 against this position","BYE","vs.  LVThis is a 3 star matchup. QBs perform close to their average vs. LV who currently ranks #14 against this position","at  DALThis is a 5 star matchup. QBs perform better than their average vs. DAL who currently ranks #1 against this position","vs.  MINThis is a 2 star matchup. QBs perform below their average vs. MIN who currently ranks #27 against this position","vs.  SEAThis is a 1 star matchup. QBs perform below their average vs. SEA who currently ranks #32 against this position","at  NYGThis is a 3 star matchup. QBs perform close to their average vs. NYG who currently ranks #18 against this position","vs.  LARThis is a 3 star matchup. QBs perform close to their average vs. LAR who currently ranks #17 against this position","at  LACThis is a 2 star matchup. QBs perform below their average vs. LAC who currently ranks #29 against this position","at  KCThis is a 3 star matchup. QBs perform close to their average vs. KC who currently ranks #22 against this position","vs.  PHIThis is a 2 star matchup. QBs perform below their average vs. PHI who currently ranks #28 against this position","at  ARIThis is a 3 star matchup. QBs perform close to their average vs. ARI who currently ranks #15 against this position"
"12","Jaxson DartJ. Dart NYG","vs.  DALThis is a 5 star matchup. QBs perform better than their average vs. DAL who currently ranks #1 against this position","at  LARThis is a 3 star matchup. QBs perform close to their average vs. LAR who currently ranks #17 against this position","vs.  TENThis is a 5 star matchup. QBs perform better than their average vs. TEN who currently ranks #2 against this position","vs.  ARIThis is a 3 star matchup. QBs perform close to their average vs. ARI who currently ranks #15 against this position","at  WASThis is a 5 star matchup. QBs perform better than their average vs. WAS who currently ranks #3 against this position","vs.  NOThis is a 2 star matchup. QBs perform close to their average vs. NO who currently ranks #25 against this position","at  HOUThis is a 1 star matchup. QBs perform below their average vs. HOU who currently ranks #31 against this position","BYE","at  PHIThis is a 2 star matchup. QBs perform below their average vs. PHI who currently ranks #28 against this position","vs.  WASThis is a 5 star matchup. QBs perform better than their average vs. WAS who currently ranks #3 against this position","vs.  JACThis is a 3 star matchup. QBs perform close to their average vs. JAC who currently ranks #16 against this position","at  INDThis is a 3 star matchup. QBs perform close to their average vs. IND who currently ranks #20 against this position","vs.  SFThis is a 4 star matchup. QBs perform better than their average vs. SF who currently ranks #10 against this position","at  SEAThis is a 1 star matchup. QBs perform below their average vs. SEA who currently ranks #32 against this position","vs.  CLEThis is a 2 star matchup. QBs perform below their average vs. CLE who currently ranks #26 against this position","at  DETThis is a 3 star matchup. QBs perform close to their average vs. DET who currently ranks #13 against this position","at  DALThis is a 5 star matchup. QBs perform better than their average vs. DAL who currently ranks #1 against this position","vs.  PHIThis is a 2 star matchup. QBs perform below their average vs. PHI who currently ranks #28 against this position"
"13","Bo NixBo Nix DEN","at  KCThis is a 3 star matchup. QBs perform close to their average vs. KC who currently ranks #22 against this position","vs.  JACThis is a 3 star matchup. QBs perform close to their average vs. JAC who currently ranks #16 against this position","vs.  LARThis is a 3 star matchup. QBs perform close to their average vs. LAR who currently ranks #17 against this position","at  SFThis is a 4 star matchup. QBs perform better than their average vs. SF who currently ranks #10 against this position","at  LACThis is a 2 star matchup. QBs perform below their average vs. LAC who currently ranks #29 against this position","vs.  SEAThis is a 1 star matchup. QBs perform below their average vs. SEA who currently ranks #32 against this position","at  ARIThis is a 3 star matchup. QBs perform close to their average vs. ARI who currently ranks #15 against this position","vs.  KCThis is a 3 star matchup. QBs perform close to their average vs. KC who currently ranks #22 against this position","at  CARThis is a 3 star matchup. QBs perform close to their average vs. CAR who currently ranks #23 against this position","BYE","vs.  LVThis is a 3 star matchup. QBs perform close to their average vs. LV who currently ranks #14 against this position","at  PITThis is a 4 star matchup. QBs perform close to their average vs. PIT who currently ranks #11 against this position","vs.  MIAThis is a 4 star matchup. QBs perform better than their average vs. MIA who currently ranks #5 against this position","at  NYJThis is a 4 star matchup. QBs perform better than their average vs. NYJ who currently ranks #7 against this position","at  LVThis is a 3 star matchup. QBs perform close to their average vs. LV who currently ranks #14 against this position","vs.  BUFThis is a 3 star matchup. QBs perform close to their average vs. BUF who currently ranks #21 against this position","at  NEThis is a 4 star matchup. QBs perform better than their average vs. NE who currently ranks #8 against this position","vs.  LACThis is a 2 star matchup. QBs perform below their average vs. LAC who currently ranks #29 against this position"
"14","Patrick Mahomes IIP. Mahomes II KC","vs.  DENThis is a 1 star matchup. QBs perform below their average vs. DEN who currently ranks #30 against this position","vs.  INDThis is a 3 star matchup. QBs perform close to their average vs. IND who currently ranks #20 against this position","at  MIAThis is a 4 star matchup. QBs perform better than their average vs. MIA who currently ranks #5 against this position","at  LVThis is a 3 star matchup. QBs perform close to their average vs. LV who currently ranks #14 against this position","BYE","vs.  LACThis is a 2 star matchup. QBs perform below their average vs. LAC who currently ranks #29 against this position","at  SEAThis is a 1 star matchup. QBs perform below their average vs. SEA who currently ranks #32 against this position","at  DENThis is a 1 star matchup. QBs perform below their average vs. DEN who currently ranks #30 against this position","vs.  NYJThis is a 4 star matchup. QBs perform better than their average vs. NYJ who currently ranks #7 against this position","at  ATLThis is a 3 star matchup. QBs perform close to their average vs. ATL who currently ranks #19 against this position","vs.  ARIThis is a 3 star matchup. QBs perform close to their average vs. ARI who currently ranks #15 against this position","at  BUFThis is a 3 star matchup. QBs perform close to their average vs. BUF who currently ranks #21 against this position","at  LARThis is a 3 star matchup. QBs perform close to their average vs. LAR who currently ranks #17 against this position","at  CINThis is a 4 star matchup. QBs perform better than their average vs. CIN who currently ranks #6 against this position","vs.  NEThis is a 4 star matchup. QBs perform better than their average vs. NE who currently ranks #8 against this position","vs.  SFThis is a 4 star matchup. QBs perform better than their average vs. SF who currently ranks #10 against this position","at  LACThis is a 2 star matchup. QBs perform below their average vs. LAC who currently ranks #29 against this position","vs.  LVThis is a 3 star matchup. QBs perform close to their average vs. LV who currently ranks #14 against this position"
"15","Matthew StaffordM. Stafford LAR","vs.  SFThis is a 4 star matchup. QBs perform better than their average vs. SF who currently ranks #10 against this position","vs.  NYGThis is a 3 star matchup. QBs perform close to their average vs. NYG who currently ranks #18 against this position","at  DENThis is a 1 star matchup. QBs perform below their average vs. DEN who currently ranks #30 against this position","at  PHIThis is a 2 star matchup. QBs perform below their average vs. PHI who currently ranks #28 against this position","vs.  BUFThis is a 3 star matchup. QBs perform close to their average vs. BUF who currently ranks #21 against this position","vs.  ARIThis is a 3 star matchup. QBs perform close to their average vs. ARI who currently ranks #15 against this position","at  LVThis is a 3 star matchup. QBs perform close to their average vs. LV who currently ranks #14 against this position","vs.  LACThis is a 2 star matchup. QBs perform below their average vs. LAC who currently ranks #29 against this position","at  WASThis is a 5 star matchup. QBs perform better than their average vs. WAS who currently ranks #3 against this position","at  ARIThis is a 3 star matchup. QBs perform close to their average vs. ARI who currently ranks #15 against this position","BYE","vs.  GBThis is a 3 star matchup. QBs perform close to their average vs. GB who currently ranks #12 against this position","vs.  KCThis is a 3 star matchup. QBs perform close to their average vs. KC who currently ranks #22 against this position","at  SFThis is a 4 star matchup. QBs perform better than their average vs. SF who currently ranks #10 against this position","vs.  DALThis is a 5 star matchup. QBs perform better than their average vs. DAL who currently ranks #1 against this position","at  SEAThis is a 1 star matchup. QBs perform below their average vs. SEA who currently ranks #32 against this position","at  TBThis is a 4 star matchup. QBs perform better than their average vs. TB who currently ranks #9 against this position","vs.  SEAThis is a 1 star matchup. QBs perform below their average vs. SEA who currently ranks #32 against this position"
"16","Jared GoffJ. Goff DET","vs.  NOThis is a 2 star matchup. QBs perform close to their average vs. NO who currently ranks #25 against this position","at  BUFThis is a 3 star matchup. QBs perform close to their average vs. BUF who currently ranks #21 against this position","vs.  NYJThis is a 4 star matchup. QBs perform better than their average vs. NYJ who currently ranks #7 against this position","at  CARThis is a 3 star matchup. QBs perform close to their average vs. CAR who currently ranks #23 against this position","at  ARIThis is a 3 star matchup. QBs perform close to their average vs. ARI who currently ranks #15 against this position","BYE","vs.  GBThis is a 3 star matchup. QBs perform close to their average vs. GB who currently ranks #12 against this position","vs.  MINThis is a 2 star matchup. QBs perform below their average vs. MIN who currently ranks #27 against this position","at  MIAThis is a 4 star matchup. QBs perform better than their average vs. MIA who currently ranks #5 against this position","vs.  NEThis is a 4 star matchup. QBs perform better than their average vs. NE who currently ranks #8 against this position","vs.  TBThis is a 4 star matchup. QBs perform better than their average vs. TB who currently ranks #9 against this position","vs.  CHIThis is a 5 star matchup. QBs perform better than their average vs. CHI who currently ranks #4 against this position","at  ATLThis is a 3 star matchup. QBs perform close to their average vs. ATL who currently ranks #19 against this position","vs.  TENThis is a 5 star matchup. QBs perform better than their average vs. TEN who currently ranks #2 against this position","at  MINThis is a 2 star matchup. QBs perform below their average vs. MIN who currently ranks #27 against this position","vs.  NYGThis is a 3 star matchup. QBs perform close to their average vs. NYG who currently ranks #18 against this position","at  CHIThis is a 5 star matchup. QBs perform better than their average vs. CHI who currently ranks #4 against this position","at  GBThis is a 3 star matchup. QBs perform close to their average vs. GB who currently ranks #12 against this position"
"17","Kyler MurrayK. Murray MIN","vs.  GBThis is a 3 star matchup. QBs perform close to their average vs. GB who currently ranks #12 against this position","at  CHIThis is a 5 star matchup. QBs perform better than their average vs. CHI who currently ranks #4 against this position","at  TBThis is a 4 star matchup. QBs perform better than their average vs. TB who currently ranks #9 against this position","vs.  MIAThis is a 4 star matchup. QBs perform better than their average vs. MIA who currently ranks #5 against this position","at  NOThis is a 2 star matchup. QBs perform close to their average vs. NO who currently ranks #25 against this position","BYE","vs.  INDThis is a 3 star matchup. QBs perform close to their average vs. IND who currently ranks #20 against this position","at  DETThis is a 3 star matchup. QBs perform close to their average vs. DET who currently ranks #13 against this position","vs.  BUFThis is a 3 star matchup. QBs perform close to their average vs. BUF who currently ranks #21 against this position","at  GBThis is a 3 star matchup. QBs perform close to their average vs. GB who currently ranks #12 against this position","at  SFThis is a 4 star matchup. QBs perform better than their average vs. SF who currently ranks #10 against this position","vs.  ATLThis is a 3 star matchup. QBs perform close to their average vs. ATL who currently ranks #19 against this position","vs.  CARThis is a 3 star matchup. QBs perform close to their average vs. CAR who currently ranks #23 against this position","at  NEThis is a 4 star matchup. QBs perform better than their average vs. NE who currently ranks #8 against this position","vs.  DETThis is a 3 star matchup. QBs perform close to their average vs. DET who currently ranks #13 against this position","vs.  WASThis is a 5 star matchup. QBs perform better than their average vs. WAS who currently ranks #3 against this position","at  NYJThis is a 4 star matchup. QBs perform better than their average vs. NYJ who currently ranks #7 against this position","vs.  CHIThis is a 5 star matchup. QBs perform better than their average vs. CHI who currently ranks #4 against this position"
"18","Baker MayfieldB. Mayfield TB","at  CINThis is a 4 star matchup. QBs perform better than their average vs. CIN who currently ranks #6 against this position","vs.  CLEThis is a 2 star matchup. QBs perform below their average vs. CLE who currently ranks #26 against this position","vs.  MINThis is a 2 star matchup. QBs perform below their average vs. MIN who currently ranks #27 against this position","vs.  GBThis is a 3 star matchup. QBs perform close to their average vs. GB who currently ranks #12 against this position","at  DALThis is a 5 star matchup. QBs perform better than their average vs. DAL who currently ranks #1 against this position","vs.  PITThis is a 4 star matchup. QBs perform close to their average vs. PIT who currently ranks #11 against this position","at  CARThis is a 3 star matchup. QBs perform close to their average vs. CAR who currently ranks #23 against this position","vs.  ATLThis is a 3 star matchup. QBs perform close to their average vs. ATL who currently ranks #19 against this position","at  CHIThis is a 5 star matchup. QBs perform better than their average vs. CHI who currently ranks #4 against this position","BYE","at  DETThis is a 3 star matchup. QBs perform close to their average vs. DET who currently ranks #13 against this position","vs.  CARThis is a 3 star matchup. QBs perform close to their average vs. CAR who currently ranks #23 against this position","vs.  LACThis is a 2 star matchup. QBs perform below their average vs. LAC who currently ranks #29 against this position","at  BALThis is a 2 star matchup. QBs perform close to their average vs. BAL who currently ranks #24 against this position","vs.  NOThis is a 2 star matchup. QBs perform close to their average vs. NO who currently ranks #25 against this position","at  ATLThis is a 3 star matchup. QBs perform close to their average vs. ATL who currently ranks #19 against this position","vs.  LARThis is a 3 star matchup. QBs perform close to their average vs. LAR who currently ranks #17 against this position","at  NOThis is a 2 star matchup. QBs perform close to their average vs. NO who currently ranks #25 against this position"
"19","Jordan LoveJ. Love GB","at  MINThis is a 2 star matchup. QBs perform below their average vs. MIN who currently ranks #27 against this position","at  NYJThis is a 4 star matchup. QBs perform better than their average vs. NYJ who currently ranks #7 against this position","vs.  ATLThis is a 3 star matchup. QBs perform close to their average vs. ATL who currently ranks #19 against this position","at  TBThis is a 4 star matchup. QBs perform better than their average vs. TB who currently ranks #9 against this position","vs.  CHIThis is a 5 star matchup. QBs perform better than their average vs. CHI who currently ranks #4 against this position","vs.  DALThis is a 5 star matchup. QBs perform better than their average vs. DAL who currently ranks #1 against this position","at  DETThis is a 3 star matchup. QBs perform close to their average vs. DET who currently ranks #13 against this position","vs.  CARThis is a 3 star matchup. QBs perform close to their average vs. CAR who currently ranks #23 against this position","at  NEThis is a 4 star matchup. QBs perform better than their average vs. NE who currently ranks #8 against this position","vs.  MINThis is a 2 star matchup. QBs perform below their average vs. MIN who currently ranks #27 against this position","BYE","at  LARThis is a 3 star matchup. QBs perform close to their average vs. LAR who currently ranks #17 against this position","at  NOThis is a 2 star matchup. QBs perform close to their average vs. NO who currently ranks #25 against this position","vs.  BUFThis is a 3 star matchup. QBs perform close to their average vs. BUF who currently ranks #21 against this position","vs.  MIAThis is a 4 star matchup. QBs perform better than their average vs. MIA who currently ranks #5 against this position","at  CHIThis is a 5 star matchup. QBs perform better than their average vs. CHI who currently ranks #4 against this position","vs.  HOUThis is a 1 star matchup. QBs perform below their average vs. HOU who currently ranks #31 against this position","vs.  DETThis is a 3 star matchup. QBs perform close to their average vs. DET who currently ranks #13 against this position"
"20","Tyler ShoughT. Shough NO","at  DETThis is a 3 star matchup. QBs perform close to their average vs. DET who currently ranks #13 against this position","at  BALThis is a 2 star matchup. QBs perform close to their average vs. BAL who currently ranks #24 against this position","vs.  LVThis is a 3 star matchup. QBs perform close to their average vs. LV who currently ranks #14 against this position","vs.  ATLThis is a 3 star matchup. QBs perform close to their average vs. ATL who currently ranks #19 against this position","vs.  MINThis is a 2 star matchup. QBs perform below their average vs. MIN who currently ranks #27 against this position","at  NYGThis is a 3 star matchup. QBs perform close to their average vs. NYG who currently ranks #18 against this position","vs.  PITThis is a 4 star matchup. QBs perform close to their average vs. PIT who currently ranks #11 against this position","BYE","vs.  CLEThis is a 2 star matchup. QBs perform below their average vs. CLE who currently ranks #26 against this position","vs.  CARThis is a 3 star matchup. QBs perform close to their average vs. CAR who currently ranks #23 against this position","at  CHIThis is a 5 star matchup. QBs perform better than their average vs. CHI who currently ranks #4 against this position","at  CINThis is a 4 star matchup. QBs perform better than their average vs. CIN who currently ranks #6 against this position","vs.  GBThis is a 3 star matchup. QBs perform close to their average vs. GB who currently ranks #12 against this position","at  CARThis is a 3 star matchup. QBs perform close to their average vs. CAR who currently ranks #23 against this position","at  TBThis is a 4 star matchup. QBs perform better than their average vs. TB who currently ranks #9 against this position","vs.  ARIThis is a 3 star matchup. QBs perform close to their average vs. ARI who currently ranks #15 against this position","at  ATLThis is a 3 star matchup. QBs perform close to their average vs. ATL who currently ranks #19 against this position","vs.  TBThis is a 4 star matchup. QBs perform better than their average vs. TB who currently ranks #9 against this position"
"21","Malik WillisM. Willis MIA","at  LVThis is a 3 star matchup. QBs perform close to their average vs. LV who currently ranks #14 against this position","at  SFThis is a 4 star matchup. QBs perform better than their average vs. SF who currently ranks #10 against this position","vs.  KCThis is a 3 star matchup. QBs perform close to their average vs. KC who currently ranks #22 against this position","at  MINThis is a 2 star matchup. QBs perform below their average vs. MIN who currently ranks #27 against this position","vs.  CINThis is a 4 star matchup. QBs perform better than their average vs. CIN who currently ranks #6 against this position","BYE","at  NYJThis is a 4 star matchup. QBs perform better than their average vs. NYJ who currently ranks #7 against this position","vs.  NEThis is a 4 star matchup. QBs perform better than their average vs. NE who currently ranks #8 against this position","vs.  DETThis is a 3 star matchup. QBs perform close to their average vs. DET who currently ranks #13 against this position","at  INDThis is a 3 star matchup. QBs perform close to their average vs. IND who currently ranks #20 against this position","at  BUFThis is a 3 star matchup. QBs perform close to their average vs. BUF who currently ranks #21 against this position","vs.  NYJThis is a 4 star matchup. QBs perform better than their average vs. NYJ who currently ranks #7 against this position","at  DENThis is a 1 star matchup. QBs perform below their average vs. DEN who currently ranks #30 against this position","vs.  CHIThis is a 5 star matchup. QBs perform better than their average vs. CHI who currently ranks #4 against this position","at  GBThis is a 3 star matchup. QBs perform close to their average vs. GB who currently ranks #12 against this position","vs.  LACThis is a 2 star matchup. QBs perform below their average vs. LAC who currently ranks #29 against this position","vs.  BUFThis is a 3 star matchup. QBs perform close to their average vs. BUF who currently ranks #21 against this position","at  NEThis is a 4 star matchup. QBs perform better than their average vs. NE who currently ranks #8 against this position"
"22","C.J. StroudC.J. Stroud HOU","vs.  BUFThis is a 3 star matchup. QBs perform close to their average vs. BUF who currently ranks #21 against this position","vs.  CINThis is a 4 star matchup. QBs perform better than their average vs. CIN who currently ranks #6 against this position","at  INDThis is a 3 star matchup. QBs perform close to their average vs. IND who currently ranks #20 against this position","vs.  DALThis is a 5 star matchup. QBs perform better than their average vs. DAL who currently ranks #1 against this position","at  TENThis is a 5 star matchup. QBs perform better than their average vs. TEN who currently ranks #2 against this position","at  JACThis is a 3 star matchup. QBs perform close to their average vs. JAC who currently ranks #16 against this position","vs.  NYGThis is a 3 star matchup. QBs perform close to their average vs. NYG who currently ranks #18 against this position","BYE","at  LACThis is a 2 star matchup. QBs perform below their average vs. LAC who currently ranks #29 against this position","at  CLEThis is a 2 star matchup. QBs perform below their average vs. CLE who currently ranks #26 against this position","vs.  INDThis is a 3 star matchup. QBs perform close to their average vs. IND who currently ranks #20 against this position","vs.  BALThis is a 2 star matchup. QBs perform close to their average vs. BAL who currently ranks #24 against this position","at  PITThis is a 4 star matchup. QBs perform close to their average vs. PIT who currently ranks #11 against this position","at  WASThis is a 5 star matchup. QBs perform better than their average vs. WAS who currently ranks #3 against this position","vs.  JACThis is a 3 star matchup. QBs perform close to their average vs. JAC who currently ranks #16 against this position","at  PHIThis is a 2 star matchup. QBs perform below their average vs. PHI who currently ranks #28 against this position","at  GBThis is a 3 star matchup. QBs perform close to their average vs. GB who currently ranks #12 against this position","vs.  TENThis is a 5 star matchup. QBs perform better than their average vs. TEN who currently ranks #2 against this position"
"23","Sam DarnoldS. Darnold SEA","vs.  NEThis is a 4 star matchup. QBs perform better than their average vs. NE who currently ranks #8 against this position","at  ARIThis is a 3 star matchup. QBs perform close to their average vs. ARI who currently ranks #15 against this position","at  WASThis is a 5 star matchup. QBs perform better than their average vs. WAS who currently ranks #3 against this position","vs.  LACThis is a 2 star matchup. QBs perform below their average vs. LAC who currently ranks #29 against this position","vs.  SFThis is a 4 star matchup. QBs perform better than their average vs. SF who currently ranks #10 against this position","at  DENThis is a 1 star matchup. QBs perform below their average vs. DEN who currently ranks #30 against this position","vs.  KCThis is a 3 star matchup. QBs perform close to their average vs. KC who currently ranks #22 against this position","vs.  CHIThis is a 5 star matchup. QBs perform better than their average vs. CHI who currently ranks #4 against this position","vs.  ARIThis is a 3 star matchup. QBs perform close to their average vs. ARI who currently ranks #15 against this position","at  LVThis is a 3 star matchup. QBs perform close to their average vs. LV who currently ranks #14 against this position","BYE","at  SFThis is a 4 star matchup. QBs perform better than their average vs. SF who currently ranks #10 against this position","vs.  DALThis is a 5 star matchup. QBs perform better than their average vs. DAL who currently ranks #1 against this position","vs.  NYGThis is a 3 star matchup. QBs perform close to their average vs. NYG who currently ranks #18 against this position","at  PHIThis is a 2 star matchup. QBs perform below their average vs. PHI who currently ranks #28 against this position","vs.  LARThis is a 3 star matchup. QBs perform close to their average vs. LAR who currently ranks #17 against this position","at  CARThis is a 3 star matchup. QBs perform close to their average vs. CAR who currently ranks #23 against this position","at  LARThis is a 3 star matchup. QBs perform close to their average vs. LAR who currently ranks #17 against this position"
"24","Cam WardC. Ward TEN","vs.  NYJThis is a 4 star matchup. QBs perform better than their average vs. NYJ who currently ranks #7 against this position","vs.  PHIThis is a 2 star matchup. QBs perform below their average vs. PHI who currently ranks #28 against this position","at  NYGThis is a 3 star matchup. QBs perform close to their average vs. NYG who currently ranks #18 against this position","at  BALThis is a 2 star matchup. QBs perform close to their average vs. BAL who currently ranks #24 against this position","vs.  HOUThis is a 1 star matchup. QBs perform below their average vs. HOU who currently ranks #31 against this position","at  INDThis is a 3 star matchup. QBs perform close to their average vs. IND who currently ranks #20 against this position","vs.  CLEThis is a 2 star matchup. QBs perform below their average vs. CLE who currently ranks #26 against this position","at  CINThis is a 4 star matchup. QBs perform better than their average vs. CIN who currently ranks #6 against this position","BYE","vs.  JACThis is a 3 star matchup. QBs perform close to their average vs. JAC who currently ranks #16 against this position","at  DALThis is a 5 star matchup. QBs perform better than their average vs. DAL who currently ranks #1 against this position","at  JACThis is a 3 star matchup. QBs perform close to their average vs. JAC who currently ranks #16 against this position","vs.  WASThis is a 5 star matchup. QBs perform better than their average vs. WAS who currently ranks #3 against this position","at  DETThis is a 3 star matchup. QBs perform close to their average vs. DET who currently ranks #13 against this position","vs.  INDThis is a 3 star matchup. QBs perform close to their average vs. IND who currently ranks #20 against this position","at  LVThis is a 3 star matchup. QBs perform close to their average vs. LV who currently ranks #14 against this position","vs.  PITThis is a 4 star matchup. QBs perform close to their average vs. PIT who currently ranks #11 against this position","at  HOUThis is a 1 star matchup. QBs perform below their average vs. HOU who currently ranks #31 against this position"
"25","Daniel JonesD. Jones IND","vs.  BALThis is a 2 star matchup. QBs perform close to their average vs. BAL who currently ranks #24 against this position","at  KCThis is a 3 star matchup. QBs perform close to their average vs. KC who currently ranks #22 against this position","vs.  HOUThis is a 1 star matchup. QBs perform below their average vs. HOU who currently ranks #31 against this position","at  WASThis is a 5 star matchup. QBs perform better than their average vs. WAS who currently ranks #3 against this position","at  PITThis is a 4 star matchup. QBs perform close to their average vs. PIT who currently ranks #11 against this position","vs.  TENThis is a 5 star matchup. QBs perform better than their average vs. TEN who currently ranks #2 against this position","at  MINThis is a 2 star matchup. QBs perform below their average vs. MIN who currently ranks #27 against this position","at  JACThis is a 3 star matchup. QBs perform close to their average vs. JAC who currently ranks #16 against this position","vs.  DALThis is a 5 star matchup. QBs perform better than their average vs. DAL who currently ranks #1 against this position","vs.  MIAThis is a 4 star matchup. QBs perform better than their average vs. MIA who currently ranks #5 against this position","at  HOUThis is a 1 star matchup. QBs perform below their average vs. HOU who currently ranks #31 against this position","vs.  NYGThis is a 3 star matchup. QBs perform close to their average vs. NYG who currently ranks #18 against this position","BYE","at  PHIThis is a 2 star matchup. QBs perform below their average vs. PHI who currently ranks #28 against this position","at  TENThis is a 5 star matchup. QBs perform better than their average vs. TEN who currently ranks #2 against this position","vs.  CINThis is a 4 star matchup. QBs perform better than their average vs. CIN who currently ranks #6 against this position","at  CLEThis is a 2 star matchup. QBs perform below their average vs. CLE who currently ranks #26 against this position","vs.  JACThis is a 3 star matchup. QBs perform close to their average vs. JAC who currently ranks #16 against this position"
"26","Bryce YoungB. Young CAR","vs.  CHIThis is a 5 star matchup. QBs perform better than their average vs. CHI who currently ranks #4 against this position","at  ATLThis is a 3 star matchup. QBs perform close to their average vs. ATL who currently ranks #19 against this position","at  CLEThis is a 2 star matchup. QBs perform below their average vs. CLE who currently ranks #26 against this position","vs.  DETThis is a 3 star matchup. QBs perform close to their average vs. DET who currently ranks #13 against this position","BYE","at  PHIThis is a 2 star matchup. QBs perform below their average vs. PHI who currently ranks #28 against this position","vs.  TBThis is a 4 star matchup. QBs perform better than their average vs. TB who currently ranks #9 against this position","at  GBThis is a 3 star matchup. QBs perform close to their average vs. GB who currently ranks #12 against this position","vs.  DENThis is a 1 star matchup. QBs perform below their average vs. DEN who currently ranks #30 against this position","at  NOThis is a 2 star matchup. QBs perform close to their average vs. NO who currently ranks #25 against this position","vs.  BALThis is a 2 star matchup. QBs perform close to their average vs. BAL who currently ranks #24 against this position","at  TBThis is a 4 star matchup. QBs perform better than their average vs. TB who currently ranks #9 against this position","at  MINThis is a 2 star matchup. QBs perform below their average vs. MIN who currently ranks #27 against this position","vs.  NOThis is a 2 star matchup. QBs perform close to their average vs. NO who currently ranks #25 against this position","vs.  CINThis is a 4 star matchup. QBs perform better than their average vs. CIN who currently ranks #6 against this position","at  PITThis is a 4 star matchup. QBs perform close to their average vs. PIT who currently ranks #11 against this position","vs.  SEAThis is a 1 star matchup. QBs perform below their average vs. SEA who currently ranks #32 against this position","vs.  ATLThis is a 3 star matchup. QBs perform close to their average vs. ATL who currently ranks #19 against this position"
"27","Jacoby BrissettJ. Brissett ARI","at  LACThis is a 2 star matchup. QBs perform below their average vs. LAC who currently ranks #29 against this position","vs.  SEAThis is a 1 star matchup. QBs perform below their average vs. SEA who currently ranks #32 against this position","at  SFThis is a 4 star matchup. QBs perform better than their average vs. SF who currently ranks #10 against this position","at  NYGThis is a 3 star matchup. QBs perform close to their average vs. NYG who currently ranks #18 against this position","vs.  DETThis is a 3 star matchup. QBs perform close to their average vs. DET who currently ranks #13 against this position","at  LARThis is a 3 star matchup. QBs perform close to their average vs. LAR who currently ranks #17 against this position","vs.  DENThis is a 1 star matchup. QBs perform below their average vs. DEN who currently ranks #30 against this position","at  DALThis is a 5 star matchup. QBs perform better than their average vs. DAL who currently ranks #1 against this position","at  SEAThis is a 1 star matchup. QBs perform below their average vs. SEA who currently ranks #32 against this position","vs.  LARThis is a 3 star matchup. QBs perform close to their average vs. LAR who currently ranks #17 against this position","at  KCThis is a 3 star matchup. QBs perform close to their average vs. KC who currently ranks #22 against this position","vs.  WASThis is a 5 star matchup. QBs perform better than their average vs. WAS who currently ranks #3 against this position","vs.  PHIThis is a 2 star matchup. QBs perform below their average vs. PHI who currently ranks #28 against this position","BYE","vs.  NYJThis is a 4 star matchup. QBs perform better than their average vs. NYJ who currently ranks #7 against this position","at  NOThis is a 2 star matchup. QBs perform close to their average vs. NO who currently ranks #25 against this position","vs.  LVThis is a 3 star matchup. QBs perform close to their average vs. LV who currently ranks #14 against this position","vs.  SFThis is a 4 star matchup. QBs perform better than their average vs. SF who currently ranks #10 against this position"
"28","Geno SmithG. Smith NYJ","at  TENThis is a 5 star matchup. QBs perform better than their average vs. TEN who currently ranks #2 against this position","vs.  GBThis is a 3 star matchup. QBs perform close to their average vs. GB who currently ranks #12 against this position","at  DETThis is a 3 star matchup. QBs perform close to their average vs. DET who currently ranks #13 against this position","at  CHIThis is a 5 star matchup. QBs perform better than their average vs. CHI who currently ranks #4 against this position","vs.  CLEThis is a 2 star matchup. QBs perform below their average vs. CLE who currently ranks #26 against this position","at  NEThis is a 4 star matchup. QBs perform better than their average vs. NE who currently ranks #8 against this position","vs.  MIAThis is a 4 star matchup. QBs perform better than their average vs. MIA who currently ranks #5 against this position","vs.  LVThis is a 3 star matchup. QBs perform close to their average vs. LV who currently ranks #14 against this position","at  KCThis is a 3 star matchup. QBs perform close to their average vs. KC who currently ranks #22 against this position","vs.  BUFThis is a 3 star matchup. QBs perform close to their average vs. BUF who currently ranks #21 against this position","at  LACThis is a 2 star matchup. QBs perform below their average vs. LAC who currently ranks #29 against this position","at  MIAThis is a 4 star matchup. QBs perform better than their average vs. MIA who currently ranks #5 against this position","BYE","vs.  DENThis is a 1 star matchup. QBs perform below their average vs. DEN who currently ranks #30 against this position","at  ARIThis is a 3 star matchup. QBs perform close to their average vs. ARI who currently ranks #15 against this position","vs.  NEThis is a 4 star matchup. QBs perform better than their average vs. NE who currently ranks #8 against this position","vs.  MINThis is a 2 star matchup. QBs perform below their average vs. MIN who currently ranks #27 against this position","at  BUFThis is a 3 star matchup. QBs perform close to their average vs. BUF who currently ranks #21 against this position"
"29","Aaron RodgersA. Rodgers PIT","vs.  ATLThis is a 3 star matchup. QBs perform close to their average vs. ATL who currently ranks #19 against this position","at  NEThis is a 4 star matchup. QBs perform better than their average vs. NE who currently ranks #8 against this position","vs.  CINThis is a 4 star matchup. QBs perform better than their average vs. CIN who currently ranks #6 against this position","at  CLEThis is a 2 star matchup. QBs perform below their average vs. CLE who currently ranks #26 against this position","vs.  INDThis is a 3 star matchup. QBs perform close to their average vs. IND who currently ranks #20 against this position","at  TBThis is a 4 star matchup. QBs perform better than their average vs. TB who currently ranks #9 against this position","at  NOThis is a 2 star matchup. QBs perform close to their average vs. NO who currently ranks #25 against this position","vs.  CLEThis is a 2 star matchup. QBs perform below their average vs. CLE who currently ranks #26 against this position","BYE","at  CINThis is a 4 star matchup. QBs perform better than their average vs. CIN who currently ranks #6 against this position","at  PHIThis is a 2 star matchup. QBs perform below their average vs. PHI who currently ranks #28 against this position","vs.  DENThis is a 1 star matchup. QBs perform below their average vs. DEN who currently ranks #30 against this position","vs.  HOUThis is a 1 star matchup. QBs perform below their average vs. HOU who currently ranks #31 against this position","at  JACThis is a 3 star matchup. QBs perform close to their average vs. JAC who currently ranks #16 against this position","vs.  BALThis is a 2 star matchup. QBs perform close to their average vs. BAL who currently ranks #24 against this position","vs.  CARThis is a 3 star matchup. QBs perform close to their average vs. CAR who currently ranks #23 against this position","at  TENThis is a 5 star matchup. QBs perform better than their average vs. TEN who currently ranks #2 against this position","at  BALThis is a 2 star matchup. QBs perform close to their average vs. BAL who currently ranks #24 against this position"
"30","Tua TagovailoaT. Tagovailoa ATL","at  PITThis is a 4 star matchup. QBs perform close to their average vs. PIT who currently ranks #11 against this position","vs.  CARThis is a 3 star matchup. QBs perform close to their average vs. CAR who currently ranks #23 against this position","at  GBThis is a 3 star matchup. QBs perform close to their average vs. GB who currently ranks #12 against this position","at  NOThis is a 2 star matchup. QBs perform close to their average vs. NO who currently ranks #25 against this position","vs.  BALThis is a 2 star matchup. QBs perform close to their average vs. BAL who currently ranks #24 against this position","vs.  CHIThis is a 5 star matchup. QBs perform better than their average vs. CHI who currently ranks #4 against this position","vs.  SFThis is a 4 star matchup. QBs perform better than their average vs. SF who currently ranks #10 against this position","at  TBThis is a 4 star matchup. QBs perform better than their average vs. TB who currently ranks #9 against this position","vs.  CINThis is a 4 star matchup. QBs perform better than their average vs. CIN who currently ranks #6 against this position","vs.  KCThis is a 3 star matchup. QBs perform close to their average vs. KC who currently ranks #22 against this position","BYE","at  MINThis is a 2 star matchup. QBs perform below their average vs. MIN who currently ranks #27 against this position","vs.  DETThis is a 3 star matchup. QBs perform close to their average vs. DET who currently ranks #13 against this position","at  CLEThis is a 2 star matchup. QBs perform below their average vs. CLE who currently ranks #26 against this position","at  WASThis is a 5 star matchup. QBs perform better than their average vs. WAS who currently ranks #3 against this position","vs.  TBThis is a 4 star matchup. QBs perform better than their average vs. TB who currently ranks #9 against this position","vs.  NOThis is a 2 star matchup. QBs perform close to their average vs. NO who currently ranks #25 against this position","at  CARThis is a 3 star matchup. QBs perform close to their average vs. CAR who currently ranks #23 against this position"
"31","Fernando MendozaF. Mendoza LV","vs.  MIAThis is a 4 star matchup. QBs perform better than their average vs. MIA who currently ranks #5 against this position","at  LACThis is a 2 star matchup. QBs perform below their average vs. LAC who currently ranks #29 against this position","at  NOThis is a 2 star matchup. QBs perform close to their average vs. NO who currently ranks #25 against this position","vs.  KCThis is a 3 star matchup. QBs perform close to their average vs. KC who currently ranks #22 against this position","at  NEThis is a 4 star matchup. QBs perform better than their average vs. NE who currently ranks #8 against this position","vs.  BUFThis is a 3 star matchup. QBs perform close to their average vs. BUF who currently ranks #21 against this position","vs.  LARThis is a 3 star matchup. QBs perform close to their average vs. LAR who currently ranks #17 against this position","at  NYJThis is a 4 star matchup. QBs perform better than their average vs. NYJ who currently ranks #7 against this position","at  SFThis is a 4 star matchup. QBs perform better than their average vs. SF who currently ranks #10 against this position","vs.  SEAThis is a 1 star matchup. QBs perform below their average vs. SEA who currently ranks #32 against this position","at  DENThis is a 1 star matchup. QBs perform below their average vs. DEN who currently ranks #30 against this position","at  CLEThis is a 2 star matchup. QBs perform below their average vs. CLE who currently ranks #26 against this position","BYE","vs.  LACThis is a 2 star matchup. QBs perform below their average vs. LAC who currently ranks #29 against this position","vs.  DENThis is a 1 star matchup. QBs perform below their average vs. DEN who currently ranks #30 against this position","vs.  TENThis is a 5 star matchup. QBs perform better than their average vs. TEN who currently ranks #2 against this position","at  ARIThis is a 3 star matchup. QBs perform close to their average vs. ARI who currently ranks #15 against this position","at  KCThis is a 3 star matchup. QBs perform close to their average vs. KC who currently ranks #22 against this position"
"32","Michael Penix Jr.M. Penix Jr. ATL","at  PITThis is a 4 star matchup. QBs perform close to their average vs. PIT who currently ranks #11 against this position","vs.  CARThis is a 3 star matchup. QBs perform close to their average vs. CAR who currently ranks #23 against this position","at  GBThis is a 3 star matchup. QBs perform close to their average vs. GB who currently ranks #12 against this position","at  NOThis is a 2 star matchup. QBs perform close to their average vs. NO who currently ranks #25 against this position","vs.  BALThis is a 2 star matchup. QBs perform close to their average vs. BAL who currently ranks #24 against this position","vs.  CHIThis is a 5 star matchup. QBs perform better than their average vs. CHI who currently ranks #4 against this position","vs.  SFThis is a 4 star matchup. QBs perform better than their average vs. SF who currently ranks #10 against this position","at  TBThis is a 4 star matchup. QBs perform better than their average vs. TB who currently ranks #9 against this position","vs.  CINThis is a 4 star matchup. QBs perform better than their average vs. CIN who currently ranks #6 against this position","vs.  KCThis is a 3 star matchup. QBs perform close to their average vs. KC who currently ranks #22 against this position","BYE","at  MINThis is a 2 star matchup. QBs perform below their average vs. MIN who currently ranks #27 against this position","vs.  DETThis is a 3 star matchup. QBs perform close to their average vs. DET who currently ranks #13 against this position","at  CLEThis is a 2 star matchup. QBs perform below their average vs. CLE who currently ranks #26 against this position","at  WASThis is a 5 star matchup. QBs perform better than their average vs. WAS who currently ranks #3 against this position","vs.  TBThis is a 4 star matchup. QBs perform better than their average vs. TB who currently ranks #9 against this position","vs.  NOThis is a 2 star matchup. QBs perform close to their average vs. NO who currently ranks #25 against this position","at  CARThis is a 3 star matchup. QBs perform close to their average vs. CAR who currently ranks #23 against this position"
"33","Shedeur SandersS. Sanders CLE","at  JACThis is a 3 star matchup. QBs perform close to their average vs. JAC who currently ranks #16 against this position","at  TBThis is a 4 star matchup. QBs perform better than their average vs. TB who currently ranks #9 against this position","vs.  CARThis is a 3 star matchup. QBs perform close to their average vs. CAR who currently ranks #23 against this position","vs.  PITThis is a 4 star matchup. QBs perform close to their average vs. PIT who currently ranks #11 against this position","at  NYJThis is a 4 star matchup. QBs perform better than their average vs. NYJ who currently ranks #7 against this position","vs.  BALThis is a 2 star matchup. QBs perform close to their average vs. BAL who currently ranks #24 against this position","at  TENThis is a 5 star matchup. QBs perform better than their average vs. TEN who currently ranks #2 against this position","at  PITThis is a 4 star matchup. QBs perform close to their average vs. PIT who currently ranks #11 against this position","at  NOThis is a 2 star matchup. QBs perform close to their average vs. NO who currently ranks #25 against this position","vs.  HOUThis is a 1 star matchup. QBs perform below their average vs. HOU who currently ranks #31 against this position","BYE","vs.  LVThis is a 3 star matchup. QBs perform close to their average vs. LV who currently ranks #14 against this position","vs.  CINThis is a 4 star matchup. QBs perform better than their average vs. CIN who currently ranks #6 against this position","vs.  ATLThis is a 3 star matchup. QBs perform close to their average vs. ATL who currently ranks #19 against this position","at  NYGThis is a 3 star matchup. QBs perform close to their average vs. NYG who currently ranks #18 against this position","at  BALThis is a 2 star matchup. QBs perform close to their average vs. BAL who currently ranks #24 against this position","vs.  INDThis is a 3 star matchup. QBs perform close to their average vs. IND who currently ranks #20 against this position","at  CINThis is a 4 star matchup. QBs perform better than their average vs. CIN who currently ranks #6 against this position"
"34","Kirk CousinsK. Cousins LV","vs.  MIAThis is a 4 star matchup. QBs perform better than their average vs. MIA who currently ranks #5 against this position","at  LACThis is a 2 star matchup. QBs perform below their average vs. LAC who currently ranks #29 against this position","at  NOThis is a 2 star matchup. QBs perform close to their average vs. NO who currently ranks #25 against this position","vs.  KCThis is a 3 star matchup. QBs perform close to their average vs. KC who currently ranks #22 against this position","at  NEThis is a 4 star matchup. QBs perform better than their average vs. NE who currently ranks #8 against this position","vs.  BUFThis is a 3 star matchup. QBs perform close to their average vs. BUF who currently ranks #21 against this position","vs.  LARThis is a 3 star matchup. QBs perform close to their average vs. LAR who currently ranks #17 against this position","at  NYJThis is a 4 star matchup. QBs perform better than their average vs. NYJ who currently ranks #7 against this position","at  SFThis is a 4 star matchup. QBs perform better than their average vs. SF who currently ranks #10 against this position","vs.  SEAThis is a 1 star matchup. QBs perform below their average vs. SEA who currently ranks #32 against this position","at  DENThis is a 1 star matchup. QBs perform below their average vs. DEN who currently ranks #30 against this position","at  CLEThis is a 2 star matchup. QBs perform below their average vs. CLE who currently ranks #26 against this position","BYE","vs.  LACThis is a 2 star matchup. QBs perform below their average vs. LAC who currently ranks #29 against this position","vs.  DENThis is a 1 star matchup. QBs perform below their average vs. DEN who currently ranks #30 against this position","vs.  TENThis is a 5 star matchup. QBs perform better than their average vs. TEN who currently ranks #2 against this position","at  ARIThis is a 3 star matchup. QBs perform close to their average vs. ARI who currently ranks #15 against this position","at  KCThis is a 3 star matchup. QBs perform close to their average vs. KC who currently ranks #22 against this position"
"35","Deshaun WatsonD. Watson CLE","at  JACThis is a 3 star matchup. QBs perform close to their average vs. JAC who currently ranks #16 against this position","at  TBThis is a 4 star matchup. QBs perform better than their average vs. TB who currently ranks #9 against this position","vs.  CARThis is a 3 star matchup. QBs perform close to their average vs. CAR who currently ranks #23 against this position","vs.  PITThis is a 4 star matchup. QBs perform close to their average vs. PIT who currently ranks #11 against this position","at  NYJThis is a 4 star matchup. QBs perform better than their average vs. NYJ who currently ranks #7 against this position","vs.  BALThis is a 2 star matchup. QBs perform close to their average vs. BAL who currently ranks #24 against this position","at  TENThis is a 5 star matchup. QBs perform better than their average vs. TEN who currently ranks #2 against this position","at  PITThis is a 4 star matchup. QBs perform close to their average vs. PIT who currently ranks #11 against this position","at  NOThis is a 2 star matchup. QBs perform close to their average vs. NO who currently ranks #25 against this position","vs.  HOUThis is a 1 star matchup. QBs perform below their average vs. HOU who currently ranks #31 against this position","BYE","vs.  LVThis is a 3 star matchup. QBs perform close to their average vs. LV who currently ranks #14 against this position","vs.  CINThis is a 4 star matchup. QBs perform better than their average vs. CIN who currently ranks #6 against this position","vs.  ATLThis is a 3 star matchup. QBs perform close to their average vs. ATL who currently ranks #19 against this position","at  NYGThis is a 3 star matchup. QBs perform close to their average vs. NYG who currently ranks #18 against this position","at  BALThis is a 2 star matchup. QBs perform close to their average vs. BAL who currently ranks #24 against this position","vs.  INDThis is a 3 star matchup. QBs perform close to their average vs. IND who currently ranks #20 against this position","at  CINThis is a 4 star matchup. QBs perform better than their average vs. CIN who currently ranks #6 against this position"
"36","J.J. McCarthyJ.J. McCarthy MIN","vs.  GBThis is a 3 star matchup. QBs perform close to their average vs. GB who currently ranks #12 against this position","at  CHIThis is a 5 star matchup. QBs perform better than their average vs. CHI who currently ranks #4 against this position","at  TBThis is a 4 star matchup. QBs perform better than their average vs. TB who currently ranks #9 against this position","vs.  MIAThis is a 4 star matchup. QBs perform better than their average vs. MIA who currently ranks #5 against this position","at  NOThis is a 2 star matchup. QBs perform close to their average vs. NO who currently ranks #25 against this position","BYE","vs.  INDThis is a 3 star matchup. QBs perform close to their average vs. IND who currently ranks #20 against this position","at  DETThis is a 3 star matchup. QBs perform close to their average vs. DET who currently ranks #13 against this position","vs.  BUFThis is a 3 star matchup. QBs perform close to their average vs. BUF who currently ranks #21 against this position","at  GBThis is a 3 star matchup. QBs perform close to their average vs. GB who currently ranks #12 against this position","at  SFThis is a 4 star matchup. QBs perform better than their average vs. SF who currently ranks #10 against this position","vs.  ATLThis is a 3 star matchup. QBs perform close to their average vs. ATL who currently ranks #19 against this position","vs.  CARThis is a 3 star matchup. QBs perform close to their average vs. CAR who currently ranks #23 against this position","at  NEThis is a 4 star matchup. QBs perform better than their average vs. NE who currently ranks #8 against this position","vs.  DETThis is a 3 star matchup. QBs perform close to their average vs. DET who currently ranks #13 against this position","vs.  WASThis is a 5 star matchup. QBs perform better than their average vs. WAS who currently ranks #3 against this position","at  NYJThis is a 4 star matchup. QBs perform better than their average vs. NYJ who currently ranks #7 against this position","vs.  CHIThis is a 5 star matchup. QBs perform better than their average vs. CHI who currently ranks #4 against this position"
"37","Mac JonesM. Jones SF","at  LARThis is a 3 star matchup. QBs perform close to their average vs. LAR who currently ranks #17 against this position","vs.  MIAThis is a 4 star matchup. QBs perform better than their average vs. MIA who currently ranks #5 against this position","vs.  ARIThis is a 3 star matchup. QBs perform close to their average vs. ARI who currently ranks #15 against this position","vs.  DENThis is a 1 star matchup. QBs perform below their average vs. DEN who currently ranks #30 against this position","at  SEAThis is a 1 star matchup. QBs perform below their average vs. SEA who currently ranks #32 against this position","vs.  WASThis is a 5 star matchup. QBs perform better than their average vs. WAS who currently ranks #3 against this position","at  ATLThis is a 3 star matchup. QBs perform close to their average vs. ATL who currently ranks #19 against this position","BYE","vs.  LVThis is a 3 star matchup. QBs perform close to their average vs. LV who currently ranks #14 against this position","at  DALThis is a 5 star matchup. QBs perform better than their average vs. DAL who currently ranks #1 against this position","vs.  MINThis is a 2 star matchup. QBs perform below their average vs. MIN who currently ranks #27 against this position","vs.  SEAThis is a 1 star matchup. QBs perform below their average vs. SEA who currently ranks #32 against this position","at  NYGThis is a 3 star matchup. QBs perform close to their average vs. NYG who currently ranks #18 against this position","vs.  LARThis is a 3 star matchup. QBs perform close to their average vs. LAR who currently ranks #17 against this position","at  LACThis is a 2 star matchup. QBs perform below their average vs. LAC who currently ranks #29 against this position","at  KCThis is a 3 star matchup. QBs perform close to their average vs. KC who currently ranks #22 against this position","vs.  PHIThis is a 2 star matchup. QBs perform below their average vs. PHI who currently ranks #28 against this position","at  ARIThis is a 3 star matchup. QBs perform close to their average vs. ARI who currently ranks #15 against this position"
"38","Carson BeckC. Beck ARI","at  LACThis is a 2 star matchup. QBs perform below their average vs. LAC who currently ranks #29 against this position","vs.  SEAThis is a 1 star matchup. QBs perform below their average vs. SEA who currently ranks #32 against this position","at  SFThis is a 4 star matchup. QBs perform better than their average vs. SF who currently ranks #10 against this position","at  NYGThis is a 3 star matchup. QBs perform close to their average vs. NYG who currently ranks #18 against this position","vs.  DETThis is a 3 star matchup. QBs perform close to their average vs. DET who currently ranks #13 against this position","at  LARThis is a 3 star matchup. QBs perform close to their average vs. LAR who currently ranks #17 against this position","vs.  DENThis is a 1 star matchup. QBs perform below their average vs. DEN who currently ranks #30 against this position","at  DALThis is a 5 star matchup. QBs perform better than their average vs. DAL who currently ranks #1 against this position","at  SEAThis is a 1 star matchup. QBs perform below their average vs. SEA who currently ranks #32 against this position","vs.  LARThis is a 3 star matchup. QBs perform close to their average vs. LAR who currently ranks #17 against this position","at  KCThis is a 3 star matchup. QBs perform close to their average vs. KC who currently ranks #22 against this position","vs.  WASThis is a 5 star matchup. QBs perform better than their average vs. WAS who currently ranks #3 against this position","vs.  PHIThis is a 2 star matchup. QBs perform below their average vs. PHI who currently ranks #28 against this position","BYE","vs.  NYJThis is a 4 star matchup. QBs perform better than their average vs. NYJ who currently ranks #7 against this position","at  NOThis is a 2 star matchup. QBs perform close to their average vs. NO who currently ranks #25 against this position","vs.  LVThis is a 3 star matchup. QBs perform close to their average vs. LV who currently ranks #14 against this position","vs.  SFThis is a 4 star matchup. QBs perform better than their average vs. SF who currently ranks #10 against this position"
"39","Justin FieldsJ. Fields KC","vs.  DENThis is a 1 star matchup. QBs perform below their average vs. DEN who currently ranks #30 against this position","vs.  INDThis is a 3 star matchup. QBs perform close to their average vs. IND who currently ranks #20 against this position","at  MIAThis is a 4 star matchup. QBs perform better than their average vs. MIA who currently ranks #5 against this position","at  LVThis is a 3 star matchup. QBs perform close to their average vs. LV who currently ranks #14 against this position","BYE","vs.  LACThis is a 2 star matchup. QBs perform below their average vs. LAC who currently ranks #29 against this position","at  SEAThis is a 1 star matchup. QBs perform below their average vs. SEA who currently ranks #32 against this position","at  DENThis is a 1 star matchup. QBs perform below their average vs. DEN who currently ranks #30 against this position","vs.  NYJThis is a 4 star matchup. QBs perform better than their average vs. NYJ who currently ranks #7 against this position","at  ATLThis is a 3 star matchup. QBs perform close to their average vs. ATL who currently ranks #19 against this position","vs.  ARIThis is a 3 star matchup. QBs perform close to their average vs. ARI who currently ranks #15 against this position","at  BUFThis is a 3 star matchup. QBs perform close to their average vs. BUF who currently ranks #21 against this position","at  LARThis is a 3 star matchup. QBs perform close to their average vs. LAR who currently ranks #17 against this position","at  CINThis is a 4 star matchup. QBs perform better than their average vs. CIN who currently ranks #6 against this position","vs.  NEThis is a 4 star matchup. QBs perform better than their average vs. NE who currently ranks #8 against this position","vs.  SFThis is a 4 star matchup. QBs perform better than their average vs. SF who currently ranks #10 against this position","at  LACThis is a 2 star matchup. QBs perform below their average vs. LAC who currently ranks #29 against this position","vs.  LVThis is a 3 star matchup. QBs perform close to their average vs. LV who currently ranks #14 against this position"
"40","Ty SimpsonTy Simpson LAR","vs.  SFThis is a 4 star matchup. QBs perform better than their average vs. SF who currently ranks #10 against this position","vs.  NYGThis is a 3 star matchup. QBs perform close to their average vs. NYG who currently ranks #18 against this position","at  DENThis is a 1 star matchup. QBs perform below their average vs. DEN who currently ranks #30 against this position","at  PHIThis is a 2 star matchup. QBs perform below their average vs. PHI who currently ranks #28 against this position","vs.  BUFThis is a 3 star matchup. QBs perform close to their average vs. BUF who currently ranks #21 against this position","vs.  ARIThis is a 3 star matchup. QBs perform close to their average vs. ARI who currently ranks #15 against this position","at  LVThis is a 3 star matchup. QBs perform close to their average vs. LV who currently ranks #14 against this position","vs.  LACThis is a 2 star matchup. QBs perform below their average vs. LAC who currently ranks #29 against this position","at  WASThis is a 5 star matchup. QBs perform better than their average vs. WAS who currently ranks #3 against this position","at  ARIThis is a 3 star matchup. QBs perform close to their average vs. ARI who currently ranks #15 against this position","BYE","vs.  GBThis is a 3 star matchup. QBs perform close to their average vs. GB who currently ranks #12 against this position","vs.  KCThis is a 3 star matchup. QBs perform close to their average vs. KC who currently ranks #22 against this position","at  SFThis is a 4 star matchup. QBs perform better than their average vs. SF who currently ranks #10 against this position","vs.  DALThis is a 5 star matchup. QBs perform better than their average vs. DAL who currently ranks #1 against this position","at  SEAThis is a 1 star matchup. QBs perform below their average vs. SEA who currently ranks #32 against this position","at  TBThis is a 4 star matchup. QBs perform better than their average vs. TB who currently ranks #9 against this position","vs.  SEAThis is a 1 star matchup. QBs perform below their average vs. SEA who currently ranks #32 against this position"
"41","Anthony Richardson Sr.A. Richardson Sr. IND","vs.  BALThis is a 2 star matchup. QBs perform close to their average vs. BAL who currently ranks #24 against this position","at  KCThis is a 3 star matchup. QBs perform close to their average vs. KC who currently ranks #22 against this position","vs.  HOUThis is a 1 star matchup. QBs perform below their average vs. HOU who currently ranks #31 against this position","at  WASThis is a 5 star matchup. QBs perform better than their average vs. WAS who currently ranks #3 against this position","at  PITThis is a 4 star matchup. QBs perform close to their average vs. PIT who currently ranks #11 against this position","vs.  TENThis is a 5 star matchup. QBs perform better than their average vs. TEN who currently ranks #2 against this position","at  MINThis is a 2 star matchup. QBs perform below their average vs. MIN who currently ranks #27 against this position","at  JACThis is a 3 star matchup. QBs perform close to their average vs. JAC who currently ranks #16 against this position","vs.  DALThis is a 5 star matchup. QBs perform better than their average vs. DAL who currently ranks #1 against this position","vs.  MIAThis is a 4 star matchup. QBs perform better than their average vs. MIA who currently ranks #5 against this position","at  HOUThis is a 1 star matchup. QBs perform below their average vs. HOU who currently ranks #31 against this position","vs.  NYGThis is a 3 star matchup. QBs perform close to their average vs. NYG who currently ranks #18 against this position","BYE","at  PHIThis is a 2 star matchup. QBs perform below their average vs. PHI who currently ranks #28 against this position","at  TENThis is a 5 star matchup. QBs perform better than their average vs. TEN who currently ranks #2 against this position","vs.  CINThis is a 4 star matchup. QBs perform better than their average vs. CIN who currently ranks #6 against this position","at  CLEThis is a 2 star matchup. QBs perform below their average vs. CLE who currently ranks #26 against this position","vs.  JACThis is a 3 star matchup. QBs perform close to their average vs. JAC who currently ranks #16 against this position"
"42","Joe FlaccoJ. Flacco CIN","vs.  TBThis is a 4 star matchup. QBs perform better than their average vs. TB who currently ranks #9 against this position","at  HOUThis is a 1 star matchup. QBs perform below their average vs. HOU who currently ranks #31 against this position","at  PITThis is a 4 star matchup. QBs perform close to their average vs. PIT who currently ranks #11 against this position","vs.  JACThis is a 3 star matchup. QBs perform close to their average vs. JAC who currently ranks #16 against this position","at  MIAThis is a 4 star matchup. QBs perform better than their average vs. MIA who currently ranks #5 against this position","BYE","at  BALThis is a 2 star matchup. QBs perform close to their average vs. BAL who currently ranks #24 against this position","vs.  TENThis is a 5 star matchup. QBs perform better than their average vs. TEN who currently ranks #2 against this position","at  ATLThis is a 3 star matchup. QBs perform close to their average vs. ATL who currently ranks #19 against this position","vs.  PITThis is a 4 star matchup. QBs perform close to their average vs. PIT who currently ranks #11 against this position","at  WASThis is a 5 star matchup. QBs perform better than their average vs. WAS who currently ranks #3 against this position","vs.  NOThis is a 2 star matchup. QBs perform close to their average vs. NO who currently ranks #25 against this position","at  CLEThis is a 2 star matchup. QBs perform below their average vs. CLE who currently ranks #26 against this position","vs.  KCThis is a 3 star matchup. QBs perform close to their average vs. KC who currently ranks #22 against this position","at  CARThis is a 3 star matchup. QBs perform close to their average vs. CAR who currently ranks #23 against this position","at  INDThis is a 3 star matchup. QBs perform close to their average vs. IND who currently ranks #20 against this position","vs.  BALThis is a 2 star matchup. QBs perform close to their average vs. BAL who currently ranks #24 against this position","vs.  CLEThis is a 2 star matchup. QBs perform below their average vs. CLE who currently ranks #26 against this position"
"43","Marcus MariotaM. Mariota WAS","at  PHIThis is a 2 star matchup. QBs perform below their average vs. PHI who currently ranks #28 against this position","at  DALThis is a 5 star matchup. QBs perform better than their average vs. DAL who currently ranks #1 against this position","vs.  SEAThis is a 1 star matchup. QBs perform below their average vs. SEA who currently ranks #32 against this position","vs.  INDThis is a 3 star matchup. QBs perform close to their average vs. IND who currently ranks #20 against this position","vs.  NYGThis is a 3 star matchup. QBs perform close to their average vs. NYG who currently ranks #18 against this position","at  SFThis is a 4 star matchup. QBs perform better than their average vs. SF who currently ranks #10 against this position","BYE","vs.  PHIThis is a 2 star matchup. QBs perform below their average vs. PHI who currently ranks #28 against this position","vs.  LARThis is a 3 star matchup. QBs perform close to their average vs. LAR who currently ranks #17 against this position","at  NYGThis is a 3 star matchup. QBs perform close to their average vs. NYG who currently ranks #18 against this position","vs.  CINThis is a 4 star matchup. QBs perform better than their average vs. CIN who currently ranks #6 against this position","at  ARIThis is a 3 star matchup. QBs perform close to their average vs. ARI who currently ranks #15 against this position","at  TENThis is a 5 star matchup. QBs perform better than their average vs. TEN who currently ranks #2 against this position","vs.  HOUThis is a 1 star matchup. QBs perform below their average vs. HOU who currently ranks #31 against this position","vs.  ATLThis is a 3 star matchup. QBs perform close to their average vs. ATL who currently ranks #19 against this position","at  MINThis is a 2 star matchup. QBs perform below their average vs. MIN who currently ranks #27 against this position","at  JACThis is a 3 star matchup. QBs perform close to their average vs. JAC who currently ranks #16 against this position","vs.  DALThis is a 5 star matchup. QBs perform better than their average vs. DAL who currently ranks #1 against this position"
"44","Jameis WinstonJ. Winston NYG","vs.  DALThis is a 5 star matchup. QBs perform better than their average vs. DAL who currently ranks #1 against this position","at  LARThis is a 3 star matchup. QBs perform close to their average vs. LAR who currently ranks #17 against this position","vs.  TENThis is a 5 star matchup. QBs perform better than their average vs. TEN who currently ranks #2 against this position","vs.  ARIThis is a 3 star matchup. QBs perform close to their average vs. ARI who currently ranks #15 against this position","at  WASThis is a 5 star matchup. QBs perform better than their average vs. WAS who currently ranks #3 against this position","vs.  NOThis is a 2 star matchup. QBs perform close to their average vs. NO who currently ranks #25 against this position","at  HOUThis is a 1 star matchup. QBs perform below their average vs. HOU who currently ranks #31 against this position","BYE","at  PHIThis is a 2 star matchup. QBs perform below their average vs. PHI who currently ranks #28 against this position","vs.  WASThis is a 5 star matchup. QBs perform better than their average vs. WAS who currently ranks #3 against this position","vs.  JACThis is a 3 star matchup. QBs perform close to their average vs. JAC who currently ranks #16 against this position","at  INDThis is a 3 star matchup. QBs perform close to their average vs. IND who currently ranks #20 against this position","vs.  SFThis is a 4 star matchup. QBs perform better than their average vs. SF who currently ranks #10 against this position","at  SEAThis is a 1 star matchup. QBs perform below their average vs. SEA who currently ranks #32 against this position","vs.  CLEThis is a 2 star matchup. QBs perform below their average vs. CLE who currently ranks #26 against this position","at  DETThis is a 3 star matchup. QBs perform close to their average vs. DET who currently ranks #13 against this position","at  DALThis is a 5 star matchup. QBs perform better than their average vs. DAL who currently ranks #1 against this position","vs.  PHIThis is a 2 star matchup. QBs perform below their average vs. PHI who currently ranks #28 against this position"
"45","Joe Milton IIIJ. Milton III DAL","at  NYGThis is a 3 star matchup. QBs perform close to their average vs. NYG who currently ranks #18 against this position","vs.  WASThis is a 5 star matchup. QBs perform better than their average vs. WAS who currently ranks #3 against this position","vs.  BALThis is a 2 star matchup. QBs perform close to their average vs. BAL who currently ranks #24 against this position","at  HOUThis is a 1 star matchup. QBs perform below their average vs. HOU who currently ranks #31 against this position","vs.  TBThis is a 4 star matchup. QBs perform better than their average vs. TB who currently ranks #9 against this position","at  GBThis is a 3 star matchup. QBs perform close to their average vs. GB who currently ranks #12 against this position","at  PHIThis is a 2 star matchup. QBs perform below their average vs. PHI who currently ranks #28 against this position","vs.  ARIThis is a 3 star matchup. QBs perform close to their average vs. ARI who currently ranks #15 against this position","at  INDThis is a 3 star matchup. QBs perform close to their average vs. IND who currently ranks #20 against this position","vs.  SFThis is a 4 star matchup. QBs perform better than their average vs. SF who currently ranks #10 against this position","vs.  TENThis is a 5 star matchup. QBs perform better than their average vs. TEN who currently ranks #2 against this position","vs.  PHIThis is a 2 star matchup. QBs perform below their average vs. PHI who currently ranks #28 against this position","at  SEAThis is a 1 star matchup. QBs perform below their average vs. SEA who currently ranks #32 against this position","BYE","at  LARThis is a 3 star matchup. QBs perform close to their average vs. LAR who currently ranks #17 against this position","vs.  JACThis is a 3 star matchup. QBs perform close to their average vs. JAC who currently ranks #16 against this position","vs.  NYGThis is a 3 star matchup. QBs perform close to their average vs. NYG who currently ranks #18 against this position","at  WASThis is a 5 star matchup. QBs perform better than their average vs. WAS who currently ranks #3 against this position"
"46","Quinn EwersQ. Ewers MIA","at  LVThis is a 3 star matchup. QBs perform close to their average vs. LV who currently ranks #14 against this position","at  SFThis is a 4 star matchup. QBs perform better than their average vs. SF who currently ranks #10 against this position","vs.  KCThis is a 3 star matchup. QBs perform close to their average vs. KC who currently ranks #22 against this position","at  MINThis is a 2 star matchup. QBs perform below their average vs. MIN who currently ranks #27 against this position","vs.  CINThis is a 4 star matchup. QBs perform better than their average vs. CIN who currently ranks #6 against this position","BYE","at  NYJThis is a 4 star matchup. QBs perform better than their average vs. NYJ who currently ranks #7 against this position","vs.  NEThis is a 4 star matchup. QBs perform better than their average vs. NE who currently ranks #8 against this position","vs.  DETThis is a 3 star matchup. QBs perform close to their average vs. DET who currently ranks #13 against this position","at  INDThis is a 3 star matchup. QBs perform close to their average vs. IND who currently ranks #20 against this position","at  BUFThis is a 3 star matchup. QBs perform close to their average vs. BUF who currently ranks #21 against this position","vs.  NYJThis is a 4 star matchup. QBs perform better than their average vs. NYJ who currently ranks #7 against this position","at  DENThis is a 1 star matchup. QBs perform below their average vs. DEN who currently ranks #30 against this position","vs.  CHIThis is a 5 star matchup. QBs perform better than their average vs. CHI who currently ranks #4 against this position","at  GBThis is a 3 star matchup. QBs perform close to their average vs. GB who currently ranks #12 against this position","vs.  LACThis is a 2 star matchup. QBs perform below their average vs. LAC who currently ranks #29 against this position","vs.  BUFThis is a 3 star matchup. QBs perform close to their average vs. BUF who currently ranks #21 against this position","at  NEThis is a 4 star matchup. QBs perform better than their average vs. NE who currently ranks #8 against this position"
"47","Cade KlubnikC. Klubnik NYJ","at  TENThis is a 5 star matchup. QBs perform better than their average vs. TEN who currently ranks #2 against this position","vs.  GBThis is a 3 star matchup. QBs perform close to their average vs. GB who currently ranks #12 against this position","at  DETThis is a 3 star matchup. QBs perform close to their average vs. DET who currently ranks #13 against this position","at  CHIThis is a 5 star matchup. QBs perform better than their average vs. CHI who currently ranks #4 against this position","vs.  CLEThis is a 2 star matchup. QBs perform below their average vs. CLE who currently ranks #26 against this position","at  NEThis is a 4 star matchup. QBs perform better than their average vs. NE who currently ranks #8 against this position","vs.  MIAThis is a 4 star matchup. QBs perform better than their average vs. MIA who currently ranks #5 against this position","vs.  LVThis is a 3 star matchup. QBs perform close to their average vs. LV who currently ranks #14 against this position","at  KCThis is a 3 star matchup. QBs perform close to their average vs. KC who currently ranks #22 against this position","vs.  BUFThis is a 3 star matchup. QBs perform close to their average vs. BUF who currently ranks #21 against this position","at  LACThis is a 2 star matchup. QBs perform below their average vs. LAC who currently ranks #29 against this position","at  MIAThis is a 4 star matchup. QBs perform better than their average vs. MIA who currently ranks #5 against this position","BYE","vs.  DENThis is a 1 star matchup. QBs perform below their average vs. DEN who currently ranks #30 against this position","at  ARIThis is a 3 star matchup. QBs perform close to their average vs. ARI who currently ranks #15 against this position","vs.  NEThis is a 4 star matchup. QBs perform better than their average vs. NE who currently ranks #8 against this position","vs.  MINThis is a 2 star matchup. QBs perform below their average vs. MIN who currently ranks #27 against this position","at  BUFThis is a 3 star matchup. QBs perform close to their average vs. BUF who currently ranks #21 against this position"
"48","Tyrod TaylorT. Taylor GB","at  MINThis is a 2 star matchup. QBs perform below their average vs. MIN who currently ranks #27 against this position","at  NYJThis is a 4 star matchup. QBs perform better than their average vs. NYJ who currently ranks #7 against this position","vs.  ATLThis is a 3 star matchup. QBs perform close to their average vs. ATL who currently ranks #19 against this position","at  TBThis is a 4 star matchup. QBs perform better than their average vs. TB who currently ranks #9 against this position","vs.  CHIThis is a 5 star matchup. QBs perform better than their average vs. CHI who currently ranks #4 against this position","vs.  DALThis is a 5 star matchup. QBs perform better than their average vs. DAL who currently ranks #1 against this position","at  DETThis is a 3 star matchup. QBs perform close to their average vs. DET who currently ranks #13 against this position","vs.  CARThis is a 3 star matchup. QBs perform close to their average vs. CAR who currently ranks #23 against this position","at  NEThis is a 4 star matchup. QBs perform better than their average vs. NE who currently ranks #8 against this position","vs.  MINThis is a 2 star matchup. QBs perform below their average vs. MIN who currently ranks #27 against this position","BYE","at  LARThis is a 3 star matchup. QBs perform close to their average vs. LAR who currently ranks #17 against this position","at  NOThis is a 2 star matchup. QBs perform close to their average vs. NO who currently ranks #25 against this position","vs.  BUFThis is a 3 star matchup. QBs perform close to their average vs. BUF who currently ranks #21 against this position","vs.  MIAThis is a 4 star matchup. QBs perform better than their average vs. MIA who currently ranks #5 against this position","at  CHIThis is a 5 star matchup. QBs perform better than their average vs. CHI who currently ranks #4 against this position","vs.  HOUThis is a 1 star matchup. QBs perform below their average vs. HOU who currently ranks #31 against this position","vs.  DETThis is a 3 star matchup. QBs perform close to their average vs. DET who currently ranks #13 against this position"
"49","Riley LeonardR. Leonard IND","vs.  BALThis is a 2 star matchup. QBs perform close to their average vs. BAL who currently ranks #24 against this position","at  KCThis is a 3 star matchup. QBs perform close to their average vs. KC who currently ranks #22 against this position","vs.  HOUThis is a 1 star matchup. QBs perform below their average vs. HOU who currently ranks #31 against this position","at  WASThis is a 5 star matchup. QBs perform better than their average vs. WAS who currently ranks #3 against this position","at  PITThis is a 4 star matchup. QBs perform close to their average vs. PIT who currently ranks #11 against this position","vs.  TENThis is a 5 star matchup. QBs perform better than their average vs. TEN who currently ranks #2 against this position","at  MINThis is a 2 star matchup. QBs perform below their average vs. MIN who currently ranks #27 against this position","at  JACThis is a 3 star matchup. QBs perform close to their average vs. JAC who currently ranks #16 against this position","vs.  DALThis is a 5 star matchup. QBs perform better than their average vs. DAL who currently ranks #1 against this position","vs.  MIAThis is a 4 star matchup. QBs perform better than their average vs. MIA who currently ranks #5 against this position","at  HOUThis is a 1 star matchup. QBs perform below their average vs. HOU who currently ranks #31 against this position","vs.  NYGThis is a 3 star matchup. QBs perform close to their average vs. NYG who currently ranks #18 against this position","BYE","at  PHIThis is a 2 star matchup. QBs perform below their average vs. PHI who currently ranks #28 against this position","at  TENThis is a 5 star matchup. QBs perform better than their average vs. TEN who currently ranks #2 against this position","vs.  CINThis is a 4 star matchup. QBs perform better than their average vs. CIN who currently ranks #6 against this position","at  CLEThis is a 2 star matchup. QBs perform below their average vs. CLE who currently ranks #26 against this position","vs.  JACThis is a 3 star matchup. QBs perform close to their average vs. JAC who currently ranks #16 against this position"
"50","Gardner Minshew IIG. Minshew II ARI","at  LACThis is a 2 star matchup. QBs perform below their average vs. LAC who currently ranks #29 against this position","vs.  SEAThis is a 1 star matchup. QBs perform below their average vs. SEA who currently ranks #32 against this position","at  SFThis is a 4 star matchup. QBs perform better than their average vs. SF who currently ranks #10 against this position","at  NYGThis is a 3 star matchup. QBs perform close to their average vs. NYG who currently ranks #18 against this position","vs.  DETThis is a 3 star matchup. QBs perform close to their average vs. DET who currently ranks #13 against this position","at  LARThis is a 3 star matchup. QBs perform close to their average vs. LAR who currently ranks #17 against this position","vs.  DENThis is a 1 star matchup. QBs perform below their average vs. DEN who currently ranks #30 against this position","at  DALThis is a 5 star matchup. QBs perform better than their average vs. DAL who currently ranks #1 against this position","at  SEAThis is a 1 star matchup. QBs perform below their average vs. SEA who currently ranks #32 against this position","vs.  LARThis is a 3 star matchup. QBs perform close to their average vs. LAR who currently ranks #17 against this position","at  KCThis is a 3 star matchup. QBs perform close to their average vs. KC who currently ranks #22 against this position","vs.  WASThis is a 5 star matchup. QBs perform better than their average vs. WAS who currently ranks #3 against this position","vs.  PHIThis is a 2 star matchup. QBs perform below their average vs. PHI who currently ranks #28 against this position","BYE","vs.  NYJThis is a 4 star matchup. QBs perform better than their average vs. NYJ who currently ranks #7 against this position","at  NOThis is a 2 star matchup. QBs perform close to their average vs. NO who currently ranks #25 against this position","vs.  LVThis is a 3 star matchup. QBs perform close to their average vs. LV who currently ranks #14 against this position","vs.  SFThis is a 4 star matchup. QBs perform better than their average vs. SF who currently ranks #10 against this position"
"51","Trey LanceT. Lance LAC","vs.  ARIThis is a 3 star matchup. QBs perform close to their average vs. ARI who currently ranks #15 against this position","vs.  LVThis is a 3 star matchup. QBs perform close to their average vs. LV who currently ranks #14 against this position","at  BUFThis is a 3 star matchup. QBs perform close to their average vs. BUF who currently ranks #21 against this position","at  SEAThis is a 1 star matchup. QBs perform below their average vs. SEA who currently ranks #32 against this position","vs.  DENThis is a 1 star matchup. QBs perform below their average vs. DEN who currently ranks #30 against this position","at  KCThis is a 3 star matchup. QBs perform close to their average vs. KC who currently ranks #22 against this position","BYE","at  LARThis is a 3 star matchup. QBs perform close to their average vs. LAR who currently ranks #17 against this position","vs.  HOUThis is a 1 star matchup. QBs perform below their average vs. HOU who currently ranks #31 against this position","at  BALThis is a 2 star matchup. QBs perform close to their average vs. BAL who currently ranks #24 against this position","vs.  NYJThis is a 4 star matchup. QBs perform better than their average vs. NYJ who currently ranks #7 against this position","vs.  NEThis is a 4 star matchup. QBs perform better than their average vs. NE who currently ranks #8 against this position","at  TBThis is a 4 star matchup. QBs perform better than their average vs. TB who currently ranks #9 against this position","at  LVThis is a 3 star matchup. QBs perform close to their average vs. LV who currently ranks #14 against this position","vs.  SFThis is a 4 star matchup. QBs perform better than their average vs. SF who currently ranks #10 against this position","at  MIAThis is a 4 star matchup. QBs perform better than their average vs. MIA who currently ranks #5 against this position","vs.  KCThis is a 3 star matchup. QBs perform close to their average vs. KC who currently ranks #22 against this position","at  DENThis is a 1 star matchup. QBs perform below their average vs. DEN who currently ranks #30 against this position"
"52","Tyson BagentT. Bagent CHI","at  CARThis is a 3 star matchup. QBs perform close to their average vs. CAR who currently ranks #23 against this position","vs.  MINThis is a 2 star matchup. QBs perform below their average vs. MIN who currently ranks #27 against this position","vs.  PHIThis is a 2 star matchup. QBs perform below their average vs. PHI who currently ranks #28 against this position","vs.  NYJThis is a 4 star matchup. QBs perform better than their average vs. NYJ who currently ranks #7 against this position","at  GBThis is a 3 star matchup. QBs perform close to their average vs. GB who currently ranks #12 against this position","at  ATLThis is a 3 star matchup. QBs perform close to their average vs. ATL who currently ranks #19 against this position","vs.  NEThis is a 4 star matchup. QBs perform better than their average vs. NE who currently ranks #8 against this position","at  SEAThis is a 1 star matchup. QBs perform below their average vs. SEA who currently ranks #32 against this position","vs.  TBThis is a 4 star matchup. QBs perform better than their average vs. TB who currently ranks #9 against this position","BYE","vs.  NOThis is a 2 star matchup. QBs perform close to their average vs. NO who currently ranks #25 against this position","at  DETThis is a 3 star matchup. QBs perform close to their average vs. DET who currently ranks #13 against this position","vs.  JACThis is a 3 star matchup. QBs perform close to their average vs. JAC who currently ranks #16 against this position","at  MIAThis is a 4 star matchup. QBs perform better than their average vs. MIA who currently ranks #5 against this position","at  BUFThis is a 3 star matchup. QBs perform close to their average vs. BUF who currently ranks #21 against this position","vs.  GBThis is a 3 star matchup. QBs perform close to their average vs. GB who currently ranks #12 against this position","vs.  DETThis is a 3 star matchup. QBs perform close to their average vs. DET who currently ranks #13 against this position","at  MINThis is a 2 star matchup. QBs perform below their average vs. MIN who currently ranks #27 against this position"
"53","Spencer RattlerS. Rattler NO","at  DETThis is a 3 star matchup. QBs perform close to their average vs. DET who currently ranks #13 against this position","at  BALThis is a 2 star matchup. QBs perform close to their average vs. BAL who currently ranks #24 against this position","vs.  LVThis is a 3 star matchup. QBs perform close to their average vs. LV who currently ranks #14 against this position","vs.  ATLThis is a 3 star matchup. QBs perform close to their average vs. ATL who currently ranks #19 against this position","vs.  MINThis is a 2 star matchup. QBs perform below their average vs. MIN who currently ranks #27 against this position","at  NYGThis is a 3 star matchup. QBs perform close to their average vs. NYG who currently ranks #18 against this position","vs.  PITThis is a 4 star matchup. QBs perform close to their average vs. PIT who currently ranks #11 against this position","BYE","vs.  CLEThis is a 2 star matchup. QBs perform below their average vs. CLE who currently ranks #26 against this position","vs.  CARThis is a 3 star matchup. QBs perform close to their average vs. CAR who currently ranks #23 against this position","at  CHIThis is a 5 star matchup. QBs perform better than their average vs. CHI who currently ranks #4 against this position","at  CINThis is a 4 star matchup. QBs perform better than their average vs. CIN who currently ranks #6 against this position","vs.  GBThis is a 3 star matchup. QBs perform close to their average vs. GB who currently ranks #12 against this position","at  CARThis is a 3 star matchup. QBs perform close to their average vs. CAR who currently ranks #23 against this position","at  TBThis is a 4 star matchup. QBs perform better than their average vs. TB who currently ranks #9 against this position","vs.  ARIThis is a 3 star matchup. QBs perform close to their average vs. ARI who currently ranks #15 against this position","at  ATLThis is a 3 star matchup. QBs perform close to their average vs. ATL who currently ranks #19 against this position","vs.  TBThis is a 4 star matchup. QBs perform better than their average vs. TB who currently ranks #9 against this position"
"54","Kenny PickettK. Pickett CAR","vs.  CHIThis is a 5 star matchup. QBs perform better than their average vs. CHI who currently ranks #4 against this position","at  ATLThis is a 3 star matchup. QBs perform close to their average vs. ATL who currently ranks #19 against this position","at  CLEThis is a 2 star matchup. QBs perform below their average vs. CLE who currently ranks #26 against this position","vs.  DETThis is a 3 star matchup. QBs perform close to their average vs. DET who currently ranks #13 against this position","BYE","at  PHIThis is a 2 star matchup. QBs perform below their average vs. PHI who currently ranks #28 against this position","vs.  TBThis is a 4 star matchup. QBs perform better than their average vs. TB who currently ranks #9 against this position","at  GBThis is a 3 star matchup. QBs perform close to their average vs. GB who currently ranks #12 against this position","vs.  DENThis is a 1 star matchup. QBs perform below their average vs. DEN who currently ranks #30 against this position","at  NOThis is a 2 star matchup. QBs perform close to their average vs. NO who currently ranks #25 against this position","vs.  BALThis is a 2 star matchup. QBs perform close to their average vs. BAL who currently ranks #24 against this position","at  TBThis is a 4 star matchup. QBs perform better than their average vs. TB who currently ranks #9 against this position","at  MINThis is a 2 star matchup. QBs perform below their average vs. MIN who currently ranks #27 against this position","vs.  NOThis is a 2 star matchup. QBs perform close to their average vs. NO who currently ranks #25 against this position","vs.  CINThis is a 4 star matchup. QBs perform better than their average vs. CIN who currently ranks #6 against this position","at  PITThis is a 4 star matchup. QBs perform close to their average vs. PIT who currently ranks #11 against this position","vs.  SEAThis is a 1 star matchup. QBs perform below their average vs. SEA who currently ranks #32 against this position","vs.  ATLThis is a 3 star matchup. QBs perform close to their average vs. ATL who currently ranks #19 against this position"
"55","Jake BrowningJ. Browning TB","at  CINThis is a 4 star matchup. QBs perform better than their average vs. CIN who currently ranks #6 against this position","vs.  CLEThis is a 2 star matchup. QBs perform below their average vs. CLE who currently ranks #26 against this position","vs.  MINThis is a 2 star matchup. QBs perform below their average vs. MIN who currently ranks #27 against this position","vs.  GBThis is a 3 star matchup. QBs perform close to their average vs. GB who currently ranks #12 against this position","at  DALThis is a 5 star matchup. QBs perform better than their average vs. DAL who currently ranks #1 against this position","vs.  PITThis is a 4 star matchup. QBs perform close to their average vs. PIT who currently ranks #11 against this position","at  CARThis is a 3 star matchup. QBs perform close to their average vs. CAR who currently ranks #23 against this position","vs.  ATLThis is a 3 star matchup. QBs perform close to their average vs. ATL who currently ranks #19 against this position","at  CHIThis is a 5 star matchup. QBs perform better than their average vs. CHI who currently ranks #4 against this position","BYE","at  DETThis is a 3 star matchup. QBs perform close to their average vs. DET who currently ranks #13 against this position","vs.  CARThis is a 3 star matchup. QBs perform close to their average vs. CAR who currently ranks #23 against this position","vs.  LACThis is a 2 star matchup. QBs perform below their average vs. LAC who currently ranks #29 against this position","at  BALThis is a 2 star matchup. QBs perform close to their average vs. BAL who currently ranks #24 against this position","vs.  NOThis is a 2 star matchup. QBs perform close to their average vs. NO who currently ranks #25 against this position","at  ATLThis is a 3 star matchup. QBs perform close to their average vs. ATL who currently ranks #19 against this position","vs.  LARThis is a 3 star matchup. QBs perform close to their average vs. LAR who currently ranks #17 against this position","at  NOThis is a 2 star matchup. QBs perform close to their average vs. NO who currently ranks #25 against this position"
"56","Jalen MilroeJ. Milroe SEA","vs.  NEThis is a 4 star matchup. QBs perform better than their average vs. NE who currently ranks #8 against this position","at  ARIThis is a 3 star matchup. QBs perform close to their average vs. ARI who currently ranks #15 against this position","at  WASThis is a 5 star matchup. QBs perform better than their average vs. WAS who currently ranks #3 against this position","vs.  LACThis is a 2 star matchup. QBs perform below their average vs. LAC who currently ranks #29 against this position","vs.  SFThis is a 4 star matchup. QBs perform better than their average vs. SF who currently ranks #10 against this position","at  DENThis is a 1 star matchup. QBs perform below their average vs. DEN who currently ranks #30 against this position","vs.  KCThis is a 3 star matchup. QBs perform close to their average vs. KC who currently ranks #22 against this position","vs.  CHIThis is a 5 star matchup. QBs perform better than their average vs. CHI who currently ranks #4 against this position","vs.  ARIThis is a 3 star matchup. QBs perform close to their average vs. ARI who currently ranks #15 against this position","at  LVThis is a 3 star matchup. QBs perform close to their average vs. LV who currently ranks #14 against this position","BYE","at  SFThis is a 4 star matchup. QBs perform better than their average vs. SF who currently ranks #10 against this position","vs.  DALThis is a 5 star matchup. QBs perform better than their average vs. DAL who currently ranks #1 against this position","vs.  NYGThis is a 3 star matchup. QBs perform close to their average vs. NYG who currently ranks #18 against this position","at  PHIThis is a 2 star matchup. QBs perform below their average vs. PHI who currently ranks #28 against this position","vs.  LARThis is a 3 star matchup. QBs perform close to their average vs. LAR who currently ranks #17 against this position","at  CARThis is a 3 star matchup. QBs perform close to their average vs. CAR who currently ranks #23 against this position","at  LARThis is a 3 star matchup. QBs perform close to their average vs. LAR who currently ranks #17 against this position"
"57","Drew AllarD. Allar PIT","vs.  ATLThis is a 3 star matchup. QBs perform close to their average vs. ATL who currently ranks #19 against this position","at  NEThis is a 4 star matchup. QBs perform better than their average vs. NE who currently ranks #8 against this position","vs.  CINThis is a 4 star matchup. QBs perform better than their average vs. CIN who currently ranks #6 against this position","at  CLEThis is a 2 star matchup. QBs perform below their average vs. CLE who currently ranks #26 against this position","vs.  INDThis is a 3 star matchup. QBs perform close to their average vs. IND who currently ranks #20 against this position","at  TBThis is a 4 star matchup. QBs perform better than their average vs. TB who currently ranks #9 against this position","at  NOThis is a 2 star matchup. QBs perform close to their average vs. NO who currently ranks #25 against this position","vs.  CLEThis is a 2 star matchup. QBs perform below their average vs. CLE who currently ranks #26 against this position","BYE","at  CINThis is a 4 star matchup. QBs perform better than their average vs. CIN who currently ranks #6 against this position","at  PHIThis is a 2 star matchup. QBs perform below their average vs. PHI who currently ranks #28 against this position","vs.  DENThis is a 1 star matchup. QBs perform below their average vs. DEN who currently ranks #30 against this position","vs.  HOUThis is a 1 star matchup. QBs perform below their average vs. HOU who currently ranks #31 against this position","at  JACThis is a 3 star matchup. QBs perform close to their average vs. JAC who currently ranks #16 against this position","vs.  BALThis is a 2 star matchup. QBs perform close to their average vs. BAL who currently ranks #24 against this position","vs.  CARThis is a 3 star matchup. QBs perform close to their average vs. CAR who currently ranks #23 against this position","at  TENThis is a 5 star matchup. QBs perform better than their average vs. TEN who currently ranks #2 against this position","at  BALThis is a 2 star matchup. QBs perform close to their average vs. BAL who currently ranks #24 against this position"
"58","Mitchell TrubiskyM. Trubisky TEN","vs.  NYJThis is a 4 star matchup. QBs perform better than their average vs. NYJ who currently ranks #7 against this position","vs.  PHIThis is a 2 star matchup. QBs perform below their average vs. PHI who currently ranks #28 against this position","at  NYGThis is a 3 star matchup. QBs perform close to their average vs. NYG who currently ranks #18 against this position","at  BALThis is a 2 star matchup. QBs perform close to their average vs. BAL who currently ranks #24 against this position","vs.  HOUThis is a 1 star matchup. QBs perform below their average vs. HOU who currently ranks #31 against this position","at  INDThis is a 3 star matchup. QBs perform close to their average vs. IND who currently ranks #20 against this position","vs.  CLEThis is a 2 star matchup. QBs perform below their average vs. CLE who currently ranks #26 against this position","at  CINThis is a 4 star matchup. QBs perform better than their average vs. CIN who currently ranks #6 against this position","BYE","vs.  JACThis is a 3 star matchup. QBs perform close to their average vs. JAC who currently ranks #16 against this position","at  DALThis is a 5 star matchup. QBs perform better than their average vs. DAL who currently ranks #1 against this position","at  JACThis is a 3 star matchup. QBs perform close to their average vs. JAC who currently ranks #16 against this position","vs.  WASThis is a 5 star matchup. QBs perform better than their average vs. WAS who currently ranks #3 against this position","at  DETThis is a 3 star matchup. QBs perform close to their average vs. DET who currently ranks #13 against this position","vs.  INDThis is a 3 star matchup. QBs perform close to their average vs. IND who currently ranks #20 against this position","at  LVThis is a 3 star matchup. QBs perform close to their average vs. LV who currently ranks #14 against this position","vs.  PITThis is a 4 star matchup. QBs perform close to their average vs. PIT who currently ranks #11 against this position","at  HOUThis is a 1 star matchup. QBs perform below their average vs. HOU who currently ranks #31 against this position"
"59","Will HowardW. Howard PIT","vs.  ATLThis is a 3 star matchup. QBs perform close to their average vs. ATL who currently ranks #19 against this position","at  NEThis is a 4 star matchup. QBs perform better than their average vs. NE who currently ranks #8 against this position","vs.  CINThis is a 4 star matchup. QBs perform better than their average vs. CIN who currently ranks #6 against this position","at  CLEThis is a 2 star matchup. QBs perform below their average vs. CLE who currently ranks #26 against this position","vs.  INDThis is a 3 star matchup. QBs perform close to their average vs. IND who currently ranks #20 against this position","at  TBThis is a 4 star matchup. QBs perform better than their average vs. TB who currently ranks #9 against this position","at  NOThis is a 2 star matchup. QBs perform close to their average vs. NO who currently ranks #25 against this position","vs.  CLEThis is a 2 star matchup. QBs perform below their average vs. CLE who currently ranks #26 against this position","BYE","at  CINThis is a 4 star matchup. QBs perform better than their average vs. CIN who currently ranks #6 against this position","at  PHIThis is a 2 star matchup. QBs perform below their average vs. PHI who currently ranks #28 against this position","vs.  DENThis is a 1 star matchup. QBs perform below their average vs. DEN who currently ranks #30 against this position","vs.  HOUThis is a 1 star matchup. QBs perform below their average vs. HOU who currently ranks #31 against this position","at  JACThis is a 3 star matchup. QBs perform close to their average vs. JAC who currently ranks #16 against this position","vs.  BALThis is a 2 star matchup. QBs perform close to their average vs. BAL who currently ranks #24 against this position","vs.  CARThis is a 3 star matchup. QBs perform close to their average vs. CAR who currently ranks #23 against this position","at  TENThis is a 5 star matchup. QBs perform better than their average vs. TEN who currently ranks #2 against this position","at  BALThis is a 2 star matchup. QBs perform close to their average vs. BAL who currently ranks #24 against this position"
"60","Sam HowellS. Howell DAL","at  NYGThis is a 3 star matchup. QBs perform close to their average vs. NYG who currently ranks #18 against this position","vs.  WASThis is a 5 star matchup. QBs perform better than their average vs. WAS who currently ranks #3 against this position","vs.  BALThis is a 2 star matchup. QBs perform close to their average vs. BAL who currently ranks #24 against this position","at  HOUThis is a 1 star matchup. QBs perform below their average vs. HOU who currently ranks #31 against this position","vs.  TBThis is a 4 star matchup. QBs perform better than their average vs. TB who currently ranks #9 against this position","at  GBThis is a 3 star matchup. QBs perform close to their average vs. GB who currently ranks #12 against this position","at  PHIThis is a 2 star matchup. QBs perform below their average vs. PHI who currently ranks #28 against this position","vs.  ARIThis is a 3 star matchup. QBs perform close to their average vs. ARI who currently ranks #15 against this position","at  INDThis is a 3 star matchup. QBs perform close to their average vs. IND who currently ranks #20 against this position","vs.  SFThis is a 4 star matchup. QBs perform better than their average vs. SF who currently ranks #10 against this position","vs.  TENThis is a 5 star matchup. QBs perform better than their average vs. TEN who currently ranks #2 against this position","vs.  PHIThis is a 2 star matchup. QBs perform below their average vs. PHI who currently ranks #28 against this position","at  SEAThis is a 1 star matchup. QBs perform below their average vs. SEA who currently ranks #32 against this position","BYE","at  LARThis is a 3 star matchup. QBs perform close to their average vs. LAR who currently ranks #17 against this position","vs.  JACThis is a 3 star matchup. QBs perform close to their average vs. JAC who currently ranks #16 against this position","vs.  NYGThis is a 3 star matchup. QBs perform close to their average vs. NYG who currently ranks #18 against this position","at  WASThis is a 5 star matchup. QBs perform better than their average vs. WAS who currently ranks #3 against this position"
"61","Tyler HuntleyT. Huntley BAL","at  INDThis is a 3 star matchup. QBs perform close to their average vs. IND who currently ranks #20 against this position","vs.  NOThis is a 2 star matchup. QBs perform close to their average vs. NO who currently ranks #25 against this position","at  DALThis is a 5 star matchup. QBs perform better than their average vs. DAL who currently ranks #1 against this position","vs.  TENThis is a 5 star matchup. QBs perform better than their average vs. TEN who currently ranks #2 against this position","at  ATLThis is a 3 star matchup. QBs perform close to their average vs. ATL who currently ranks #19 against this position","at  CLEThis is a 2 star matchup. QBs perform below their average vs. CLE who currently ranks #26 against this position","vs.  CINThis is a 4 star matchup. QBs perform better than their average vs. CIN who currently ranks #6 against this position","at  BUFThis is a 3 star matchup. QBs perform close to their average vs. BUF who currently ranks #21 against this position","vs.  JACThis is a 3 star matchup. QBs perform close to their average vs. JAC who currently ranks #16 against this position","vs.  LACThis is a 2 star matchup. QBs perform below their average vs. LAC who currently ranks #29 against this position","at  CARThis is a 3 star matchup. QBs perform close to their average vs. CAR who currently ranks #23 against this position","at  HOUThis is a 1 star matchup. QBs perform below their average vs. HOU who currently ranks #31 against this position","BYE","vs.  TBThis is a 4 star matchup. QBs perform better than their average vs. TB who currently ranks #9 against this position","at  PITThis is a 4 star matchup. QBs perform close to their average vs. PIT who currently ranks #11 against this position","vs.  CLEThis is a 2 star matchup. QBs perform below their average vs. CLE who currently ranks #26 against this position","at  CINThis is a 4 star matchup. QBs perform better than their average vs. CIN who currently ranks #6 against this position","vs.  PITThis is a 4 star matchup. QBs perform close to their average vs. PIT who currently ranks #11 against this position"
"62","Davis MillsD. Mills HOU","vs.  BUFThis is a 3 star matchup. QBs perform close to their average vs. BUF who currently ranks #21 against this position","vs.  CINThis is a 4 star matchup. QBs perform better than their average vs. CIN who currently ranks #6 against this position","at  INDThis is a 3 star matchup. QBs perform close to their average vs. IND who currently ranks #20 against this position","vs.  DALThis is a 5 star matchup. QBs perform better than their average vs. DAL who currently ranks #1 against this position","at  TENThis is a 5 star matchup. QBs perform better than their average vs. TEN who currently ranks #2 against this position","at  JACThis is a 3 star matchup. QBs perform close to their average vs. JAC who currently ranks #16 against this position","vs.  NYGThis is a 3 star matchup. QBs perform close to their average vs. NYG who currently ranks #18 against this position","BYE","at  LACThis is a 2 star matchup. QBs perform below their average vs. LAC who currently ranks #29 against this position","at  CLEThis is a 2 star matchup. QBs perform below their average vs. CLE who currently ranks #26 against this position","vs.  INDThis is a 3 star matchup. QBs perform close to their average vs. IND who currently ranks #20 against this position","vs.  BALThis is a 2 star matchup. QBs perform close to their average vs. BAL who currently ranks #24 against this position","at  PITThis is a 4 star matchup. QBs perform close to their average vs. PIT who currently ranks #11 against this position","at  WASThis is a 5 star matchup. QBs perform better than their average vs. WAS who currently ranks #3 against this position","vs.  JACThis is a 3 star matchup. QBs perform close to their average vs. JAC who currently ranks #16 against this position","at  PHIThis is a 2 star matchup. QBs perform below their average vs. PHI who currently ranks #28 against this position","at  GBThis is a 3 star matchup. QBs perform close to their average vs. GB who currently ranks #12 against this position","vs.  TENThis is a 5 star matchup. QBs perform better than their average vs. TEN who currently ranks #2 against this position"
"63","Jarrett StidhamJ. Stidham DEN","at  KCThis is a 3 star matchup. QBs perform close to their average vs. KC who currently ranks #22 against this position","vs.  JACThis is a 3 star matchup. QBs perform close to their average vs. JAC who currently ranks #16 against this position","vs.  LARThis is a 3 star matchup. QBs perform close to their average vs. LAR who currently ranks #17 against this position","at  SFThis is a 4 star matchup. QBs perform better than their average vs. SF who currently ranks #10 against this position","at  LACThis is a 2 star matchup. QBs perform below their average vs. LAC who currently ranks #29 against this position","vs.  SEAThis is a 1 star matchup. QBs perform below their average vs. SEA who currently ranks #32 against this position","at  ARIThis is a 3 star matchup. QBs perform close to their average vs. ARI who currently ranks #15 against this position","vs.  KCThis is a 3 star matchup. QBs perform close to their average vs. KC who currently ranks #22 against this position","at  CARThis is a 3 star matchup. QBs perform close to their average vs. CAR who currently ranks #23 against this position","BYE","vs.  LVThis is a 3 star matchup. QBs perform close to their average vs. LV who currently ranks #14 against this position","at  PITThis is a 4 star matchup. QBs perform close to their average vs. PIT who currently ranks #11 against this position","vs.  MIAThis is a 4 star matchup. QBs perform better than their average vs. MIA who currently ranks #5 against this position","at  NYJThis is a 4 star matchup. QBs perform better than their average vs. NYJ who currently ranks #7 against this position","at  LVThis is a 3 star matchup. QBs perform close to their average vs. LV who currently ranks #14 against this position","vs.  BUFThis is a 3 star matchup. QBs perform close to their average vs. BUF who currently ranks #21 against this position","at  NEThis is a 4 star matchup. QBs perform better than their average vs. NE who currently ranks #8 against this position","vs.  LACThis is a 2 star matchup. QBs perform below their average vs. LAC who currently ranks #29 against this position"
"64","Teddy BridgewaterT. Bridgewater DET","vs.  NOThis is a 2 star matchup. QBs perform close to their average vs. NO who currently ranks #25 against this position","at  BUFThis is a 3 star matchup. QBs perform close to their average vs. BUF who currently ranks #21 against this position","vs.  NYJThis is a 4 star matchup. QBs perform better than their average vs. NYJ who currently ranks #7 against this position","at  CARThis is a 3 star matchup. QBs perform close to their average vs. CAR who currently ranks #23 against this position","at  ARIThis is a 3 star matchup. QBs perform close to their average vs. ARI who currently ranks #15 against this position","BYE","vs.  GBThis is a 3 star matchup. QBs perform close to their average vs. GB who currently ranks #12 against this position","vs.  MINThis is a 2 star matchup. QBs perform below their average vs. MIN who currently ranks #27 against this position","at  MIAThis is a 4 star matchup. QBs perform better than their average vs. MIA who currently ranks #5 against this position","vs.  NEThis is a 4 star matchup. QBs perform better than their average vs. NE who currently ranks #8 against this position","vs.  TBThis is a 4 star matchup. QBs perform better than their average vs. TB who currently ranks #9 against this position","vs.  CHIThis is a 5 star matchup. QBs perform better than their average vs. CHI who currently ranks #4 against this position","at  ATLThis is a 3 star matchup. QBs perform close to their average vs. ATL who currently ranks #19 against this position","vs.  TENThis is a 5 star matchup. QBs perform better than their average vs. TEN who currently ranks #2 against this position","at  MINThis is a 2 star matchup. QBs perform below their average vs. MIN who currently ranks #27 against this position","vs.  NYGThis is a 3 star matchup. QBs perform close to their average vs. NYG who currently ranks #18 against this position","at  CHIThis is a 5 star matchup. QBs perform better than their average vs. CHI who currently ranks #4 against this position","at  GBThis is a 3 star matchup. QBs perform close to their average vs. GB who currently ranks #12 against this position"
"65","Kyle AllenK. Allen BUF","at  HOUThis is a 1 star matchup. QBs perform below their average vs. HOU who currently ranks #31 against this position","vs.  DETThis is a 3 star matchup. QBs perform close to their average vs. DET who currently ranks #13 against this position","vs.  LACThis is a 2 star matchup. QBs perform below their average vs. LAC who currently ranks #29 against this position","vs.  NEThis is a 4 star matchup. QBs perform better than their average vs. NE who currently ranks #8 against this position","at  LARThis is a 3 star matchup. QBs perform close to their average vs. LAR who currently ranks #17 against this position","at  LVThis is a 3 star matchup. QBs perform close to their average vs. LV who currently ranks #14 against this position","BYE","vs.  BALThis is a 2 star matchup. QBs perform close to their average vs. BAL who currently ranks #24 against this position","at  MINThis is a 2 star matchup. QBs perform below their average vs. MIN who currently ranks #27 against this position","at  NYJThis is a 4 star matchup. QBs perform better than their average vs. NYJ who currently ranks #7 against this position","vs.  MIAThis is a 4 star matchup. QBs perform better than their average vs. MIA who currently ranks #5 against this position","vs.  KCThis is a 3 star matchup. QBs perform close to their average vs. KC who currently ranks #22 against this position","at  NEThis is a 4 star matchup. QBs perform better than their average vs. NE who currently ranks #8 against this position","at  GBThis is a 3 star matchup. QBs perform close to their average vs. GB who currently ranks #12 against this position","vs.  CHIThis is a 5 star matchup. QBs perform better than their average vs. CHI who currently ranks #4 against this position","at  DENThis is a 1 star matchup. QBs perform below their average vs. DEN who currently ranks #30 against this position","at  MIAThis is a 4 star matchup. QBs perform better than their average vs. MIA who currently ranks #5 against this position","vs.  NYJThis is a 4 star matchup. QBs perform better than their average vs. NYJ who currently ranks #7 against this position"
"66","Drew LockD. Lock SEA","vs.  NEThis is a 4 star matchup. QBs perform better than their average vs. NE who currently ranks #8 against this position","at  ARIThis is a 3 star matchup. QBs perform close to their average vs. ARI who currently ranks #15 against this position","at  WASThis is a 5 star matchup. QBs perform better than their average vs. WAS who currently ranks #3 against this position","vs.  LACThis is a 2 star matchup. QBs perform below their average vs. LAC who currently ranks #29 against this position","vs.  SFThis is a 4 star matchup. QBs perform better than their average vs. SF who currently ranks #10 against this position","at  DENThis is a 1 star matchup. QBs perform below their average vs. DEN who currently ranks #30 against this position","vs.  KCThis is a 3 star matchup. QBs perform close to their average vs. KC who currently ranks #22 against this position","vs.  CHIThis is a 5 star matchup. QBs perform better than their average vs. CHI who currently ranks #4 against this position","vs.  ARIThis is a 3 star matchup. QBs perform close to their average vs. ARI who currently ranks #15 against this position","at  LVThis is a 3 star matchup. QBs perform close to their average vs. LV who currently ranks #14 against this position","BYE","at  SFThis is a 4 star matchup. QBs perform better than their average vs. SF who currently ranks #10 against this position","vs.  DALThis is a 5 star matchup. QBs perform better than their average vs. DAL who currently ranks #1 against this position","vs.  NYGThis is a 3 star matchup. QBs perform close to their average vs. NYG who currently ranks #18 against this position","at  PHIThis is a 2 star matchup. QBs perform below their average vs. PHI who currently ranks #28 against this position","vs.  LARThis is a 3 star matchup. QBs perform close to their average vs. LAR who currently ranks #17 against this position","at  CARThis is a 3 star matchup. QBs perform close to their average vs. CAR who currently ranks #23 against this position","at  LARThis is a 3 star matchup. QBs perform close to their average vs. LAR who currently ranks #17 against this position"
"67","Tanner McKeeT. McKee PHI","vs.  WASThis is a 5 star matchup. QBs perform better than their average vs. WAS who currently ranks #3 against this position","at  TENThis is a 5 star matchup. QBs perform better than their average vs. TEN who currently ranks #2 against this position","at  CHIThis is a 5 star matchup. QBs perform better than their average vs. CHI who currently ranks #4 against this position","vs.  LARThis is a 3 star matchup. QBs perform close to their average vs. LAR who currently ranks #17 against this position","at  JACThis is a 3 star matchup. QBs perform close to their average vs. JAC who currently ranks #16 against this position","vs.  CARThis is a 3 star matchup. QBs perform close to their average vs. CAR who currently ranks #23 against this position","vs.  DALThis is a 5 star matchup. QBs perform better than their average vs. DAL who currently ranks #1 against this position","at  WASThis is a 5 star matchup. QBs perform better than their average vs. WAS who currently ranks #3 against this position","vs.  NYGThis is a 3 star matchup. QBs perform close to their average vs. NYG who currently ranks #18 against this position","BYE","vs.  PITThis is a 4 star matchup. QBs perform close to their average vs. PIT who currently ranks #11 against this position","at  DALThis is a 5 star matchup. QBs perform better than their average vs. DAL who currently ranks #1 against this position","at  ARIThis is a 3 star matchup. QBs perform close to their average vs. ARI who currently ranks #15 against this position","vs.  INDThis is a 3 star matchup. QBs perform close to their average vs. IND who currently ranks #20 against this position","vs.  SEAThis is a 1 star matchup. QBs perform below their average vs. SEA who currently ranks #32 against this position","vs.  HOUThis is a 1 star matchup. QBs perform below their average vs. HOU who currently ranks #31 against this position","at  SFThis is a 4 star matchup. QBs perform better than their average vs. SF who currently ranks #10 against this position","at  NYGThis is a 3 star matchup. QBs perform close to their average vs. NYG who currently ranks #18 against this position"
"68","Andy DaltonA. Dalton PHI","vs.  WASThis is a 5 star matchup. QBs perform better than their average vs. WAS who currently ranks #3 against this position","at  TENThis is a 5 star matchup. QBs perform better than their average vs. TEN who currently ranks #2 against this position","at  CHIThis is a 5 star matchup. QBs perform better than their average vs. CHI who currently ranks #4 against this position","vs.  LARThis is a 3 star matchup. QBs perform close to their average vs. LAR who currently ranks #17 against this position","at  JACThis is a 3 star matchup. QBs perform close to their average vs. JAC who currently ranks #16 against this position","vs.  CARThis is a 3 star matchup. QBs perform close to their average vs. CAR who currently ranks #23 against this position","vs.  DALThis is a 5 star matchup. QBs perform better than their average vs. DAL who currently ranks #1 against this position","at  WASThis is a 5 star matchup. QBs perform better than their average vs. WAS who currently ranks #3 against this position","vs.  NYGThis is a 3 star matchup. QBs perform close to their average vs. NYG who currently ranks #18 against this position","BYE","vs.  PITThis is a 4 star matchup. QBs perform close to their average vs. PIT who currently ranks #11 against this position","at  DALThis is a 5 star matchup. QBs perform better than their average vs. DAL who currently ranks #1 against this position","at  ARIThis is a 3 star matchup. QBs perform close to their average vs. ARI who currently ranks #15 against this position","vs.  INDThis is a 3 star matchup. QBs perform close to their average vs. IND who currently ranks #20 against this position","vs.  SEAThis is a 1 star matchup. QBs perform below their average vs. SEA who currently ranks #32 against this position","vs.  HOUThis is a 1 star matchup. QBs perform below their average vs. HOU who currently ranks #31 against this position","at  SFThis is a 4 star matchup. QBs perform better than their average vs. SF who currently ranks #10 against this position","at  NYGThis is a 3 star matchup. QBs perform close to their average vs. NYG who currently ranks #18 against this position"
"69","Nick MullensN. Mullens JAC","vs.  CLEThis is a 2 star matchup. QBs perform below their average vs. CLE who currently ranks #26 against this position","at  DENThis is a 1 star matchup. QBs perform below their average vs. DEN who currently ranks #30 against this position","vs.  NEThis is a 4 star matchup. QBs perform better than their average vs. NE who currently ranks #8 against this position","at  CINThis is a 4 star matchup. QBs perform better than their average vs. CIN who currently ranks #6 against this position","vs.  PHIThis is a 2 star matchup. QBs perform below their average vs. PHI who currently ranks #28 against this position","vs.  HOUThis is a 1 star matchup. QBs perform below their average vs. HOU who currently ranks #31 against this position","BYE","vs.  INDThis is a 3 star matchup. QBs perform close to their average vs. IND who currently ranks #20 against this position","at  BALThis is a 2 star matchup. QBs perform close to their average vs. BAL who currently ranks #24 against this position","at  TENThis is a 5 star matchup. QBs perform better than their average vs. TEN who currently ranks #2 against this position","at  NYGThis is a 3 star matchup. QBs perform close to their average vs. NYG who currently ranks #18 against this position","vs.  TENThis is a 5 star matchup. QBs perform better than their average vs. TEN who currently ranks #2 against this position","at  CHIThis is a 5 star matchup. QBs perform better than their average vs. CHI who currently ranks #4 against this position","vs.  PITThis is a 4 star matchup. QBs perform close to their average vs. PIT who currently ranks #11 against this position","at  HOUThis is a 1 star matchup. QBs perform below their average vs. HOU who currently ranks #31 against this position","at  DALThis is a 5 star matchup. QBs perform better than their average vs. DAL who currently ranks #1 against this position","vs.  WASThis is a 5 star matchup. QBs perform better than their average vs. WAS who currently ranks #3 against this position","at  INDThis is a 3 star matchup. QBs perform close to their average vs. IND who currently ranks #20 against this position"
"70","Tommy DeVitoT. DeVito NE","at  SEAThis is a 1 star matchup. QBs perform below their average vs. SEA who currently ranks #32 against this position","vs.  PITThis is a 4 star matchup. QBs perform close to their average vs. PIT who currently ranks #11 against this position","at  JACThis is a 3 star matchup. QBs perform close to their average vs. JAC who currently ranks #16 against this position","at  BUFThis is a 3 star matchup. QBs perform close to their average vs. BUF who currently ranks #21 against this position","vs.  LVThis is a 3 star matchup. QBs perform close to their average vs. LV who currently ranks #14 against this position","vs.  NYJThis is a 4 star matchup. QBs perform better than their average vs. NYJ who currently ranks #7 against this position","at  CHIThis is a 5 star matchup. QBs perform better than their average vs. CHI who currently ranks #4 against this position","at  MIAThis is a 4 star matchup. QBs perform better than their average vs. MIA who currently ranks #5 against this position","vs.  GBThis is a 3 star matchup. QBs perform close to their average vs. GB who currently ranks #12 against this position","at  DETThis is a 3 star matchup. QBs perform close to their average vs. DET who currently ranks #13 against this position","BYE","at  LACThis is a 2 star matchup. QBs perform below their average vs. LAC who currently ranks #29 against this position","vs.  BUFThis is a 3 star matchup. QBs perform close to their average vs. BUF who currently ranks #21 against this position","vs.  MINThis is a 2 star matchup. QBs perform below their average vs. MIN who currently ranks #27 against this position","at  KCThis is a 3 star matchup. QBs perform close to their average vs. KC who currently ranks #22 against this position","at  NYJThis is a 4 star matchup. QBs perform better than their average vs. NYJ who currently ranks #7 against this position","vs.  DENThis is a 1 star matchup. QBs perform below their average vs. DEN who currently ranks #30 against this position","vs.  MIAThis is a 4 star matchup. QBs perform better than their average vs. MIA who currently ranks #5 against this position"
"71","Will LevisW. Levis TEN","vs.  NYJThis is a 4 star matchup. QBs perform better than their average vs. NYJ who currently ranks #7 against this position","vs.  PHIThis is a 2 star matchup. QBs perform below their average vs. PHI who currently ranks #28 against this position","at  NYGThis is a 3 star matchup. QBs perform close to their average vs. NYG who currently ranks #18 against this position","at  BALThis is a 2 star matchup. QBs perform close to their average vs. BAL who currently ranks #24 against this position","vs.  HOUThis is a 1 star matchup. QBs perform below their average vs. HOU who currently ranks #31 against this position","at  INDThis is a 3 star matchup. QBs perform close to their average vs. IND who currently ranks #20 against this position","vs.  CLEThis is a 2 star matchup. QBs perform below their average vs. CLE who currently ranks #26 against this position","at  CINThis is a 4 star matchup. QBs perform better than their average vs. CIN who currently ranks #6 against this position","BYE","vs.  JACThis is a 3 star matchup. QBs perform close to their average vs. JAC who currently ranks #16 against this position","at  DALThis is a 5 star matchup. QBs perform better than their average vs. DAL who currently ranks #1 against this position","at  JACThis is a 3 star matchup. QBs perform close to their average vs. JAC who currently ranks #16 against this position","vs.  WASThis is a 5 star matchup. QBs perform better than their average vs. WAS who currently ranks #3 against this position","at  DETThis is a 3 star matchup. QBs perform close to their average vs. DET who currently ranks #13 against this position","vs.  INDThis is a 3 star matchup. QBs perform close to their average vs. IND who currently ranks #20 against this position","at  LVThis is a 3 star matchup. QBs perform close to their average vs. LV who currently ranks #14 against this position","vs.  PITThis is a 4 star matchup. QBs perform close to their average vs. PIT who currently ranks #11 against this position","at  HOUThis is a 1 star matchup. QBs perform below their average vs. HOU who currently ranks #31 against this position"
"72","Mason RudolphM. Rudolph PIT","vs.  ATLThis is a 3 star matchup. QBs perform close to their average vs. ATL who currently ranks #19 against this position","at  NEThis is a 4 star matchup. QBs perform better than their average vs. NE who currently ranks #8 against this position","vs.  CINThis is a 4 star matchup. QBs perform better than their average vs. CIN who currently ranks #6 against this position","at  CLEThis is a 2 star matchup. QBs perform below their average vs. CLE who currently ranks #26 against this position","vs.  INDThis is a 3 star matchup. QBs perform close to their average vs. IND who currently ranks #20 against this position","at  TBThis is a 4 star matchup. QBs perform better than their average vs. TB who currently ranks #9 against this position","at  NOThis is a 2 star matchup. QBs perform close to their average vs. NO who currently ranks #25 against this position","vs.  CLEThis is a 2 star matchup. QBs perform below their average vs. CLE who currently ranks #26 against this position","BYE","at  CINThis is a 4 star matchup. QBs perform better than their average vs. CIN who currently ranks #6 against this position","at  PHIThis is a 2 star matchup. QBs perform below their average vs. PHI who currently ranks #28 against this position","vs.  DENThis is a 1 star matchup. QBs perform below their average vs. DEN who currently ranks #30 against this position","vs.  HOUThis is a 1 star matchup. QBs perform below their average vs. HOU who currently ranks #31 against this position","at  JACThis is a 3 star matchup. QBs perform close to their average vs. JAC who currently ranks #16 against this position","vs.  BALThis is a 2 star matchup. QBs perform close to their average vs. BAL who currently ranks #24 against this position","vs.  CARThis is a 3 star matchup. QBs perform close to their average vs. CAR who currently ranks #23 against this position","at  TENThis is a 5 star matchup. QBs perform better than their average vs. TEN who currently ranks #2 against this position","at  BALThis is a 2 star matchup. QBs perform close to their average vs. BAL who currently ranks #24 against this position"
"73","Taylen GreenT. Green CLE","at  JACThis is a 3 star matchup. QBs perform close to their average vs. JAC who currently ranks #16 against this position","at  TBThis is a 4 star matchup. QBs perform better than their average vs. TB who currently ranks #9 against this position","vs.  CARThis is a 3 star matchup. QBs perform close to their average vs. CAR who currently ranks #23 against this position","vs.  PITThis is a 4 star matchup. QBs perform close to their average vs. PIT who currently ranks #11 against this position","at  NYJThis is a 4 star matchup. QBs perform better than their average vs. NYJ who currently ranks #7 against this position","vs.  BALThis is a 2 star matchup. QBs perform close to their average vs. BAL who currently ranks #24 against this position","at  TENThis is a 5 star matchup. QBs perform better than their average vs. TEN who currently ranks #2 against this position","at  PITThis is a 4 star matchup. QBs perform close to their average vs. PIT who currently ranks #11 against this position","at  NOThis is a 2 star matchup. QBs perform close to their average vs. NO who currently ranks #25 against this position","vs.  HOUThis is a 1 star matchup. QBs perform below their average vs. HOU who currently ranks #31 against this position","BYE","vs.  LVThis is a 3 star matchup. QBs perform close to their average vs. LV who currently ranks #14 against this position","vs.  CINThis is a 4 star matchup. QBs perform better than their average vs. CIN who currently ranks #6 against this position","vs.  ATLThis is a 3 star matchup. QBs perform close to their average vs. ATL who currently ranks #19 against this position","at  NYGThis is a 3 star matchup. QBs perform close to their average vs. NYG who currently ranks #18 against this position","at  BALThis is a 2 star matchup. QBs perform close to their average vs. BAL who currently ranks #24 against this position","vs.  INDThis is a 3 star matchup. QBs perform close to their average vs. IND who currently ranks #20 against this position","at  CINThis is a 4 star matchup. QBs perform better than their average vs. CIN who currently ranks #6 against this position"
"74","Aidan O'ConnellA. O'Connell LV","vs.  MIAThis is a 4 star matchup. QBs perform better than their average vs. MIA who currently ranks #5 against this position","at  LACThis is a 2 star matchup. QBs perform below their average vs. LAC who currently ranks #29 against this position","at  NOThis is a 2 star matchup. QBs perform close to their average vs. NO who currently ranks #25 against this position","vs.  KCThis is a 3 star matchup. QBs perform close to their average vs. KC who currently ranks #22 against this position","at  NEThis is a 4 star matchup. QBs perform better than their average vs. NE who currently ranks #8 against this position","vs.  BUFThis is a 3 star matchup. QBs perform close to their average vs. BUF who currently ranks #21 against this position","vs.  LARThis is a 3 star matchup. QBs perform close to their average vs. LAR who currently ranks #17 against this position","at  NYJThis is a 4 star matchup. QBs perform better than their average vs. NYJ who currently ranks #7 against this position","at  SFThis is a 4 star matchup. QBs perform better than their average vs. SF who currently ranks #10 against this position","vs.  SEAThis is a 1 star matchup. QBs perform below their average vs. SEA who currently ranks #32 against this position","at  DENThis is a 1 star matchup. QBs perform below their average vs. DEN who currently ranks #30 against this position","at  CLEThis is a 2 star matchup. QBs perform below their average vs. CLE who currently ranks #26 against this position","BYE","vs.  LACThis is a 2 star matchup. QBs perform below their average vs. LAC who currently ranks #29 against this position","vs.  DENThis is a 1 star matchup. QBs perform below their average vs. DEN who currently ranks #30 against this position","vs.  TENThis is a 5 star matchup. QBs perform better than their average vs. TEN who currently ranks #2 against this position","at  ARIThis is a 3 star matchup. QBs perform close to their average vs. ARI who currently ranks #15 against this position","at  KCThis is a 3 star matchup. QBs perform close to their average vs. KC who currently ranks #22 against this position"
"75","Zach WilsonZ. Wilson NO","at  DETThis is a 3 star matchup. QBs perform close to their average vs. DET who currently ranks #13 against this position","at  BALThis is a 2 star matchup. QBs perform close to their average vs. BAL who currently ranks #24 against this position","vs.  LVThis is a 3 star matchup. QBs perform close to their average vs. LV who currently ranks #14 against this position","vs.  ATLThis is a 3 star matchup. QBs perform close to their average vs. ATL who currently ranks #19 against this position","vs.  MINThis is a 2 star matchup. QBs perform below their average vs. MIN who currently ranks #27 against this position","at  NYGThis is a 3 star matchup. QBs perform close to their average vs. NYG who currently ranks #18 against this position","vs.  PITThis is a 4 star matchup. QBs perform close to their average vs. PIT who currently ranks #11 against this position","BYE","vs.  CLEThis is a 2 star matchup. QBs perform below their average vs. CLE who currently ranks #26 against this position","vs.  CARThis is a 3 star matchup. QBs perform close to their average vs. CAR who currently ranks #23 against this position","at  CHIThis is a 5 star matchup. QBs perform better than their average vs. CHI who currently ranks #4 against this position","at  CINThis is a 4 star matchup. QBs perform better than their average vs. CIN who currently ranks #6 against this position","vs.  GBThis is a 3 star matchup. QBs perform close to their average vs. GB who currently ranks #12 against this position","at  CARThis is a 3 star matchup. QBs perform close to their average vs. CAR who currently ranks #23 against this position","at  TBThis is a 4 star matchup. QBs perform better than their average vs. TB who currently ranks #9 against this position","vs.  ARIThis is a 3 star matchup. QBs perform close to their average vs. ARI who currently ranks #15 against this position","at  ATLThis is a 3 star matchup. QBs perform close to their average vs. ATL who currently ranks #19 against this position","vs.  TBThis is a 4 star matchup. QBs perform better than their average vs. TB who currently ranks #9 against this position"
"76","Dillon GabrielD. Gabriel CLE","at  JACThis is a 3 star matchup. QBs perform close to their average vs. JAC who currently ranks #16 against this position","at  TBThis is a 4 star matchup. QBs perform better than their average vs. TB who currently ranks #9 against this position","vs.  CARThis is a 3 star matchup. QBs perform close to their average vs. CAR who currently ranks #23 against this position","vs.  PITThis is a 4 star matchup. QBs perform close to their average vs. PIT who currently ranks #11 against this position","at  NYJThis is a 4 star matchup. QBs perform better than their average vs. NYJ who currently ranks #7 against this position","vs.  BALThis is a 2 star matchup. QBs perform close to their average vs. BAL who currently ranks #24 against this position","at  TENThis is a 5 star matchup. QBs perform better than their average vs. TEN who currently ranks #2 against this position","at  PITThis is a 4 star matchup. QBs perform close to their average vs. PIT who currently ranks #11 against this position","at  NOThis is a 2 star matchup. QBs perform close to their average vs. NO who currently ranks #25 against this position","vs.  HOUThis is a 1 star matchup. QBs perform below their average vs. HOU who currently ranks #31 against this position","BYE","vs.  LVThis is a 3 star matchup. QBs perform close to their average vs. LV who currently ranks #14 against this position","vs.  CINThis is a 4 star matchup. QBs perform better than their average vs. CIN who currently ranks #6 against this position","vs.  ATLThis is a 3 star matchup. QBs perform close to their average vs. ATL who currently ranks #19 against this position","at  NYGThis is a 3 star matchup. QBs perform close to their average vs. NYG who currently ranks #18 against this position","at  BALThis is a 2 star matchup. QBs perform close to their average vs. BAL who currently ranks #24 against this position","vs.  INDThis is a 3 star matchup. QBs perform close to their average vs. IND who currently ranks #20 against this position","at  CINThis is a 4 star matchup. QBs perform better than their average vs. CIN who currently ranks #6 against this position"
"77","Carson WentzC. Wentz MIN","vs.  GBThis is a 3 star matchup. QBs perform close to their average vs. GB who currently ranks #12 against this position","at  CHIThis is a 5 star matchup. QBs perform better than their average vs. CHI who currently ranks #4 against this position","at  TBThis is a 4 star matchup. QBs perform better than their average vs. TB who currently ranks #9 against this position","vs.  MIAThis is a 4 star matchup. QBs perform better than their average vs. MIA who currently ranks #5 against this position","at  NOThis is a 2 star matchup. QBs perform close to their average vs. NO who currently ranks #25 against this position","BYE","vs.  INDThis is a 3 star matchup. QBs perform close to their average vs. IND who currently ranks #20 against this position","at  DETThis is a 3 star matchup. QBs perform close to their average vs. DET who currently ranks #13 against this position","vs.  BUFThis is a 3 star matchup. QBs perform close to their average vs. BUF who currently ranks #21 against this position","at  GBThis is a 3 star matchup. QBs perform close to their average vs. GB who currently ranks #12 against this position","at  SFThis is a 4 star matchup. QBs perform better than their average vs. SF who currently ranks #10 against this position","vs.  ATLThis is a 3 star matchup. QBs perform close to their average vs. ATL who currently ranks #19 against this position","vs.  CARThis is a 3 star matchup. QBs perform close to their average vs. CAR who currently ranks #23 against this position","at  NEThis is a 4 star matchup. QBs perform better than their average vs. NE who currently ranks #8 against this position","vs.  DETThis is a 3 star matchup. QBs perform close to their average vs. DET who currently ranks #13 against this position","vs.  WASThis is a 5 star matchup. QBs perform better than their average vs. WAS who currently ranks #3 against this position","at  NYJThis is a 4 star matchup. QBs perform better than their average vs. NYJ who currently ranks #7 against this position","vs.  CHIThis is a 5 star matchup. QBs perform better than their average vs. CHI who currently ranks #4 against this position"
"78","Garrett NussmeierG. Nussmeier KC","vs.  DENThis is a 1 star matchup. QBs perform below their average vs. DEN who currently ranks #30 against this position","vs.  INDThis is a 3 star matchup. QBs perform close to their average vs. IND who currently ranks #20 against this position","at  MIAThis is a 4 star matchup. QBs perform better than their average vs. MIA who currently ranks #5 against this position","at  LVThis is a 3 star matchup. QBs perform close to their average vs. LV who currently ranks #14 against this position","BYE","vs.  LACThis is a 2 star matchup. QBs perform below their average vs. LAC who currently ranks #29 against this position","at  SEAThis is a 1 star matchup. QBs perform below their average vs. SEA who currently ranks #32 against this position","at  DENThis is a 1 star matchup. QBs perform below their average vs. DEN who currently ranks #30 against this position","vs.  NYJThis is a 4 star matchup. QBs perform better than their average vs. NYJ who currently ranks #7 against this position","at  ATLThis is a 3 star matchup. QBs perform close to their average vs. ATL who currently ranks #19 against this position","vs.  ARIThis is a 3 star matchup. QBs perform close to their average vs. ARI who currently ranks #15 against this position","at  BUFThis is a 3 star matchup. QBs perform close to their average vs. BUF who currently ranks #21 against this position","at  LARThis is a 3 star matchup. QBs perform close to their average vs. LAR who currently ranks #17 against this position","at  CINThis is a 4 star matchup. QBs perform better than their average vs. CIN who currently ranks #6 against this position","vs.  NEThis is a 4 star matchup. QBs perform better than their average vs. NE who currently ranks #8 against this position","vs.  SFThis is a 4 star matchup. QBs perform better than their average vs. SF who currently ranks #10 against this position","at  LACThis is a 2 star matchup. QBs perform below their average vs. LAC who currently ranks #29 against this position","vs.  LVThis is a 3 star matchup. QBs perform close to their average vs. LV who currently ranks #14 against this position"
"79","Brady CookB. Cook NYJ","at  TENThis is a 5 star matchup. QBs perform better than their average vs. TEN who currently ranks #2 against this position","vs.  GBThis is a 3 star matchup. QBs perform close to their average vs. GB who currently ranks #12 against this position","at  DETThis is a 3 star matchup. QBs perform close to their average vs. DET who currently ranks #13 against this position","at  CHIThis is a 5 star matchup. QBs perform better than their average vs. CHI who currently ranks #4 against this position","vs.  CLEThis is a 2 star matchup. QBs perform below their average vs. CLE who currently ranks #26 against this position","at  NEThis is a 4 star matchup. QBs perform better than their average vs. NE who currently ranks #8 against this position","vs.  MIAThis is a 4 star matchup. QBs perform better than their average vs. MIA who currently ranks #5 against this position","vs.  LVThis is a 3 star matchup. QBs perform close to their average vs. LV who currently ranks #14 against this position","at  KCThis is a 3 star matchup. QBs perform close to their average vs. KC who currently ranks #22 against this position","vs.  BUFThis is a 3 star matchup. QBs perform close to their average vs. BUF who currently ranks #21 against this position","at  LACThis is a 2 star matchup. QBs perform below their average vs. LAC who currently ranks #29 against this position","at  MIAThis is a 4 star matchup. QBs perform better than their average vs. MIA who currently ranks #5 against this position","BYE","vs.  DENThis is a 1 star matchup. QBs perform below their average vs. DEN who currently ranks #30 against this position","at  ARIThis is a 3 star matchup. QBs perform close to their average vs. ARI who currently ranks #15 against this position","vs.  NEThis is a 4 star matchup. QBs perform better than their average vs. NE who currently ranks #8 against this position","vs.  MINThis is a 2 star matchup. QBs perform below their average vs. MIN who currently ranks #27 against this position","at  BUFThis is a 3 star matchup. QBs perform close to their average vs. BUF who currently ranks #21 against this position"
"80","Jimmy GaroppoloJ. Garoppolo LAR","vs.  SFThis is a 4 star matchup. QBs perform better than their average vs. SF who currently ranks #10 against this position","vs.  NYGThis is a 3 star matchup. QBs perform close to their average vs. NYG who currently ranks #18 against this position","at  DENThis is a 1 star matchup. QBs perform below their average vs. DEN who currently ranks #30 against this position","at  PHIThis is a 2 star matchup. QBs perform below their average vs. PHI who currently ranks #28 against this position","vs.  BUFThis is a 3 star matchup. QBs perform close to their average vs. BUF who currently ranks #21 against this position","vs.  ARIThis is a 3 star matchup. QBs perform close to their average vs. ARI who currently ranks #15 against this position","at  LVThis is a 3 star matchup. QBs perform close to their average vs. LV who currently ranks #14 against this position","vs.  LACThis is a 2 star matchup. QBs perform below their average vs. LAC who currently ranks #29 against this position","at  WASThis is a 5 star matchup. QBs perform better than their average vs. WAS who currently ranks #3 against this position","at  ARIThis is a 3 star matchup. QBs perform close to their average vs. ARI who currently ranks #15 against this position","BYE","vs.  GBThis is a 3 star matchup. QBs perform close to their average vs. GB who currently ranks #12 against this position","vs.  KCThis is a 3 star matchup. QBs perform close to their average vs. KC who currently ranks #22 against this position","at  SFThis is a 4 star matchup. QBs perform better than their average vs. SF who currently ranks #10 against this position","vs.  DALThis is a 5 star matchup. QBs perform better than their average vs. DAL who currently ranks #1 against this position","at  SEAThis is a 1 star matchup. QBs perform below their average vs. SEA who currently ranks #32 against this position","at  TBThis is a 4 star matchup. QBs perform better than their average vs. TB who currently ranks #9 against this position","vs.  SEAThis is a 1 star matchup. QBs perform below their average vs. SEA who currently ranks #32 against this position"
"81","Josh JohnsonJ. Johnson CIN","vs.  TBThis is a 4 star matchup. QBs perform better than their average vs. TB who currently ranks #9 against this position","at  HOUThis is a 1 star matchup. QBs perform below their average vs. HOU who currently ranks #31 against this position","at  PITThis is a 4 star matchup. QBs perform close to their average vs. PIT who currently ranks #11 against this position","vs.  JACThis is a 3 star matchup. QBs perform close to their average vs. JAC who currently ranks #16 against this position","at  MIAThis is a 4 star matchup. QBs perform better than their average vs. MIA who currently ranks #5 against this position","BYE","at  BALThis is a 2 star matchup. QBs perform close to their average vs. BAL who currently ranks #24 against this position","vs.  TENThis is a 5 star matchup. QBs perform better than their average vs. TEN who currently ranks #2 against this position","at  ATLThis is a 3 star matchup. QBs perform close to their average vs. ATL who currently ranks #19 against this position","vs.  PITThis is a 4 star matchup. QBs perform close to their average vs. PIT who currently ranks #11 against this position","at  WASThis is a 5 star matchup. QBs perform better than their average vs. WAS who currently ranks #3 against this position","vs.  NOThis is a 2 star matchup. QBs perform close to their average vs. NO who currently ranks #25 against this position","at  CLEThis is a 2 star matchup. QBs perform below their average vs. CLE who currently ranks #26 against this position","vs.  KCThis is a 3 star matchup. QBs perform close to their average vs. KC who currently ranks #22 against this position","at  CARThis is a 3 star matchup. QBs perform close to their average vs. CAR who currently ranks #23 against this position","at  INDThis is a 3 star matchup. QBs perform close to their average vs. IND who currently ranks #20 against this position","vs.  BALThis is a 2 star matchup. QBs perform close to their average vs. BAL who currently ranks #24 against this position","vs.  CLEThis is a 2 star matchup. QBs perform below their average vs. CLE who currently ranks #26 against this position"
"82","Brandon AllenB. Allen NYG","vs.  DALThis is a 5 star matchup. QBs perform better than their average vs. DAL who currently ranks #1 against this position","at  LARThis is a 3 star matchup. QBs perform close to their average vs. LAR who currently ranks #17 against this position","vs.  TENThis is a 5 star matchup. QBs perform better than their average vs. TEN who currently ranks #2 against this position","vs.  ARIThis is a 3 star matchup. QBs perform close to their average vs. ARI who currently ranks #15 against this position","at  WASThis is a 5 star matchup. QBs perform better than their average vs. WAS who currently ranks #3 against this position","vs.  NOThis is a 2 star matchup. QBs perform close to their average vs. NO who currently ranks #25 against this position","at  HOUThis is a 1 star matchup. QBs perform below their average vs. HOU who currently ranks #31 against this position","BYE","at  PHIThis is a 2 star matchup. QBs perform below their average vs. PHI who currently ranks #28 against this position","vs.  WASThis is a 5 star matchup. QBs perform better than their average vs. WAS who currently ranks #3 against this position","vs.  JACThis is a 3 star matchup. QBs perform close to their average vs. JAC who currently ranks #16 against this position","at  INDThis is a 3 star matchup. QBs perform close to their average vs. IND who currently ranks #20 against this position","vs.  SFThis is a 4 star matchup. QBs perform better than their average vs. SF who currently ranks #10 against this position","at  SEAThis is a 1 star matchup. QBs perform below their average vs. SEA who currently ranks #32 against this position","vs.  CLEThis is a 2 star matchup. QBs perform below their average vs. CLE who currently ranks #26 against this position","at  DETThis is a 3 star matchup. QBs perform close to their average vs. DET who currently ranks #13 against this position","at  DALThis is a 5 star matchup. QBs perform better than their average vs. DAL who currently ranks #1 against this position","vs.  PHIThis is a 2 star matchup. QBs perform below their average vs. PHI who currently ranks #28 against this position"
"83","Hendon HookerH. Hooker TEN","vs.  NYJThis is a 4 star matchup. QBs perform better than their average vs. NYJ who currently ranks #7 against this position","vs.  PHIThis is a 2 star matchup. QBs perform below their average vs. PHI who currently ranks #28 against this position","at  NYGThis is a 3 star matchup. QBs perform close to their average vs. NYG who currently ranks #18 against this position","at  BALThis is a 2 star matchup. QBs perform close to their average vs. BAL who currently ranks #24 against this position","vs.  HOUThis is a 1 star matchup. QBs perform below their average vs. HOU who currently ranks #31 against this position","at  INDThis is a 3 star matchup. QBs perform close to their average vs. IND who currently ranks #20 against this position","vs.  CLEThis is a 2 star matchup. QBs perform below their average vs. CLE who currently ranks #26 against this position","at  CINThis is a 4 star matchup. QBs perform better than their average vs. CIN who currently ranks #6 against this position","BYE","vs.  JACThis is a 3 star matchup. QBs perform close to their average vs. JAC who currently ranks #16 against this position","at  DALThis is a 5 star matchup. QBs perform better than their average vs. DAL who currently ranks #1 against this position","at  JACThis is a 3 star matchup. QBs perform close to their average vs. JAC who currently ranks #16 against this position","vs.  WASThis is a 5 star matchup. QBs perform better than their average vs. WAS who currently ranks #3 against this position","at  DETThis is a 3 star matchup. QBs perform close to their average vs. DET who currently ranks #13 against this position","vs.  INDThis is a 3 star matchup. QBs perform close to their average vs. IND who currently ranks #20 against this position","at  LVThis is a 3 star matchup. QBs perform close to their average vs. LV who currently ranks #14 against this position","vs.  PITThis is a 4 star matchup. QBs perform close to their average vs. PIT who currently ranks #11 against this position","at  HOUThis is a 1 star matchup. QBs perform below their average vs. HOU who currently ranks #31 against this position"
"84","Sam EhlingerS. Ehlinger DEN","at  KCThis is a 3 star matchup. QBs perform close to their average vs. KC who currently ranks #22 against this position","vs.  JACThis is a 3 star matchup. QBs perform close to their average vs. JAC who currently ranks #16 against this position","vs.  LARThis is a 3 star matchup. QBs perform close to their average vs. LAR who currently ranks #17 against this position","at  SFThis is a 4 star matchup. QBs perform better than their average vs. SF who currently ranks #10 against this position","at  LACThis is a 2 star matchup. QBs perform below their average vs. LAC who currently ranks #29 against this position","vs.  SEAThis is a 1 star matchup. QBs perform below their average vs. SEA who currently ranks #32 against this position","at  ARIThis is a 3 star matchup. QBs perform close to their average vs. ARI who currently ranks #15 against this position","vs.  KCThis is a 3 star matchup. QBs perform close to their average vs. KC who currently ranks #22 against this position","at  CARThis is a 3 star matchup. QBs perform close to their average vs. CAR who currently ranks #23 against this position","BYE","vs.  LVThis is a 3 star matchup. QBs perform close to their average vs. LV who currently ranks #14 against this position","at  PITThis is a 4 star matchup. QBs perform close to their average vs. PIT who currently ranks #11 against this position","vs.  MIAThis is a 4 star matchup. QBs perform better than their average vs. MIA who currently ranks #5 against this position","at  NYJThis is a 4 star matchup. QBs perform better than their average vs. NYJ who currently ranks #7 against this position","at  LVThis is a 3 star matchup. QBs perform close to their average vs. LV who currently ranks #14 against this position","vs.  BUFThis is a 3 star matchup. QBs perform close to their average vs. BUF who currently ranks #21 against this position","at  NEThis is a 4 star matchup. QBs perform better than their average vs. NE who currently ranks #8 against this position","vs.  LACThis is a 2 star matchup. QBs perform below their average vs. LAC who currently ranks #29 against this position"
"85","Kyle McCordK. McCord GB","at  MINThis is a 2 star matchup. QBs perform below their average vs. MIN who currently ranks #27 against this position","at  NYJThis is a 4 star matchup. QBs perform better than their average vs. NYJ who currently ranks #7 against this position","vs.  ATLThis is a 3 star matchup. QBs perform close to their average vs. ATL who currently ranks #19 against this position","at  TBThis is a 4 star matchup. QBs perform better than their average vs. TB who currently ranks #9 against this position","vs.  CHIThis is a 5 star matchup. QBs perform better than their average vs. CHI who currently ranks #4 against this position","vs.  DALThis is a 5 star matchup. QBs perform better than their average vs. DAL who currently ranks #1 against this position","at  DETThis is a 3 star matchup. QBs perform close to their average vs. DET who currently ranks #13 against this position","vs.  CARThis is a 3 star matchup. QBs perform close to their average vs. CAR who currently ranks #23 against this position","at  NEThis is a 4 star matchup. QBs perform better than their average vs. NE who currently ranks #8 against this position","vs.  MINThis is a 2 star matchup. QBs perform below their average vs. MIN who currently ranks #27 against this position","BYE","at  LARThis is a 3 star matchup. QBs perform close to their average vs. LAR who currently ranks #17 against this position","at  NOThis is a 2 star matchup. QBs perform close to their average vs. NO who currently ranks #25 against this position","vs.  BUFThis is a 3 star matchup. QBs perform close to their average vs. BUF who currently ranks #21 against this position","vs.  MIAThis is a 4 star matchup. QBs perform better than their average vs. MIA who currently ranks #5 against this position","at  CHIThis is a 5 star matchup. QBs perform better than their average vs. CHI who currently ranks #4 against this position","vs.  HOUThis is a 1 star matchup. QBs perform below their average vs. HOU who currently ranks #31 against this position","vs.  DETThis is a 3 star matchup. QBs perform close to their average vs. DET who currently ranks #13 against this position"
"86","Luke AltmyerL. Altmyer DET","vs.  NOThis is a 2 star matchup. QBs perform close to their average vs. NO who currently ranks #25 against this position","at  BUFThis is a 3 star matchup. QBs perform close to their average vs. BUF who currently ranks #21 against this position","vs.  NYJThis is a 4 star matchup. QBs perform better than their average vs. NYJ who currently ranks #7 against this position","at  CARThis is a 3 star matchup. QBs perform close to their average vs. CAR who currently ranks #23 against this position","at  ARIThis is a 3 star matchup. QBs perform close to their average vs. ARI who currently ranks #15 against this position","BYE","vs.  GBThis is a 3 star matchup. QBs perform close to their average vs. GB who currently ranks #12 against this position","vs.  MINThis is a 2 star matchup. QBs perform below their average vs. MIN who currently ranks #27 against this position","at  MIAThis is a 4 star matchup. QBs perform better than their average vs. MIA who currently ranks #5 against this position","vs.  NEThis is a 4 star matchup. QBs perform better than their average vs. NE who currently ranks #8 against this position","vs.  TBThis is a 4 star matchup. QBs perform better than their average vs. TB who currently ranks #9 against this position","vs.  CHIThis is a 5 star matchup. QBs perform better than their average vs. CHI who currently ranks #4 against this position","at  ATLThis is a 3 star matchup. QBs perform close to their average vs. ATL who currently ranks #19 against this position","vs.  TENThis is a 5 star matchup. QBs perform better than their average vs. TEN who currently ranks #2 against this position","at  MINThis is a 2 star matchup. QBs perform below their average vs. MIN who currently ranks #27 against this position","vs.  NYGThis is a 3 star matchup. QBs perform close to their average vs. NYG who currently ranks #18 against this position","at  CHIThis is a 5 star matchup. QBs perform better than their average vs. CHI who currently ranks #4 against this position","at  GBThis is a 3 star matchup. QBs perform close to their average vs. GB who currently ranks #12 against this position"
"87","Shane BuecheleS. Buechele BUF","at  HOUThis is a 1 star matchup. QBs perform below their average vs. HOU who currently ranks #31 against this position","vs.  DETThis is a 3 star matchup. QBs perform close to their average vs. DET who currently ranks #13 against this position","vs.  LACThis is a 2 star matchup. QBs perform below their average vs. LAC who currently ranks #29 against this position","vs.  NEThis is a 4 star matchup. QBs perform better than their average vs. NE who currently ranks #8 against this position","at  LARThis is a 3 star matchup. QBs perform close to their average vs. LAR who currently ranks #17 against this position","at  LVThis is a 3 star matchup. QBs perform close to their average vs. LV who currently ranks #14 against this position","BYE","vs.  BALThis is a 2 star matchup. QBs perform close to their average vs. BAL who currently ranks #24 against this position","at  MINThis is a 2 star matchup. QBs perform below their average vs. MIN who currently ranks #27 against this position","at  NYJThis is a 4 star matchup. QBs perform better than their average vs. NYJ who currently ranks #7 against this position","vs.  MIAThis is a 4 star matchup. QBs perform better than their average vs. MIA who currently ranks #5 against this position","vs.  KCThis is a 3 star matchup. QBs perform close to their average vs. KC who currently ranks #22 against this position","at  NEThis is a 4 star matchup. QBs perform better than their average vs. NE who currently ranks #8 against this position","at  GBThis is a 3 star matchup. QBs perform close to their average vs. GB who currently ranks #12 against this position","vs.  CHIThis is a 5 star matchup. QBs perform better than their average vs. CHI who currently ranks #4 against this position","at  DENThis is a 1 star matchup. QBs perform below their average vs. DEN who currently ranks #30 against this position","at  MIAThis is a 4 star matchup. QBs perform better than their average vs. MIA who currently ranks #5 against this position","vs.  NYJThis is a 4 star matchup. QBs perform better than their average vs. NYJ who currently ranks #7 against this position"
"88","Kurtis RourkeK. Rourke SF","at  LARThis is a 3 star matchup. QBs perform close to their average vs. LAR who currently ranks #17 against this position","vs.  MIAThis is a 4 star matchup. QBs perform better than their average vs. MIA who currently ranks #5 against this position","vs.  ARIThis is a 3 star matchup. QBs perform close to their average vs. ARI who currently ranks #15 against this position","vs.  DENThis is a 1 star matchup. QBs perform below their average vs. DEN who currently ranks #30 against this position","at  SEAThis is a 1 star matchup. QBs perform below their average vs. SEA who currently ranks #32 against this position","vs.  WASThis is a 5 star matchup. QBs perform better than their average vs. WAS who currently ranks #3 against this position","at  ATLThis is a 3 star matchup. QBs perform close to their average vs. ATL who currently ranks #19 against this position","BYE","vs.  LVThis is a 3 star matchup. QBs perform close to their average vs. LV who currently ranks #14 against this position","at  DALThis is a 5 star matchup. QBs perform better than their average vs. DAL who currently ranks #1 against this position","vs.  MINThis is a 2 star matchup. QBs perform below their average vs. MIN who currently ranks #27 against this position","vs.  SEAThis is a 1 star matchup. QBs perform below their average vs. SEA who currently ranks #32 against this position","at  NYGThis is a 3 star matchup. QBs perform close to their average vs. NYG who currently ranks #18 against this position","vs.  LARThis is a 3 star matchup. QBs perform close to their average vs. LAR who currently ranks #17 against this position","at  LACThis is a 2 star matchup. QBs perform below their average vs. LAC who currently ranks #29 against this position","at  KCThis is a 3 star matchup. QBs perform close to their average vs. KC who currently ranks #22 against this position","vs.  PHIThis is a 2 star matchup. QBs perform below their average vs. PHI who currently ranks #28 against this position","at  ARIThis is a 3 star matchup. QBs perform close to their average vs. ARI who currently ranks #15 against this position"
"89","Adrian MartinezA. Martinez SF","at  LARThis is a 3 star matchup. QBs perform close to their average vs. LAR who currently ranks #17 against this position","vs.  MIAThis is a 4 star matchup. QBs perform better than their average vs. MIA who currently ranks #5 against this position","vs.  ARIThis is a 3 star matchup. QBs perform close to their average vs. ARI who currently ranks #15 against this position","vs.  DENThis is a 1 star matchup. QBs perform below their average vs. DEN who currently ranks #30 against this position","at  SEAThis is a 1 star matchup. QBs perform below their average vs. SEA who currently ranks #32 against this position","vs.  WASThis is a 5 star matchup. QBs perform better than their average vs. WAS who currently ranks #3 against this position","at  ATLThis is a 3 star matchup. QBs perform close to their average vs. ATL who currently ranks #19 against this position","BYE","vs.  LVThis is a 3 star matchup. QBs perform close to their average vs. LV who currently ranks #14 against this position","at  DALThis is a 5 star matchup. QBs perform better than their average vs. DAL who currently ranks #1 against this position","vs.  MINThis is a 2 star matchup. QBs perform below their average vs. MIN who currently ranks #27 against this position","vs.  SEAThis is a 1 star matchup. QBs perform below their average vs. SEA who currently ranks #32 against this position","at  NYGThis is a 3 star matchup. QBs perform close to their average vs. NYG who currently ranks #18 against this position","vs.  LARThis is a 3 star matchup. QBs perform close to their average vs. LAR who currently ranks #17 against this position","at  LACThis is a 2 star matchup. QBs perform below their average vs. LAC who currently ranks #29 against this position","at  KCThis is a 3 star matchup. QBs perform close to their average vs. KC who currently ranks #22 against this position","vs.  PHIThis is a 2 star matchup. QBs perform below their average vs. PHI who currently ranks #28 against this position","at  ARIThis is a 3 star matchup. QBs perform close to their average vs. ARI who currently ranks #15 against this position"
"90","Behren MortonB. Morton NE","at  SEAThis is a 1 star matchup. QBs perform below their average vs. SEA who currently ranks #32 against this position","vs.  PITThis is a 4 star matchup. QBs perform close to their average vs. PIT who currently ranks #11 against this position","at  JACThis is a 3 star matchup. QBs perform close to their average vs. JAC who currently ranks #16 against this position","at  BUFThis is a 3 star matchup. QBs perform close to their average vs. BUF who currently ranks #21 against this position","vs.  LVThis is a 3 star matchup. QBs perform close to their average vs. LV who currently ranks #14 against this position","vs.  NYJThis is a 4 star matchup. QBs perform better than their average vs. NYJ who currently ranks #7 against this position","at  CHIThis is a 5 star matchup. QBs perform better than their average vs. CHI who currently ranks #4 against this position","at  MIAThis is a 4 star matchup. QBs perform better than their average vs. MIA who currently ranks #5 against this position","vs.  GBThis is a 3 star matchup. QBs perform close to their average vs. GB who currently ranks #12 against this position","at  DETThis is a 3 star matchup. QBs perform close to their average vs. DET who currently ranks #13 against this position","BYE","at  LACThis is a 2 star matchup. QBs perform below their average vs. LAC who currently ranks #29 against this position","vs.  BUFThis is a 3 star matchup. QBs perform close to their average vs. BUF who currently ranks #21 against this position","vs.  MINThis is a 2 star matchup. QBs perform below their average vs. MIN who currently ranks #27 against this position","at  KCThis is a 3 star matchup. QBs perform close to their average vs. KC who currently ranks #22 against this position","at  NYJThis is a 4 star matchup. QBs perform better than their average vs. NYJ who currently ranks #7 against this position","vs.  DENThis is a 1 star matchup. QBs perform below their average vs. DEN who currently ranks #30 against this position","vs.  MIAThis is a 4 star matchup. QBs perform better than their average vs. MIA who currently ranks #5 against this position"
"91","Skylar ThompsonS. Thompson BAL","at  INDThis is a 3 star matchup. QBs perform close to their average vs. IND who currently ranks #20 against this position","vs.  NOThis is a 2 star matchup. QBs perform close to their average vs. NO who currently ranks #25 against this position","at  DALThis is a 5 star matchup. QBs perform better than their average vs. DAL who currently ranks #1 against this position","vs.  TENThis is a 5 star matchup. QBs perform better than their average vs. TEN who currently ranks #2 against this position","at  ATLThis is a 3 star matchup. QBs perform close to their average vs. ATL who currently ranks #19 against this position","at  CLEThis is a 2 star matchup. QBs perform below their average vs. CLE who currently ranks #26 against this position","vs.  CINThis is a 4 star matchup. QBs perform better than their average vs. CIN who currently ranks #6 against this position","at  BUFThis is a 3 star matchup. QBs perform close to their average vs. BUF who currently ranks #21 against this position","vs.  JACThis is a 3 star matchup. QBs perform close to their average vs. JAC who currently ranks #16 against this position","vs.  LACThis is a 2 star matchup. QBs perform below their average vs. LAC who currently ranks #29 against this position","at  CARThis is a 3 star matchup. QBs perform close to their average vs. CAR who currently ranks #23 against this position","at  HOUThis is a 1 star matchup. QBs perform below their average vs. HOU who currently ranks #31 against this position","BYE","vs.  TBThis is a 4 star matchup. QBs perform better than their average vs. TB who currently ranks #9 against this position","at  PITThis is a 4 star matchup. QBs perform close to their average vs. PIT who currently ranks #11 against this position","vs.  CLEThis is a 2 star matchup. QBs perform below their average vs. CLE who currently ranks #26 against this position","at  CINThis is a 4 star matchup. QBs perform better than their average vs. CIN who currently ranks #6 against this position","vs.  PITThis is a 4 star matchup. QBs perform close to their average vs. PIT who currently ranks #11 against this position"
"92","Case KeenumC. Keenum CHI","at  CARThis is a 3 star matchup. QBs perform close to their average vs. CAR who currently ranks #23 against this position","vs.  MINThis is a 2 star matchup. QBs perform below their average vs. MIN who currently ranks #27 against this position","vs.  PHIThis is a 2 star matchup. QBs perform below their average vs. PHI who currently ranks #28 against this position","vs.  NYJThis is a 4 star matchup. QBs perform better than their average vs. NYJ who currently ranks #7 against this position","at  GBThis is a 3 star matchup. QBs perform close to their average vs. GB who currently ranks #12 against this position","at  ATLThis is a 3 star matchup. QBs perform close to their average vs. ATL who currently ranks #19 against this position","vs.  NEThis is a 4 star matchup. QBs perform better than their average vs. NE who currently ranks #8 against this position","at  SEAThis is a 1 star matchup. QBs perform below their average vs. SEA who currently ranks #32 against this position","vs.  TBThis is a 4 star matchup. QBs perform better than their average vs. TB who currently ranks #9 against this position","BYE","vs.  NOThis is a 2 star matchup. QBs perform close to their average vs. NO who currently ranks #25 against this position","at  DETThis is a 3 star matchup. QBs perform close to their average vs. DET who currently ranks #13 against this position","vs.  JACThis is a 3 star matchup. QBs perform close to their average vs. JAC who currently ranks #16 against this position","at  MIAThis is a 4 star matchup. QBs perform better than their average vs. MIA who currently ranks #5 against this position","at  BUFThis is a 3 star matchup. QBs perform close to their average vs. BUF who currently ranks #21 against this position","vs.  GBThis is a 3 star matchup. QBs perform close to their average vs. GB who currently ranks #12 against this position","vs.  DETThis is a 3 star matchup. QBs perform close to their average vs. DET who currently ranks #13 against this position","at  MINThis is a 2 star matchup. QBs perform below their average vs. MIN who currently ranks #27 against this position"
"93","Cam MillerC. Miller MIA","at  LVThis is a 3 star matchup. QBs perform close to their average vs. LV who currently ranks #14 against this position","at  SFThis is a 4 star matchup. QBs perform better than their average vs. SF who currently ranks #10 against this position","vs.  KCThis is a 3 star matchup. QBs perform close to their average vs. KC who currently ranks #22 against this position","at  MINThis is a 2 star matchup. QBs perform below their average vs. MIN who currently ranks #27 against this position","vs.  CINThis is a 4 star matchup. QBs perform better than their average vs. CIN who currently ranks #6 against this position","BYE","at  NYJThis is a 4 star matchup. QBs perform better than their average vs. NYJ who currently ranks #7 against this position","vs.  NEThis is a 4 star matchup. QBs perform better than their average vs. NE who currently ranks #8 against this position","vs.  DETThis is a 3 star matchup. QBs perform close to their average vs. DET who currently ranks #13 against this position","at  INDThis is a 3 star matchup. QBs perform close to their average vs. IND who currently ranks #20 against this position","at  BUFThis is a 3 star matchup. QBs perform close to their average vs. BUF who currently ranks #21 against this position","vs.  NYJThis is a 4 star matchup. QBs perform better than their average vs. NYJ who currently ranks #7 against this position","at  DENThis is a 1 star matchup. QBs perform below their average vs. DEN who currently ranks #30 against this position","vs.  CHIThis is a 5 star matchup. QBs perform better than their average vs. CHI who currently ranks #4 against this position","at  GBThis is a 3 star matchup. QBs perform close to their average vs. GB who currently ranks #12 against this position","vs.  LACThis is a 2 star matchup. QBs perform below their average vs. LAC who currently ranks #29 against this position","vs.  BUFThis is a 3 star matchup. QBs perform close to their average vs. BUF who currently ranks #21 against this position","at  NEThis is a 4 star matchup. QBs perform better than their average vs. NE who currently ranks #8 against this position"
"94","Athan KaliakmanisA. Kaliakmanis WAS","at  PHIThis is a 2 star matchup. QBs perform below their average vs. PHI who currently ranks #28 against this position","at  DALThis is a 5 star matchup. QBs perform better than their average vs. DAL who currently ranks #1 against this position","vs.  SEAThis is a 1 star matchup. QBs perform below their average vs. SEA who currently ranks #32 against this position","vs.  INDThis is a 3 star matchup. QBs perform close to their average vs. IND who currently ranks #20 against this position","vs.  NYGThis is a 3 star matchup. QBs perform close to their average vs. NYG who currently ranks #18 against this position","at  SFThis is a 4 star matchup. QBs perform better than their average vs. SF who currently ranks #10 against this position","BYE","vs.  PHIThis is a 2 star matchup. QBs perform below their average vs. PHI who currently ranks #28 against this position","vs.  LARThis is a 3 star matchup. QBs perform close to their average vs. LAR who currently ranks #17 against this position","at  NYGThis is a 3 star matchup. QBs perform close to their average vs. NYG who currently ranks #18 against this position","vs.  CINThis is a 4 star matchup. QBs perform better than their average vs. CIN who currently ranks #6 against this position","at  ARIThis is a 3 star matchup. QBs perform close to their average vs. ARI who currently ranks #15 against this position","at  TENThis is a 5 star matchup. QBs perform better than their average vs. TEN who currently ranks #2 against this position","vs.  HOUThis is a 1 star matchup. QBs perform below their average vs. HOU who currently ranks #31 against this position","vs.  ATLThis is a 3 star matchup. QBs perform close to their average vs. ATL who currently ranks #19 against this position","at  MINThis is a 2 star matchup. QBs perform below their average vs. MIN who currently ranks #27 against this position","at  JACThis is a 3 star matchup. QBs perform close to their average vs. JAC who currently ranks #16 against this position","vs.  DALThis is a 5 star matchup. QBs perform better than their average vs. DAL who currently ranks #1 against this position"
"95","DJ UiagaleleiDJ Uiagalelei LAC","vs.  ARIThis is a 3 star matchup. QBs perform close to their average vs. ARI who currently ranks #15 against this position","vs.  LVThis is a 3 star matchup. QBs perform close to their average vs. LV who currently ranks #14 against this position","at  BUFThis is a 3 star matchup. QBs perform close to their average vs. BUF who currently ranks #21 against this position","at  SEAThis is a 1 star matchup. QBs perform below their average vs. SEA who currently ranks #32 against this position","vs.  DENThis is a 1 star matchup. QBs perform below their average vs. DEN who currently ranks #30 against this position","at  KCThis is a 3 star matchup. QBs perform close to their average vs. KC who currently ranks #22 against this position","BYE","at  LARThis is a 3 star matchup. QBs perform close to their average vs. LAR who currently ranks #17 against this position","vs.  HOUThis is a 1 star matchup. QBs perform below their average vs. HOU who currently ranks #31 against this position","at  BALThis is a 2 star matchup. QBs perform close to their average vs. BAL who currently ranks #24 against this position","vs.  NYJThis is a 4 star matchup. QBs perform better than their average vs. NYJ who currently ranks #7 against this position","vs.  NEThis is a 4 star matchup. QBs perform better than their average vs. NE who currently ranks #8 against this position","at  TBThis is a 4 star matchup. QBs perform better than their average vs. TB who currently ranks #9 against this position","at  LVThis is a 3 star matchup. QBs perform close to their average vs. LV who currently ranks #14 against this position","vs.  SFThis is a 4 star matchup. QBs perform better than their average vs. SF who currently ranks #10 against this position","at  MIAThis is a 4 star matchup. QBs perform better than their average vs. MIA who currently ranks #5 against this position","vs.  KCThis is a 3 star matchup. QBs perform close to their average vs. KC who currently ranks #22 against this position","at  DENThis is a 1 star matchup. QBs perform below their average vs. DEN who currently ranks #30 against this position"
"96","Max BrosmerM. Brosmer MIN","vs.  GBThis is a 3 star matchup. QBs perform close to their average vs. GB who currently ranks #12 against this position","at  CHIThis is a 5 star matchup. QBs perform better than their average vs. CHI who currently ranks #4 against this position","at  TBThis is a 4 star matchup. QBs perform better than their average vs. TB who currently ranks #9 against this position","vs.  MIAThis is a 4 star matchup. QBs perform better than their average vs. MIA who currently ranks #5 against this position","at  NOThis is a 2 star matchup. QBs perform close to their average vs. NO who currently ranks #25 against this position","BYE","vs.  INDThis is a 3 star matchup. QBs perform close to their average vs. IND who currently ranks #20 against this position","at  DETThis is a 3 star matchup. QBs perform close to their average vs. DET who currently ranks #13 against this position","vs.  BUFThis is a 3 star matchup. QBs perform close to their average vs. BUF who currently ranks #21 against this position","at  GBThis is a 3 star matchup. QBs perform close to their average vs. GB who currently ranks #12 against this position","at  SFThis is a 4 star matchup. QBs perform better than their average vs. SF who currently ranks #10 against this position","vs.  ATLThis is a 3 star matchup. QBs perform close to their average vs. ATL who currently ranks #19 against this position","vs.  CARThis is a 3 star matchup. QBs perform close to their average vs. CAR who currently ranks #23 against this position","at  NEThis is a 4 star matchup. QBs perform better than their average vs. NE who currently ranks #8 against this position","vs.  DETThis is a 3 star matchup. QBs perform close to their average vs. DET who currently ranks #13 against this position","vs.  WASThis is a 5 star matchup. QBs perform better than their average vs. WAS who currently ranks #3 against this position","at  NYJThis is a 4 star matchup. QBs perform better than their average vs. NYJ who currently ranks #7 against this position","vs.  CHIThis is a 5 star matchup. QBs perform better than their average vs. CHI who currently ranks #4 against this position"
"97","Sam HartmanS. Hartman WAS","at  PHIThis is a 2 star matchup. QBs perform below their average vs. PHI who currently ranks #28 against this position","at  DALThis is a 5 star matchup. QBs perform better than their average vs. DAL who currently ranks #1 against this position","vs.  SEAThis is a 1 star matchup. QBs perform below their average vs. SEA who currently ranks #32 against this position","vs.  INDThis is a 3 star matchup. QBs perform close to their average vs. IND who currently ranks #20 against this position","vs.  NYGThis is a 3 star matchup. QBs perform close to their average vs. NYG who currently ranks #18 against this position","at  SFThis is a 4 star matchup. QBs perform better than their average vs. SF who currently ranks #10 against this position","BYE","vs.  PHIThis is a 2 star matchup. QBs perform below their average vs. PHI who currently ranks #28 against this position","vs.  LARThis is a 3 star matchup. QBs perform close to their average vs. LAR who currently ranks #17 against this position","at  NYGThis is a 3 star matchup. QBs perform close to their average vs. NYG who currently ranks #18 against this position","vs.  CINThis is a 4 star matchup. QBs perform better than their average vs. CIN who currently ranks #6 against this position","at  ARIThis is a 3 star matchup. QBs perform close to their average vs. ARI who currently ranks #15 against this position","at  TENThis is a 5 star matchup. QBs perform better than their average vs. TEN who currently ranks #2 against this position","vs.  HOUThis is a 1 star matchup. QBs perform below their average vs. HOU who currently ranks #31 against this position","vs.  ATLThis is a 3 star matchup. QBs perform close to their average vs. ATL who currently ranks #19 against this position","at  MINThis is a 2 star matchup. QBs perform below their average vs. MIN who currently ranks #27 against this position","at  JACThis is a 3 star matchup. QBs perform close to their average vs. JAC who currently ranks #16 against this position","vs.  DALThis is a 5 star matchup. QBs perform better than their average vs. DAL who currently ranks #1 against this position"
"98","Bailey ZappeB. Zappe NYJ","at  TENThis is a 5 star matchup. QBs perform better than their average vs. TEN who currently ranks #2 against this position","vs.  GBThis is a 3 star matchup. QBs perform close to their average vs. GB who currently ranks #12 against this position","at  DETThis is a 3 star matchup. QBs perform close to their average vs. DET who currently ranks #13 against this position","at  CHIThis is a 5 star matchup. QBs perform better than their average vs. CHI who currently ranks #4 against this position","vs.  CLEThis is a 2 star matchup. QBs perform below their average vs. CLE who currently ranks #26 against this position","at  NEThis is a 4 star matchup. QBs perform better than their average vs. NE who currently ranks #8 against this position","vs.  MIAThis is a 4 star matchup. QBs perform better than their average vs. MIA who currently ranks #5 against this position","vs.  LVThis is a 3 star matchup. QBs perform close to their average vs. LV who currently ranks #14 against this position","at  KCThis is a 3 star matchup. QBs perform close to their average vs. KC who currently ranks #22 against this position","vs.  BUFThis is a 3 star matchup. QBs perform close to their average vs. BUF who currently ranks #21 against this position","at  LACThis is a 2 star matchup. QBs perform below their average vs. LAC who currently ranks #29 against this position","at  MIAThis is a 4 star matchup. QBs perform better than their average vs. MIA who currently ranks #5 against this position","BYE","vs.  DENThis is a 1 star matchup. QBs perform below their average vs. DEN who currently ranks #30 against this position","at  ARIThis is a 3 star matchup. QBs perform close to their average vs. ARI who currently ranks #15 against this position","vs.  NEThis is a 4 star matchup. QBs perform better than their average vs. NE who currently ranks #8 against this position","vs.  MINThis is a 2 star matchup. QBs perform below their average vs. MIN who currently ranks #27 against this position","at  BUFThis is a 3 star matchup. QBs perform close to their average vs. BUF who currently ranks #21 against this position"
""
""