"ECR","Player","1","2","3","4","5","6","7","8","9","10","11","12","13","14","15","16","17","18"
"1","Brock BowersB. Bowers LV","vs.  MIAThis is a 3 star matchup. TEs perform close to their average vs. MIA who currently ranks #12 against this position","at  LACThis is a 4 star matchup. TEs perform better than their average vs. LAC who currently ranks #5 against this position","at  NOThis is a 2 star matchup. TEs perform below their average vs. NO who currently ranks #29 against this position","vs.  KCThis is a 3 star matchup. TEs perform close to their average vs. KC who currently ranks #17 against this position","at  NEThis is a 3 star matchup. TEs perform close to their average vs. NE who currently ranks #14 against this position","vs.  BUFThis is a 4 star matchup. TEs perform close to their average vs. BUF who currently ranks #11 against this position","vs.  LARThis is a 2 star matchup. TEs perform below their average vs. LAR who currently ranks #30 against this position","at  NYJThis is a 4 star matchup. TEs perform better than their average vs. NYJ who currently ranks #6 against this position","at  SFThis is a 2 star matchup. TEs perform below their average vs. SF who currently ranks #28 against this position","vs.  SEAThis is a 3 star matchup. TEs perform close to their average vs. SEA who currently ranks #18 against this position","at  DENThis is a 3 star matchup. TEs perform close to their average vs. DEN who currently ranks #19 against this position","at  CLEThis is a 2 star matchup. TEs perform below their average vs. CLE who currently ranks #31 against this position","BYE","vs.  LACThis is a 4 star matchup. TEs perform better than their average vs. LAC who currently ranks #5 against this position","vs.  DENThis is a 3 star matchup. TEs perform close to their average vs. DEN who currently ranks #19 against this position","vs.  TENThis is a 4 star matchup. TEs perform better than their average vs. TEN who currently ranks #8 against this position","at  ARIThis is a 4 star matchup. TEs perform better than their average vs. ARI who currently ranks #7 against this position","at  KCThis is a 3 star matchup. TEs perform close to their average vs. KC who currently ranks #17 against this position"
"2","Trey McBrideT. McBride ARI","at  LACThis is a 4 star matchup. TEs perform better than their average vs. LAC who currently ranks #5 against this position","vs.  SEAThis is a 3 star matchup. TEs perform close to their average vs. SEA who currently ranks #18 against this position","at  SFThis is a 2 star matchup. TEs perform below their average vs. SF who currently ranks #28 against this position","at  NYGThis is a 2 star matchup. TEs perform below their average vs. NYG who currently ranks #27 against this position","vs.  DETThis is a 3 star matchup. TEs perform close to their average vs. DET who currently ranks #22 against this position","at  LARThis is a 2 star matchup. TEs perform below their average vs. LAR who currently ranks #30 against this position","vs.  DENThis is a 3 star matchup. TEs perform close to their average vs. DEN who currently ranks #19 against this position","at  DALThis is a 4 star matchup. TEs perform better than their average vs. DAL who currently ranks #4 against this position","at  SEAThis is a 3 star matchup. TEs perform close to their average vs. SEA who currently ranks #18 against this position","vs.  LARThis is a 2 star matchup. TEs perform below their average vs. LAR who currently ranks #30 against this position","at  KCThis is a 3 star matchup. TEs perform close to their average vs. KC who currently ranks #17 against this position","vs.  WASThis is a 5 star matchup. TEs perform better than their average vs. WAS who currently ranks #2 against this position","vs.  PHIThis is a 2 star matchup. TEs perform below their average vs. PHI who currently ranks #32 against this position","BYE","vs.  NYJThis is a 4 star matchup. TEs perform better than their average vs. NYJ who currently ranks #6 against this position","at  NOThis is a 2 star matchup. TEs perform below their average vs. NO who currently ranks #29 against this position","vs.  LVThis is a 4 star matchup. TEs perform close to their average vs. LV who currently ranks #9 against this position","vs.  SFThis is a 2 star matchup. TEs perform below their average vs. SF who currently ranks #28 against this position"
"3","Colston LovelandC. Loveland CHI","at  CARThis is a 3 star matchup. TEs perform close to their average vs. CAR who currently ranks #16 against this position","vs.  MINThis is a 3 star matchup. TEs perform close to their average vs. MIN who currently ranks #23 against this position","vs.  PHIThis is a 2 star matchup. TEs perform below their average vs. PHI who currently ranks #32 against this position","vs.  NYJThis is a 4 star matchup. TEs perform better than their average vs. NYJ who currently ranks #6 against this position","at  GBThis is a 3 star matchup. TEs perform close to their average vs. GB who currently ranks #13 against this position","at  ATLThis is a 2 star matchup. TEs perform below their average vs. ATL who currently ranks #26 against this position","vs.  NEThis is a 3 star matchup. TEs perform close to their average vs. NE who currently ranks #14 against this position","at  SEAThis is a 3 star matchup. TEs perform close to their average vs. SEA who currently ranks #18 against this position","vs.  TBThis is a 5 star matchup. TEs perform better than their average vs. TB who currently ranks #1 against this position","BYE","vs.  NOThis is a 2 star matchup. TEs perform below their average vs. NO who currently ranks #29 against this position","at  DETThis is a 3 star matchup. TEs perform close to their average vs. DET who currently ranks #22 against this position","vs.  JACThis is a 2 star matchup. TEs perform close to their average vs. JAC who currently ranks #25 against this position","at  MIAThis is a 3 star matchup. TEs perform close to their average vs. MIA who currently ranks #12 against this position","at  BUFThis is a 4 star matchup. TEs perform close to their average vs. BUF who currently ranks #11 against this position","vs.  GBThis is a 3 star matchup. TEs perform close to their average vs. GB who currently ranks #13 against this position","vs.  DETThis is a 3 star matchup. TEs perform close to their average vs. DET who currently ranks #22 against this position","at  MINThis is a 3 star matchup. TEs perform close to their average vs. MIN who currently ranks #23 against this position"
"4","Tucker KraftT. Kraft GB","at  MINThis is a 3 star matchup. TEs perform close to their average vs. MIN who currently ranks #23 against this position","at  NYJThis is a 4 star matchup. TEs perform better than their average vs. NYJ who currently ranks #6 against this position","vs.  ATLThis is a 2 star matchup. TEs perform below their average vs. ATL who currently ranks #26 against this position","at  TBThis is a 5 star matchup. TEs perform better than their average vs. TB who currently ranks #1 against this position","vs.  CHIThis is a 3 star matchup. TEs perform close to their average vs. CHI who currently ranks #20 against this position","vs.  DALThis is a 4 star matchup. TEs perform better than their average vs. DAL who currently ranks #4 against this position","at  DETThis is a 3 star matchup. TEs perform close to their average vs. DET who currently ranks #22 against this position","vs.  CARThis is a 3 star matchup. TEs perform close to their average vs. CAR who currently ranks #16 against this position","at  NEThis is a 3 star matchup. TEs perform close to their average vs. NE who currently ranks #14 against this position","vs.  MINThis is a 3 star matchup. TEs perform close to their average vs. MIN who currently ranks #23 against this position","BYE","at  LARThis is a 2 star matchup. TEs perform below their average vs. LAR who currently ranks #30 against this position","at  NOThis is a 2 star matchup. TEs perform below their average vs. NO who currently ranks #29 against this position","vs.  BUFThis is a 4 star matchup. TEs perform close to their average vs. BUF who currently ranks #11 against this position","vs.  MIAThis is a 3 star matchup. TEs perform close to their average vs. MIA who currently ranks #12 against this position","at  CHIThis is a 3 star matchup. TEs perform close to their average vs. CHI who currently ranks #20 against this position","vs.  HOUThis is a 3 star matchup. TEs perform close to their average vs. HOU who currently ranks #21 against this position","vs.  DETThis is a 3 star matchup. TEs perform close to their average vs. DET who currently ranks #22 against this position"
"5","Tyler WarrenT. Warren IND","vs.  BALThis is a 2 star matchup. TEs perform close to their average vs. BAL who currently ranks #24 against this position","at  KCThis is a 3 star matchup. TEs perform close to their average vs. KC who currently ranks #17 against this position","vs.  HOUThis is a 3 star matchup. TEs perform close to their average vs. HOU who currently ranks #21 against this position","at  WASThis is a 5 star matchup. TEs perform better than their average vs. WAS who currently ranks #2 against this position","at  PITThis is a 3 star matchup. TEs perform close to their average vs. PIT who currently ranks #15 against this position","vs.  TENThis is a 4 star matchup. TEs perform better than their average vs. TEN who currently ranks #8 against this position","at  MINThis is a 3 star matchup. TEs perform close to their average vs. MIN who currently ranks #23 against this position","at  JACThis is a 2 star matchup. TEs perform close to their average vs. JAC who currently ranks #25 against this position","vs.  DALThis is a 4 star matchup. TEs perform better than their average vs. DAL who currently ranks #4 against this position","vs.  MIAThis is a 3 star matchup. TEs perform close to their average vs. MIA who currently ranks #12 against this position","at  HOUThis is a 3 star matchup. TEs perform close to their average vs. HOU who currently ranks #21 against this position","vs.  NYGThis is a 2 star matchup. TEs perform below their average vs. NYG who currently ranks #27 against this position","BYE","at  PHIThis is a 2 star matchup. TEs perform below their average vs. PHI who currently ranks #32 against this position","at  TENThis is a 4 star matchup. TEs perform better than their average vs. TEN who currently ranks #8 against this position","vs.  CINThis is a 4 star matchup. TEs perform better than their average vs. CIN who currently ranks #3 against this position","at  CLEThis is a 2 star matchup. TEs perform below their average vs. CLE who currently ranks #31 against this position","vs.  JACThis is a 2 star matchup. TEs perform close to their average vs. JAC who currently ranks #25 against this position"
"6","Sam LaPortaS. LaPorta DET","vs.  NOThis is a 2 star matchup. TEs perform below their average vs. NO who currently ranks #29 against this position","at  BUFThis is a 4 star matchup. TEs perform close to their average vs. BUF who currently ranks #11 against this position","vs.  NYJThis is a 4 star matchup. TEs perform better than their average vs. NYJ who currently ranks #6 against this position","at  CARThis is a 3 star matchup. TEs perform close to their average vs. CAR who currently ranks #16 against this position","at  ARIThis is a 4 star matchup. TEs perform better than their average vs. ARI who currently ranks #7 against this position","BYE","vs.  GBThis is a 3 star matchup. TEs perform close to their average vs. GB who currently ranks #13 against this position","vs.  MINThis is a 3 star matchup. TEs perform close to their average vs. MIN who currently ranks #23 against this position","at  MIAThis is a 3 star matchup. TEs perform close to their average vs. MIA who currently ranks #12 against this position","vs.  NEThis is a 3 star matchup. TEs perform close to their average vs. NE who currently ranks #14 against this position","vs.  TBThis is a 5 star matchup. TEs perform better than their average vs. TB who currently ranks #1 against this position","vs.  CHIThis is a 3 star matchup. TEs perform close to their average vs. CHI who currently ranks #20 against this position","at  ATLThis is a 2 star matchup. TEs perform below their average vs. ATL who currently ranks #26 against this position","vs.  TENThis is a 4 star matchup. TEs perform better than their average vs. TEN who currently ranks #8 against this position","at  MINThis is a 3 star matchup. TEs perform close to their average vs. MIN who currently ranks #23 against this position","vs.  NYGThis is a 2 star matchup. TEs perform below their average vs. NYG who currently ranks #27 against this position","at  CHIThis is a 3 star matchup. TEs perform close to their average vs. CHI who currently ranks #20 against this position","at  GBThis is a 3 star matchup. TEs perform close to their average vs. GB who currently ranks #13 against this position"
"7","Harold Fannin Jr.H. Fannin Jr. CLE","at  JACThis is a 2 star matchup. TEs perform close to their average vs. JAC who currently ranks #25 against this position","at  TBThis is a 5 star matchup. TEs perform better than their average vs. TB who currently ranks #1 against this position","vs.  CARThis is a 3 star matchup. TEs perform close to their average vs. CAR who currently ranks #16 against this position","vs.  PITThis is a 3 star matchup. TEs perform close to their average vs. PIT who currently ranks #15 against this position","at  NYJThis is a 4 star matchup. TEs perform better than their average vs. NYJ who currently ranks #6 against this position","vs.  BALThis is a 2 star matchup. TEs perform close to their average vs. BAL who currently ranks #24 against this position","at  TENThis is a 4 star matchup. TEs perform better than their average vs. TEN who currently ranks #8 against this position","at  PITThis is a 3 star matchup. TEs perform close to their average vs. PIT who currently ranks #15 against this position","at  NOThis is a 2 star matchup. TEs perform below their average vs. NO who currently ranks #29 against this position","vs.  HOUThis is a 3 star matchup. TEs perform close to their average vs. HOU who currently ranks #21 against this position","BYE","vs.  LVThis is a 4 star matchup. TEs perform close to their average vs. LV who currently ranks #9 against this position","vs.  CINThis is a 4 star matchup. TEs perform better than their average vs. CIN who currently ranks #3 against this position","vs.  ATLThis is a 2 star matchup. TEs perform below their average vs. ATL who currently ranks #26 against this position","at  NYGThis is a 2 star matchup. TEs perform below their average vs. NYG who currently ranks #27 against this position","at  BALThis is a 2 star matchup. TEs perform close to their average vs. BAL who currently ranks #24 against this position","vs.  INDThis is a 4 star matchup. TEs perform close to their average vs. IND who currently ranks #10 against this position","at  CINThis is a 4 star matchup. TEs perform better than their average vs. CIN who currently ranks #3 against this position"
"8","Kyle Pitts Sr.K. Pitts Sr. ATL","at  PITThis is a 3 star matchup. TEs perform close to their average vs. PIT who currently ranks #15 against this position","vs.  CARThis is a 3 star matchup. TEs perform close to their average vs. CAR who currently ranks #16 against this position","at  GBThis is a 3 star matchup. TEs perform close to their average vs. GB who currently ranks #13 against this position","at  NOThis is a 2 star matchup. TEs perform below their average vs. NO who currently ranks #29 against this position","vs.  BALThis is a 2 star matchup. TEs perform close to their average vs. BAL who currently ranks #24 against this position","vs.  CHIThis is a 3 star matchup. TEs perform close to their average vs. CHI who currently ranks #20 against this position","vs.  SFThis is a 2 star matchup. TEs perform below their average vs. SF who currently ranks #28 against this position","at  TBThis is a 5 star matchup. TEs perform better than their average vs. TB who currently ranks #1 against this position","vs.  CINThis is a 4 star matchup. TEs perform better than their average vs. CIN who currently ranks #3 against this position","vs.  KCThis is a 3 star matchup. TEs perform close to their average vs. KC who currently ranks #17 against this position","BYE","at  MINThis is a 3 star matchup. TEs perform close to their average vs. MIN who currently ranks #23 against this position","vs.  DETThis is a 3 star matchup. TEs perform close to their average vs. DET who currently ranks #22 against this position","at  CLEThis is a 2 star matchup. TEs perform below their average vs. CLE who currently ranks #31 against this position","at  WASThis is a 5 star matchup. TEs perform better than their average vs. WAS who currently ranks #2 against this position","vs.  TBThis is a 5 star matchup. TEs perform better than their average vs. TB who currently ranks #1 against this position","vs.  NOThis is a 2 star matchup. TEs perform below their average vs. NO who currently ranks #29 against this position","at  CARThis is a 3 star matchup. TEs perform close to their average vs. CAR who currently ranks #16 against this position"
"9","George KittleG. Kittle SF","at  LARThis is a 2 star matchup. TEs perform below their average vs. LAR who currently ranks #30 against this position","vs.  MIAThis is a 3 star matchup. TEs perform close to their average vs. MIA who currently ranks #12 against this position","vs.  ARIThis is a 4 star matchup. TEs perform better than their average vs. ARI who currently ranks #7 against this position","vs.  DENThis is a 3 star matchup. TEs perform close to their average vs. DEN who currently ranks #19 against this position","at  SEAThis is a 3 star matchup. TEs perform close to their average vs. SEA who currently ranks #18 against this position","vs.  WASThis is a 5 star matchup. TEs perform better than their average vs. WAS who currently ranks #2 against this position","at  ATLThis is a 2 star matchup. TEs perform below their average vs. ATL who currently ranks #26 against this position","BYE","vs.  LVThis is a 4 star matchup. TEs perform close to their average vs. LV who currently ranks #9 against this position","at  DALThis is a 4 star matchup. TEs perform better than their average vs. DAL who currently ranks #4 against this position","vs.  MINThis is a 3 star matchup. TEs perform close to their average vs. MIN who currently ranks #23 against this position","vs.  SEAThis is a 3 star matchup. TEs perform close to their average vs. SEA who currently ranks #18 against this position","at  NYGThis is a 2 star matchup. TEs perform below their average vs. NYG who currently ranks #27 against this position","vs.  LARThis is a 2 star matchup. TEs perform below their average vs. LAR who currently ranks #30 against this position","at  LACThis is a 4 star matchup. TEs perform better than their average vs. LAC who currently ranks #5 against this position","at  KCThis is a 3 star matchup. TEs perform close to their average vs. KC who currently ranks #17 against this position","vs.  PHIThis is a 2 star matchup. TEs perform below their average vs. PHI who currently ranks #32 against this position","at  ARIThis is a 4 star matchup. TEs perform better than their average vs. ARI who currently ranks #7 against this position"
"10","Dalton KincaidD. Kincaid BUF","at  HOUThis is a 3 star matchup. TEs perform close to their average vs. HOU who currently ranks #21 against this position","vs.  DETThis is a 3 star matchup. TEs perform close to their average vs. DET who currently ranks #22 against this position","vs.  LACThis is a 4 star matchup. TEs perform better than their average vs. LAC who currently ranks #5 against this position","vs.  NEThis is a 3 star matchup. TEs perform close to their average vs. NE who currently ranks #14 against this position","at  LARThis is a 2 star matchup. TEs perform below their average vs. LAR who currently ranks #30 against this position","at  LVThis is a 4 star matchup. TEs perform close to their average vs. LV who currently ranks #9 against this position","BYE","vs.  BALThis is a 2 star matchup. TEs perform close to their average vs. BAL who currently ranks #24 against this position","at  MINThis is a 3 star matchup. TEs perform close to their average vs. MIN who currently ranks #23 against this position","at  NYJThis is a 4 star matchup. TEs perform better than their average vs. NYJ who currently ranks #6 against this position","vs.  MIAThis is a 3 star matchup. TEs perform close to their average vs. MIA who currently ranks #12 against this position","vs.  KCThis is a 3 star matchup. TEs perform close to their average vs. KC who currently ranks #17 against this position","at  NEThis is a 3 star matchup. TEs perform close to their average vs. NE who currently ranks #14 against this position","at  GBThis is a 3 star matchup. TEs perform close to their average vs. GB who currently ranks #13 against this position","vs.  CHIThis is a 3 star matchup. TEs perform close to their average vs. CHI who currently ranks #20 against this position","at  DENThis is a 3 star matchup. TEs perform close to their average vs. DEN who currently ranks #19 against this position","at  MIAThis is a 3 star matchup. TEs perform close to their average vs. MIA who currently ranks #12 against this position","vs.  NYJThis is a 4 star matchup. TEs perform better than their average vs. NYJ who currently ranks #6 against this position"
"11","Travis KelceT. Kelce KC","vs.  DENThis is a 3 star matchup. TEs perform close to their average vs. DEN who currently ranks #19 against this position","vs.  INDThis is a 4 star matchup. TEs perform close to their average vs. IND who currently ranks #10 against this position","at  MIAThis is a 3 star matchup. TEs perform close to their average vs. MIA who currently ranks #12 against this position","at  LVThis is a 4 star matchup. TEs perform close to their average vs. LV who currently ranks #9 against this position","BYE","vs.  LACThis is a 4 star matchup. TEs perform better than their average vs. LAC who currently ranks #5 against this position","at  SEAThis is a 3 star matchup. TEs perform close to their average vs. SEA who currently ranks #18 against this position","at  DENThis is a 3 star matchup. TEs perform close to their average vs. DEN who currently ranks #19 against this position","vs.  NYJThis is a 4 star matchup. TEs perform better than their average vs. NYJ who currently ranks #6 against this position","at  ATLThis is a 2 star matchup. TEs perform below their average vs. ATL who currently ranks #26 against this position","vs.  ARIThis is a 4 star matchup. TEs perform better than their average vs. ARI who currently ranks #7 against this position","at  BUFThis is a 4 star matchup. TEs perform close to their average vs. BUF who currently ranks #11 against this position","at  LARThis is a 2 star matchup. TEs perform below their average vs. LAR who currently ranks #30 against this position","at  CINThis is a 4 star matchup. TEs perform better than their average vs. CIN who currently ranks #3 against this position","vs.  NEThis is a 3 star matchup. TEs perform close to their average vs. NE who currently ranks #14 against this position","vs.  SFThis is a 2 star matchup. TEs perform below their average vs. SF who currently ranks #28 against this position","at  LACThis is a 4 star matchup. TEs perform better than their average vs. LAC who currently ranks #5 against this position","vs.  LVThis is a 4 star matchup. TEs perform close to their average vs. LV who currently ranks #9 against this position"
"12","Mark AndrewsM. Andrews BAL","at  INDThis is a 4 star matchup. TEs perform close to their average vs. IND who currently ranks #10 against this position","vs.  NOThis is a 2 star matchup. TEs perform below their average vs. NO who currently ranks #29 against this position","at  DALThis is a 4 star matchup. TEs perform better than their average vs. DAL who currently ranks #4 against this position","vs.  TENThis is a 4 star matchup. TEs perform better than their average vs. TEN who currently ranks #8 against this position","at  ATLThis is a 2 star matchup. TEs perform below their average vs. ATL who currently ranks #26 against this position","at  CLEThis is a 2 star matchup. TEs perform below their average vs. CLE who currently ranks #31 against this position","vs.  CINThis is a 4 star matchup. TEs perform better than their average vs. CIN who currently ranks #3 against this position","at  BUFThis is a 4 star matchup. TEs perform close to their average vs. BUF who currently ranks #11 against this position","vs.  JACThis is a 2 star matchup. TEs perform close to their average vs. JAC who currently ranks #25 against this position","vs.  LACThis is a 4 star matchup. TEs perform better than their average vs. LAC who currently ranks #5 against this position","at  CARThis is a 3 star matchup. TEs perform close to their average vs. CAR who currently ranks #16 against this position","at  HOUThis is a 3 star matchup. TEs perform close to their average vs. HOU who currently ranks #21 against this position","BYE","vs.  TBThis is a 5 star matchup. TEs perform better than their average vs. TB who currently ranks #1 against this position","at  PITThis is a 3 star matchup. TEs perform close to their average vs. PIT who currently ranks #15 against this position","vs.  CLEThis is a 2 star matchup. TEs perform below their average vs. CLE who currently ranks #31 against this position","at  CINThis is a 4 star matchup. TEs perform better than their average vs. CIN who currently ranks #3 against this position","vs.  PITThis is a 3 star matchup. TEs perform close to their average vs. PIT who currently ranks #15 against this position"
"13","Dallas GoedertD. Goedert PHI","vs.  WASThis is a 5 star matchup. TEs perform better than their average vs. WAS who currently ranks #2 against this position","at  TENThis is a 4 star matchup. TEs perform better than their average vs. TEN who currently ranks #8 against this position","at  CHIThis is a 3 star matchup. TEs perform close to their average vs. CHI who currently ranks #20 against this position","vs.  LARThis is a 2 star matchup. TEs perform below their average vs. LAR who currently ranks #30 against this position","at  JACThis is a 2 star matchup. TEs perform close to their average vs. JAC who currently ranks #25 against this position","vs.  CARThis is a 3 star matchup. TEs perform close to their average vs. CAR who currently ranks #16 against this position","vs.  DALThis is a 4 star matchup. TEs perform better than their average vs. DAL who currently ranks #4 against this position","at  WASThis is a 5 star matchup. TEs perform better than their average vs. WAS who currently ranks #2 against this position","vs.  NYGThis is a 2 star matchup. TEs perform below their average vs. NYG who currently ranks #27 against this position","BYE","vs.  PITThis is a 3 star matchup. TEs perform close to their average vs. PIT who currently ranks #15 against this position","at  DALThis is a 4 star matchup. TEs perform better than their average vs. DAL who currently ranks #4 against this position","at  ARIThis is a 4 star matchup. TEs perform better than their average vs. ARI who currently ranks #7 against this position","vs.  INDThis is a 4 star matchup. TEs perform close to their average vs. IND who currently ranks #10 against this position","vs.  SEAThis is a 3 star matchup. TEs perform close to their average vs. SEA who currently ranks #18 against this position","vs.  HOUThis is a 3 star matchup. TEs perform close to their average vs. HOU who currently ranks #21 against this position","at  SFThis is a 2 star matchup. TEs perform below their average vs. SF who currently ranks #28 against this position","at  NYGThis is a 2 star matchup. TEs perform below their average vs. NYG who currently ranks #27 against this position"
"14","Isaiah LikelyI. Likely NYG","vs.  DALThis is a 4 star matchup. TEs perform better than their average vs. DAL who currently ranks #4 against this position","at  LARThis is a 2 star matchup. TEs perform below their average vs. LAR who currently ranks #30 against this position","vs.  TENThis is a 4 star matchup. TEs perform better than their average vs. TEN who currently ranks #8 against this position","vs.  ARIThis is a 4 star matchup. TEs perform better than their average vs. ARI who currently ranks #7 against this position","at  WASThis is a 5 star matchup. TEs perform better than their average vs. WAS who currently ranks #2 against this position","vs.  NOThis is a 2 star matchup. TEs perform below their average vs. NO who currently ranks #29 against this position","at  HOUThis is a 3 star matchup. TEs perform close to their average vs. HOU who currently ranks #21 against this position","BYE","at  PHIThis is a 2 star matchup. TEs perform below their average vs. PHI who currently ranks #32 against this position","vs.  WASThis is a 5 star matchup. TEs perform better than their average vs. WAS who currently ranks #2 against this position","vs.  JACThis is a 2 star matchup. TEs perform close to their average vs. JAC who currently ranks #25 against this position","at  INDThis is a 4 star matchup. TEs perform close to their average vs. IND who currently ranks #10 against this position","vs.  SFThis is a 2 star matchup. TEs perform below their average vs. SF who currently ranks #28 against this position","at  SEAThis is a 3 star matchup. TEs perform close to their average vs. SEA who currently ranks #18 against this position","vs.  CLEThis is a 2 star matchup. TEs perform below their average vs. CLE who currently ranks #31 against this position","at  DETThis is a 3 star matchup. TEs perform close to their average vs. DET who currently ranks #22 against this position","at  DALThis is a 4 star matchup. TEs perform better than their average vs. DAL who currently ranks #4 against this position","vs.  PHIThis is a 2 star matchup. TEs perform below their average vs. PHI who currently ranks #32 against this position"
"15","Jake FergusonJ. Ferguson DAL","at  NYGThis is a 2 star matchup. TEs perform below their average vs. NYG who currently ranks #27 against this position","vs.  WASThis is a 5 star matchup. TEs perform better than their average vs. WAS who currently ranks #2 against this position","vs.  BALThis is a 2 star matchup. TEs perform close to their average vs. BAL who currently ranks #24 against this position","at  HOUThis is a 3 star matchup. TEs perform close to their average vs. HOU who currently ranks #21 against this position","vs.  TBThis is a 5 star matchup. TEs perform better than their average vs. TB who currently ranks #1 against this position","at  GBThis is a 3 star matchup. TEs perform close to their average vs. GB who currently ranks #13 against this position","at  PHIThis is a 2 star matchup. TEs perform below their average vs. PHI who currently ranks #32 against this position","vs.  ARIThis is a 4 star matchup. TEs perform better than their average vs. ARI who currently ranks #7 against this position","at  INDThis is a 4 star matchup. TEs perform close to their average vs. IND who currently ranks #10 against this position","vs.  SFThis is a 2 star matchup. TEs perform below their average vs. SF who currently ranks #28 against this position","vs.  TENThis is a 4 star matchup. TEs perform better than their average vs. TEN who currently ranks #8 against this position","vs.  PHIThis is a 2 star matchup. TEs perform below their average vs. PHI who currently ranks #32 against this position","at  SEAThis is a 3 star matchup. TEs perform close to their average vs. SEA who currently ranks #18 against this position","BYE","at  LARThis is a 2 star matchup. TEs perform below their average vs. LAR who currently ranks #30 against this position","vs.  JACThis is a 2 star matchup. TEs perform close to their average vs. JAC who currently ranks #25 against this position","vs.  NYGThis is a 2 star matchup. TEs perform below their average vs. NYG who currently ranks #27 against this position","at  WASThis is a 5 star matchup. TEs perform better than their average vs. WAS who currently ranks #2 against this position"
"16","Brenton StrangeB. Strange JAC","vs.  CLEThis is a 2 star matchup. TEs perform below their average vs. CLE who currently ranks #31 against this position","at  DENThis is a 3 star matchup. TEs perform close to their average vs. DEN who currently ranks #19 against this position","vs.  NEThis is a 3 star matchup. TEs perform close to their average vs. NE who currently ranks #14 against this position","at  CINThis is a 4 star matchup. TEs perform better than their average vs. CIN who currently ranks #3 against this position","vs.  PHIThis is a 2 star matchup. TEs perform below their average vs. PHI who currently ranks #32 against this position","vs.  HOUThis is a 3 star matchup. TEs perform close to their average vs. HOU who currently ranks #21 against this position","BYE","vs.  INDThis is a 4 star matchup. TEs perform close to their average vs. IND who currently ranks #10 against this position","at  BALThis is a 2 star matchup. TEs perform close to their average vs. BAL who currently ranks #24 against this position","at  TENThis is a 4 star matchup. TEs perform better than their average vs. TEN who currently ranks #8 against this position","at  NYGThis is a 2 star matchup. TEs perform below their average vs. NYG who currently ranks #27 against this position","vs.  TENThis is a 4 star matchup. TEs perform better than their average vs. TEN who currently ranks #8 against this position","at  CHIThis is a 3 star matchup. TEs perform close to their average vs. CHI who currently ranks #20 against this position","vs.  PITThis is a 3 star matchup. TEs perform close to their average vs. PIT who currently ranks #15 against this position","at  HOUThis is a 3 star matchup. TEs perform close to their average vs. HOU who currently ranks #21 against this position","at  DALThis is a 4 star matchup. TEs perform better than their average vs. DAL who currently ranks #4 against this position","vs.  WASThis is a 5 star matchup. TEs perform better than their average vs. WAS who currently ranks #2 against this position","at  INDThis is a 4 star matchup. TEs perform close to their average vs. IND who currently ranks #10 against this position"
"17","Hunter HenryH. Henry NE","at  SEAThis is a 3 star matchup. TEs perform close to their average vs. SEA who currently ranks #18 against this position","vs.  PITThis is a 3 star matchup. TEs perform close to their average vs. PIT who currently ranks #15 against this position","at  JACThis is a 2 star matchup. TEs perform close to their average vs. JAC who currently ranks #25 against this position","at  BUFThis is a 4 star matchup. TEs perform close to their average vs. BUF who currently ranks #11 against this position","vs.  LVThis is a 4 star matchup. TEs perform close to their average vs. LV who currently ranks #9 against this position","vs.  NYJThis is a 4 star matchup. TEs perform better than their average vs. NYJ who currently ranks #6 against this position","at  CHIThis is a 3 star matchup. TEs perform close to their average vs. CHI who currently ranks #20 against this position","at  MIAThis is a 3 star matchup. TEs perform close to their average vs. MIA who currently ranks #12 against this position","vs.  GBThis is a 3 star matchup. TEs perform close to their average vs. GB who currently ranks #13 against this position","at  DETThis is a 3 star matchup. TEs perform close to their average vs. DET who currently ranks #22 against this position","BYE","at  LACThis is a 4 star matchup. TEs perform better than their average vs. LAC who currently ranks #5 against this position","vs.  BUFThis is a 4 star matchup. TEs perform close to their average vs. BUF who currently ranks #11 against this position","vs.  MINThis is a 3 star matchup. TEs perform close to their average vs. MIN who currently ranks #23 against this position","at  KCThis is a 3 star matchup. TEs perform close to their average vs. KC who currently ranks #17 against this position","at  NYJThis is a 4 star matchup. TEs perform better than their average vs. NYJ who currently ranks #6 against this position","vs.  DENThis is a 3 star matchup. TEs perform close to their average vs. DEN who currently ranks #19 against this position","vs.  MIAThis is a 3 star matchup. TEs perform close to their average vs. MIA who currently ranks #12 against this position"
"18","Oronde Gadsden IIO. Gadsden II LAC","vs.  ARIThis is a 4 star matchup. TEs perform better than their average vs. ARI who currently ranks #7 against this position","vs.  LVThis is a 4 star matchup. TEs perform close to their average vs. LV who currently ranks #9 against this position","at  BUFThis is a 4 star matchup. TEs perform close to their average vs. BUF who currently ranks #11 against this position","at  SEAThis is a 3 star matchup. TEs perform close to their average vs. SEA who currently ranks #18 against this position","vs.  DENThis is a 3 star matchup. TEs perform close to their average vs. DEN who currently ranks #19 against this position","at  KCThis is a 3 star matchup. TEs perform close to their average vs. KC who currently ranks #17 against this position","BYE","at  LARThis is a 2 star matchup. TEs perform below their average vs. LAR who currently ranks #30 against this position","vs.  HOUThis is a 3 star matchup. TEs perform close to their average vs. HOU who currently ranks #21 against this position","at  BALThis is a 2 star matchup. TEs perform close to their average vs. BAL who currently ranks #24 against this position","vs.  NYJThis is a 4 star matchup. TEs perform better than their average vs. NYJ who currently ranks #6 against this position","vs.  NEThis is a 3 star matchup. TEs perform close to their average vs. NE who currently ranks #14 against this position","at  TBThis is a 5 star matchup. TEs perform better than their average vs. TB who currently ranks #1 against this position","at  LVThis is a 4 star matchup. TEs perform close to their average vs. LV who currently ranks #9 against this position","vs.  SFThis is a 2 star matchup. TEs perform below their average vs. SF who currently ranks #28 against this position","at  MIAThis is a 3 star matchup. TEs perform close to their average vs. MIA who currently ranks #12 against this position","vs.  KCThis is a 3 star matchup. TEs perform close to their average vs. KC who currently ranks #17 against this position","at  DENThis is a 3 star matchup. TEs perform close to their average vs. DEN who currently ranks #19 against this position"
"19","Juwan JohnsonJ. Johnson NO","at  DETThis is a 3 star matchup. TEs perform close to their average vs. DET who currently ranks #22 against this position","at  BALThis is a 2 star matchup. TEs perform close to their average vs. BAL who currently ranks #24 against this position","vs.  LVThis is a 4 star matchup. TEs perform close to their average vs. LV who currently ranks #9 against this position","vs.  ATLThis is a 2 star matchup. TEs perform below their average vs. ATL who currently ranks #26 against this position","vs.  MINThis is a 3 star matchup. TEs perform close to their average vs. MIN who currently ranks #23 against this position","at  NYGThis is a 2 star matchup. TEs perform below their average vs. NYG who currently ranks #27 against this position","vs.  PITThis is a 3 star matchup. TEs perform close to their average vs. PIT who currently ranks #15 against this position","BYE","vs.  CLEThis is a 2 star matchup. TEs perform below their average vs. CLE who currently ranks #31 against this position","vs.  CARThis is a 3 star matchup. TEs perform close to their average vs. CAR who currently ranks #16 against this position","at  CHIThis is a 3 star matchup. TEs perform close to their average vs. CHI who currently ranks #20 against this position","at  CINThis is a 4 star matchup. TEs perform better than their average vs. CIN who currently ranks #3 against this position","vs.  GBThis is a 3 star matchup. TEs perform close to their average vs. GB who currently ranks #13 against this position","at  CARThis is a 3 star matchup. TEs perform close to their average vs. CAR who currently ranks #16 against this position","at  TBThis is a 5 star matchup. TEs perform better than their average vs. TB who currently ranks #1 against this position","vs.  ARIThis is a 4 star matchup. TEs perform better than their average vs. ARI who currently ranks #7 against this position","at  ATLThis is a 2 star matchup. TEs perform below their average vs. ATL who currently ranks #26 against this position","vs.  TBThis is a 5 star matchup. TEs perform better than their average vs. TB who currently ranks #1 against this position"
"20","Chig OkonkwoC. Okonkwo WAS","at  PHIThis is a 2 star matchup. TEs perform below their average vs. PHI who currently ranks #32 against this position","at  DALThis is a 4 star matchup. TEs perform better than their average vs. DAL who currently ranks #4 against this position","vs.  SEAThis is a 3 star matchup. TEs perform close to their average vs. SEA who currently ranks #18 against this position","vs.  INDThis is a 4 star matchup. TEs perform close to their average vs. IND who currently ranks #10 against this position","vs.  NYGThis is a 2 star matchup. TEs perform below their average vs. NYG who currently ranks #27 against this position","at  SFThis is a 2 star matchup. TEs perform below their average vs. SF who currently ranks #28 against this position","BYE","vs.  PHIThis is a 2 star matchup. TEs perform below their average vs. PHI who currently ranks #32 against this position","vs.  LARThis is a 2 star matchup. TEs perform below their average vs. LAR who currently ranks #30 against this position","at  NYGThis is a 2 star matchup. TEs perform below their average vs. NYG who currently ranks #27 against this position","vs.  CINThis is a 4 star matchup. TEs perform better than their average vs. CIN who currently ranks #3 against this position","at  ARIThis is a 4 star matchup. TEs perform better than their average vs. ARI who currently ranks #7 against this position","at  TENThis is a 4 star matchup. TEs perform better than their average vs. TEN who currently ranks #8 against this position","vs.  HOUThis is a 3 star matchup. TEs perform close to their average vs. HOU who currently ranks #21 against this position","vs.  ATLThis is a 2 star matchup. TEs perform below their average vs. ATL who currently ranks #26 against this position","at  MINThis is a 3 star matchup. TEs perform close to their average vs. MIN who currently ranks #23 against this position","at  JACThis is a 2 star matchup. TEs perform close to their average vs. JAC who currently ranks #25 against this position","vs.  DALThis is a 4 star matchup. TEs perform better than their average vs. DAL who currently ranks #4 against this position"
"21","AJ BarnerAJ Barner SEA","vs.  NEThis is a 3 star matchup. TEs perform close to their average vs. NE who currently ranks #14 against this position","at  ARIThis is a 4 star matchup. TEs perform better than their average vs. ARI who currently ranks #7 against this position","at  WASThis is a 5 star matchup. TEs perform better than their average vs. WAS who currently ranks #2 against this position","vs.  LACThis is a 4 star matchup. TEs perform better than their average vs. LAC who currently ranks #5 against this position","vs.  SFThis is a 2 star matchup. TEs perform below their average vs. SF who currently ranks #28 against this position","at  DENThis is a 3 star matchup. TEs perform close to their average vs. DEN who currently ranks #19 against this position","vs.  KCThis is a 3 star matchup. TEs perform close to their average vs. KC who currently ranks #17 against this position","vs.  CHIThis is a 3 star matchup. TEs perform close to their average vs. CHI who currently ranks #20 against this position","vs.  ARIThis is a 4 star matchup. TEs perform better than their average vs. ARI who currently ranks #7 against this position","at  LVThis is a 4 star matchup. TEs perform close to their average vs. LV who currently ranks #9 against this position","BYE","at  SFThis is a 2 star matchup. TEs perform below their average vs. SF who currently ranks #28 against this position","vs.  DALThis is a 4 star matchup. TEs perform better than their average vs. DAL who currently ranks #4 against this position","vs.  NYGThis is a 2 star matchup. TEs perform below their average vs. NYG who currently ranks #27 against this position","at  PHIThis is a 2 star matchup. TEs perform below their average vs. PHI who currently ranks #32 against this position","vs.  LARThis is a 2 star matchup. TEs perform below their average vs. LAR who currently ranks #30 against this position","at  CARThis is a 3 star matchup. TEs perform close to their average vs. CAR who currently ranks #16 against this position","at  LARThis is a 2 star matchup. TEs perform below their average vs. LAR who currently ranks #30 against this position"
"22","Dalton SchultzD. Schultz HOU","vs.  BUFThis is a 4 star matchup. TEs perform close to their average vs. BUF who currently ranks #11 against this position","vs.  CINThis is a 4 star matchup. TEs perform better than their average vs. CIN who currently ranks #3 against this position","at  INDThis is a 4 star matchup. TEs perform close to their average vs. IND who currently ranks #10 against this position","vs.  DALThis is a 4 star matchup. TEs perform better than their average vs. DAL who currently ranks #4 against this position","at  TENThis is a 4 star matchup. TEs perform better than their average vs. TEN who currently ranks #8 against this position","at  JACThis is a 2 star matchup. TEs perform close to their average vs. JAC who currently ranks #25 against this position","vs.  NYGThis is a 2 star matchup. TEs perform below their average vs. NYG who currently ranks #27 against this position","BYE","at  LACThis is a 4 star matchup. TEs perform better than their average vs. LAC who currently ranks #5 against this position","at  CLEThis is a 2 star matchup. TEs perform below their average vs. CLE who currently ranks #31 against this position","vs.  INDThis is a 4 star matchup. TEs perform close to their average vs. IND who currently ranks #10 against this position","vs.  BALThis is a 2 star matchup. TEs perform close to their average vs. BAL who currently ranks #24 against this position","at  PITThis is a 3 star matchup. TEs perform close to their average vs. PIT who currently ranks #15 against this position","at  WASThis is a 5 star matchup. TEs perform better than their average vs. WAS who currently ranks #2 against this position","vs.  JACThis is a 2 star matchup. TEs perform close to their average vs. JAC who currently ranks #25 against this position","at  PHIThis is a 2 star matchup. TEs perform below their average vs. PHI who currently ranks #32 against this position","at  GBThis is a 3 star matchup. TEs perform close to their average vs. GB who currently ranks #13 against this position","vs.  TENThis is a 4 star matchup. TEs perform better than their average vs. TEN who currently ranks #8 against this position"
"23","T.J. HockensonT.J. Hockenson MIN","vs.  GBThis is a 3 star matchup. TEs perform close to their average vs. GB who currently ranks #13 against this position","at  CHIThis is a 3 star matchup. TEs perform close to their average vs. CHI who currently ranks #20 against this position","at  TBThis is a 5 star matchup. TEs perform better than their average vs. TB who currently ranks #1 against this position","vs.  MIAThis is a 3 star matchup. TEs perform close to their average vs. MIA who currently ranks #12 against this position","at  NOThis is a 2 star matchup. TEs perform below their average vs. NO who currently ranks #29 against this position","BYE","vs.  INDThis is a 4 star matchup. TEs perform close to their average vs. IND who currently ranks #10 against this position","at  DETThis is a 3 star matchup. TEs perform close to their average vs. DET who currently ranks #22 against this position","vs.  BUFThis is a 4 star matchup. TEs perform close to their average vs. BUF who currently ranks #11 against this position","at  GBThis is a 3 star matchup. TEs perform close to their average vs. GB who currently ranks #13 against this position","at  SFThis is a 2 star matchup. TEs perform below their average vs. SF who currently ranks #28 against this position","vs.  ATLThis is a 2 star matchup. TEs perform below their average vs. ATL who currently ranks #26 against this position","vs.  CARThis is a 3 star matchup. TEs perform close to their average vs. CAR who currently ranks #16 against this position","at  NEThis is a 3 star matchup. TEs perform close to their average vs. NE who currently ranks #14 against this position","vs.  DETThis is a 3 star matchup. TEs perform close to their average vs. DET who currently ranks #22 against this position","vs.  WASThis is a 5 star matchup. TEs perform better than their average vs. WAS who currently ranks #2 against this position","at  NYJThis is a 4 star matchup. TEs perform better than their average vs. NYJ who currently ranks #6 against this position","vs.  CHIThis is a 3 star matchup. TEs perform close to their average vs. CHI who currently ranks #20 against this position"
"24","Terrance FergusonT. Ferguson LAR","vs.  SFThis is a 2 star matchup. TEs perform below their average vs. SF who currently ranks #28 against this position","vs.  NYGThis is a 2 star matchup. TEs perform below their average vs. NYG who currently ranks #27 against this position","at  DENThis is a 3 star matchup. TEs perform close to their average vs. DEN who currently ranks #19 against this position","at  PHIThis is a 2 star matchup. TEs perform below their average vs. PHI who currently ranks #32 against this position","vs.  BUFThis is a 4 star matchup. TEs perform close to their average vs. BUF who currently ranks #11 against this position","vs.  ARIThis is a 4 star matchup. TEs perform better than their average vs. ARI who currently ranks #7 against this position","at  LVThis is a 4 star matchup. TEs perform close to their average vs. LV who currently ranks #9 against this position","vs.  LACThis is a 4 star matchup. TEs perform better than their average vs. LAC who currently ranks #5 against this position","at  WASThis is a 5 star matchup. TEs perform better than their average vs. WAS who currently ranks #2 against this position","at  ARIThis is a 4 star matchup. TEs perform better than their average vs. ARI who currently ranks #7 against this position","BYE","vs.  GBThis is a 3 star matchup. TEs perform close to their average vs. GB who currently ranks #13 against this position","vs.  KCThis is a 3 star matchup. TEs perform close to their average vs. KC who currently ranks #17 against this position","at  SFThis is a 2 star matchup. TEs perform below their average vs. SF who currently ranks #28 against this position","vs.  DALThis is a 4 star matchup. TEs perform better than their average vs. DAL who currently ranks #4 against this position","at  SEAThis is a 3 star matchup. TEs perform close to their average vs. SEA who currently ranks #18 against this position","at  TBThis is a 5 star matchup. TEs perform better than their average vs. TB who currently ranks #1 against this position","vs.  SEAThis is a 3 star matchup. TEs perform close to their average vs. SEA who currently ranks #18 against this position"
"25","Kenyon SadiqK. Sadiq NYJ","at  TENThis is a 4 star matchup. TEs perform better than their average vs. TEN who currently ranks #8 against this position","vs.  GBThis is a 3 star matchup. TEs perform close to their average vs. GB who currently ranks #13 against this position","at  DETThis is a 3 star matchup. TEs perform close to their average vs. DET who currently ranks #22 against this position","at  CHIThis is a 3 star matchup. TEs perform close to their average vs. CHI who currently ranks #20 against this position","vs.  CLEThis is a 2 star matchup. TEs perform below their average vs. CLE who currently ranks #31 against this position","at  NEThis is a 3 star matchup. TEs perform close to their average vs. NE who currently ranks #14 against this position","vs.  MIAThis is a 3 star matchup. TEs perform close to their average vs. MIA who currently ranks #12 against this position","vs.  LVThis is a 4 star matchup. TEs perform close to their average vs. LV who currently ranks #9 against this position","at  KCThis is a 3 star matchup. TEs perform close to their average vs. KC who currently ranks #17 against this position","vs.  BUFThis is a 4 star matchup. TEs perform close to their average vs. BUF who currently ranks #11 against this position","at  LACThis is a 4 star matchup. TEs perform better than their average vs. LAC who currently ranks #5 against this position","at  MIAThis is a 3 star matchup. TEs perform close to their average vs. MIA who currently ranks #12 against this position","BYE","vs.  DENThis is a 3 star matchup. TEs perform close to their average vs. DEN who currently ranks #19 against this position","at  ARIThis is a 4 star matchup. TEs perform better than their average vs. ARI who currently ranks #7 against this position","vs.  NEThis is a 3 star matchup. TEs perform close to their average vs. NE who currently ranks #14 against this position","vs.  MINThis is a 3 star matchup. TEs perform close to their average vs. MIN who currently ranks #23 against this position","at  BUFThis is a 4 star matchup. TEs perform close to their average vs. BUF who currently ranks #11 against this position"
"26","Gunnar HelmG. Helm TEN","vs.  NYJThis is a 4 star matchup. TEs perform better than their average vs. NYJ who currently ranks #6 against this position","vs.  PHIThis is a 2 star matchup. TEs perform below their average vs. PHI who currently ranks #32 against this position","at  NYGThis is a 2 star matchup. TEs perform below their average vs. NYG who currently ranks #27 against this position","at  BALThis is a 2 star matchup. TEs perform close to their average vs. BAL who currently ranks #24 against this position","vs.  HOUThis is a 3 star matchup. TEs perform close to their average vs. HOU who currently ranks #21 against this position","at  INDThis is a 4 star matchup. TEs perform close to their average vs. IND who currently ranks #10 against this position","vs.  CLEThis is a 2 star matchup. TEs perform below their average vs. CLE who currently ranks #31 against this position","at  CINThis is a 4 star matchup. TEs perform better than their average vs. CIN who currently ranks #3 against this position","BYE","vs.  JACThis is a 2 star matchup. TEs perform close to their average vs. JAC who currently ranks #25 against this position","at  DALThis is a 4 star matchup. TEs perform better than their average vs. DAL who currently ranks #4 against this position","at  JACThis is a 2 star matchup. TEs perform close to their average vs. JAC who currently ranks #25 against this position","vs.  WASThis is a 5 star matchup. TEs perform better than their average vs. WAS who currently ranks #2 against this position","at  DETThis is a 3 star matchup. TEs perform close to their average vs. DET who currently ranks #22 against this position","vs.  INDThis is a 4 star matchup. TEs perform close to their average vs. IND who currently ranks #10 against this position","at  LVThis is a 4 star matchup. TEs perform close to their average vs. LV who currently ranks #9 against this position","vs.  PITThis is a 3 star matchup. TEs perform close to their average vs. PIT who currently ranks #15 against this position","at  HOUThis is a 3 star matchup. TEs perform close to their average vs. HOU who currently ranks #21 against this position"
"27","Pat FreiermuthP. Freiermuth PIT","vs.  ATLThis is a 2 star matchup. TEs perform below their average vs. ATL who currently ranks #26 against this position","at  NEThis is a 3 star matchup. TEs perform close to their average vs. NE who currently ranks #14 against this position","vs.  CINThis is a 4 star matchup. TEs perform better than their average vs. CIN who currently ranks #3 against this position","at  CLEThis is a 2 star matchup. TEs perform below their average vs. CLE who currently ranks #31 against this position","vs.  INDThis is a 4 star matchup. TEs perform close to their average vs. IND who currently ranks #10 against this position","at  TBThis is a 5 star matchup. TEs perform better than their average vs. TB who currently ranks #1 against this position","at  NOThis is a 2 star matchup. TEs perform below their average vs. NO who currently ranks #29 against this position","vs.  CLEThis is a 2 star matchup. TEs perform below their average vs. CLE who currently ranks #31 against this position","BYE","at  CINThis is a 4 star matchup. TEs perform better than their average vs. CIN who currently ranks #3 against this position","at  PHIThis is a 2 star matchup. TEs perform below their average vs. PHI who currently ranks #32 against this position","vs.  DENThis is a 3 star matchup. TEs perform close to their average vs. DEN who currently ranks #19 against this position","vs.  HOUThis is a 3 star matchup. TEs perform close to their average vs. HOU who currently ranks #21 against this position","at  JACThis is a 2 star matchup. TEs perform close to their average vs. JAC who currently ranks #25 against this position","vs.  BALThis is a 2 star matchup. TEs perform close to their average vs. BAL who currently ranks #24 against this position","vs.  CARThis is a 3 star matchup. TEs perform close to their average vs. CAR who currently ranks #16 against this position","at  TENThis is a 4 star matchup. TEs perform better than their average vs. TEN who currently ranks #8 against this position","at  BALThis is a 2 star matchup. TEs perform close to their average vs. BAL who currently ranks #24 against this position"
"28","Cade OttonC. Otton TB","at  CINThis is a 4 star matchup. TEs perform better than their average vs. CIN who currently ranks #3 against this position","vs.  CLEThis is a 2 star matchup. TEs perform below their average vs. CLE who currently ranks #31 against this position","vs.  MINThis is a 3 star matchup. TEs perform close to their average vs. MIN who currently ranks #23 against this position","vs.  GBThis is a 3 star matchup. TEs perform close to their average vs. GB who currently ranks #13 against this position","at  DALThis is a 4 star matchup. TEs perform better than their average vs. DAL who currently ranks #4 against this position","vs.  PITThis is a 3 star matchup. TEs perform close to their average vs. PIT who currently ranks #15 against this position","at  CARThis is a 3 star matchup. TEs perform close to their average vs. CAR who currently ranks #16 against this position","vs.  ATLThis is a 2 star matchup. TEs perform below their average vs. ATL who currently ranks #26 against this position","at  CHIThis is a 3 star matchup. TEs perform close to their average vs. CHI who currently ranks #20 against this position","BYE","at  DETThis is a 3 star matchup. TEs perform close to their average vs. DET who currently ranks #22 against this position","vs.  CARThis is a 3 star matchup. TEs perform close to their average vs. CAR who currently ranks #16 against this position","vs.  LACThis is a 4 star matchup. TEs perform better than their average vs. LAC who currently ranks #5 against this position","at  BALThis is a 2 star matchup. TEs perform close to their average vs. BAL who currently ranks #24 against this position","vs.  NOThis is a 2 star matchup. TEs perform below their average vs. NO who currently ranks #29 against this position","at  ATLThis is a 2 star matchup. TEs perform below their average vs. ATL who currently ranks #26 against this position","vs.  LARThis is a 2 star matchup. TEs perform below their average vs. LAR who currently ranks #30 against this position","at  NOThis is a 2 star matchup. TEs perform below their average vs. NO who currently ranks #29 against this position"
"29","David NjokuD. Njoku LAC","vs.  ARIThis is a 4 star matchup. TEs perform better than their average vs. ARI who currently ranks #7 against this position","vs.  LVThis is a 4 star matchup. TEs perform close to their average vs. LV who currently ranks #9 against this position","at  BUFThis is a 4 star matchup. TEs perform close to their average vs. BUF who currently ranks #11 against this position","at  SEAThis is a 3 star matchup. TEs perform close to their average vs. SEA who currently ranks #18 against this position","vs.  DENThis is a 3 star matchup. TEs perform close to their average vs. DEN who currently ranks #19 against this position","at  KCThis is a 3 star matchup. TEs perform close to their average vs. KC who currently ranks #17 against this position","BYE","at  LARThis is a 2 star matchup. TEs perform below their average vs. LAR who currently ranks #30 against this position","vs.  HOUThis is a 3 star matchup. TEs perform close to their average vs. HOU who currently ranks #21 against this position","at  BALThis is a 2 star matchup. TEs perform close to their average vs. BAL who currently ranks #24 against this position","vs.  NYJThis is a 4 star matchup. TEs perform better than their average vs. NYJ who currently ranks #6 against this position","vs.  NEThis is a 3 star matchup. TEs perform close to their average vs. NE who currently ranks #14 against this position","at  TBThis is a 5 star matchup. TEs perform better than their average vs. TB who currently ranks #1 against this position","at  LVThis is a 4 star matchup. TEs perform close to their average vs. LV who currently ranks #9 against this position","vs.  SFThis is a 2 star matchup. TEs perform below their average vs. SF who currently ranks #28 against this position","at  MIAThis is a 3 star matchup. TEs perform close to their average vs. MIA who currently ranks #12 against this position","vs.  KCThis is a 3 star matchup. TEs perform close to their average vs. KC who currently ranks #17 against this position","at  DENThis is a 3 star matchup. TEs perform close to their average vs. DEN who currently ranks #19 against this position"
"30","Colby ParkinsonC. Parkinson LAR","vs.  SFThis is a 2 star matchup. TEs perform below their average vs. SF who currently ranks #28 against this position","vs.  NYGThis is a 2 star matchup. TEs perform below their average vs. NYG who currently ranks #27 against this position","at  DENThis is a 3 star matchup. TEs perform close to their average vs. DEN who currently ranks #19 against this position","at  PHIThis is a 2 star matchup. TEs perform below their average vs. PHI who currently ranks #32 against this position","vs.  BUFThis is a 4 star matchup. TEs perform close to their average vs. BUF who currently ranks #11 against this position","vs.  ARIThis is a 4 star matchup. TEs perform better than their average vs. ARI who currently ranks #7 against this position","at  LVThis is a 4 star matchup. TEs perform close to their average vs. LV who currently ranks #9 against this position","vs.  LACThis is a 4 star matchup. TEs perform better than their average vs. LAC who currently ranks #5 against this position","at  WASThis is a 5 star matchup. TEs perform better than their average vs. WAS who currently ranks #2 against this position","at  ARIThis is a 4 star matchup. TEs perform better than their average vs. ARI who currently ranks #7 against this position","BYE","vs.  GBThis is a 3 star matchup. TEs perform close to their average vs. GB who currently ranks #13 against this position","vs.  KCThis is a 3 star matchup. TEs perform close to their average vs. KC who currently ranks #17 against this position","at  SFThis is a 2 star matchup. TEs perform below their average vs. SF who currently ranks #28 against this position","vs.  DALThis is a 4 star matchup. TEs perform better than their average vs. DAL who currently ranks #4 against this position","at  SEAThis is a 3 star matchup. TEs perform close to their average vs. SEA who currently ranks #18 against this position","at  TBThis is a 5 star matchup. TEs perform better than their average vs. TB who currently ranks #1 against this position","vs.  SEAThis is a 3 star matchup. TEs perform close to their average vs. SEA who currently ranks #18 against this position"
"31","Evan EngramE. Engram DEN","at  KCThis is a 3 star matchup. TEs perform close to their average vs. KC who currently ranks #17 against this position","vs.  JACThis is a 2 star matchup. TEs perform close to their average vs. JAC who currently ranks #25 against this position","vs.  LARThis is a 2 star matchup. TEs perform below their average vs. LAR who currently ranks #30 against this position","at  SFThis is a 2 star matchup. TEs perform below their average vs. SF who currently ranks #28 against this position","at  LACThis is a 4 star matchup. TEs perform better than their average vs. LAC who currently ranks #5 against this position","vs.  SEAThis is a 3 star matchup. TEs perform close to their average vs. SEA who currently ranks #18 against this position","at  ARIThis is a 4 star matchup. TEs perform better than their average vs. ARI who currently ranks #7 against this position","vs.  KCThis is a 3 star matchup. TEs perform close to their average vs. KC who currently ranks #17 against this position","at  CARThis is a 3 star matchup. TEs perform close to their average vs. CAR who currently ranks #16 against this position","BYE","vs.  LVThis is a 4 star matchup. TEs perform close to their average vs. LV who currently ranks #9 against this position","at  PITThis is a 3 star matchup. TEs perform close to their average vs. PIT who currently ranks #15 against this position","vs.  MIAThis is a 3 star matchup. TEs perform close to their average vs. MIA who currently ranks #12 against this position","at  NYJThis is a 4 star matchup. TEs perform better than their average vs. NYJ who currently ranks #6 against this position","at  LVThis is a 4 star matchup. TEs perform close to their average vs. LV who currently ranks #9 against this position","vs.  BUFThis is a 4 star matchup. TEs perform close to their average vs. BUF who currently ranks #11 against this position","at  NEThis is a 3 star matchup. TEs perform close to their average vs. NE who currently ranks #14 against this position","vs.  LACThis is a 4 star matchup. TEs perform better than their average vs. LAC who currently ranks #5 against this position"
"32","Oscar DelpO. Delp NO","at  DETThis is a 3 star matchup. TEs perform close to their average vs. DET who currently ranks #22 against this position","at  BALThis is a 2 star matchup. TEs perform close to their average vs. BAL who currently ranks #24 against this position","vs.  LVThis is a 4 star matchup. TEs perform close to their average vs. LV who currently ranks #9 against this position","vs.  ATLThis is a 2 star matchup. TEs perform below their average vs. ATL who currently ranks #26 against this position","vs.  MINThis is a 3 star matchup. TEs perform close to their average vs. MIN who currently ranks #23 against this position","at  NYGThis is a 2 star matchup. TEs perform below their average vs. NYG who currently ranks #27 against this position","vs.  PITThis is a 3 star matchup. TEs perform close to their average vs. PIT who currently ranks #15 against this position","BYE","vs.  CLEThis is a 2 star matchup. TEs perform below their average vs. CLE who currently ranks #31 against this position","vs.  CARThis is a 3 star matchup. TEs perform close to their average vs. CAR who currently ranks #16 against this position","at  CHIThis is a 3 star matchup. TEs perform close to their average vs. CHI who currently ranks #20 against this position","at  CINThis is a 4 star matchup. TEs perform better than their average vs. CIN who currently ranks #3 against this position","vs.  GBThis is a 3 star matchup. TEs perform close to their average vs. GB who currently ranks #13 against this position","at  CARThis is a 3 star matchup. TEs perform close to their average vs. CAR who currently ranks #16 against this position","at  TBThis is a 5 star matchup. TEs perform better than their average vs. TB who currently ranks #1 against this position","vs.  ARIThis is a 4 star matchup. TEs perform better than their average vs. ARI who currently ranks #7 against this position","at  ATLThis is a 2 star matchup. TEs perform below their average vs. ATL who currently ranks #26 against this position","vs.  TBThis is a 5 star matchup. TEs perform better than their average vs. TB who currently ranks #1 against this position"
"33","Eli StowersE. Stowers PHI","vs.  WASThis is a 5 star matchup. TEs perform better than their average vs. WAS who currently ranks #2 against this position","at  TENThis is a 4 star matchup. TEs perform better than their average vs. TEN who currently ranks #8 against this position","at  CHIThis is a 3 star matchup. TEs perform close to their average vs. CHI who currently ranks #20 against this position","vs.  LARThis is a 2 star matchup. TEs perform below their average vs. LAR who currently ranks #30 against this position","at  JACThis is a 2 star matchup. TEs perform close to their average vs. JAC who currently ranks #25 against this position","vs.  CARThis is a 3 star matchup. TEs perform close to their average vs. CAR who currently ranks #16 against this position","vs.  DALThis is a 4 star matchup. TEs perform better than their average vs. DAL who currently ranks #4 against this position","at  WASThis is a 5 star matchup. TEs perform better than their average vs. WAS who currently ranks #2 against this position","vs.  NYGThis is a 2 star matchup. TEs perform below their average vs. NYG who currently ranks #27 against this position","BYE","vs.  PITThis is a 3 star matchup. TEs perform close to their average vs. PIT who currently ranks #15 against this position","at  DALThis is a 4 star matchup. TEs perform better than their average vs. DAL who currently ranks #4 against this position","at  ARIThis is a 4 star matchup. TEs perform better than their average vs. ARI who currently ranks #7 against this position","vs.  INDThis is a 4 star matchup. TEs perform close to their average vs. IND who currently ranks #10 against this position","vs.  SEAThis is a 3 star matchup. TEs perform close to their average vs. SEA who currently ranks #18 against this position","vs.  HOUThis is a 3 star matchup. TEs perform close to their average vs. HOU who currently ranks #21 against this position","at  SFThis is a 2 star matchup. TEs perform below their average vs. SF who currently ranks #28 against this position","at  NYGThis is a 2 star matchup. TEs perform below their average vs. NYG who currently ranks #27 against this position"
"34","Mason TaylorM. Taylor NYJ","at  TENThis is a 4 star matchup. TEs perform better than their average vs. TEN who currently ranks #8 against this position","vs.  GBThis is a 3 star matchup. TEs perform close to their average vs. GB who currently ranks #13 against this position","at  DETThis is a 3 star matchup. TEs perform close to their average vs. DET who currently ranks #22 against this position","at  CHIThis is a 3 star matchup. TEs perform close to their average vs. CHI who currently ranks #20 against this position","vs.  CLEThis is a 2 star matchup. TEs perform below their average vs. CLE who currently ranks #31 against this position","at  NEThis is a 3 star matchup. TEs perform close to their average vs. NE who currently ranks #14 against this position","vs.  MIAThis is a 3 star matchup. TEs perform close to their average vs. MIA who currently ranks #12 against this position","vs.  LVThis is a 4 star matchup. TEs perform close to their average vs. LV who currently ranks #9 against this position","at  KCThis is a 3 star matchup. TEs perform close to their average vs. KC who currently ranks #17 against this position","vs.  BUFThis is a 4 star matchup. TEs perform close to their average vs. BUF who currently ranks #11 against this position","at  LACThis is a 4 star matchup. TEs perform better than their average vs. LAC who currently ranks #5 against this position","at  MIAThis is a 3 star matchup. TEs perform close to their average vs. MIA who currently ranks #12 against this position","BYE","vs.  DENThis is a 3 star matchup. TEs perform close to their average vs. DEN who currently ranks #19 against this position","at  ARIThis is a 4 star matchup. TEs perform better than their average vs. ARI who currently ranks #7 against this position","vs.  NEThis is a 3 star matchup. TEs perform close to their average vs. NE who currently ranks #14 against this position","vs.  MINThis is a 3 star matchup. TEs perform close to their average vs. MIN who currently ranks #23 against this position","at  BUFThis is a 4 star matchup. TEs perform close to their average vs. BUF who currently ranks #11 against this position"
"35","Theo JohnsonT. Johnson NYG","vs.  DALThis is a 4 star matchup. TEs perform better than their average vs. DAL who currently ranks #4 against this position","at  LARThis is a 2 star matchup. TEs perform below their average vs. LAR who currently ranks #30 against this position","vs.  TENThis is a 4 star matchup. TEs perform better than their average vs. TEN who currently ranks #8 against this position","vs.  ARIThis is a 4 star matchup. TEs perform better than their average vs. ARI who currently ranks #7 against this position","at  WASThis is a 5 star matchup. TEs perform better than their average vs. WAS who currently ranks #2 against this position","vs.  NOThis is a 2 star matchup. TEs perform below their average vs. NO who currently ranks #29 against this position","at  HOUThis is a 3 star matchup. TEs perform close to their average vs. HOU who currently ranks #21 against this position","BYE","at  PHIThis is a 2 star matchup. TEs perform below their average vs. PHI who currently ranks #32 against this position","vs.  WASThis is a 5 star matchup. TEs perform better than their average vs. WAS who currently ranks #2 against this position","vs.  JACThis is a 2 star matchup. TEs perform close to their average vs. JAC who currently ranks #25 against this position","at  INDThis is a 4 star matchup. TEs perform close to their average vs. IND who currently ranks #10 against this position","vs.  SFThis is a 2 star matchup. TEs perform below their average vs. SF who currently ranks #28 against this position","at  SEAThis is a 3 star matchup. TEs perform close to their average vs. SEA who currently ranks #18 against this position","vs.  CLEThis is a 2 star matchup. TEs perform below their average vs. CLE who currently ranks #31 against this position","at  DETThis is a 3 star matchup. TEs perform close to their average vs. DET who currently ranks #22 against this position","at  DALThis is a 4 star matchup. TEs perform better than their average vs. DAL who currently ranks #4 against this position","vs.  PHIThis is a 2 star matchup. TEs perform below their average vs. PHI who currently ranks #32 against this position"
"36","Greg DulcichG. Dulcich MIA","at  LVThis is a 4 star matchup. TEs perform close to their average vs. LV who currently ranks #9 against this position","at  SFThis is a 2 star matchup. TEs perform below their average vs. SF who currently ranks #28 against this position","vs.  KCThis is a 3 star matchup. TEs perform close to their average vs. KC who currently ranks #17 against this position","at  MINThis is a 3 star matchup. TEs perform close to their average vs. MIN who currently ranks #23 against this position","vs.  CINThis is a 4 star matchup. TEs perform better than their average vs. CIN who currently ranks #3 against this position","BYE","at  NYJThis is a 4 star matchup. TEs perform better than their average vs. NYJ who currently ranks #6 against this position","vs.  NEThis is a 3 star matchup. TEs perform close to their average vs. NE who currently ranks #14 against this position","vs.  DETThis is a 3 star matchup. TEs perform close to their average vs. DET who currently ranks #22 against this position","at  INDThis is a 4 star matchup. TEs perform close to their average vs. IND who currently ranks #10 against this position","at  BUFThis is a 4 star matchup. TEs perform close to their average vs. BUF who currently ranks #11 against this position","vs.  NYJThis is a 4 star matchup. TEs perform better than their average vs. NYJ who currently ranks #6 against this position","at  DENThis is a 3 star matchup. TEs perform close to their average vs. DEN who currently ranks #19 against this position","vs.  CHIThis is a 3 star matchup. TEs perform close to their average vs. CHI who currently ranks #20 against this position","at  GBThis is a 3 star matchup. TEs perform close to their average vs. GB who currently ranks #13 against this position","vs.  LACThis is a 4 star matchup. TEs perform better than their average vs. LAC who currently ranks #5 against this position","vs.  BUFThis is a 4 star matchup. TEs perform close to their average vs. BUF who currently ranks #11 against this position","at  NEThis is a 3 star matchup. TEs perform close to their average vs. NE who currently ranks #14 against this position"
"37","Mike GesickiM. Gesicki CIN","vs.  TBThis is a 5 star matchup. TEs perform better than their average vs. TB who currently ranks #1 against this position","at  HOUThis is a 3 star matchup. TEs perform close to their average vs. HOU who currently ranks #21 against this position","at  PITThis is a 3 star matchup. TEs perform close to their average vs. PIT who currently ranks #15 against this position","vs.  JACThis is a 2 star matchup. TEs perform close to their average vs. JAC who currently ranks #25 against this position","at  MIAThis is a 3 star matchup. TEs perform close to their average vs. MIA who currently ranks #12 against this position","BYE","at  BALThis is a 2 star matchup. TEs perform close to their average vs. BAL who currently ranks #24 against this position","vs.  TENThis is a 4 star matchup. TEs perform better than their average vs. TEN who currently ranks #8 against this position","at  ATLThis is a 2 star matchup. TEs perform below their average vs. ATL who currently ranks #26 against this position","vs.  PITThis is a 3 star matchup. TEs perform close to their average vs. PIT who currently ranks #15 against this position","at  WASThis is a 5 star matchup. TEs perform better than their average vs. WAS who currently ranks #2 against this position","vs.  NOThis is a 2 star matchup. TEs perform below their average vs. NO who currently ranks #29 against this position","at  CLEThis is a 2 star matchup. TEs perform below their average vs. CLE who currently ranks #31 against this position","vs.  KCThis is a 3 star matchup. TEs perform close to their average vs. KC who currently ranks #17 against this position","at  CARThis is a 3 star matchup. TEs perform close to their average vs. CAR who currently ranks #16 against this position","at  INDThis is a 4 star matchup. TEs perform close to their average vs. IND who currently ranks #10 against this position","vs.  BALThis is a 2 star matchup. TEs perform close to their average vs. BAL who currently ranks #24 against this position","vs.  CLEThis is a 2 star matchup. TEs perform below their average vs. CLE who currently ranks #31 against this position"
"38","Jake TongesJ. Tonges SF","at  LARThis is a 2 star matchup. TEs perform below their average vs. LAR who currently ranks #30 against this position","vs.  MIAThis is a 3 star matchup. TEs perform close to their average vs. MIA who currently ranks #12 against this position","vs.  ARIThis is a 4 star matchup. TEs perform better than their average vs. ARI who currently ranks #7 against this position","vs.  DENThis is a 3 star matchup. TEs perform close to their average vs. DEN who currently ranks #19 against this position","at  SEAThis is a 3 star matchup. TEs perform close to their average vs. SEA who currently ranks #18 against this position","vs.  WASThis is a 5 star matchup. TEs perform better than their average vs. WAS who currently ranks #2 against this position","at  ATLThis is a 2 star matchup. TEs perform below their average vs. ATL who currently ranks #26 against this position","BYE","vs.  LVThis is a 4 star matchup. TEs perform close to their average vs. LV who currently ranks #9 against this position","at  DALThis is a 4 star matchup. TEs perform better than their average vs. DAL who currently ranks #4 against this position","vs.  MINThis is a 3 star matchup. TEs perform close to their average vs. MIN who currently ranks #23 against this position","vs.  SEAThis is a 3 star matchup. TEs perform close to their average vs. SEA who currently ranks #18 against this position","at  NYGThis is a 2 star matchup. TEs perform below their average vs. NYG who currently ranks #27 against this position","vs.  LARThis is a 2 star matchup. TEs perform below their average vs. LAR who currently ranks #30 against this position","at  LACThis is a 4 star matchup. TEs perform better than their average vs. LAC who currently ranks #5 against this position","at  KCThis is a 3 star matchup. TEs perform close to their average vs. KC who currently ranks #17 against this position","vs.  PHIThis is a 2 star matchup. TEs perform below their average vs. PHI who currently ranks #32 against this position","at  ARIThis is a 4 star matchup. TEs perform better than their average vs. ARI who currently ranks #7 against this position"
"39","Darnell WashingtonD. Washington PIT","vs.  ATLThis is a 2 star matchup. TEs perform below their average vs. ATL who currently ranks #26 against this position","at  NEThis is a 3 star matchup. TEs perform close to their average vs. NE who currently ranks #14 against this position","vs.  CINThis is a 4 star matchup. TEs perform better than their average vs. CIN who currently ranks #3 against this position","at  CLEThis is a 2 star matchup. TEs perform below their average vs. CLE who currently ranks #31 against this position","vs.  INDThis is a 4 star matchup. TEs perform close to their average vs. IND who currently ranks #10 against this position","at  TBThis is a 5 star matchup. TEs perform better than their average vs. TB who currently ranks #1 against this position","at  NOThis is a 2 star matchup. TEs perform below their average vs. NO who currently ranks #29 against this position","vs.  CLEThis is a 2 star matchup. TEs perform below their average vs. CLE who currently ranks #31 against this position","BYE","at  CINThis is a 4 star matchup. TEs perform better than their average vs. CIN who currently ranks #3 against this position","at  PHIThis is a 2 star matchup. TEs perform below their average vs. PHI who currently ranks #32 against this position","vs.  DENThis is a 3 star matchup. TEs perform close to their average vs. DEN who currently ranks #19 against this position","vs.  HOUThis is a 3 star matchup. TEs perform close to their average vs. HOU who currently ranks #21 against this position","at  JACThis is a 2 star matchup. TEs perform close to their average vs. JAC who currently ranks #25 against this position","vs.  BALThis is a 2 star matchup. TEs perform close to their average vs. BAL who currently ranks #24 against this position","vs.  CARThis is a 3 star matchup. TEs perform close to their average vs. CAR who currently ranks #16 against this position","at  TENThis is a 4 star matchup. TEs perform better than their average vs. TEN who currently ranks #8 against this position","at  BALThis is a 2 star matchup. TEs perform close to their average vs. BAL who currently ranks #24 against this position"
"40","Max KlareM. Klare LAR","vs.  SFThis is a 2 star matchup. TEs perform below their average vs. SF who currently ranks #28 against this position","vs.  NYGThis is a 2 star matchup. TEs perform below their average vs. NYG who currently ranks #27 against this position","at  DENThis is a 3 star matchup. TEs perform close to their average vs. DEN who currently ranks #19 against this position","at  PHIThis is a 2 star matchup. TEs perform below their average vs. PHI who currently ranks #32 against this position","vs.  BUFThis is a 4 star matchup. TEs perform close to their average vs. BUF who currently ranks #11 against this position","vs.  ARIThis is a 4 star matchup. TEs perform better than their average vs. ARI who currently ranks #7 against this position","at  LVThis is a 4 star matchup. TEs perform close to their average vs. LV who currently ranks #9 against this position","vs.  LACThis is a 4 star matchup. TEs perform better than their average vs. LAC who currently ranks #5 against this position","at  WASThis is a 5 star matchup. TEs perform better than their average vs. WAS who currently ranks #2 against this position","at  ARIThis is a 4 star matchup. TEs perform better than their average vs. ARI who currently ranks #7 against this position","BYE","vs.  GBThis is a 3 star matchup. TEs perform close to their average vs. GB who currently ranks #13 against this position","vs.  KCThis is a 3 star matchup. TEs perform close to their average vs. KC who currently ranks #17 against this position","at  SFThis is a 2 star matchup. TEs perform below their average vs. SF who currently ranks #28 against this position","vs.  DALThis is a 4 star matchup. TEs perform better than their average vs. DAL who currently ranks #4 against this position","at  SEAThis is a 3 star matchup. TEs perform close to their average vs. SEA who currently ranks #18 against this position","at  TBThis is a 5 star matchup. TEs perform better than their average vs. TB who currently ranks #1 against this position","vs.  SEAThis is a 3 star matchup. TEs perform close to their average vs. SEA who currently ranks #18 against this position"
"41","Elijah ArroyoE. Arroyo SEA","vs.  NEThis is a 3 star matchup. TEs perform close to their average vs. NE who currently ranks #14 against this position","at  ARIThis is a 4 star matchup. TEs perform better than their average vs. ARI who currently ranks #7 against this position","at  WASThis is a 5 star matchup. TEs perform better than their average vs. WAS who currently ranks #2 against this position","vs.  LACThis is a 4 star matchup. TEs perform better than their average vs. LAC who currently ranks #5 against this position","vs.  SFThis is a 2 star matchup. TEs perform below their average vs. SF who currently ranks #28 against this position","at  DENThis is a 3 star matchup. TEs perform close to their average vs. DEN who currently ranks #19 against this position","vs.  KCThis is a 3 star matchup. TEs perform close to their average vs. KC who currently ranks #17 against this position","vs.  CHIThis is a 3 star matchup. TEs perform close to their average vs. CHI who currently ranks #20 against this position","vs.  ARIThis is a 4 star matchup. TEs perform better than their average vs. ARI who currently ranks #7 against this position","at  LVThis is a 4 star matchup. TEs perform close to their average vs. LV who currently ranks #9 against this position","BYE","at  SFThis is a 2 star matchup. TEs perform below their average vs. SF who currently ranks #28 against this position","vs.  DALThis is a 4 star matchup. TEs perform better than their average vs. DAL who currently ranks #4 against this position","vs.  NYGThis is a 2 star matchup. TEs perform below their average vs. NYG who currently ranks #27 against this position","at  PHIThis is a 2 star matchup. TEs perform below their average vs. PHI who currently ranks #32 against this position","vs.  LARThis is a 2 star matchup. TEs perform below their average vs. LAR who currently ranks #30 against this position","at  CARThis is a 3 star matchup. TEs perform close to their average vs. CAR who currently ranks #16 against this position","at  LARThis is a 2 star matchup. TEs perform below their average vs. LAR who currently ranks #30 against this position"
"42","Cole KmetC. Kmet CHI","at  CARThis is a 3 star matchup. TEs perform close to their average vs. CAR who currently ranks #16 against this position","vs.  MINThis is a 3 star matchup. TEs perform close to their average vs. MIN who currently ranks #23 against this position","vs.  PHIThis is a 2 star matchup. TEs perform below their average vs. PHI who currently ranks #32 against this position","vs.  NYJThis is a 4 star matchup. TEs perform better than their average vs. NYJ who currently ranks #6 against this position","at  GBThis is a 3 star matchup. TEs perform close to their average vs. GB who currently ranks #13 against this position","at  ATLThis is a 2 star matchup. TEs perform below their average vs. ATL who currently ranks #26 against this position","vs.  NEThis is a 3 star matchup. TEs perform close to their average vs. NE who currently ranks #14 against this position","at  SEAThis is a 3 star matchup. TEs perform close to their average vs. SEA who currently ranks #18 against this position","vs.  TBThis is a 5 star matchup. TEs perform better than their average vs. TB who currently ranks #1 against this position","BYE","vs.  NOThis is a 2 star matchup. TEs perform below their average vs. NO who currently ranks #29 against this position","at  DETThis is a 3 star matchup. TEs perform close to their average vs. DET who currently ranks #22 against this position","vs.  JACThis is a 2 star matchup. TEs perform close to their average vs. JAC who currently ranks #25 against this position","at  MIAThis is a 3 star matchup. TEs perform close to their average vs. MIA who currently ranks #12 against this position","at  BUFThis is a 4 star matchup. TEs perform close to their average vs. BUF who currently ranks #11 against this position","vs.  GBThis is a 3 star matchup. TEs perform close to their average vs. GB who currently ranks #13 against this position","vs.  DETThis is a 3 star matchup. TEs perform close to their average vs. DET who currently ranks #22 against this position","at  MINThis is a 3 star matchup. TEs perform close to their average vs. MIN who currently ranks #23 against this position"
"43","Ja'Tavion SandersJ. Sanders CAR","vs.  CHIThis is a 3 star matchup. TEs perform close to their average vs. CHI who currently ranks #20 against this position","at  ATLThis is a 2 star matchup. TEs perform below their average vs. ATL who currently ranks #26 against this position","at  CLEThis is a 2 star matchup. TEs perform below their average vs. CLE who currently ranks #31 against this position","vs.  DETThis is a 3 star matchup. TEs perform close to their average vs. DET who currently ranks #22 against this position","BYE","at  PHIThis is a 2 star matchup. TEs perform below their average vs. PHI who currently ranks #32 against this position","vs.  TBThis is a 5 star matchup. TEs perform better than their average vs. TB who currently ranks #1 against this position","at  GBThis is a 3 star matchup. TEs perform close to their average vs. GB who currently ranks #13 against this position","vs.  DENThis is a 3 star matchup. TEs perform close to their average vs. DEN who currently ranks #19 against this position","at  NOThis is a 2 star matchup. TEs perform below their average vs. NO who currently ranks #29 against this position","vs.  BALThis is a 2 star matchup. TEs perform close to their average vs. BAL who currently ranks #24 against this position","at  TBThis is a 5 star matchup. TEs perform better than their average vs. TB who currently ranks #1 against this position","at  MINThis is a 3 star matchup. TEs perform close to their average vs. MIN who currently ranks #23 against this position","vs.  NOThis is a 2 star matchup. TEs perform below their average vs. NO who currently ranks #29 against this position","vs.  CINThis is a 4 star matchup. TEs perform better than their average vs. CIN who currently ranks #3 against this position","at  PITThis is a 3 star matchup. TEs perform close to their average vs. PIT who currently ranks #15 against this position","vs.  SEAThis is a 3 star matchup. TEs perform close to their average vs. SEA who currently ranks #18 against this position","vs.  ATLThis is a 2 star matchup. TEs perform below their average vs. ATL who currently ranks #26 against this position"
"44","Noah GrayN. Gray KC","vs.  DENThis is a 3 star matchup. TEs perform close to their average vs. DEN who currently ranks #19 against this position","vs.  INDThis is a 4 star matchup. TEs perform close to their average vs. IND who currently ranks #10 against this position","at  MIAThis is a 3 star matchup. TEs perform close to their average vs. MIA who currently ranks #12 against this position","at  LVThis is a 4 star matchup. TEs perform close to their average vs. LV who currently ranks #9 against this position","BYE","vs.  LACThis is a 4 star matchup. TEs perform better than their average vs. LAC who currently ranks #5 against this position","at  SEAThis is a 3 star matchup. TEs perform close to their average vs. SEA who currently ranks #18 against this position","at  DENThis is a 3 star matchup. TEs perform close to their average vs. DEN who currently ranks #19 against this position","vs.  NYJThis is a 4 star matchup. TEs perform better than their average vs. NYJ who currently ranks #6 against this position","at  ATLThis is a 2 star matchup. TEs perform below their average vs. ATL who currently ranks #26 against this position","vs.  ARIThis is a 4 star matchup. TEs perform better than their average vs. ARI who currently ranks #7 against this position","at  BUFThis is a 4 star matchup. TEs perform close to their average vs. BUF who currently ranks #11 against this position","at  LARThis is a 2 star matchup. TEs perform below their average vs. LAR who currently ranks #30 against this position","at  CINThis is a 4 star matchup. TEs perform better than their average vs. CIN who currently ranks #3 against this position","vs.  NEThis is a 3 star matchup. TEs perform close to their average vs. NE who currently ranks #14 against this position","vs.  SFThis is a 2 star matchup. TEs perform below their average vs. SF who currently ranks #28 against this position","at  LACThis is a 4 star matchup. TEs perform better than their average vs. LAC who currently ranks #5 against this position","vs.  LVThis is a 4 star matchup. TEs perform close to their average vs. LV who currently ranks #9 against this position"
"45","Tyler HigbeeT. Higbee LAR","vs.  SFThis is a 2 star matchup. TEs perform below their average vs. SF who currently ranks #28 against this position","vs.  NYGThis is a 2 star matchup. TEs perform below their average vs. NYG who currently ranks #27 against this position","at  DENThis is a 3 star matchup. TEs perform close to their average vs. DEN who currently ranks #19 against this position","at  PHIThis is a 2 star matchup. TEs perform below their average vs. PHI who currently ranks #32 against this position","vs.  BUFThis is a 4 star matchup. TEs perform close to their average vs. BUF who currently ranks #11 against this position","vs.  ARIThis is a 4 star matchup. TEs perform better than their average vs. ARI who currently ranks #7 against this position","at  LVThis is a 4 star matchup. TEs perform close to their average vs. LV who currently ranks #9 against this position","vs.  LACThis is a 4 star matchup. TEs perform better than their average vs. LAC who currently ranks #5 against this position","at  WASThis is a 5 star matchup. TEs perform better than their average vs. WAS who currently ranks #2 against this position","at  ARIThis is a 4 star matchup. TEs perform better than their average vs. ARI who currently ranks #7 against this position","BYE","vs.  GBThis is a 3 star matchup. TEs perform close to their average vs. GB who currently ranks #13 against this position","vs.  KCThis is a 3 star matchup. TEs perform close to their average vs. KC who currently ranks #17 against this position","at  SFThis is a 2 star matchup. TEs perform below their average vs. SF who currently ranks #28 against this position","vs.  DALThis is a 4 star matchup. TEs perform better than their average vs. DAL who currently ranks #4 against this position","at  SEAThis is a 3 star matchup. TEs perform close to their average vs. SEA who currently ranks #18 against this position","at  TBThis is a 5 star matchup. TEs perform better than their average vs. TB who currently ranks #1 against this position","vs.  SEAThis is a 3 star matchup. TEs perform close to their average vs. SEA who currently ranks #18 against this position"
"46","Michael MayerM. Mayer LV","vs.  MIAThis is a 3 star matchup. TEs perform close to their average vs. MIA who currently ranks #12 against this position","at  LACThis is a 4 star matchup. TEs perform better than their average vs. LAC who currently ranks #5 against this position","at  NOThis is a 2 star matchup. TEs perform below their average vs. NO who currently ranks #29 against this position","vs.  KCThis is a 3 star matchup. TEs perform close to their average vs. KC who currently ranks #17 against this position","at  NEThis is a 3 star matchup. TEs perform close to their average vs. NE who currently ranks #14 against this position","vs.  BUFThis is a 4 star matchup. TEs perform close to their average vs. BUF who currently ranks #11 against this position","vs.  LARThis is a 2 star matchup. TEs perform below their average vs. LAR who currently ranks #30 against this position","at  NYJThis is a 4 star matchup. TEs perform better than their average vs. NYJ who currently ranks #6 against this position","at  SFThis is a 2 star matchup. TEs perform below their average vs. SF who currently ranks #28 against this position","vs.  SEAThis is a 3 star matchup. TEs perform close to their average vs. SEA who currently ranks #18 against this position","at  DENThis is a 3 star matchup. TEs perform close to their average vs. DEN who currently ranks #19 against this position","at  CLEThis is a 2 star matchup. TEs perform below their average vs. CLE who currently ranks #31 against this position","BYE","vs.  LACThis is a 4 star matchup. TEs perform better than their average vs. LAC who currently ranks #5 against this position","vs.  DENThis is a 3 star matchup. TEs perform close to their average vs. DEN who currently ranks #19 against this position","vs.  TENThis is a 4 star matchup. TEs perform better than their average vs. TEN who currently ranks #8 against this position","at  ARIThis is a 4 star matchup. TEs perform better than their average vs. ARI who currently ranks #7 against this position","at  KCThis is a 3 star matchup. TEs perform close to their average vs. KC who currently ranks #17 against this position"
"47","Dawson KnoxD. Knox BUF","at  HOUThis is a 3 star matchup. TEs perform close to their average vs. HOU who currently ranks #21 against this position","vs.  DETThis is a 3 star matchup. TEs perform close to their average vs. DET who currently ranks #22 against this position","vs.  LACThis is a 4 star matchup. TEs perform better than their average vs. LAC who currently ranks #5 against this position","vs.  NEThis is a 3 star matchup. TEs perform close to their average vs. NE who currently ranks #14 against this position","at  LARThis is a 2 star matchup. TEs perform below their average vs. LAR who currently ranks #30 against this position","at  LVThis is a 4 star matchup. TEs perform close to their average vs. LV who currently ranks #9 against this position","BYE","vs.  BALThis is a 2 star matchup. TEs perform close to their average vs. BAL who currently ranks #24 against this position","at  MINThis is a 3 star matchup. TEs perform close to their average vs. MIN who currently ranks #23 against this position","at  NYJThis is a 4 star matchup. TEs perform better than their average vs. NYJ who currently ranks #6 against this position","vs.  MIAThis is a 3 star matchup. TEs perform close to their average vs. MIA who currently ranks #12 against this position","vs.  KCThis is a 3 star matchup. TEs perform close to their average vs. KC who currently ranks #17 against this position","at  NEThis is a 3 star matchup. TEs perform close to their average vs. NE who currently ranks #14 against this position","at  GBThis is a 3 star matchup. TEs perform close to their average vs. GB who currently ranks #13 against this position","vs.  CHIThis is a 3 star matchup. TEs perform close to their average vs. CHI who currently ranks #20 against this position","at  DENThis is a 3 star matchup. TEs perform close to their average vs. DEN who currently ranks #19 against this position","at  MIAThis is a 3 star matchup. TEs perform close to their average vs. MIA who currently ranks #12 against this position","vs.  NYJThis is a 4 star matchup. TEs perform better than their average vs. NYJ who currently ranks #6 against this position"
"48","Erick All Jr.E. All Jr. CIN","vs.  TBThis is a 5 star matchup. TEs perform better than their average vs. TB who currently ranks #1 against this position","at  HOUThis is a 3 star matchup. TEs perform close to their average vs. HOU who currently ranks #21 against this position","at  PITThis is a 3 star matchup. TEs perform close to their average vs. PIT who currently ranks #15 against this position","vs.  JACThis is a 2 star matchup. TEs perform close to their average vs. JAC who currently ranks #25 against this position","at  MIAThis is a 3 star matchup. TEs perform close to their average vs. MIA who currently ranks #12 against this position","BYE","at  BALThis is a 2 star matchup. TEs perform close to their average vs. BAL who currently ranks #24 against this position","vs.  TENThis is a 4 star matchup. TEs perform better than their average vs. TEN who currently ranks #8 against this position","at  ATLThis is a 2 star matchup. TEs perform below their average vs. ATL who currently ranks #26 against this position","vs.  PITThis is a 3 star matchup. TEs perform close to their average vs. PIT who currently ranks #15 against this position","at  WASThis is a 5 star matchup. TEs perform better than their average vs. WAS who currently ranks #2 against this position","vs.  NOThis is a 2 star matchup. TEs perform below their average vs. NO who currently ranks #29 against this position","at  CLEThis is a 2 star matchup. TEs perform below their average vs. CLE who currently ranks #31 against this position","vs.  KCThis is a 3 star matchup. TEs perform close to their average vs. KC who currently ranks #17 against this position","at  CARThis is a 3 star matchup. TEs perform close to their average vs. CAR who currently ranks #16 against this position","at  INDThis is a 4 star matchup. TEs perform close to their average vs. IND who currently ranks #10 against this position","vs.  BALThis is a 2 star matchup. TEs perform close to their average vs. BAL who currently ranks #24 against this position","vs.  CLEThis is a 2 star matchup. TEs perform below their average vs. CLE who currently ranks #31 against this position"
"49","Justin JolyJ. Joly DEN","at  KCThis is a 3 star matchup. TEs perform close to their average vs. KC who currently ranks #17 against this position","vs.  JACThis is a 2 star matchup. TEs perform close to their average vs. JAC who currently ranks #25 against this position","vs.  LARThis is a 2 star matchup. TEs perform below their average vs. LAR who currently ranks #30 against this position","at  SFThis is a 2 star matchup. TEs perform below their average vs. SF who currently ranks #28 against this position","at  LACThis is a 4 star matchup. TEs perform better than their average vs. LAC who currently ranks #5 against this position","vs.  SEAThis is a 3 star matchup. TEs perform close to their average vs. SEA who currently ranks #18 against this position","at  ARIThis is a 4 star matchup. TEs perform better than their average vs. ARI who currently ranks #7 against this position","vs.  KCThis is a 3 star matchup. TEs perform close to their average vs. KC who currently ranks #17 against this position","at  CARThis is a 3 star matchup. TEs perform close to their average vs. CAR who currently ranks #16 against this position","BYE","vs.  LVThis is a 4 star matchup. TEs perform close to their average vs. LV who currently ranks #9 against this position","at  PITThis is a 3 star matchup. TEs perform close to their average vs. PIT who currently ranks #15 against this position","vs.  MIAThis is a 3 star matchup. TEs perform close to their average vs. MIA who currently ranks #12 against this position","at  NYJThis is a 4 star matchup. TEs perform better than their average vs. NYJ who currently ranks #6 against this position","at  LVThis is a 4 star matchup. TEs perform close to their average vs. LV who currently ranks #9 against this position","vs.  BUFThis is a 4 star matchup. TEs perform close to their average vs. BUF who currently ranks #11 against this position","at  NEThis is a 3 star matchup. TEs perform close to their average vs. NE who currently ranks #14 against this position","vs.  LACThis is a 4 star matchup. TEs perform better than their average vs. LAC who currently ranks #5 against this position"
"50","Eli RaridonE. Raridon NE","at  SEAThis is a 3 star matchup. TEs perform close to their average vs. SEA who currently ranks #18 against this position","vs.  PITThis is a 3 star matchup. TEs perform close to their average vs. PIT who currently ranks #15 against this position","at  JACThis is a 2 star matchup. TEs perform close to their average vs. JAC who currently ranks #25 against this position","at  BUFThis is a 4 star matchup. TEs perform close to their average vs. BUF who currently ranks #11 against this position","vs.  LVThis is a 4 star matchup. TEs perform close to their average vs. LV who currently ranks #9 against this position","vs.  NYJThis is a 4 star matchup. TEs perform better than their average vs. NYJ who currently ranks #6 against this position","at  CHIThis is a 3 star matchup. TEs perform close to their average vs. CHI who currently ranks #20 against this position","at  MIAThis is a 3 star matchup. TEs perform close to their average vs. MIA who currently ranks #12 against this position","vs.  GBThis is a 3 star matchup. TEs perform close to their average vs. GB who currently ranks #13 against this position","at  DETThis is a 3 star matchup. TEs perform close to their average vs. DET who currently ranks #22 against this position","BYE","at  LACThis is a 4 star matchup. TEs perform better than their average vs. LAC who currently ranks #5 against this position","vs.  BUFThis is a 4 star matchup. TEs perform close to their average vs. BUF who currently ranks #11 against this position","vs.  MINThis is a 3 star matchup. TEs perform close to their average vs. MIN who currently ranks #23 against this position","at  KCThis is a 3 star matchup. TEs perform close to their average vs. KC who currently ranks #17 against this position","at  NYJThis is a 4 star matchup. TEs perform better than their average vs. NYJ who currently ranks #6 against this position","vs.  DENThis is a 3 star matchup. TEs perform close to their average vs. DEN who currently ranks #19 against this position","vs.  MIAThis is a 3 star matchup. TEs perform close to their average vs. MIA who currently ranks #12 against this position"
"51","Luke MusgraveL. Musgrave GB","at  MINThis is a 3 star matchup. TEs perform close to their average vs. MIN who currently ranks #23 against this position","at  NYJThis is a 4 star matchup. TEs perform better than their average vs. NYJ who currently ranks #6 against this position","vs.  ATLThis is a 2 star matchup. TEs perform below their average vs. ATL who currently ranks #26 against this position","at  TBThis is a 5 star matchup. TEs perform better than their average vs. TB who currently ranks #1 against this position","vs.  CHIThis is a 3 star matchup. TEs perform close to their average vs. CHI who currently ranks #20 against this position","vs.  DALThis is a 4 star matchup. TEs perform better than their average vs. DAL who currently ranks #4 against this position","at  DETThis is a 3 star matchup. TEs perform close to their average vs. DET who currently ranks #22 against this position","vs.  CARThis is a 3 star matchup. TEs perform close to their average vs. CAR who currently ranks #16 against this position","at  NEThis is a 3 star matchup. TEs perform close to their average vs. NE who currently ranks #14 against this position","vs.  MINThis is a 3 star matchup. TEs perform close to their average vs. MIN who currently ranks #23 against this position","BYE","at  LARThis is a 2 star matchup. TEs perform below their average vs. LAR who currently ranks #30 against this position","at  NOThis is a 2 star matchup. TEs perform below their average vs. NO who currently ranks #29 against this position","vs.  BUFThis is a 4 star matchup. TEs perform close to their average vs. BUF who currently ranks #11 against this position","vs.  MIAThis is a 3 star matchup. TEs perform close to their average vs. MIA who currently ranks #12 against this position","at  CHIThis is a 3 star matchup. TEs perform close to their average vs. CHI who currently ranks #20 against this position","vs.  HOUThis is a 3 star matchup. TEs perform close to their average vs. HOU who currently ranks #21 against this position","vs.  DETThis is a 3 star matchup. TEs perform close to their average vs. DET who currently ranks #22 against this position"
"52","Noah FantN. Fant NO","at  DETThis is a 3 star matchup. TEs perform close to their average vs. DET who currently ranks #22 against this position","at  BALThis is a 2 star matchup. TEs perform close to their average vs. BAL who currently ranks #24 against this position","vs.  LVThis is a 4 star matchup. TEs perform close to their average vs. LV who currently ranks #9 against this position","vs.  ATLThis is a 2 star matchup. TEs perform below their average vs. ATL who currently ranks #26 against this position","vs.  MINThis is a 3 star matchup. TEs perform close to their average vs. MIN who currently ranks #23 against this position","at  NYGThis is a 2 star matchup. TEs perform below their average vs. NYG who currently ranks #27 against this position","vs.  PITThis is a 3 star matchup. TEs perform close to their average vs. PIT who currently ranks #15 against this position","BYE","vs.  CLEThis is a 2 star matchup. TEs perform below their average vs. CLE who currently ranks #31 against this position","vs.  CARThis is a 3 star matchup. TEs perform close to their average vs. CAR who currently ranks #16 against this position","at  CHIThis is a 3 star matchup. TEs perform close to their average vs. CHI who currently ranks #20 against this position","at  CINThis is a 4 star matchup. TEs perform better than their average vs. CIN who currently ranks #3 against this position","vs.  GBThis is a 3 star matchup. TEs perform close to their average vs. GB who currently ranks #13 against this position","at  CARThis is a 3 star matchup. TEs perform close to their average vs. CAR who currently ranks #16 against this position","at  TBThis is a 5 star matchup. TEs perform better than their average vs. TB who currently ranks #1 against this position","vs.  ARIThis is a 4 star matchup. TEs perform better than their average vs. ARI who currently ranks #7 against this position","at  ATLThis is a 2 star matchup. TEs perform below their average vs. ATL who currently ranks #26 against this position","vs.  TBThis is a 5 star matchup. TEs perform better than their average vs. TB who currently ranks #1 against this position"
"53","Ben SinnottB. Sinnott WAS","at  PHIThis is a 2 star matchup. TEs perform below their average vs. PHI who currently ranks #32 against this position","at  DALThis is a 4 star matchup. TEs perform better than their average vs. DAL who currently ranks #4 against this position","vs.  SEAThis is a 3 star matchup. TEs perform close to their average vs. SEA who currently ranks #18 against this position","vs.  INDThis is a 4 star matchup. TEs perform close to their average vs. IND who currently ranks #10 against this position","vs.  NYGThis is a 2 star matchup. TEs perform below their average vs. NYG who currently ranks #27 against this position","at  SFThis is a 2 star matchup. TEs perform below their average vs. SF who currently ranks #28 against this position","BYE","vs.  PHIThis is a 2 star matchup. TEs perform below their average vs. PHI who currently ranks #32 against this position","vs.  LARThis is a 2 star matchup. TEs perform below their average vs. LAR who currently ranks #30 against this position","at  NYGThis is a 2 star matchup. TEs perform below their average vs. NYG who currently ranks #27 against this position","vs.  CINThis is a 4 star matchup. TEs perform better than their average vs. CIN who currently ranks #3 against this position","at  ARIThis is a 4 star matchup. TEs perform better than their average vs. ARI who currently ranks #7 against this position","at  TENThis is a 4 star matchup. TEs perform better than their average vs. TEN who currently ranks #8 against this position","vs.  HOUThis is a 3 star matchup. TEs perform close to their average vs. HOU who currently ranks #21 against this position","vs.  ATLThis is a 2 star matchup. TEs perform below their average vs. ATL who currently ranks #26 against this position","at  MINThis is a 3 star matchup. TEs perform close to their average vs. MIN who currently ranks #23 against this position","at  JACThis is a 2 star matchup. TEs perform close to their average vs. JAC who currently ranks #25 against this position","vs.  DALThis is a 4 star matchup. TEs perform better than their average vs. DAL who currently ranks #4 against this position"
"54","John BatesJ. Bates WAS","at  PHIThis is a 2 star matchup. TEs perform below their average vs. PHI who currently ranks #32 against this position","at  DALThis is a 4 star matchup. TEs perform better than their average vs. DAL who currently ranks #4 against this position","vs.  SEAThis is a 3 star matchup. TEs perform close to their average vs. SEA who currently ranks #18 against this position","vs.  INDThis is a 4 star matchup. TEs perform close to their average vs. IND who currently ranks #10 against this position","vs.  NYGThis is a 2 star matchup. TEs perform below their average vs. NYG who currently ranks #27 against this position","at  SFThis is a 2 star matchup. TEs perform below their average vs. SF who currently ranks #28 against this position","BYE","vs.  PHIThis is a 2 star matchup. TEs perform below their average vs. PHI who currently ranks #32 against this position","vs.  LARThis is a 2 star matchup. TEs perform below their average vs. LAR who currently ranks #30 against this position","at  NYGThis is a 2 star matchup. TEs perform below their average vs. NYG who currently ranks #27 against this position","vs.  CINThis is a 4 star matchup. TEs perform better than their average vs. CIN who currently ranks #3 against this position","at  ARIThis is a 4 star matchup. TEs perform better than their average vs. ARI who currently ranks #7 against this position","at  TENThis is a 4 star matchup. TEs perform better than their average vs. TEN who currently ranks #8 against this position","vs.  HOUThis is a 3 star matchup. TEs perform close to their average vs. HOU who currently ranks #21 against this position","vs.  ATLThis is a 2 star matchup. TEs perform below their average vs. ATL who currently ranks #26 against this position","at  MINThis is a 3 star matchup. TEs perform close to their average vs. MIN who currently ranks #23 against this position","at  JACThis is a 2 star matchup. TEs perform close to their average vs. JAC who currently ranks #25 against this position","vs.  DALThis is a 4 star matchup. TEs perform better than their average vs. DAL who currently ranks #4 against this position"
"55","Tommy TrembleT. Tremble CAR","vs.  CHIThis is a 3 star matchup. TEs perform close to their average vs. CHI who currently ranks #20 against this position","at  ATLThis is a 2 star matchup. TEs perform below their average vs. ATL who currently ranks #26 against this position","at  CLEThis is a 2 star matchup. TEs perform below their average vs. CLE who currently ranks #31 against this position","vs.  DETThis is a 3 star matchup. TEs perform close to their average vs. DET who currently ranks #22 against this position","BYE","at  PHIThis is a 2 star matchup. TEs perform below their average vs. PHI who currently ranks #32 against this position","vs.  TBThis is a 5 star matchup. TEs perform better than their average vs. TB who currently ranks #1 against this position","at  GBThis is a 3 star matchup. TEs perform close to their average vs. GB who currently ranks #13 against this position","vs.  DENThis is a 3 star matchup. TEs perform close to their average vs. DEN who currently ranks #19 against this position","at  NOThis is a 2 star matchup. TEs perform below their average vs. NO who currently ranks #29 against this position","vs.  BALThis is a 2 star matchup. TEs perform close to their average vs. BAL who currently ranks #24 against this position","at  TBThis is a 5 star matchup. TEs perform better than their average vs. TB who currently ranks #1 against this position","at  MINThis is a 3 star matchup. TEs perform close to their average vs. MIN who currently ranks #23 against this position","vs.  NOThis is a 2 star matchup. TEs perform below their average vs. NO who currently ranks #29 against this position","vs.  CINThis is a 4 star matchup. TEs perform better than their average vs. CIN who currently ranks #3 against this position","at  PITThis is a 3 star matchup. TEs perform close to their average vs. PIT who currently ranks #15 against this position","vs.  SEAThis is a 3 star matchup. TEs perform close to their average vs. SEA who currently ranks #18 against this position","vs.  ATLThis is a 2 star matchup. TEs perform below their average vs. ATL who currently ranks #26 against this position"
"56","Mitchell EvansM. Evans CAR","vs.  CHIThis is a 3 star matchup. TEs perform close to their average vs. CHI who currently ranks #20 against this position","at  ATLThis is a 2 star matchup. TEs perform below their average vs. ATL who currently ranks #26 against this position","at  CLEThis is a 2 star matchup. TEs perform below their average vs. CLE who currently ranks #31 against this position","vs.  DETThis is a 3 star matchup. TEs perform close to their average vs. DET who currently ranks #22 against this position","BYE","at  PHIThis is a 2 star matchup. TEs perform below their average vs. PHI who currently ranks #32 against this position","vs.  TBThis is a 5 star matchup. TEs perform better than their average vs. TB who currently ranks #1 against this position","at  GBThis is a 3 star matchup. TEs perform close to their average vs. GB who currently ranks #13 against this position","vs.  DENThis is a 3 star matchup. TEs perform close to their average vs. DEN who currently ranks #19 against this position","at  NOThis is a 2 star matchup. TEs perform below their average vs. NO who currently ranks #29 against this position","vs.  BALThis is a 2 star matchup. TEs perform close to their average vs. BAL who currently ranks #24 against this position","at  TBThis is a 5 star matchup. TEs perform better than their average vs. TB who currently ranks #1 against this position","at  MINThis is a 3 star matchup. TEs perform close to their average vs. MIN who currently ranks #23 against this position","vs.  NOThis is a 2 star matchup. TEs perform below their average vs. NO who currently ranks #29 against this position","vs.  CINThis is a 4 star matchup. TEs perform better than their average vs. CIN who currently ranks #3 against this position","at  PITThis is a 3 star matchup. TEs perform close to their average vs. PIT who currently ranks #15 against this position","vs.  SEAThis is a 3 star matchup. TEs perform close to their average vs. SEA who currently ranks #18 against this position","vs.  ATLThis is a 2 star matchup. TEs perform below their average vs. ATL who currently ranks #26 against this position"
"57","Darren WallerD. Waller FA","","","","","","","","","","","","","","","","","",""
"58","Austin HooperA. Hooper ATL","at  PITThis is a 3 star matchup. TEs perform close to their average vs. PIT who currently ranks #15 against this position","vs.  CARThis is a 3 star matchup. TEs perform close to their average vs. CAR who currently ranks #16 against this position","at  GBThis is a 3 star matchup. TEs perform close to their average vs. GB who currently ranks #13 against this position","at  NOThis is a 2 star matchup. TEs perform below their average vs. NO who currently ranks #29 against this position","vs.  BALThis is a 2 star matchup. TEs perform close to their average vs. BAL who currently ranks #24 against this position","vs.  CHIThis is a 3 star matchup. TEs perform close to their average vs. CHI who currently ranks #20 against this position","vs.  SFThis is a 2 star matchup. TEs perform below their average vs. SF who currently ranks #28 against this position","at  TBThis is a 5 star matchup. TEs perform better than their average vs. TB who currently ranks #1 against this position","vs.  CINThis is a 4 star matchup. TEs perform better than their average vs. CIN who currently ranks #3 against this position","vs.  KCThis is a 3 star matchup. TEs perform close to their average vs. KC who currently ranks #17 against this position","BYE","at  MINThis is a 3 star matchup. TEs perform close to their average vs. MIN who currently ranks #23 against this position","vs.  DETThis is a 3 star matchup. TEs perform close to their average vs. DET who currently ranks #22 against this position","at  CLEThis is a 2 star matchup. TEs perform below their average vs. CLE who currently ranks #31 against this position","at  WASThis is a 5 star matchup. TEs perform better than their average vs. WAS who currently ranks #2 against this position","vs.  TBThis is a 5 star matchup. TEs perform better than their average vs. TB who currently ranks #1 against this position","vs.  NOThis is a 2 star matchup. TEs perform below their average vs. NO who currently ranks #29 against this position","at  CARThis is a 3 star matchup. TEs perform close to their average vs. CAR who currently ranks #16 against this position"
"59","Daniel BellingerD. Bellinger TEN","vs.  NYJThis is a 4 star matchup. TEs perform better than their average vs. NYJ who currently ranks #6 against this position","vs.  PHIThis is a 2 star matchup. TEs perform below their average vs. PHI who currently ranks #32 against this position","at  NYGThis is a 2 star matchup. TEs perform below their average vs. NYG who currently ranks #27 against this position","at  BALThis is a 2 star matchup. TEs perform close to their average vs. BAL who currently ranks #24 against this position","vs.  HOUThis is a 3 star matchup. TEs perform close to their average vs. HOU who currently ranks #21 against this position","at  INDThis is a 4 star matchup. TEs perform close to their average vs. IND who currently ranks #10 against this position","vs.  CLEThis is a 2 star matchup. TEs perform below their average vs. CLE who currently ranks #31 against this position","at  CINThis is a 4 star matchup. TEs perform better than their average vs. CIN who currently ranks #3 against this position","BYE","vs.  JACThis is a 2 star matchup. TEs perform close to their average vs. JAC who currently ranks #25 against this position","at  DALThis is a 4 star matchup. TEs perform better than their average vs. DAL who currently ranks #4 against this position","at  JACThis is a 2 star matchup. TEs perform close to their average vs. JAC who currently ranks #25 against this position","vs.  WASThis is a 5 star matchup. TEs perform better than their average vs. WAS who currently ranks #2 against this position","at  DETThis is a 3 star matchup. TEs perform close to their average vs. DET who currently ranks #22 against this position","vs.  INDThis is a 4 star matchup. TEs perform close to their average vs. IND who currently ranks #10 against this position","at  LVThis is a 4 star matchup. TEs perform close to their average vs. LV who currently ranks #9 against this position","vs.  PITThis is a 3 star matchup. TEs perform close to their average vs. PIT who currently ranks #15 against this position","at  HOUThis is a 3 star matchup. TEs perform close to their average vs. HOU who currently ranks #21 against this position"
"60","Elijah HigginsE. Higgins ARI","at  LACThis is a 4 star matchup. TEs perform better than their average vs. LAC who currently ranks #5 against this position","vs.  SEAThis is a 3 star matchup. TEs perform close to their average vs. SEA who currently ranks #18 against this position","at  SFThis is a 2 star matchup. TEs perform below their average vs. SF who currently ranks #28 against this position","at  NYGThis is a 2 star matchup. TEs perform below their average vs. NYG who currently ranks #27 against this position","vs.  DETThis is a 3 star matchup. TEs perform close to their average vs. DET who currently ranks #22 against this position","at  LARThis is a 2 star matchup. TEs perform below their average vs. LAR who currently ranks #30 against this position","vs.  DENThis is a 3 star matchup. TEs perform close to their average vs. DEN who currently ranks #19 against this position","at  DALThis is a 4 star matchup. TEs perform better than their average vs. DAL who currently ranks #4 against this position","at  SEAThis is a 3 star matchup. TEs perform close to their average vs. SEA who currently ranks #18 against this position","vs.  LARThis is a 2 star matchup. TEs perform below their average vs. LAR who currently ranks #30 against this position","at  KCThis is a 3 star matchup. TEs perform close to their average vs. KC who currently ranks #17 against this position","vs.  WASThis is a 5 star matchup. TEs perform better than their average vs. WAS who currently ranks #2 against this position","vs.  PHIThis is a 2 star matchup. TEs perform below their average vs. PHI who currently ranks #32 against this position","BYE","vs.  NYJThis is a 4 star matchup. TEs perform better than their average vs. NYJ who currently ranks #6 against this position","at  NOThis is a 2 star matchup. TEs perform below their average vs. NO who currently ranks #29 against this position","vs.  LVThis is a 4 star matchup. TEs perform close to their average vs. LV who currently ranks #9 against this position","vs.  SFThis is a 2 star matchup. TEs perform below their average vs. SF who currently ranks #28 against this position"
"61","Nate BoerkircherN. Boerkircher JAC","vs.  CLEThis is a 2 star matchup. TEs perform below their average vs. CLE who currently ranks #31 against this position","at  DENThis is a 3 star matchup. TEs perform close to their average vs. DEN who currently ranks #19 against this position","vs.  NEThis is a 3 star matchup. TEs perform close to their average vs. NE who currently ranks #14 against this position","at  CINThis is a 4 star matchup. TEs perform better than their average vs. CIN who currently ranks #3 against this position","vs.  PHIThis is a 2 star matchup. TEs perform below their average vs. PHI who currently ranks #32 against this position","vs.  HOUThis is a 3 star matchup. TEs perform close to their average vs. HOU who currently ranks #21 against this position","BYE","vs.  INDThis is a 4 star matchup. TEs perform close to their average vs. IND who currently ranks #10 against this position","at  BALThis is a 2 star matchup. TEs perform close to their average vs. BAL who currently ranks #24 against this position","at  TENThis is a 4 star matchup. TEs perform better than their average vs. TEN who currently ranks #8 against this position","at  NYGThis is a 2 star matchup. TEs perform below their average vs. NYG who currently ranks #27 against this position","vs.  TENThis is a 4 star matchup. TEs perform better than their average vs. TEN who currently ranks #8 against this position","at  CHIThis is a 3 star matchup. TEs perform close to their average vs. CHI who currently ranks #20 against this position","vs.  PITThis is a 3 star matchup. TEs perform close to their average vs. PIT who currently ranks #15 against this position","at  HOUThis is a 3 star matchup. TEs perform close to their average vs. HOU who currently ranks #21 against this position","at  DALThis is a 4 star matchup. TEs perform better than their average vs. DAL who currently ranks #4 against this position","vs.  WASThis is a 5 star matchup. TEs perform better than their average vs. WAS who currently ranks #2 against this position","at  INDThis is a 4 star matchup. TEs perform close to their average vs. IND who currently ranks #10 against this position"
"62","Josh OliverJ. Oliver MIN","vs.  GBThis is a 3 star matchup. TEs perform close to their average vs. GB who currently ranks #13 against this position","at  CHIThis is a 3 star matchup. TEs perform close to their average vs. CHI who currently ranks #20 against this position","at  TBThis is a 5 star matchup. TEs perform better than their average vs. TB who currently ranks #1 against this position","vs.  MIAThis is a 3 star matchup. TEs perform close to their average vs. MIA who currently ranks #12 against this position","at  NOThis is a 2 star matchup. TEs perform below their average vs. NO who currently ranks #29 against this position","BYE","vs.  INDThis is a 4 star matchup. TEs perform close to their average vs. IND who currently ranks #10 against this position","at  DETThis is a 3 star matchup. TEs perform close to their average vs. DET who currently ranks #22 against this position","vs.  BUFThis is a 4 star matchup. TEs perform close to their average vs. BUF who currently ranks #11 against this position","at  GBThis is a 3 star matchup. TEs perform close to their average vs. GB who currently ranks #13 against this position","at  SFThis is a 2 star matchup. TEs perform below their average vs. SF who currently ranks #28 against this position","vs.  ATLThis is a 2 star matchup. TEs perform below their average vs. ATL who currently ranks #26 against this position","vs.  CARThis is a 3 star matchup. TEs perform close to their average vs. CAR who currently ranks #16 against this position","at  NEThis is a 3 star matchup. TEs perform close to their average vs. NE who currently ranks #14 against this position","vs.  DETThis is a 3 star matchup. TEs perform close to their average vs. DET who currently ranks #22 against this position","vs.  WASThis is a 5 star matchup. TEs perform better than their average vs. WAS who currently ranks #2 against this position","at  NYJThis is a 4 star matchup. TEs perform better than their average vs. NYJ who currently ranks #6 against this position","vs.  CHIThis is a 3 star matchup. TEs perform close to their average vs. CHI who currently ranks #20 against this position"
"63","Marlin KleinM. Klein HOU","vs.  BUFThis is a 4 star matchup. TEs perform close to their average vs. BUF who currently ranks #11 against this position","vs.  CINThis is a 4 star matchup. TEs perform better than their average vs. CIN who currently ranks #3 against this position","at  INDThis is a 4 star matchup. TEs perform close to their average vs. IND who currently ranks #10 against this position","vs.  DALThis is a 4 star matchup. TEs perform better than their average vs. DAL who currently ranks #4 against this position","at  TENThis is a 4 star matchup. TEs perform better than their average vs. TEN who currently ranks #8 against this position","at  JACThis is a 2 star matchup. TEs perform close to their average vs. JAC who currently ranks #25 against this position","vs.  NYGThis is a 2 star matchup. TEs perform below their average vs. NYG who currently ranks #27 against this position","BYE","at  LACThis is a 4 star matchup. TEs perform better than their average vs. LAC who currently ranks #5 against this position","at  CLEThis is a 2 star matchup. TEs perform below their average vs. CLE who currently ranks #31 against this position","vs.  INDThis is a 4 star matchup. TEs perform close to their average vs. IND who currently ranks #10 against this position","vs.  BALThis is a 2 star matchup. TEs perform close to their average vs. BAL who currently ranks #24 against this position","at  PITThis is a 3 star matchup. TEs perform close to their average vs. PIT who currently ranks #15 against this position","at  WASThis is a 5 star matchup. TEs perform better than their average vs. WAS who currently ranks #2 against this position","vs.  JACThis is a 2 star matchup. TEs perform close to their average vs. JAC who currently ranks #25 against this position","at  PHIThis is a 2 star matchup. TEs perform below their average vs. PHI who currently ranks #32 against this position","at  GBThis is a 3 star matchup. TEs perform close to their average vs. GB who currently ranks #13 against this position","vs.  TENThis is a 4 star matchup. TEs perform better than their average vs. TEN who currently ranks #8 against this position"
"64","Mo Alie-CoxMo Alie-Cox IND","vs.  BALThis is a 2 star matchup. TEs perform close to their average vs. BAL who currently ranks #24 against this position","at  KCThis is a 3 star matchup. TEs perform close to their average vs. KC who currently ranks #17 against this position","vs.  HOUThis is a 3 star matchup. TEs perform close to their average vs. HOU who currently ranks #21 against this position","at  WASThis is a 5 star matchup. TEs perform better than their average vs. WAS who currently ranks #2 against this position","at  PITThis is a 3 star matchup. TEs perform close to their average vs. PIT who currently ranks #15 against this position","vs.  TENThis is a 4 star matchup. TEs perform better than their average vs. TEN who currently ranks #8 against this position","at  MINThis is a 3 star matchup. TEs perform close to their average vs. MIN who currently ranks #23 against this position","at  JACThis is a 2 star matchup. TEs perform close to their average vs. JAC who currently ranks #25 against this position","vs.  DALThis is a 4 star matchup. TEs perform better than their average vs. DAL who currently ranks #4 against this position","vs.  MIAThis is a 3 star matchup. TEs perform close to their average vs. MIA who currently ranks #12 against this position","at  HOUThis is a 3 star matchup. TEs perform close to their average vs. HOU who currently ranks #21 against this position","vs.  NYGThis is a 2 star matchup. TEs perform below their average vs. NYG who currently ranks #27 against this position","BYE","at  PHIThis is a 2 star matchup. TEs perform below their average vs. PHI who currently ranks #32 against this position","at  TENThis is a 4 star matchup. TEs perform better than their average vs. TEN who currently ranks #8 against this position","vs.  CINThis is a 4 star matchup. TEs perform better than their average vs. CIN who currently ranks #3 against this position","at  CLEThis is a 2 star matchup. TEs perform below their average vs. CLE who currently ranks #31 against this position","vs.  JACThis is a 2 star matchup. TEs perform close to their average vs. JAC who currently ranks #25 against this position"
"65","Adam TrautmanA. Trautman DEN","at  KCThis is a 3 star matchup. TEs perform close to their average vs. KC who currently ranks #17 against this position","vs.  JACThis is a 2 star matchup. TEs perform close to their average vs. JAC who currently ranks #25 against this position","vs.  LARThis is a 2 star matchup. TEs perform below their average vs. LAR who currently ranks #30 against this position","at  SFThis is a 2 star matchup. TEs perform below their average vs. SF who currently ranks #28 against this position","at  LACThis is a 4 star matchup. TEs perform better than their average vs. LAC who currently ranks #5 against this position","vs.  SEAThis is a 3 star matchup. TEs perform close to their average vs. SEA who currently ranks #18 against this position","at  ARIThis is a 4 star matchup. TEs perform better than their average vs. ARI who currently ranks #7 against this position","vs.  KCThis is a 3 star matchup. TEs perform close to their average vs. KC who currently ranks #17 against this position","at  CARThis is a 3 star matchup. TEs perform close to their average vs. CAR who currently ranks #16 against this position","BYE","vs.  LVThis is a 4 star matchup. TEs perform close to their average vs. LV who currently ranks #9 against this position","at  PITThis is a 3 star matchup. TEs perform close to their average vs. PIT who currently ranks #15 against this position","vs.  MIAThis is a 3 star matchup. TEs perform close to their average vs. MIA who currently ranks #12 against this position","at  NYJThis is a 4 star matchup. TEs perform better than their average vs. NYJ who currently ranks #6 against this position","at  LVThis is a 4 star matchup. TEs perform close to their average vs. LV who currently ranks #9 against this position","vs.  BUFThis is a 4 star matchup. TEs perform close to their average vs. BUF who currently ranks #11 against this position","at  NEThis is a 3 star matchup. TEs perform close to their average vs. NE who currently ranks #14 against this position","vs.  LACThis is a 4 star matchup. TEs perform better than their average vs. LAC who currently ranks #5 against this position"
"66","Luke SchoonmakerL. Schoonmaker DAL","at  NYGThis is a 2 star matchup. TEs perform below their average vs. NYG who currently ranks #27 against this position","vs.  WASThis is a 5 star matchup. TEs perform better than their average vs. WAS who currently ranks #2 against this position","vs.  BALThis is a 2 star matchup. TEs perform close to their average vs. BAL who currently ranks #24 against this position","at  HOUThis is a 3 star matchup. TEs perform close to their average vs. HOU who currently ranks #21 against this position","vs.  TBThis is a 5 star matchup. TEs perform better than their average vs. TB who currently ranks #1 against this position","at  GBThis is a 3 star matchup. TEs perform close to their average vs. GB who currently ranks #13 against this position","at  PHIThis is a 2 star matchup. TEs perform below their average vs. PHI who currently ranks #32 against this position","vs.  ARIThis is a 4 star matchup. TEs perform better than their average vs. ARI who currently ranks #7 against this position","at  INDThis is a 4 star matchup. TEs perform close to their average vs. IND who currently ranks #10 against this position","vs.  SFThis is a 2 star matchup. TEs perform below their average vs. SF who currently ranks #28 against this position","vs.  TENThis is a 4 star matchup. TEs perform better than their average vs. TEN who currently ranks #8 against this position","vs.  PHIThis is a 2 star matchup. TEs perform below their average vs. PHI who currently ranks #32 against this position","at  SEAThis is a 3 star matchup. TEs perform close to their average vs. SEA who currently ranks #18 against this position","BYE","at  LARThis is a 2 star matchup. TEs perform below their average vs. LAR who currently ranks #30 against this position","vs.  JACThis is a 2 star matchup. TEs perform close to their average vs. JAC who currently ranks #25 against this position","vs.  NYGThis is a 2 star matchup. TEs perform below their average vs. NYG who currently ranks #27 against this position","at  WASThis is a 5 star matchup. TEs perform better than their average vs. WAS who currently ranks #2 against this position"
"67","Tommy MyersT. Myers FA","","","","","","","","","","","","","","","","","",""
"68","Zach ErtzZ. Ertz FA","","","","","","","","","","","","","","","","","",""
"69","Jonnu SmithJ. Smith FA","","","","","","","","","","","","","","","","","",""
"70","Charlie KolarC. Kolar LAC","vs.  ARIThis is a 4 star matchup. TEs perform better than their average vs. ARI who currently ranks #7 against this position","vs.  LVThis is a 4 star matchup. TEs perform close to their average vs. LV who currently ranks #9 against this position","at  BUFThis is a 4 star matchup. TEs perform close to their average vs. BUF who currently ranks #11 against this position","at  SEAThis is a 3 star matchup. TEs perform close to their average vs. SEA who currently ranks #18 against this position","vs.  DENThis is a 3 star matchup. TEs perform close to their average vs. DEN who currently ranks #19 against this position","at  KCThis is a 3 star matchup. TEs perform close to their average vs. KC who currently ranks #17 against this position","BYE","at  LARThis is a 2 star matchup. TEs perform below their average vs. LAR who currently ranks #30 against this position","vs.  HOUThis is a 3 star matchup. TEs perform close to their average vs. HOU who currently ranks #21 against this position","at  BALThis is a 2 star matchup. TEs perform close to their average vs. BAL who currently ranks #24 against this position","vs.  NYJThis is a 4 star matchup. TEs perform better than their average vs. NYJ who currently ranks #6 against this position","vs.  NEThis is a 3 star matchup. TEs perform close to their average vs. NE who currently ranks #14 against this position","at  TBThis is a 5 star matchup. TEs perform better than their average vs. TB who currently ranks #1 against this position","at  LVThis is a 4 star matchup. TEs perform close to their average vs. LV who currently ranks #9 against this position","vs.  SFThis is a 2 star matchup. TEs perform below their average vs. SF who currently ranks #28 against this position","at  MIAThis is a 3 star matchup. TEs perform close to their average vs. MIA who currently ranks #12 against this position","vs.  KCThis is a 3 star matchup. TEs perform close to their average vs. KC who currently ranks #17 against this position","at  DENThis is a 3 star matchup. TEs perform close to their average vs. DEN who currently ranks #19 against this position"
"71","Sam RoushS. Roush CHI","at  CARThis is a 3 star matchup. TEs perform close to their average vs. CAR who currently ranks #16 against this position","vs.  MINThis is a 3 star matchup. TEs perform close to their average vs. MIN who currently ranks #23 against this position","vs.  PHIThis is a 2 star matchup. TEs perform below their average vs. PHI who currently ranks #32 against this position","vs.  NYJThis is a 4 star matchup. TEs perform better than their average vs. NYJ who currently ranks #6 against this position","at  GBThis is a 3 star matchup. TEs perform close to their average vs. GB who currently ranks #13 against this position","at  ATLThis is a 2 star matchup. TEs perform below their average vs. ATL who currently ranks #26 against this position","vs.  NEThis is a 3 star matchup. TEs perform close to their average vs. NE who currently ranks #14 against this position","at  SEAThis is a 3 star matchup. TEs perform close to their average vs. SEA who currently ranks #18 against this position","vs.  TBThis is a 5 star matchup. TEs perform better than their average vs. TB who currently ranks #1 against this position","BYE","vs.  NOThis is a 2 star matchup. TEs perform below their average vs. NO who currently ranks #29 against this position","at  DETThis is a 3 star matchup. TEs perform close to their average vs. DET who currently ranks #22 against this position","vs.  JACThis is a 2 star matchup. TEs perform close to their average vs. JAC who currently ranks #25 against this position","at  MIAThis is a 3 star matchup. TEs perform close to their average vs. MIA who currently ranks #12 against this position","at  BUFThis is a 4 star matchup. TEs perform close to their average vs. BUF who currently ranks #11 against this position","vs.  GBThis is a 3 star matchup. TEs perform close to their average vs. GB who currently ranks #13 against this position","vs.  DETThis is a 3 star matchup. TEs perform close to their average vs. DET who currently ranks #22 against this position","at  MINThis is a 3 star matchup. TEs perform close to their average vs. MIN who currently ranks #23 against this position"
"72","Jackson HawesJ. Hawes BUF","at  HOUThis is a 3 star matchup. TEs perform close to their average vs. HOU who currently ranks #21 against this position","vs.  DETThis is a 3 star matchup. TEs perform close to their average vs. DET who currently ranks #22 against this position","vs.  LACThis is a 4 star matchup. TEs perform better than their average vs. LAC who currently ranks #5 against this position","vs.  NEThis is a 3 star matchup. TEs perform close to their average vs. NE who currently ranks #14 against this position","at  LARThis is a 2 star matchup. TEs perform below their average vs. LAR who currently ranks #30 against this position","at  LVThis is a 4 star matchup. TEs perform close to their average vs. LV who currently ranks #9 against this position","BYE","vs.  BALThis is a 2 star matchup. TEs perform close to their average vs. BAL who currently ranks #24 against this position","at  MINThis is a 3 star matchup. TEs perform close to their average vs. MIN who currently ranks #23 against this position","at  NYJThis is a 4 star matchup. TEs perform better than their average vs. NYJ who currently ranks #6 against this position","vs.  MIAThis is a 3 star matchup. TEs perform close to their average vs. MIA who currently ranks #12 against this position","vs.  KCThis is a 3 star matchup. TEs perform close to their average vs. KC who currently ranks #17 against this position","at  NEThis is a 3 star matchup. TEs perform close to their average vs. NE who currently ranks #14 against this position","at  GBThis is a 3 star matchup. TEs perform close to their average vs. GB who currently ranks #13 against this position","vs.  CHIThis is a 3 star matchup. TEs perform close to their average vs. CHI who currently ranks #20 against this position","at  DENThis is a 3 star matchup. TEs perform close to their average vs. DEN who currently ranks #19 against this position","at  MIAThis is a 3 star matchup. TEs perform close to their average vs. MIA who currently ranks #12 against this position","vs.  NYJThis is a 4 star matchup. TEs perform better than their average vs. NYJ who currently ranks #6 against this position"
"73","Durham SmytheD. Smythe BAL","at  INDThis is a 4 star matchup. TEs perform close to their average vs. IND who currently ranks #10 against this position","vs.  NOThis is a 2 star matchup. TEs perform below their average vs. NO who currently ranks #29 against this position","at  DALThis is a 4 star matchup. TEs perform better than their average vs. DAL who currently ranks #4 against this position","vs.  TENThis is a 4 star matchup. TEs perform better than their average vs. TEN who currently ranks #8 against this position","at  ATLThis is a 2 star matchup. TEs perform below their average vs. ATL who currently ranks #26 against this position","at  CLEThis is a 2 star matchup. TEs perform below their average vs. CLE who currently ranks #31 against this position","vs.  CINThis is a 4 star matchup. TEs perform better than their average vs. CIN who currently ranks #3 against this position","at  BUFThis is a 4 star matchup. TEs perform close to their average vs. BUF who currently ranks #11 against this position","vs.  JACThis is a 2 star matchup. TEs perform close to their average vs. JAC who currently ranks #25 against this position","vs.  LACThis is a 4 star matchup. TEs perform better than their average vs. LAC who currently ranks #5 against this position","at  CARThis is a 3 star matchup. TEs perform close to their average vs. CAR who currently ranks #16 against this position","at  HOUThis is a 3 star matchup. TEs perform close to their average vs. HOU who currently ranks #21 against this position","BYE","vs.  TBThis is a 5 star matchup. TEs perform better than their average vs. TB who currently ranks #1 against this position","at  PITThis is a 3 star matchup. TEs perform close to their average vs. PIT who currently ranks #15 against this position","vs.  CLEThis is a 2 star matchup. TEs perform below their average vs. CLE who currently ranks #31 against this position","at  CINThis is a 4 star matchup. TEs perform better than their average vs. CIN who currently ranks #3 against this position","vs.  PITThis is a 3 star matchup. TEs perform close to their average vs. PIT who currently ranks #15 against this position"
"74","Tyler ConklinT. Conklin DET","vs.  NOThis is a 2 star matchup. TEs perform below their average vs. NO who currently ranks #29 against this position","at  BUFThis is a 4 star matchup. TEs perform close to their average vs. BUF who currently ranks #11 against this position","vs.  NYJThis is a 4 star matchup. TEs perform better than their average vs. NYJ who currently ranks #6 against this position","at  CARThis is a 3 star matchup. TEs perform close to their average vs. CAR who currently ranks #16 against this position","at  ARIThis is a 4 star matchup. TEs perform better than their average vs. ARI who currently ranks #7 against this position","BYE","vs.  GBThis is a 3 star matchup. TEs perform close to their average vs. GB who currently ranks #13 against this position","vs.  MINThis is a 3 star matchup. TEs perform close to their average vs. MIN who currently ranks #23 against this position","at  MIAThis is a 3 star matchup. TEs perform close to their average vs. MIA who currently ranks #12 against this position","vs.  NEThis is a 3 star matchup. TEs perform close to their average vs. NE who currently ranks #14 against this position","vs.  TBThis is a 5 star matchup. TEs perform better than their average vs. TB who currently ranks #1 against this position","vs.  CHIThis is a 3 star matchup. TEs perform close to their average vs. CHI who currently ranks #20 against this position","at  ATLThis is a 2 star matchup. TEs perform below their average vs. ATL who currently ranks #26 against this position","vs.  TENThis is a 4 star matchup. TEs perform better than their average vs. TEN who currently ranks #8 against this position","at  MINThis is a 3 star matchup. TEs perform close to their average vs. MIN who currently ranks #23 against this position","vs.  NYGThis is a 2 star matchup. TEs perform below their average vs. NYG who currently ranks #27 against this position","at  CHIThis is a 3 star matchup. TEs perform close to their average vs. CHI who currently ranks #20 against this position","at  GBThis is a 3 star matchup. TEs perform close to their average vs. GB who currently ranks #13 against this position"
"75","Tanner HudsonT. Hudson CIN","vs.  TBThis is a 5 star matchup. TEs perform better than their average vs. TB who currently ranks #1 against this position","at  HOUThis is a 3 star matchup. TEs perform close to their average vs. HOU who currently ranks #21 against this position","at  PITThis is a 3 star matchup. TEs perform close to their average vs. PIT who currently ranks #15 against this position","vs.  JACThis is a 2 star matchup. TEs perform close to their average vs. JAC who currently ranks #25 against this position","at  MIAThis is a 3 star matchup. TEs perform close to their average vs. MIA who currently ranks #12 against this position","BYE","at  BALThis is a 2 star matchup. TEs perform close to their average vs. BAL who currently ranks #24 against this position","vs.  TENThis is a 4 star matchup. TEs perform better than their average vs. TEN who currently ranks #8 against this position","at  ATLThis is a 2 star matchup. TEs perform below their average vs. ATL who currently ranks #26 against this position","vs.  PITThis is a 3 star matchup. TEs perform close to their average vs. PIT who currently ranks #15 against this position","at  WASThis is a 5 star matchup. TEs perform better than their average vs. WAS who currently ranks #2 against this position","vs.  NOThis is a 2 star matchup. TEs perform below their average vs. NO who currently ranks #29 against this position","at  CLEThis is a 2 star matchup. TEs perform below their average vs. CLE who currently ranks #31 against this position","vs.  KCThis is a 3 star matchup. TEs perform close to their average vs. KC who currently ranks #17 against this position","at  CARThis is a 3 star matchup. TEs perform close to their average vs. CAR who currently ranks #16 against this position","at  INDThis is a 4 star matchup. TEs perform close to their average vs. IND who currently ranks #10 against this position","vs.  BALThis is a 2 star matchup. TEs perform close to their average vs. BAL who currently ranks #24 against this position","vs.  CLEThis is a 2 star matchup. TEs perform below their average vs. CLE who currently ranks #31 against this position"
"76","Brock WrightB. Wright DET","vs.  NOThis is a 2 star matchup. TEs perform below their average vs. NO who currently ranks #29 against this position","at  BUFThis is a 4 star matchup. TEs perform close to their average vs. BUF who currently ranks #11 against this position","vs.  NYJThis is a 4 star matchup. TEs perform better than their average vs. NYJ who currently ranks #6 against this position","at  CARThis is a 3 star matchup. TEs perform close to their average vs. CAR who currently ranks #16 against this position","at  ARIThis is a 4 star matchup. TEs perform better than their average vs. ARI who currently ranks #7 against this position","BYE","vs.  GBThis is a 3 star matchup. TEs perform close to their average vs. GB who currently ranks #13 against this position","vs.  MINThis is a 3 star matchup. TEs perform close to their average vs. MIN who currently ranks #23 against this position","at  MIAThis is a 3 star matchup. TEs perform close to their average vs. MIA who currently ranks #12 against this position","vs.  NEThis is a 3 star matchup. TEs perform close to their average vs. NE who currently ranks #14 against this position","vs.  TBThis is a 5 star matchup. TEs perform better than their average vs. TB who currently ranks #1 against this position","vs.  CHIThis is a 3 star matchup. TEs perform close to their average vs. CHI who currently ranks #20 against this position","at  ATLThis is a 2 star matchup. TEs perform below their average vs. ATL who currently ranks #26 against this position","vs.  TENThis is a 4 star matchup. TEs perform better than their average vs. TEN who currently ranks #8 against this position","at  MINThis is a 3 star matchup. TEs perform close to their average vs. MIN who currently ranks #23 against this position","vs.  NYGThis is a 2 star matchup. TEs perform below their average vs. NYG who currently ranks #27 against this position","at  CHIThis is a 3 star matchup. TEs perform close to their average vs. CHI who currently ranks #20 against this position","at  GBThis is a 3 star matchup. TEs perform close to their average vs. GB who currently ranks #13 against this position"
"77","Drew SampleD. Sample CIN","vs.  TBThis is a 5 star matchup. TEs perform better than their average vs. TB who currently ranks #1 against this position","at  HOUThis is a 3 star matchup. TEs perform close to their average vs. HOU who currently ranks #21 against this position","at  PITThis is a 3 star matchup. TEs perform close to their average vs. PIT who currently ranks #15 against this position","vs.  JACThis is a 2 star matchup. TEs perform close to their average vs. JAC who currently ranks #25 against this position","at  MIAThis is a 3 star matchup. TEs perform close to their average vs. MIA who currently ranks #12 against this position","BYE","at  BALThis is a 2 star matchup. TEs perform close to their average vs. BAL who currently ranks #24 against this position","vs.  TENThis is a 4 star matchup. TEs perform better than their average vs. TEN who currently ranks #8 against this position","at  ATLThis is a 2 star matchup. TEs perform below their average vs. ATL who currently ranks #26 against this position","vs.  PITThis is a 3 star matchup. TEs perform close to their average vs. PIT who currently ranks #15 against this position","at  WASThis is a 5 star matchup. TEs perform better than their average vs. WAS who currently ranks #2 against this position","vs.  NOThis is a 2 star matchup. TEs perform below their average vs. NO who currently ranks #29 against this position","at  CLEThis is a 2 star matchup. TEs perform below their average vs. CLE who currently ranks #31 against this position","vs.  KCThis is a 3 star matchup. TEs perform close to their average vs. KC who currently ranks #17 against this position","at  CARThis is a 3 star matchup. TEs perform close to their average vs. CAR who currently ranks #16 against this position","at  INDThis is a 4 star matchup. TEs perform close to their average vs. IND who currently ranks #10 against this position","vs.  BALThis is a 2 star matchup. TEs perform close to their average vs. BAL who currently ranks #24 against this position","vs.  CLEThis is a 2 star matchup. TEs perform below their average vs. CLE who currently ranks #31 against this position"
"78","Cade StoverC. Stover HOU","vs.  BUFThis is a 4 star matchup. TEs perform close to their average vs. BUF who currently ranks #11 against this position","vs.  CINThis is a 4 star matchup. TEs perform better than their average vs. CIN who currently ranks #3 against this position","at  INDThis is a 4 star matchup. TEs perform close to their average vs. IND who currently ranks #10 against this position","vs.  DALThis is a 4 star matchup. TEs perform better than their average vs. DAL who currently ranks #4 against this position","at  TENThis is a 4 star matchup. TEs perform better than their average vs. TEN who currently ranks #8 against this position","at  JACThis is a 2 star matchup. TEs perform close to their average vs. JAC who currently ranks #25 against this position","vs.  NYGThis is a 2 star matchup. TEs perform below their average vs. NYG who currently ranks #27 against this position","BYE","at  LACThis is a 4 star matchup. TEs perform better than their average vs. LAC who currently ranks #5 against this position","at  CLEThis is a 2 star matchup. TEs perform below their average vs. CLE who currently ranks #31 against this position","vs.  INDThis is a 4 star matchup. TEs perform close to their average vs. IND who currently ranks #10 against this position","vs.  BALThis is a 2 star matchup. TEs perform close to their average vs. BAL who currently ranks #24 against this position","at  PITThis is a 3 star matchup. TEs perform close to their average vs. PIT who currently ranks #15 against this position","at  WASThis is a 5 star matchup. TEs perform better than their average vs. WAS who currently ranks #2 against this position","vs.  JACThis is a 2 star matchup. TEs perform close to their average vs. JAC who currently ranks #25 against this position","at  PHIThis is a 2 star matchup. TEs perform below their average vs. PHI who currently ranks #32 against this position","at  GBThis is a 3 star matchup. TEs perform close to their average vs. GB who currently ranks #13 against this position","vs.  TENThis is a 4 star matchup. TEs perform better than their average vs. TEN who currently ranks #8 against this position"
"79","Will KacmarekW. Kacmarek MIA","at  LVThis is a 4 star matchup. TEs perform close to their average vs. LV who currently ranks #9 against this position","at  SFThis is a 2 star matchup. TEs perform below their average vs. SF who currently ranks #28 against this position","vs.  KCThis is a 3 star matchup. TEs perform close to their average vs. KC who currently ranks #17 against this position","at  MINThis is a 3 star matchup. TEs perform close to their average vs. MIN who currently ranks #23 against this position","vs.  CINThis is a 4 star matchup. TEs perform better than their average vs. CIN who currently ranks #3 against this position","BYE","at  NYJThis is a 4 star matchup. TEs perform better than their average vs. NYJ who currently ranks #6 against this position","vs.  NEThis is a 3 star matchup. TEs perform close to their average vs. NE who currently ranks #14 against this position","vs.  DETThis is a 3 star matchup. TEs perform close to their average vs. DET who currently ranks #22 against this position","at  INDThis is a 4 star matchup. TEs perform close to their average vs. IND who currently ranks #10 against this position","at  BUFThis is a 4 star matchup. TEs perform close to their average vs. BUF who currently ranks #11 against this position","vs.  NYJThis is a 4 star matchup. TEs perform better than their average vs. NYJ who currently ranks #6 against this position","at  DENThis is a 3 star matchup. TEs perform close to their average vs. DEN who currently ranks #19 against this position","vs.  CHIThis is a 3 star matchup. TEs perform close to their average vs. CHI who currently ranks #20 against this position","at  GBThis is a 3 star matchup. TEs perform close to their average vs. GB who currently ranks #13 against this position","vs.  LACThis is a 4 star matchup. TEs perform better than their average vs. LAC who currently ranks #5 against this position","vs.  BUFThis is a 4 star matchup. TEs perform close to their average vs. BUF who currently ranks #11 against this position","at  NEThis is a 3 star matchup. TEs perform close to their average vs. NE who currently ranks #14 against this position"
"80","Foster MoreauF. Moreau HOU","vs.  BUFThis is a 4 star matchup. TEs perform close to their average vs. BUF who currently ranks #11 against this position","vs.  CINThis is a 4 star matchup. TEs perform better than their average vs. CIN who currently ranks #3 against this position","at  INDThis is a 4 star matchup. TEs perform close to their average vs. IND who currently ranks #10 against this position","vs.  DALThis is a 4 star matchup. TEs perform better than their average vs. DAL who currently ranks #4 against this position","at  TENThis is a 4 star matchup. TEs perform better than their average vs. TEN who currently ranks #8 against this position","at  JACThis is a 2 star matchup. TEs perform close to their average vs. JAC who currently ranks #25 against this position","vs.  NYGThis is a 2 star matchup. TEs perform below their average vs. NYG who currently ranks #27 against this position","BYE","at  LACThis is a 4 star matchup. TEs perform better than their average vs. LAC who currently ranks #5 against this position","at  CLEThis is a 2 star matchup. TEs perform below their average vs. CLE who currently ranks #31 against this position","vs.  INDThis is a 4 star matchup. TEs perform close to their average vs. IND who currently ranks #10 against this position","vs.  BALThis is a 2 star matchup. TEs perform close to their average vs. BAL who currently ranks #24 against this position","at  PITThis is a 3 star matchup. TEs perform close to their average vs. PIT who currently ranks #15 against this position","at  WASThis is a 5 star matchup. TEs perform better than their average vs. WAS who currently ranks #2 against this position","vs.  JACThis is a 2 star matchup. TEs perform close to their average vs. JAC who currently ranks #25 against this position","at  PHIThis is a 2 star matchup. TEs perform below their average vs. PHI who currently ranks #32 against this position","at  GBThis is a 3 star matchup. TEs perform close to their average vs. GB who currently ranks #13 against this position","vs.  TENThis is a 4 star matchup. TEs perform better than their average vs. TEN who currently ranks #8 against this position"
"81","Tanner KoziolT. Koziol JAC","vs.  CLEThis is a 2 star matchup. TEs perform below their average vs. CLE who currently ranks #31 against this position","at  DENThis is a 3 star matchup. TEs perform close to their average vs. DEN who currently ranks #19 against this position","vs.  NEThis is a 3 star matchup. TEs perform close to their average vs. NE who currently ranks #14 against this position","at  CINThis is a 4 star matchup. TEs perform better than their average vs. CIN who currently ranks #3 against this position","vs.  PHIThis is a 2 star matchup. TEs perform below their average vs. PHI who currently ranks #32 against this position","vs.  HOUThis is a 3 star matchup. TEs perform close to their average vs. HOU who currently ranks #21 against this position","BYE","vs.  INDThis is a 4 star matchup. TEs perform close to their average vs. IND who currently ranks #10 against this position","at  BALThis is a 2 star matchup. TEs perform close to their average vs. BAL who currently ranks #24 against this position","at  TENThis is a 4 star matchup. TEs perform better than their average vs. TEN who currently ranks #8 against this position","at  NYGThis is a 2 star matchup. TEs perform below their average vs. NYG who currently ranks #27 against this position","vs.  TENThis is a 4 star matchup. TEs perform better than their average vs. TEN who currently ranks #8 against this position","at  CHIThis is a 3 star matchup. TEs perform close to their average vs. CHI who currently ranks #20 against this position","vs.  PITThis is a 3 star matchup. TEs perform close to their average vs. PIT who currently ranks #15 against this position","at  HOUThis is a 3 star matchup. TEs perform close to their average vs. HOU who currently ranks #21 against this position","at  DALThis is a 4 star matchup. TEs perform better than their average vs. DAL who currently ranks #4 against this position","vs.  WASThis is a 5 star matchup. TEs perform better than their average vs. WAS who currently ranks #2 against this position","at  INDThis is a 4 star matchup. TEs perform close to their average vs. IND who currently ranks #10 against this position"
"82","Taysom HillT. Hill FA","","","","","","","","","","","","","","","","","",""
"83","Josh WhyleJ. Whyle GB","at  MINThis is a 3 star matchup. TEs perform close to their average vs. MIN who currently ranks #23 against this position","at  NYJThis is a 4 star matchup. TEs perform better than their average vs. NYJ who currently ranks #6 against this position","vs.  ATLThis is a 2 star matchup. TEs perform below their average vs. ATL who currently ranks #26 against this position","at  TBThis is a 5 star matchup. TEs perform better than their average vs. TB who currently ranks #1 against this position","vs.  CHIThis is a 3 star matchup. TEs perform close to their average vs. CHI who currently ranks #20 against this position","vs.  DALThis is a 4 star matchup. TEs perform better than their average vs. DAL who currently ranks #4 against this position","at  DETThis is a 3 star matchup. TEs perform close to their average vs. DET who currently ranks #22 against this position","vs.  CARThis is a 3 star matchup. TEs perform close to their average vs. CAR who currently ranks #16 against this position","at  NEThis is a 3 star matchup. TEs perform close to their average vs. NE who currently ranks #14 against this position","vs.  MINThis is a 3 star matchup. TEs perform close to their average vs. MIN who currently ranks #23 against this position","BYE","at  LARThis is a 2 star matchup. TEs perform below their average vs. LAR who currently ranks #30 against this position","at  NOThis is a 2 star matchup. TEs perform below their average vs. NO who currently ranks #29 against this position","vs.  BUFThis is a 4 star matchup. TEs perform close to their average vs. BUF who currently ranks #11 against this position","vs.  MIAThis is a 3 star matchup. TEs perform close to their average vs. MIA who currently ranks #12 against this position","at  CHIThis is a 3 star matchup. TEs perform close to their average vs. CHI who currently ranks #20 against this position","vs.  HOUThis is a 3 star matchup. TEs perform close to their average vs. HOU who currently ranks #21 against this position","vs.  DETThis is a 3 star matchup. TEs perform close to their average vs. DET who currently ranks #22 against this position"
"84","Michael TriggM. Trigg DAL","at  NYGThis is a 2 star matchup. TEs perform below their average vs. NYG who currently ranks #27 against this position","vs.  WASThis is a 5 star matchup. TEs perform better than their average vs. WAS who currently ranks #2 against this position","vs.  BALThis is a 2 star matchup. TEs perform close to their average vs. BAL who currently ranks #24 against this position","at  HOUThis is a 3 star matchup. TEs perform close to their average vs. HOU who currently ranks #21 against this position","vs.  TBThis is a 5 star matchup. TEs perform better than their average vs. TB who currently ranks #1 against this position","at  GBThis is a 3 star matchup. TEs perform close to their average vs. GB who currently ranks #13 against this position","at  PHIThis is a 2 star matchup. TEs perform below their average vs. PHI who currently ranks #32 against this position","vs.  ARIThis is a 4 star matchup. TEs perform better than their average vs. ARI who currently ranks #7 against this position","at  INDThis is a 4 star matchup. TEs perform close to their average vs. IND who currently ranks #10 against this position","vs.  SFThis is a 2 star matchup. TEs perform below their average vs. SF who currently ranks #28 against this position","vs.  TENThis is a 4 star matchup. TEs perform better than their average vs. TEN who currently ranks #8 against this position","vs.  PHIThis is a 2 star matchup. TEs perform below their average vs. PHI who currently ranks #32 against this position","at  SEAThis is a 3 star matchup. TEs perform close to their average vs. SEA who currently ranks #18 against this position","BYE","at  LARThis is a 2 star matchup. TEs perform below their average vs. LAR who currently ranks #30 against this position","vs.  JACThis is a 2 star matchup. TEs perform close to their average vs. JAC who currently ranks #25 against this position","vs.  NYGThis is a 2 star matchup. TEs perform below their average vs. NYG who currently ranks #27 against this position","at  WASThis is a 5 star matchup. TEs perform better than their average vs. WAS who currently ranks #2 against this position"
"85","Joe RoyerJ. Royer CLE","at  JACThis is a 2 star matchup. TEs perform close to their average vs. JAC who currently ranks #25 against this position","at  TBThis is a 5 star matchup. TEs perform better than their average vs. TB who currently ranks #1 against this position","vs.  CARThis is a 3 star matchup. TEs perform close to their average vs. CAR who currently ranks #16 against this position","vs.  PITThis is a 3 star matchup. TEs perform close to their average vs. PIT who currently ranks #15 against this position","at  NYJThis is a 4 star matchup. TEs perform better than their average vs. NYJ who currently ranks #6 against this position","vs.  BALThis is a 2 star matchup. TEs perform close to their average vs. BAL who currently ranks #24 against this position","at  TENThis is a 4 star matchup. TEs perform better than their average vs. TEN who currently ranks #8 against this position","at  PITThis is a 3 star matchup. TEs perform close to their average vs. PIT who currently ranks #15 against this position","at  NOThis is a 2 star matchup. TEs perform below their average vs. NO who currently ranks #29 against this position","vs.  HOUThis is a 3 star matchup. TEs perform close to their average vs. HOU who currently ranks #21 against this position","BYE","vs.  LVThis is a 4 star matchup. TEs perform close to their average vs. LV who currently ranks #9 against this position","vs.  CINThis is a 4 star matchup. TEs perform better than their average vs. CIN who currently ranks #3 against this position","vs.  ATLThis is a 2 star matchup. TEs perform below their average vs. ATL who currently ranks #26 against this position","at  NYGThis is a 2 star matchup. TEs perform below their average vs. NYG who currently ranks #27 against this position","at  BALThis is a 2 star matchup. TEs perform close to their average vs. BAL who currently ranks #24 against this position","vs.  INDThis is a 4 star matchup. TEs perform close to their average vs. IND who currently ranks #10 against this position","at  CINThis is a 4 star matchup. TEs perform better than their average vs. CIN who currently ranks #3 against this position"
"86","Nate AdkinsN. Adkins DEN","at  KCThis is a 3 star matchup. TEs perform close to their average vs. KC who currently ranks #17 against this position","vs.  JACThis is a 2 star matchup. TEs perform close to their average vs. JAC who currently ranks #25 against this position","vs.  LARThis is a 2 star matchup. TEs perform below their average vs. LAR who currently ranks #30 against this position","at  SFThis is a 2 star matchup. TEs perform below their average vs. SF who currently ranks #28 against this position","at  LACThis is a 4 star matchup. TEs perform better than their average vs. LAC who currently ranks #5 against this position","vs.  SEAThis is a 3 star matchup. TEs perform close to their average vs. SEA who currently ranks #18 against this position","at  ARIThis is a 4 star matchup. TEs perform better than their average vs. ARI who currently ranks #7 against this position","vs.  KCThis is a 3 star matchup. TEs perform close to their average vs. KC who currently ranks #17 against this position","at  CARThis is a 3 star matchup. TEs perform close to their average vs. CAR who currently ranks #16 against this position","BYE","vs.  LVThis is a 4 star matchup. TEs perform close to their average vs. LV who currently ranks #9 against this position","at  PITThis is a 3 star matchup. TEs perform close to their average vs. PIT who currently ranks #15 against this position","vs.  MIAThis is a 3 star matchup. TEs perform close to their average vs. MIA who currently ranks #12 against this position","at  NYJThis is a 4 star matchup. TEs perform better than their average vs. NYJ who currently ranks #6 against this position","at  LVThis is a 4 star matchup. TEs perform close to their average vs. LV who currently ranks #9 against this position","vs.  BUFThis is a 4 star matchup. TEs perform close to their average vs. BUF who currently ranks #11 against this position","at  NEThis is a 3 star matchup. TEs perform close to their average vs. NE who currently ranks #14 against this position","vs.  LACThis is a 4 star matchup. TEs perform better than their average vs. LAC who currently ranks #5 against this position"
"87","Tip ReimanT. Reiman ARI","at  LACThis is a 4 star matchup. TEs perform better than their average vs. LAC who currently ranks #5 against this position","vs.  SEAThis is a 3 star matchup. TEs perform close to their average vs. SEA who currently ranks #18 against this position","at  SFThis is a 2 star matchup. TEs perform below their average vs. SF who currently ranks #28 against this position","at  NYGThis is a 2 star matchup. TEs perform below their average vs. NYG who currently ranks #27 against this position","vs.  DETThis is a 3 star matchup. TEs perform close to their average vs. DET who currently ranks #22 against this position","at  LARThis is a 2 star matchup. TEs perform below their average vs. LAR who currently ranks #30 against this position","vs.  DENThis is a 3 star matchup. TEs perform close to their average vs. DEN who currently ranks #19 against this position","at  DALThis is a 4 star matchup. TEs perform better than their average vs. DAL who currently ranks #4 against this position","at  SEAThis is a 3 star matchup. TEs perform close to their average vs. SEA who currently ranks #18 against this position","vs.  LARThis is a 2 star matchup. TEs perform below their average vs. LAR who currently ranks #30 against this position","at  KCThis is a 3 star matchup. TEs perform close to their average vs. KC who currently ranks #17 against this position","vs.  WASThis is a 5 star matchup. TEs perform better than their average vs. WAS who currently ranks #2 against this position","vs.  PHIThis is a 2 star matchup. TEs perform below their average vs. PHI who currently ranks #32 against this position","BYE","vs.  NYJThis is a 4 star matchup. TEs perform better than their average vs. NYJ who currently ranks #6 against this position","at  NOThis is a 2 star matchup. TEs perform below their average vs. NO who currently ranks #29 against this position","vs.  LVThis is a 4 star matchup. TEs perform close to their average vs. LV who currently ranks #9 against this position","vs.  SFThis is a 2 star matchup. TEs perform below their average vs. SF who currently ranks #28 against this position"
"88","Will DisslyW. Dissly FA","","","","","","","","","","","","","","","","","",""
"89","Matt HibnerM. Hibner BAL","at  INDThis is a 4 star matchup. TEs perform close to their average vs. IND who currently ranks #10 against this position","vs.  NOThis is a 2 star matchup. TEs perform below their average vs. NO who currently ranks #29 against this position","at  DALThis is a 4 star matchup. TEs perform better than their average vs. DAL who currently ranks #4 against this position","vs.  TENThis is a 4 star matchup. TEs perform better than their average vs. TEN who currently ranks #8 against this position","at  ATLThis is a 2 star matchup. TEs perform below their average vs. ATL who currently ranks #26 against this position","at  CLEThis is a 2 star matchup. TEs perform below their average vs. CLE who currently ranks #31 against this position","vs.  CINThis is a 4 star matchup. TEs perform better than their average vs. CIN who currently ranks #3 against this position","at  BUFThis is a 4 star matchup. TEs perform close to their average vs. BUF who currently ranks #11 against this position","vs.  JACThis is a 2 star matchup. TEs perform close to their average vs. JAC who currently ranks #25 against this position","vs.  LACThis is a 4 star matchup. TEs perform better than their average vs. LAC who currently ranks #5 against this position","at  CARThis is a 3 star matchup. TEs perform close to their average vs. CAR who currently ranks #16 against this position","at  HOUThis is a 3 star matchup. TEs perform close to their average vs. HOU who currently ranks #21 against this position","BYE","vs.  TBThis is a 5 star matchup. TEs perform better than their average vs. TB who currently ranks #1 against this position","at  PITThis is a 3 star matchup. TEs perform close to their average vs. PIT who currently ranks #15 against this position","vs.  CLEThis is a 2 star matchup. TEs perform below their average vs. CLE who currently ranks #31 against this position","at  CINThis is a 4 star matchup. TEs perform better than their average vs. CIN who currently ranks #3 against this position","vs.  PITThis is a 3 star matchup. TEs perform close to their average vs. PIT who currently ranks #15 against this position"
"90","Payne DurhamP. Durham TB","at  CINThis is a 4 star matchup. TEs perform better than their average vs. CIN who currently ranks #3 against this position","vs.  CLEThis is a 2 star matchup. TEs perform below their average vs. CLE who currently ranks #31 against this position","vs.  MINThis is a 3 star matchup. TEs perform close to their average vs. MIN who currently ranks #23 against this position","vs.  GBThis is a 3 star matchup. TEs perform close to their average vs. GB who currently ranks #13 against this position","at  DALThis is a 4 star matchup. TEs perform better than their average vs. DAL who currently ranks #4 against this position","vs.  PITThis is a 3 star matchup. TEs perform close to their average vs. PIT who currently ranks #15 against this position","at  CARThis is a 3 star matchup. TEs perform close to their average vs. CAR who currently ranks #16 against this position","vs.  ATLThis is a 2 star matchup. TEs perform below their average vs. ATL who currently ranks #26 against this position","at  CHIThis is a 3 star matchup. TEs perform close to their average vs. CHI who currently ranks #20 against this position","BYE","at  DETThis is a 3 star matchup. TEs perform close to their average vs. DET who currently ranks #22 against this position","vs.  CARThis is a 3 star matchup. TEs perform close to their average vs. CAR who currently ranks #16 against this position","vs.  LACThis is a 4 star matchup. TEs perform better than their average vs. LAC who currently ranks #5 against this position","at  BALThis is a 2 star matchup. TEs perform close to their average vs. BAL who currently ranks #24 against this position","vs.  NOThis is a 2 star matchup. TEs perform below their average vs. NO who currently ranks #29 against this position","at  ATLThis is a 2 star matchup. TEs perform below their average vs. ATL who currently ranks #26 against this position","vs.  LARThis is a 2 star matchup. TEs perform below their average vs. LAR who currently ranks #30 against this position","at  NOThis is a 2 star matchup. TEs perform below their average vs. NO who currently ranks #29 against this position"
"91","Thomas Fidone IIT. Fidone II NYG","vs.  DALThis is a 4 star matchup. TEs perform better than their average vs. DAL who currently ranks #4 against this position","at  LARThis is a 2 star matchup. TEs perform below their average vs. LAR who currently ranks #30 against this position","vs.  TENThis is a 4 star matchup. TEs perform better than their average vs. TEN who currently ranks #8 against this position","vs.  ARIThis is a 4 star matchup. TEs perform better than their average vs. ARI who currently ranks #7 against this position","at  WASThis is a 5 star matchup. TEs perform better than their average vs. WAS who currently ranks #2 against this position","vs.  NOThis is a 2 star matchup. TEs perform below their average vs. NO who currently ranks #29 against this position","at  HOUThis is a 3 star matchup. TEs perform close to their average vs. HOU who currently ranks #21 against this position","BYE","at  PHIThis is a 2 star matchup. TEs perform below their average vs. PHI who currently ranks #32 against this position","vs.  WASThis is a 5 star matchup. TEs perform better than their average vs. WAS who currently ranks #2 against this position","vs.  JACThis is a 2 star matchup. TEs perform close to their average vs. JAC who currently ranks #25 against this position","at  INDThis is a 4 star matchup. TEs perform close to their average vs. IND who currently ranks #10 against this position","vs.  SFThis is a 2 star matchup. TEs perform below their average vs. SF who currently ranks #28 against this position","at  SEAThis is a 3 star matchup. TEs perform close to their average vs. SEA who currently ranks #18 against this position","vs.  CLEThis is a 2 star matchup. TEs perform below their average vs. CLE who currently ranks #31 against this position","at  DETThis is a 3 star matchup. TEs perform close to their average vs. DET who currently ranks #22 against this position","at  DALThis is a 4 star matchup. TEs perform better than their average vs. DAL who currently ranks #4 against this position","vs.  PHIThis is a 2 star matchup. TEs perform below their average vs. PHI who currently ranks #32 against this position"
"92","Moliki MatavaoM. Matavao NO","at  DETThis is a 3 star matchup. TEs perform close to their average vs. DET who currently ranks #22 against this position","at  BALThis is a 2 star matchup. TEs perform close to their average vs. BAL who currently ranks #24 against this position","vs.  LVThis is a 4 star matchup. TEs perform close to their average vs. LV who currently ranks #9 against this position","vs.  ATLThis is a 2 star matchup. TEs perform below their average vs. ATL who currently ranks #26 against this position","vs.  MINThis is a 3 star matchup. TEs perform close to their average vs. MIN who currently ranks #23 against this position","at  NYGThis is a 2 star matchup. TEs perform below their average vs. NYG who currently ranks #27 against this position","vs.  PITThis is a 3 star matchup. TEs perform close to their average vs. PIT who currently ranks #15 against this position","BYE","vs.  CLEThis is a 2 star matchup. TEs perform below their average vs. CLE who currently ranks #31 against this position","vs.  CARThis is a 3 star matchup. TEs perform close to their average vs. CAR who currently ranks #16 against this position","at  CHIThis is a 3 star matchup. TEs perform close to their average vs. CHI who currently ranks #20 against this position","at  CINThis is a 4 star matchup. TEs perform better than their average vs. CIN who currently ranks #3 against this position","vs.  GBThis is a 3 star matchup. TEs perform close to their average vs. GB who currently ranks #13 against this position","at  CARThis is a 3 star matchup. TEs perform close to their average vs. CAR who currently ranks #16 against this position","at  TBThis is a 5 star matchup. TEs perform better than their average vs. TB who currently ranks #1 against this position","vs.  ARIThis is a 4 star matchup. TEs perform better than their average vs. ARI who currently ranks #7 against this position","at  ATLThis is a 2 star matchup. TEs perform below their average vs. ATL who currently ranks #26 against this position","vs.  TBThis is a 5 star matchup. TEs perform better than their average vs. TB who currently ranks #1 against this position"
"93","Jack EndriesJ. Endries CIN","vs.  TBThis is a 5 star matchup. TEs perform better than their average vs. TB who currently ranks #1 against this position","at  HOUThis is a 3 star matchup. TEs perform close to their average vs. HOU who currently ranks #21 against this position","at  PITThis is a 3 star matchup. TEs perform close to their average vs. PIT who currently ranks #15 against this position","vs.  JACThis is a 2 star matchup. TEs perform close to their average vs. JAC who currently ranks #25 against this position","at  MIAThis is a 3 star matchup. TEs perform close to their average vs. MIA who currently ranks #12 against this position","BYE","at  BALThis is a 2 star matchup. TEs perform close to their average vs. BAL who currently ranks #24 against this position","vs.  TENThis is a 4 star matchup. TEs perform better than their average vs. TEN who currently ranks #8 against this position","at  ATLThis is a 2 star matchup. TEs perform below their average vs. ATL who currently ranks #26 against this position","vs.  PITThis is a 3 star matchup. TEs perform close to their average vs. PIT who currently ranks #15 against this position","at  WASThis is a 5 star matchup. TEs perform better than their average vs. WAS who currently ranks #2 against this position","vs.  NOThis is a 2 star matchup. TEs perform below their average vs. NO who currently ranks #29 against this position","at  CLEThis is a 2 star matchup. TEs perform below their average vs. CLE who currently ranks #31 against this position","vs.  KCThis is a 3 star matchup. TEs perform close to their average vs. KC who currently ranks #17 against this position","at  CARThis is a 3 star matchup. TEs perform close to their average vs. CAR who currently ranks #16 against this position","at  INDThis is a 4 star matchup. TEs perform close to their average vs. IND who currently ranks #10 against this position","vs.  BALThis is a 2 star matchup. TEs perform close to their average vs. BAL who currently ranks #24 against this position","vs.  CLEThis is a 2 star matchup. TEs perform below their average vs. CLE who currently ranks #31 against this position"
"94","Seydou TraoreS. Traore MIA","at  LVThis is a 4 star matchup. TEs perform close to their average vs. LV who currently ranks #9 against this position","at  SFThis is a 2 star matchup. TEs perform below their average vs. SF who currently ranks #28 against this position","vs.  KCThis is a 3 star matchup. TEs perform close to their average vs. KC who currently ranks #17 against this position","at  MINThis is a 3 star matchup. TEs perform close to their average vs. MIN who currently ranks #23 against this position","vs.  CINThis is a 4 star matchup. TEs perform better than their average vs. CIN who currently ranks #3 against this position","BYE","at  NYJThis is a 4 star matchup. TEs perform better than their average vs. NYJ who currently ranks #6 against this position","vs.  NEThis is a 3 star matchup. TEs perform close to their average vs. NE who currently ranks #14 against this position","vs.  DETThis is a 3 star matchup. TEs perform close to their average vs. DET who currently ranks #22 against this position","at  INDThis is a 4 star matchup. TEs perform close to their average vs. IND who currently ranks #10 against this position","at  BUFThis is a 4 star matchup. TEs perform close to their average vs. BUF who currently ranks #11 against this position","vs.  NYJThis is a 4 star matchup. TEs perform better than their average vs. NYJ who currently ranks #6 against this position","at  DENThis is a 3 star matchup. TEs perform close to their average vs. DEN who currently ranks #19 against this position","vs.  CHIThis is a 3 star matchup. TEs perform close to their average vs. CHI who currently ranks #20 against this position","at  GBThis is a 3 star matchup. TEs perform close to their average vs. GB who currently ranks #13 against this position","vs.  LACThis is a 4 star matchup. TEs perform better than their average vs. LAC who currently ranks #5 against this position","vs.  BUFThis is a 4 star matchup. TEs perform close to their average vs. BUF who currently ranks #11 against this position","at  NEThis is a 3 star matchup. TEs perform close to their average vs. NE who currently ranks #14 against this position"
"95","Albert Okwuegbunam Jr.A. Okwuegbunam Jr. LV","vs.  MIAThis is a 3 star matchup. TEs perform close to their average vs. MIA who currently ranks #12 against this position","at  LACThis is a 4 star matchup. TEs perform better than their average vs. LAC who currently ranks #5 against this position","at  NOThis is a 2 star matchup. TEs perform below their average vs. NO who currently ranks #29 against this position","vs.  KCThis is a 3 star matchup. TEs perform close to their average vs. KC who currently ranks #17 against this position","at  NEThis is a 3 star matchup. TEs perform close to their average vs. NE who currently ranks #14 against this position","vs.  BUFThis is a 4 star matchup. TEs perform close to their average vs. BUF who currently ranks #11 against this position","vs.  LARThis is a 2 star matchup. TEs perform below their average vs. LAR who currently ranks #30 against this position","at  NYJThis is a 4 star matchup. TEs perform better than their average vs. NYJ who currently ranks #6 against this position","at  SFThis is a 2 star matchup. TEs perform below their average vs. SF who currently ranks #28 against this position","vs.  SEAThis is a 3 star matchup. TEs perform close to their average vs. SEA who currently ranks #18 against this position","at  DENThis is a 3 star matchup. TEs perform close to their average vs. DEN who currently ranks #19 against this position","at  CLEThis is a 2 star matchup. TEs perform below their average vs. CLE who currently ranks #31 against this position","BYE","vs.  LACThis is a 4 star matchup. TEs perform better than their average vs. LAC who currently ranks #5 against this position","vs.  DENThis is a 3 star matchup. TEs perform close to their average vs. DEN who currently ranks #19 against this position","vs.  TENThis is a 4 star matchup. TEs perform better than their average vs. TEN who currently ranks #8 against this position","at  ARIThis is a 4 star matchup. TEs perform better than their average vs. ARI who currently ranks #7 against this position","at  KCThis is a 3 star matchup. TEs perform close to their average vs. KC who currently ranks #17 against this position"
"96","Kylen GransonK. Granson TEN","vs.  NYJThis is a 4 star matchup. TEs perform better than their average vs. NYJ who currently ranks #6 against this position","vs.  PHIThis is a 2 star matchup. TEs perform below their average vs. PHI who currently ranks #32 against this position","at  NYGThis is a 2 star matchup. TEs perform below their average vs. NYG who currently ranks #27 against this position","at  BALThis is a 2 star matchup. TEs perform close to their average vs. BAL who currently ranks #24 against this position","vs.  HOUThis is a 3 star matchup. TEs perform close to their average vs. HOU who currently ranks #21 against this position","at  INDThis is a 4 star matchup. TEs perform close to their average vs. IND who currently ranks #10 against this position","vs.  CLEThis is a 2 star matchup. TEs perform below their average vs. CLE who currently ranks #31 against this position","at  CINThis is a 4 star matchup. TEs perform better than their average vs. CIN who currently ranks #3 against this position","BYE","vs.  JACThis is a 2 star matchup. TEs perform close to their average vs. JAC who currently ranks #25 against this position","at  DALThis is a 4 star matchup. TEs perform better than their average vs. DAL who currently ranks #4 against this position","at  JACThis is a 2 star matchup. TEs perform close to their average vs. JAC who currently ranks #25 against this position","vs.  WASThis is a 5 star matchup. TEs perform better than their average vs. WAS who currently ranks #2 against this position","at  DETThis is a 3 star matchup. TEs perform close to their average vs. DET who currently ranks #22 against this position","vs.  INDThis is a 4 star matchup. TEs perform close to their average vs. IND who currently ranks #10 against this position","at  LVThis is a 4 star matchup. TEs perform close to their average vs. LV who currently ranks #9 against this position","vs.  PITThis is a 3 star matchup. TEs perform close to their average vs. PIT who currently ranks #15 against this position","at  HOUThis is a 3 star matchup. TEs perform close to their average vs. HOU who currently ranks #21 against this position"
"97","Charlie WoernerC. Woerner ATL","at  PITThis is a 3 star matchup. TEs perform close to their average vs. PIT who currently ranks #15 against this position","vs.  CARThis is a 3 star matchup. TEs perform close to their average vs. CAR who currently ranks #16 against this position","at  GBThis is a 3 star matchup. TEs perform close to their average vs. GB who currently ranks #13 against this position","at  NOThis is a 2 star matchup. TEs perform below their average vs. NO who currently ranks #29 against this position","vs.  BALThis is a 2 star matchup. TEs perform close to their average vs. BAL who currently ranks #24 against this position","vs.  CHIThis is a 3 star matchup. TEs perform close to their average vs. CHI who currently ranks #20 against this position","vs.  SFThis is a 2 star matchup. TEs perform below their average vs. SF who currently ranks #28 against this position","at  TBThis is a 5 star matchup. TEs perform better than their average vs. TB who currently ranks #1 against this position","vs.  CINThis is a 4 star matchup. TEs perform better than their average vs. CIN who currently ranks #3 against this position","vs.  KCThis is a 3 star matchup. TEs perform close to their average vs. KC who currently ranks #17 against this position","BYE","at  MINThis is a 3 star matchup. TEs perform close to their average vs. MIN who currently ranks #23 against this position","vs.  DETThis is a 3 star matchup. TEs perform close to their average vs. DET who currently ranks #22 against this position","at  CLEThis is a 2 star matchup. TEs perform below their average vs. CLE who currently ranks #31 against this position","at  WASThis is a 5 star matchup. TEs perform better than their average vs. WAS who currently ranks #2 against this position","vs.  TBThis is a 5 star matchup. TEs perform better than their average vs. TB who currently ranks #1 against this position","vs.  NOThis is a 2 star matchup. TEs perform below their average vs. NO who currently ranks #29 against this position","at  CARThis is a 3 star matchup. TEs perform close to their average vs. CAR who currently ranks #16 against this position"
"98","Jared WileyJ. Wiley KC","vs.  DENThis is a 3 star matchup. TEs perform close to their average vs. DEN who currently ranks #19 against this position","vs.  INDThis is a 4 star matchup. TEs perform close to their average vs. IND who currently ranks #10 against this position","at  MIAThis is a 3 star matchup. TEs perform close to their average vs. MIA who currently ranks #12 against this position","at  LVThis is a 4 star matchup. TEs perform close to their average vs. LV who currently ranks #9 against this position","BYE","vs.  LACThis is a 4 star matchup. TEs perform better than their average vs. LAC who currently ranks #5 against this position","at  SEAThis is a 3 star matchup. TEs perform close to their average vs. SEA who currently ranks #18 against this position","at  DENThis is a 3 star matchup. TEs perform close to their average vs. DEN who currently ranks #19 against this position","vs.  NYJThis is a 4 star matchup. TEs perform better than their average vs. NYJ who currently ranks #6 against this position","at  ATLThis is a 2 star matchup. TEs perform below their average vs. ATL who currently ranks #26 against this position","vs.  ARIThis is a 4 star matchup. TEs perform better than their average vs. ARI who currently ranks #7 against this position","at  BUFThis is a 4 star matchup. TEs perform close to their average vs. BUF who currently ranks #11 against this position","at  LARThis is a 2 star matchup. TEs perform below their average vs. LAR who currently ranks #30 against this position","at  CINThis is a 4 star matchup. TEs perform better than their average vs. CIN who currently ranks #3 against this position","vs.  NEThis is a 3 star matchup. TEs perform close to their average vs. NE who currently ranks #14 against this position","vs.  SFThis is a 2 star matchup. TEs perform below their average vs. SF who currently ranks #28 against this position","at  LACThis is a 4 star matchup. TEs perform better than their average vs. LAC who currently ranks #5 against this position","vs.  LVThis is a 4 star matchup. TEs perform close to their average vs. LV who currently ranks #9 against this position"
"99","Eric SaubertE. Saubert SEA","vs.  NEThis is a 3 star matchup. TEs perform close to their average vs. NE who currently ranks #14 against this position","at  ARIThis is a 4 star matchup. TEs perform better than their average vs. ARI who currently ranks #7 against this position","at  WASThis is a 5 star matchup. TEs perform better than their average vs. WAS who currently ranks #2 against this position","vs.  LACThis is a 4 star matchup. TEs perform better than their average vs. LAC who currently ranks #5 against this position","vs.  SFThis is a 2 star matchup. TEs perform below their average vs. SF who currently ranks #28 against this position","at  DENThis is a 3 star matchup. TEs perform close to their average vs. DEN who currently ranks #19 against this position","vs.  KCThis is a 3 star matchup. TEs perform close to their average vs. KC who currently ranks #17 against this position","vs.  CHIThis is a 3 star matchup. TEs perform close to their average vs. CHI who currently ranks #20 against this position","vs.  ARIThis is a 4 star matchup. TEs perform better than their average vs. ARI who currently ranks #7 against this position","at  LVThis is a 4 star matchup. TEs perform close to their average vs. LV who currently ranks #9 against this position","BYE","at  SFThis is a 2 star matchup. TEs perform below their average vs. SF who currently ranks #28 against this position","vs.  DALThis is a 4 star matchup. TEs perform better than their average vs. DAL who currently ranks #4 against this position","vs.  NYGThis is a 2 star matchup. TEs perform below their average vs. NYG who currently ranks #27 against this position","at  PHIThis is a 2 star matchup. TEs perform below their average vs. PHI who currently ranks #32 against this position","vs.  LARThis is a 2 star matchup. TEs perform below their average vs. LAR who currently ranks #30 against this position","at  CARThis is a 3 star matchup. TEs perform close to their average vs. CAR who currently ranks #16 against this position","at  LARThis is a 2 star matchup. TEs perform below their average vs. LAR who currently ranks #30 against this position"
"100","Julian HillJ. Hill NE","at  SEAThis is a 3 star matchup. TEs perform close to their average vs. SEA who currently ranks #18 against this position","vs.  PITThis is a 3 star matchup. TEs perform close to their average vs. PIT who currently ranks #15 against this position","at  JACThis is a 2 star matchup. TEs perform close to their average vs. JAC who currently ranks #25 against this position","at  BUFThis is a 4 star matchup. TEs perform close to their average vs. BUF who currently ranks #11 against this position","vs.  LVThis is a 4 star matchup. TEs perform close to their average vs. LV who currently ranks #9 against this position","vs.  NYJThis is a 4 star matchup. TEs perform better than their average vs. NYJ who currently ranks #6 against this position","at  CHIThis is a 3 star matchup. TEs perform close to their average vs. CHI who currently ranks #20 against this position","at  MIAThis is a 3 star matchup. TEs perform close to their average vs. MIA who currently ranks #12 against this position","vs.  GBThis is a 3 star matchup. TEs perform close to their average vs. GB who currently ranks #13 against this position","at  DETThis is a 3 star matchup. TEs perform close to their average vs. DET who currently ranks #22 against this position","BYE","at  LACThis is a 4 star matchup. TEs perform better than their average vs. LAC who currently ranks #5 against this position","vs.  BUFThis is a 4 star matchup. TEs perform close to their average vs. BUF who currently ranks #11 against this position","vs.  MINThis is a 3 star matchup. TEs perform close to their average vs. MIN who currently ranks #23 against this position","at  KCThis is a 3 star matchup. TEs perform close to their average vs. KC who currently ranks #17 against this position","at  NYJThis is a 4 star matchup. TEs perform better than their average vs. NYJ who currently ranks #6 against this position","vs.  DENThis is a 3 star matchup. TEs perform close to their average vs. DEN who currently ranks #19 against this position","vs.  MIAThis is a 3 star matchup. TEs perform close to their average vs. MIA who currently ranks #12 against this position"
"101","Will MalloryW. Mallory IND","vs.  BALThis is a 2 star matchup. TEs perform close to their average vs. BAL who currently ranks #24 against this position","at  KCThis is a 3 star matchup. TEs perform close to their average vs. KC who currently ranks #17 against this position","vs.  HOUThis is a 3 star matchup. TEs perform close to their average vs. HOU who currently ranks #21 against this position","at  WASThis is a 5 star matchup. TEs perform better than their average vs. WAS who currently ranks #2 against this position","at  PITThis is a 3 star matchup. TEs perform close to their average vs. PIT who currently ranks #15 against this position","vs.  TENThis is a 4 star matchup. TEs perform better than their average vs. TEN who currently ranks #8 against this position","at  MINThis is a 3 star matchup. TEs perform close to their average vs. MIN who currently ranks #23 against this position","at  JACThis is a 2 star matchup. TEs perform close to their average vs. JAC who currently ranks #25 against this position","vs.  DALThis is a 4 star matchup. TEs perform better than their average vs. DAL who currently ranks #4 against this position","vs.  MIAThis is a 3 star matchup. TEs perform close to their average vs. MIA who currently ranks #12 against this position","at  HOUThis is a 3 star matchup. TEs perform close to their average vs. HOU who currently ranks #21 against this position","vs.  NYGThis is a 2 star matchup. TEs perform below their average vs. NYG who currently ranks #27 against this position","BYE","at  PHIThis is a 2 star matchup. TEs perform below their average vs. PHI who currently ranks #32 against this position","at  TENThis is a 4 star matchup. TEs perform better than their average vs. TEN who currently ranks #8 against this position","vs.  CINThis is a 4 star matchup. TEs perform better than their average vs. CIN who currently ranks #3 against this position","at  CLEThis is a 2 star matchup. TEs perform below their average vs. CLE who currently ranks #31 against this position","vs.  JACThis is a 2 star matchup. TEs perform close to their average vs. JAC who currently ranks #25 against this position"
"102","Bauer SharpB. Sharp TB","at  CINThis is a 4 star matchup. TEs perform better than their average vs. CIN who currently ranks #3 against this position","vs.  CLEThis is a 2 star matchup. TEs perform below their average vs. CLE who currently ranks #31 against this position","vs.  MINThis is a 3 star matchup. TEs perform close to their average vs. MIN who currently ranks #23 against this position","vs.  GBThis is a 3 star matchup. TEs perform close to their average vs. GB who currently ranks #13 against this position","at  DALThis is a 4 star matchup. TEs perform better than their average vs. DAL who currently ranks #4 against this position","vs.  PITThis is a 3 star matchup. TEs perform close to their average vs. PIT who currently ranks #15 against this position","at  CARThis is a 3 star matchup. TEs perform close to their average vs. CAR who currently ranks #16 against this position","vs.  ATLThis is a 2 star matchup. TEs perform below their average vs. ATL who currently ranks #26 against this position","at  CHIThis is a 3 star matchup. TEs perform close to their average vs. CHI who currently ranks #20 against this position","BYE","at  DETThis is a 3 star matchup. TEs perform close to their average vs. DET who currently ranks #22 against this position","vs.  CARThis is a 3 star matchup. TEs perform close to their average vs. CAR who currently ranks #16 against this position","vs.  LACThis is a 4 star matchup. TEs perform better than their average vs. LAC who currently ranks #5 against this position","at  BALThis is a 2 star matchup. TEs perform close to their average vs. BAL who currently ranks #24 against this position","vs.  NOThis is a 2 star matchup. TEs perform below their average vs. NO who currently ranks #29 against this position","at  ATLThis is a 2 star matchup. TEs perform below their average vs. ATL who currently ranks #26 against this position","vs.  LARThis is a 2 star matchup. TEs perform below their average vs. LAR who currently ranks #30 against this position","at  NOThis is a 2 star matchup. TEs perform below their average vs. NO who currently ranks #29 against this position"
"103","Davis AllenD. Allen LAR","vs.  SFThis is a 2 star matchup. TEs perform below their average vs. SF who currently ranks #28 against this position","vs.  NYGThis is a 2 star matchup. TEs perform below their average vs. NYG who currently ranks #27 against this position","at  DENThis is a 3 star matchup. TEs perform close to their average vs. DEN who currently ranks #19 against this position","at  PHIThis is a 2 star matchup. TEs perform below their average vs. PHI who currently ranks #32 against this position","vs.  BUFThis is a 4 star matchup. TEs perform close to their average vs. BUF who currently ranks #11 against this position","vs.  ARIThis is a 4 star matchup. TEs perform better than their average vs. ARI who currently ranks #7 against this position","at  LVThis is a 4 star matchup. TEs perform close to their average vs. LV who currently ranks #9 against this position","vs.  LACThis is a 4 star matchup. TEs perform better than their average vs. LAC who currently ranks #5 against this position","at  WASThis is a 5 star matchup. TEs perform better than their average vs. WAS who currently ranks #2 against this position","at  ARIThis is a 4 star matchup. TEs perform better than their average vs. ARI who currently ranks #7 against this position","BYE","vs.  GBThis is a 3 star matchup. TEs perform close to their average vs. GB who currently ranks #13 against this position","vs.  KCThis is a 3 star matchup. TEs perform close to their average vs. KC who currently ranks #17 against this position","at  SFThis is a 2 star matchup. TEs perform below their average vs. SF who currently ranks #28 against this position","vs.  DALThis is a 4 star matchup. TEs perform better than their average vs. DAL who currently ranks #4 against this position","at  SEAThis is a 3 star matchup. TEs perform close to their average vs. SEA who currently ranks #18 against this position","at  TBThis is a 5 star matchup. TEs perform better than their average vs. TB who currently ranks #1 against this position","vs.  SEAThis is a 3 star matchup. TEs perform close to their average vs. SEA who currently ranks #18 against this position"
"104","Jeremy RuckertJ. Ruckert NYJ","at  TENThis is a 4 star matchup. TEs perform better than their average vs. TEN who currently ranks #8 against this position","vs.  GBThis is a 3 star matchup. TEs perform close to their average vs. GB who currently ranks #13 against this position","at  DETThis is a 3 star matchup. TEs perform close to their average vs. DET who currently ranks #22 against this position","at  CHIThis is a 3 star matchup. TEs perform close to their average vs. CHI who currently ranks #20 against this position","vs.  CLEThis is a 2 star matchup. TEs perform below their average vs. CLE who currently ranks #31 against this position","at  NEThis is a 3 star matchup. TEs perform close to their average vs. NE who currently ranks #14 against this position","vs.  MIAThis is a 3 star matchup. TEs perform close to their average vs. MIA who currently ranks #12 against this position","vs.  LVThis is a 4 star matchup. TEs perform close to their average vs. LV who currently ranks #9 against this position","at  KCThis is a 3 star matchup. TEs perform close to their average vs. KC who currently ranks #17 against this position","vs.  BUFThis is a 4 star matchup. TEs perform close to their average vs. BUF who currently ranks #11 against this position","at  LACThis is a 4 star matchup. TEs perform better than their average vs. LAC who currently ranks #5 against this position","at  MIAThis is a 3 star matchup. TEs perform close to their average vs. MIA who currently ranks #12 against this position","BYE","vs.  DENThis is a 3 star matchup. TEs perform close to their average vs. DEN who currently ranks #19 against this position","at  ARIThis is a 4 star matchup. TEs perform better than their average vs. ARI who currently ranks #7 against this position","vs.  NEThis is a 3 star matchup. TEs perform close to their average vs. NE who currently ranks #14 against this position","vs.  MINThis is a 3 star matchup. TEs perform close to their average vs. MIN who currently ranks #23 against this position","at  BUFThis is a 4 star matchup. TEs perform close to their average vs. BUF who currently ranks #11 against this position"
"105","Josh CuevasJ. Cuevas BAL","at  INDThis is a 4 star matchup. TEs perform close to their average vs. IND who currently ranks #10 against this position","vs.  NOThis is a 2 star matchup. TEs perform below their average vs. NO who currently ranks #29 against this position","at  DALThis is a 4 star matchup. TEs perform better than their average vs. DAL who currently ranks #4 against this position","vs.  TENThis is a 4 star matchup. TEs perform better than their average vs. TEN who currently ranks #8 against this position","at  ATLThis is a 2 star matchup. TEs perform below their average vs. ATL who currently ranks #26 against this position","at  CLEThis is a 2 star matchup. TEs perform below their average vs. CLE who currently ranks #31 against this position","vs.  CINThis is a 4 star matchup. TEs perform better than their average vs. CIN who currently ranks #3 against this position","at  BUFThis is a 4 star matchup. TEs perform close to their average vs. BUF who currently ranks #11 against this position","vs.  JACThis is a 2 star matchup. TEs perform close to their average vs. JAC who currently ranks #25 against this position","vs.  LACThis is a 4 star matchup. TEs perform better than their average vs. LAC who currently ranks #5 against this position","at  CARThis is a 3 star matchup. TEs perform close to their average vs. CAR who currently ranks #16 against this position","at  HOUThis is a 3 star matchup. TEs perform close to their average vs. HOU who currently ranks #21 against this position","BYE","vs.  TBThis is a 5 star matchup. TEs perform better than their average vs. TB who currently ranks #1 against this position","at  PITThis is a 3 star matchup. TEs perform close to their average vs. PIT who currently ranks #15 against this position","vs.  CLEThis is a 2 star matchup. TEs perform below their average vs. CLE who currently ranks #31 against this position","at  CINThis is a 4 star matchup. TEs perform better than their average vs. CIN who currently ranks #3 against this position","vs.  PITThis is a 3 star matchup. TEs perform close to their average vs. PIT who currently ranks #15 against this position"
"106","Brevyn Spann-FordB. Spann-Ford DAL","at  NYGThis is a 2 star matchup. TEs perform below their average vs. NYG who currently ranks #27 against this position","vs.  WASThis is a 5 star matchup. TEs perform better than their average vs. WAS who currently ranks #2 against this position","vs.  BALThis is a 2 star matchup. TEs perform close to their average vs. BAL who currently ranks #24 against this position","at  HOUThis is a 3 star matchup. TEs perform close to their average vs. HOU who currently ranks #21 against this position","vs.  TBThis is a 5 star matchup. TEs perform better than their average vs. TB who currently ranks #1 against this position","at  GBThis is a 3 star matchup. TEs perform close to their average vs. GB who currently ranks #13 against this position","at  PHIThis is a 2 star matchup. TEs perform below their average vs. PHI who currently ranks #32 against this position","vs.  ARIThis is a 4 star matchup. TEs perform better than their average vs. ARI who currently ranks #7 against this position","at  INDThis is a 4 star matchup. TEs perform close to their average vs. IND who currently ranks #10 against this position","vs.  SFThis is a 2 star matchup. TEs perform below their average vs. SF who currently ranks #28 against this position","vs.  TENThis is a 4 star matchup. TEs perform better than their average vs. TEN who currently ranks #8 against this position","vs.  PHIThis is a 2 star matchup. TEs perform below their average vs. PHI who currently ranks #32 against this position","at  SEAThis is a 3 star matchup. TEs perform close to their average vs. SEA who currently ranks #18 against this position","BYE","at  LARThis is a 2 star matchup. TEs perform below their average vs. LAR who currently ranks #30 against this position","vs.  JACThis is a 2 star matchup. TEs perform close to their average vs. JAC who currently ranks #25 against this position","vs.  NYGThis is a 2 star matchup. TEs perform below their average vs. NYG who currently ranks #27 against this position","at  WASThis is a 5 star matchup. TEs perform better than their average vs. WAS who currently ranks #2 against this position"
"107","Ben SimsB. Sims MIA","at  LVThis is a 4 star matchup. TEs perform close to their average vs. LV who currently ranks #9 against this position","at  SFThis is a 2 star matchup. TEs perform below their average vs. SF who currently ranks #28 against this position","vs.  KCThis is a 3 star matchup. TEs perform close to their average vs. KC who currently ranks #17 against this position","at  MINThis is a 3 star matchup. TEs perform close to their average vs. MIN who currently ranks #23 against this position","vs.  CINThis is a 4 star matchup. TEs perform better than their average vs. CIN who currently ranks #3 against this position","BYE","at  NYJThis is a 4 star matchup. TEs perform better than their average vs. NYJ who currently ranks #6 against this position","vs.  NEThis is a 3 star matchup. TEs perform close to their average vs. NE who currently ranks #14 against this position","vs.  DETThis is a 3 star matchup. TEs perform close to their average vs. DET who currently ranks #22 against this position","at  INDThis is a 4 star matchup. TEs perform close to their average vs. IND who currently ranks #10 against this position","at  BUFThis is a 4 star matchup. TEs perform close to their average vs. BUF who currently ranks #11 against this position","vs.  NYJThis is a 4 star matchup. TEs perform better than their average vs. NYJ who currently ranks #6 against this position","at  DENThis is a 3 star matchup. TEs perform close to their average vs. DEN who currently ranks #19 against this position","vs.  CHIThis is a 3 star matchup. TEs perform close to their average vs. CHI who currently ranks #20 against this position","at  GBThis is a 3 star matchup. TEs perform close to their average vs. GB who currently ranks #13 against this position","vs.  LACThis is a 4 star matchup. TEs perform better than their average vs. LAC who currently ranks #5 against this position","vs.  BUFThis is a 4 star matchup. TEs perform close to their average vs. BUF who currently ranks #11 against this position","at  NEThis is a 3 star matchup. TEs perform close to their average vs. NE who currently ranks #14 against this position"
"108","Miles KitselmanM. Kitselman DET","vs.  NOThis is a 2 star matchup. TEs perform below their average vs. NO who currently ranks #29 against this position","at  BUFThis is a 4 star matchup. TEs perform close to their average vs. BUF who currently ranks #11 against this position","vs.  NYJThis is a 4 star matchup. TEs perform better than their average vs. NYJ who currently ranks #6 against this position","at  CARThis is a 3 star matchup. TEs perform close to their average vs. CAR who currently ranks #16 against this position","at  ARIThis is a 4 star matchup. TEs perform better than their average vs. ARI who currently ranks #7 against this position","BYE","vs.  GBThis is a 3 star matchup. TEs perform close to their average vs. GB who currently ranks #13 against this position","vs.  MINThis is a 3 star matchup. TEs perform close to their average vs. MIN who currently ranks #23 against this position","at  MIAThis is a 3 star matchup. TEs perform close to their average vs. MIA who currently ranks #12 against this position","vs.  NEThis is a 3 star matchup. TEs perform close to their average vs. NE who currently ranks #14 against this position","vs.  TBThis is a 5 star matchup. TEs perform better than their average vs. TB who currently ranks #1 against this position","vs.  CHIThis is a 3 star matchup. TEs perform close to their average vs. CHI who currently ranks #20 against this position","at  ATLThis is a 2 star matchup. TEs perform below their average vs. ATL who currently ranks #26 against this position","vs.  TENThis is a 4 star matchup. TEs perform better than their average vs. TEN who currently ranks #8 against this position","at  MINThis is a 3 star matchup. TEs perform close to their average vs. MIN who currently ranks #23 against this position","vs.  NYGThis is a 2 star matchup. TEs perform below their average vs. NYG who currently ranks #27 against this position","at  CHIThis is a 3 star matchup. TEs perform close to their average vs. CHI who currently ranks #20 against this position","at  GBThis is a 3 star matchup. TEs perform close to their average vs. GB who currently ranks #13 against this position"
"109","Devin CulpD. Culp TB","at  CINThis is a 4 star matchup. TEs perform better than their average vs. CIN who currently ranks #3 against this position","vs.  CLEThis is a 2 star matchup. TEs perform below their average vs. CLE who currently ranks #31 against this position","vs.  MINThis is a 3 star matchup. TEs perform close to their average vs. MIN who currently ranks #23 against this position","vs.  GBThis is a 3 star matchup. TEs perform close to their average vs. GB who currently ranks #13 against this position","at  DALThis is a 4 star matchup. TEs perform better than their average vs. DAL who currently ranks #4 against this position","vs.  PITThis is a 3 star matchup. TEs perform close to their average vs. PIT who currently ranks #15 against this position","at  CARThis is a 3 star matchup. TEs perform close to their average vs. CAR who currently ranks #16 against this position","vs.  ATLThis is a 2 star matchup. TEs perform below their average vs. ATL who currently ranks #26 against this position","at  CHIThis is a 3 star matchup. TEs perform close to their average vs. CHI who currently ranks #20 against this position","BYE","at  DETThis is a 3 star matchup. TEs perform close to their average vs. DET who currently ranks #22 against this position","vs.  CARThis is a 3 star matchup. TEs perform close to their average vs. CAR who currently ranks #16 against this position","vs.  LACThis is a 4 star matchup. TEs perform better than their average vs. LAC who currently ranks #5 against this position","at  BALThis is a 2 star matchup. TEs perform close to their average vs. BAL who currently ranks #24 against this position","vs.  NOThis is a 2 star matchup. TEs perform below their average vs. NO who currently ranks #29 against this position","at  ATLThis is a 2 star matchup. TEs perform below their average vs. ATL who currently ranks #26 against this position","vs.  LARThis is a 2 star matchup. TEs perform below their average vs. LAR who currently ranks #30 against this position","at  NOThis is a 2 star matchup. TEs perform below their average vs. NO who currently ranks #29 against this position"
"110","Jordan AkinsJ. Akins FA","","","","","","","","","","","","","","","","","",""
"111","Jaheim BellJ. Bell PIT","vs.  ATLThis is a 2 star matchup. TEs perform below their average vs. ATL who currently ranks #26 against this position","at  NEThis is a 3 star matchup. TEs perform close to their average vs. NE who currently ranks #14 against this position","vs.  CINThis is a 4 star matchup. TEs perform better than their average vs. CIN who currently ranks #3 against this position","at  CLEThis is a 2 star matchup. TEs perform below their average vs. CLE who currently ranks #31 against this position","vs.  INDThis is a 4 star matchup. TEs perform close to their average vs. IND who currently ranks #10 against this position","at  TBThis is a 5 star matchup. TEs perform better than their average vs. TB who currently ranks #1 against this position","at  NOThis is a 2 star matchup. TEs perform below their average vs. NO who currently ranks #29 against this position","vs.  CLEThis is a 2 star matchup. TEs perform below their average vs. CLE who currently ranks #31 against this position","BYE","at  CINThis is a 4 star matchup. TEs perform better than their average vs. CIN who currently ranks #3 against this position","at  PHIThis is a 2 star matchup. TEs perform below their average vs. PHI who currently ranks #32 against this position","vs.  DENThis is a 3 star matchup. TEs perform close to their average vs. DEN who currently ranks #19 against this position","vs.  HOUThis is a 3 star matchup. TEs perform close to their average vs. HOU who currently ranks #21 against this position","at  JACThis is a 2 star matchup. TEs perform close to their average vs. JAC who currently ranks #25 against this position","vs.  BALThis is a 2 star matchup. TEs perform close to their average vs. BAL who currently ranks #24 against this position","vs.  CARThis is a 3 star matchup. TEs perform close to their average vs. CAR who currently ranks #16 against this position","at  TENThis is a 4 star matchup. TEs perform better than their average vs. TEN who currently ranks #8 against this position","at  BALThis is a 2 star matchup. TEs perform close to their average vs. BAL who currently ranks #24 against this position"
"112","Khalil DinkinsK. Dinkins FA","","","","","","","","","","","","","","","","","",""
"113","Luke FarrellL. Farrell SF","at  LARThis is a 2 star matchup. TEs perform below their average vs. LAR who currently ranks #30 against this position","vs.  MIAThis is a 3 star matchup. TEs perform close to their average vs. MIA who currently ranks #12 against this position","vs.  ARIThis is a 4 star matchup. TEs perform better than their average vs. ARI who currently ranks #7 against this position","vs.  DENThis is a 3 star matchup. TEs perform close to their average vs. DEN who currently ranks #19 against this position","at  SEAThis is a 3 star matchup. TEs perform close to their average vs. SEA who currently ranks #18 against this position","vs.  WASThis is a 5 star matchup. TEs perform better than their average vs. WAS who currently ranks #2 against this position","at  ATLThis is a 2 star matchup. TEs perform below their average vs. ATL who currently ranks #26 against this position","BYE","vs.  LVThis is a 4 star matchup. TEs perform close to their average vs. LV who currently ranks #9 against this position","at  DALThis is a 4 star matchup. TEs perform better than their average vs. DAL who currently ranks #4 against this position","vs.  MINThis is a 3 star matchup. TEs perform close to their average vs. MIN who currently ranks #23 against this position","vs.  SEAThis is a 3 star matchup. TEs perform close to their average vs. SEA who currently ranks #18 against this position","at  NYGThis is a 2 star matchup. TEs perform below their average vs. NYG who currently ranks #27 against this position","vs.  LARThis is a 2 star matchup. TEs perform below their average vs. LAR who currently ranks #30 against this position","at  LACThis is a 4 star matchup. TEs perform better than their average vs. LAC who currently ranks #5 against this position","at  KCThis is a 3 star matchup. TEs perform close to their average vs. KC who currently ranks #17 against this position","vs.  PHIThis is a 2 star matchup. TEs perform below their average vs. PHI who currently ranks #32 against this position","at  ARIThis is a 4 star matchup. TEs perform better than their average vs. ARI who currently ranks #7 against this position"
"114","Connor HeywardC. Heyward LV","vs.  MIAThis is a 3 star matchup. TEs perform close to their average vs. MIA who currently ranks #12 against this position","at  LACThis is a 4 star matchup. TEs perform better than their average vs. LAC who currently ranks #5 against this position","at  NOThis is a 2 star matchup. TEs perform below their average vs. NO who currently ranks #29 against this position","vs.  KCThis is a 3 star matchup. TEs perform close to their average vs. KC who currently ranks #17 against this position","at  NEThis is a 3 star matchup. TEs perform close to their average vs. NE who currently ranks #14 against this position","vs.  BUFThis is a 4 star matchup. TEs perform close to their average vs. BUF who currently ranks #11 against this position","vs.  LARThis is a 2 star matchup. TEs perform below their average vs. LAR who currently ranks #30 against this position","at  NYJThis is a 4 star matchup. TEs perform better than their average vs. NYJ who currently ranks #6 against this position","at  SFThis is a 2 star matchup. TEs perform below their average vs. SF who currently ranks #28 against this position","vs.  SEAThis is a 3 star matchup. TEs perform close to their average vs. SEA who currently ranks #18 against this position","at  DENThis is a 3 star matchup. TEs perform close to their average vs. DEN who currently ranks #19 against this position","at  CLEThis is a 2 star matchup. TEs perform below their average vs. CLE who currently ranks #31 against this position","BYE","vs.  LACThis is a 4 star matchup. TEs perform better than their average vs. LAC who currently ranks #5 against this position","vs.  DENThis is a 3 star matchup. TEs perform close to their average vs. DEN who currently ranks #19 against this position","vs.  TENThis is a 4 star matchup. TEs perform better than their average vs. TEN who currently ranks #8 against this position","at  ARIThis is a 4 star matchup. TEs perform better than their average vs. ARI who currently ranks #7 against this position","at  KCThis is a 3 star matchup. TEs perform close to their average vs. KC who currently ranks #17 against this position"
"115","Grant CalcaterraG. Calcaterra PHI","vs.  WASThis is a 5 star matchup. TEs perform better than their average vs. WAS who currently ranks #2 against this position","at  TENThis is a 4 star matchup. TEs perform better than their average vs. TEN who currently ranks #8 against this position","at  CHIThis is a 3 star matchup. TEs perform close to their average vs. CHI who currently ranks #20 against this position","vs.  LARThis is a 2 star matchup. TEs perform below their average vs. LAR who currently ranks #30 against this position","at  JACThis is a 2 star matchup. TEs perform close to their average vs. JAC who currently ranks #25 against this position","vs.  CARThis is a 3 star matchup. TEs perform close to their average vs. CAR who currently ranks #16 against this position","vs.  DALThis is a 4 star matchup. TEs perform better than their average vs. DAL who currently ranks #4 against this position","at  WASThis is a 5 star matchup. TEs perform better than their average vs. WAS who currently ranks #2 against this position","vs.  NYGThis is a 2 star matchup. TEs perform below their average vs. NYG who currently ranks #27 against this position","BYE","vs.  PITThis is a 3 star matchup. TEs perform close to their average vs. PIT who currently ranks #15 against this position","at  DALThis is a 4 star matchup. TEs perform better than their average vs. DAL who currently ranks #4 against this position","at  ARIThis is a 4 star matchup. TEs perform better than their average vs. ARI who currently ranks #7 against this position","vs.  INDThis is a 4 star matchup. TEs perform close to their average vs. IND who currently ranks #10 against this position","vs.  SEAThis is a 3 star matchup. TEs perform close to their average vs. SEA who currently ranks #18 against this position","vs.  HOUThis is a 3 star matchup. TEs perform close to their average vs. HOU who currently ranks #21 against this position","at  SFThis is a 2 star matchup. TEs perform below their average vs. SF who currently ranks #28 against this position","at  NYGThis is a 2 star matchup. TEs perform below their average vs. NYG who currently ranks #27 against this position"
"116","Andrew BeckA. Beck NYJ","at  TENThis is a 4 star matchup. TEs perform better than their average vs. TEN who currently ranks #8 against this position","vs.  GBThis is a 3 star matchup. TEs perform close to their average vs. GB who currently ranks #13 against this position","at  DETThis is a 3 star matchup. TEs perform close to their average vs. DET who currently ranks #22 against this position","at  CHIThis is a 3 star matchup. TEs perform close to their average vs. CHI who currently ranks #20 against this position","vs.  CLEThis is a 2 star matchup. TEs perform below their average vs. CLE who currently ranks #31 against this position","at  NEThis is a 3 star matchup. TEs perform close to their average vs. NE who currently ranks #14 against this position","vs.  MIAThis is a 3 star matchup. TEs perform close to their average vs. MIA who currently ranks #12 against this position","vs.  LVThis is a 4 star matchup. TEs perform close to their average vs. LV who currently ranks #9 against this position","at  KCThis is a 3 star matchup. TEs perform close to their average vs. KC who currently ranks #17 against this position","vs.  BUFThis is a 4 star matchup. TEs perform close to their average vs. BUF who currently ranks #11 against this position","at  LACThis is a 4 star matchup. TEs perform better than their average vs. LAC who currently ranks #5 against this position","at  MIAThis is a 3 star matchup. TEs perform close to their average vs. MIA who currently ranks #12 against this position","BYE","vs.  DENThis is a 3 star matchup. TEs perform close to their average vs. DEN who currently ranks #19 against this position","at  ARIThis is a 4 star matchup. TEs perform better than their average vs. ARI who currently ranks #7 against this position","vs.  NEThis is a 3 star matchup. TEs perform close to their average vs. NE who currently ranks #14 against this position","vs.  MINThis is a 3 star matchup. TEs perform close to their average vs. MIN who currently ranks #23 against this position","at  BUFThis is a 4 star matchup. TEs perform close to their average vs. BUF who currently ranks #11 against this position"
"117","Ben YurosekB. Yurosek MIN","vs.  GBThis is a 3 star matchup. TEs perform close to their average vs. GB who currently ranks #13 against this position","at  CHIThis is a 3 star matchup. TEs perform close to their average vs. CHI who currently ranks #20 against this position","at  TBThis is a 5 star matchup. TEs perform better than their average vs. TB who currently ranks #1 against this position","vs.  MIAThis is a 3 star matchup. TEs perform close to their average vs. MIA who currently ranks #12 against this position","at  NOThis is a 2 star matchup. TEs perform below their average vs. NO who currently ranks #29 against this position","BYE","vs.  INDThis is a 4 star matchup. TEs perform close to their average vs. IND who currently ranks #10 against this position","at  DETThis is a 3 star matchup. TEs perform close to their average vs. DET who currently ranks #22 against this position","vs.  BUFThis is a 4 star matchup. TEs perform close to their average vs. BUF who currently ranks #11 against this position","at  GBThis is a 3 star matchup. TEs perform close to their average vs. GB who currently ranks #13 against this position","at  SFThis is a 2 star matchup. TEs perform below their average vs. SF who currently ranks #28 against this position","vs.  ATLThis is a 2 star matchup. TEs perform below their average vs. ATL who currently ranks #26 against this position","vs.  CARThis is a 3 star matchup. TEs perform close to their average vs. CAR who currently ranks #16 against this position","at  NEThis is a 3 star matchup. TEs perform close to their average vs. NE who currently ranks #14 against this position","vs.  DETThis is a 3 star matchup. TEs perform close to their average vs. DET who currently ranks #22 against this position","vs.  WASThis is a 5 star matchup. TEs perform better than their average vs. WAS who currently ranks #2 against this position","at  NYJThis is a 4 star matchup. TEs perform better than their average vs. NYJ who currently ranks #6 against this position","vs.  CHIThis is a 3 star matchup. TEs perform close to their average vs. CHI who currently ranks #20 against this position"
"118","Stone SmarttS. Smartt PHI","vs.  WASThis is a 5 star matchup. TEs perform better than their average vs. WAS who currently ranks #2 against this position","at  TENThis is a 4 star matchup. TEs perform better than their average vs. TEN who currently ranks #8 against this position","at  CHIThis is a 3 star matchup. TEs perform close to their average vs. CHI who currently ranks #20 against this position","vs.  LARThis is a 2 star matchup. TEs perform below their average vs. LAR who currently ranks #30 against this position","at  JACThis is a 2 star matchup. TEs perform close to their average vs. JAC who currently ranks #25 against this position","vs.  CARThis is a 3 star matchup. TEs perform close to their average vs. CAR who currently ranks #16 against this position","vs.  DALThis is a 4 star matchup. TEs perform better than their average vs. DAL who currently ranks #4 against this position","at  WASThis is a 5 star matchup. TEs perform better than their average vs. WAS who currently ranks #2 against this position","vs.  NYGThis is a 2 star matchup. TEs perform below their average vs. NYG who currently ranks #27 against this position","BYE","vs.  PITThis is a 3 star matchup. TEs perform close to their average vs. PIT who currently ranks #15 against this position","at  DALThis is a 4 star matchup. TEs perform better than their average vs. DAL who currently ranks #4 against this position","at  ARIThis is a 4 star matchup. TEs perform better than their average vs. ARI who currently ranks #7 against this position","vs.  INDThis is a 4 star matchup. TEs perform close to their average vs. IND who currently ranks #10 against this position","vs.  SEAThis is a 3 star matchup. TEs perform close to their average vs. SEA who currently ranks #18 against this position","vs.  HOUThis is a 3 star matchup. TEs perform close to their average vs. HOU who currently ranks #21 against this position","at  SFThis is a 2 star matchup. TEs perform below their average vs. SF who currently ranks #28 against this position","at  NYGThis is a 2 star matchup. TEs perform below their average vs. NYG who currently ranks #27 against this position"
"119","Jack StollJ. Stoll CLE","at  JACThis is a 2 star matchup. TEs perform close to their average vs. JAC who currently ranks #25 against this position","at  TBThis is a 5 star matchup. TEs perform better than their average vs. TB who currently ranks #1 against this position","vs.  CARThis is a 3 star matchup. TEs perform close to their average vs. CAR who currently ranks #16 against this position","vs.  PITThis is a 3 star matchup. TEs perform close to their average vs. PIT who currently ranks #15 against this position","at  NYJThis is a 4 star matchup. TEs perform better than their average vs. NYJ who currently ranks #6 against this position","vs.  BALThis is a 2 star matchup. TEs perform close to their average vs. BAL who currently ranks #24 against this position","at  TENThis is a 4 star matchup. TEs perform better than their average vs. TEN who currently ranks #8 against this position","at  PITThis is a 3 star matchup. TEs perform close to their average vs. PIT who currently ranks #15 against this position","at  NOThis is a 2 star matchup. TEs perform below their average vs. NO who currently ranks #29 against this position","vs.  HOUThis is a 3 star matchup. TEs perform close to their average vs. HOU who currently ranks #21 against this position","BYE","vs.  LVThis is a 4 star matchup. TEs perform close to their average vs. LV who currently ranks #9 against this position","vs.  CINThis is a 4 star matchup. TEs perform better than their average vs. CIN who currently ranks #3 against this position","vs.  ATLThis is a 2 star matchup. TEs perform below their average vs. ATL who currently ranks #26 against this position","at  NYGThis is a 2 star matchup. TEs perform below their average vs. NYG who currently ranks #27 against this position","at  BALThis is a 2 star matchup. TEs perform close to their average vs. BAL who currently ranks #24 against this position","vs.  INDThis is a 4 star matchup. TEs perform close to their average vs. IND who currently ranks #10 against this position","at  CINThis is a 4 star matchup. TEs perform better than their average vs. CIN who currently ranks #3 against this position"
"120","Tanner ConnerT. Conner NYG","vs.  DALThis is a 4 star matchup. TEs perform better than their average vs. DAL who currently ranks #4 against this position","at  LARThis is a 2 star matchup. TEs perform below their average vs. LAR who currently ranks #30 against this position","vs.  TENThis is a 4 star matchup. TEs perform better than their average vs. TEN who currently ranks #8 against this position","vs.  ARIThis is a 4 star matchup. TEs perform better than their average vs. ARI who currently ranks #7 against this position","at  WASThis is a 5 star matchup. TEs perform better than their average vs. WAS who currently ranks #2 against this position","vs.  NOThis is a 2 star matchup. TEs perform below their average vs. NO who currently ranks #29 against this position","at  HOUThis is a 3 star matchup. TEs perform close to their average vs. HOU who currently ranks #21 against this position","BYE","at  PHIThis is a 2 star matchup. TEs perform below their average vs. PHI who currently ranks #32 against this position","vs.  WASThis is a 5 star matchup. TEs perform better than their average vs. WAS who currently ranks #2 against this position","vs.  JACThis is a 2 star matchup. TEs perform close to their average vs. JAC who currently ranks #25 against this position","at  INDThis is a 4 star matchup. TEs perform close to their average vs. IND who currently ranks #10 against this position","vs.  SFThis is a 2 star matchup. TEs perform below their average vs. SF who currently ranks #28 against this position","at  SEAThis is a 3 star matchup. TEs perform close to their average vs. SEA who currently ranks #18 against this position","vs.  CLEThis is a 2 star matchup. TEs perform below their average vs. CLE who currently ranks #31 against this position","at  DETThis is a 3 star matchup. TEs perform close to their average vs. DET who currently ranks #22 against this position","at  DALThis is a 4 star matchup. TEs perform better than their average vs. DAL who currently ranks #4 against this position","vs.  PHIThis is a 2 star matchup. TEs perform below their average vs. PHI who currently ranks #32 against this position"
"121","Johnny MundtJ. Mundt PHI","vs.  WASThis is a 5 star matchup. TEs perform better than their average vs. WAS who currently ranks #2 against this position","at  TENThis is a 4 star matchup. TEs perform better than their average vs. TEN who currently ranks #8 against this position","at  CHIThis is a 3 star matchup. TEs perform close to their average vs. CHI who currently ranks #20 against this position","vs.  LARThis is a 2 star matchup. TEs perform below their average vs. LAR who currently ranks #30 against this position","at  JACThis is a 2 star matchup. TEs perform close to their average vs. JAC who currently ranks #25 against this position","vs.  CARThis is a 3 star matchup. TEs perform close to their average vs. CAR who currently ranks #16 against this position","vs.  DALThis is a 4 star matchup. TEs perform better than their average vs. DAL who currently ranks #4 against this position","at  WASThis is a 5 star matchup. TEs perform better than their average vs. WAS who currently ranks #2 against this position","vs.  NYGThis is a 2 star matchup. TEs perform below their average vs. NYG who currently ranks #27 against this position","BYE","vs.  PITThis is a 3 star matchup. TEs perform close to their average vs. PIT who currently ranks #15 against this position","at  DALThis is a 4 star matchup. TEs perform better than their average vs. DAL who currently ranks #4 against this position","at  ARIThis is a 4 star matchup. TEs perform better than their average vs. ARI who currently ranks #7 against this position","vs.  INDThis is a 4 star matchup. TEs perform close to their average vs. IND who currently ranks #10 against this position","vs.  SEAThis is a 3 star matchup. TEs perform close to their average vs. SEA who currently ranks #18 against this position","vs.  HOUThis is a 3 star matchup. TEs perform close to their average vs. HOU who currently ranks #21 against this position","at  SFThis is a 2 star matchup. TEs perform below their average vs. SF who currently ranks #28 against this position","at  NYGThis is a 2 star matchup. TEs perform below their average vs. NYG who currently ranks #27 against this position"
"122","Harrison BryantH. Bryant FA","","","","","","","","","","","","","","","","","",""
"123","Irv Smith Jr.I. Smith Jr. FA","","","","","","","","","","","","","","","","","",""
"124","Anthony FirkserA. Firkser DET","vs.  NOThis is a 2 star matchup. TEs perform below their average vs. NO who currently ranks #29 against this position","at  BUFThis is a 4 star matchup. TEs perform close to their average vs. BUF who currently ranks #11 against this position","vs.  NYJThis is a 4 star matchup. TEs perform better than their average vs. NYJ who currently ranks #6 against this position","at  CARThis is a 3 star matchup. TEs perform close to their average vs. CAR who currently ranks #16 against this position","at  ARIThis is a 4 star matchup. TEs perform better than their average vs. ARI who currently ranks #7 against this position","BYE","vs.  GBThis is a 3 star matchup. TEs perform close to their average vs. GB who currently ranks #13 against this position","vs.  MINThis is a 3 star matchup. TEs perform close to their average vs. MIN who currently ranks #23 against this position","at  MIAThis is a 3 star matchup. TEs perform close to their average vs. MIA who currently ranks #12 against this position","vs.  NEThis is a 3 star matchup. TEs perform close to their average vs. NE who currently ranks #14 against this position","vs.  TBThis is a 5 star matchup. TEs perform better than their average vs. TB who currently ranks #1 against this position","vs.  CHIThis is a 3 star matchup. TEs perform close to their average vs. CHI who currently ranks #20 against this position","at  ATLThis is a 2 star matchup. TEs perform below their average vs. ATL who currently ranks #26 against this position","vs.  TENThis is a 4 star matchup. TEs perform better than their average vs. TEN who currently ranks #8 against this position","at  MINThis is a 3 star matchup. TEs perform close to their average vs. MIN who currently ranks #23 against this position","vs.  NYGThis is a 2 star matchup. TEs perform below their average vs. NYG who currently ranks #27 against this position","at  CHIThis is a 3 star matchup. TEs perform close to their average vs. CHI who currently ranks #20 against this position","at  GBThis is a 3 star matchup. TEs perform close to their average vs. GB who currently ranks #13 against this position"
"125","Chris ManhertzC. Manhertz NYG","vs.  DALThis is a 4 star matchup. TEs perform better than their average vs. DAL who currently ranks #4 against this position","at  LARThis is a 2 star matchup. TEs perform below their average vs. LAR who currently ranks #30 against this position","vs.  TENThis is a 4 star matchup. TEs perform better than their average vs. TEN who currently ranks #8 against this position","vs.  ARIThis is a 4 star matchup. TEs perform better than their average vs. ARI who currently ranks #7 against this position","at  WASThis is a 5 star matchup. TEs perform better than their average vs. WAS who currently ranks #2 against this position","vs.  NOThis is a 2 star matchup. TEs perform below their average vs. NO who currently ranks #29 against this position","at  HOUThis is a 3 star matchup. TEs perform close to their average vs. HOU who currently ranks #21 against this position","BYE","at  PHIThis is a 2 star matchup. TEs perform below their average vs. PHI who currently ranks #32 against this position","vs.  WASThis is a 5 star matchup. TEs perform better than their average vs. WAS who currently ranks #2 against this position","vs.  JACThis is a 2 star matchup. TEs perform close to their average vs. JAC who currently ranks #25 against this position","at  INDThis is a 4 star matchup. TEs perform close to their average vs. IND who currently ranks #10 against this position","vs.  SFThis is a 2 star matchup. TEs perform below their average vs. SF who currently ranks #28 against this position","at  SEAThis is a 3 star matchup. TEs perform close to their average vs. SEA who currently ranks #18 against this position","vs.  CLEThis is a 2 star matchup. TEs perform below their average vs. CLE who currently ranks #31 against this position","at  DETThis is a 3 star matchup. TEs perform close to their average vs. DET who currently ranks #22 against this position","at  DALThis is a 4 star matchup. TEs perform better than their average vs. DAL who currently ranks #4 against this position","vs.  PHIThis is a 2 star matchup. TEs perform below their average vs. PHI who currently ranks #32 against this position"
"126","Teagan QuitorianoT. Quitoriano ARI","at  LACThis is a 4 star matchup. TEs perform better than their average vs. LAC who currently ranks #5 against this position","vs.  SEAThis is a 3 star matchup. TEs perform close to their average vs. SEA who currently ranks #18 against this position","at  SFThis is a 2 star matchup. TEs perform below their average vs. SF who currently ranks #28 against this position","at  NYGThis is a 2 star matchup. TEs perform below their average vs. NYG who currently ranks #27 against this position","vs.  DETThis is a 3 star matchup. TEs perform close to their average vs. DET who currently ranks #22 against this position","at  LARThis is a 2 star matchup. TEs perform below their average vs. LAR who currently ranks #30 against this position","vs.  DENThis is a 3 star matchup. TEs perform close to their average vs. DEN who currently ranks #19 against this position","at  DALThis is a 4 star matchup. TEs perform better than their average vs. DAL who currently ranks #4 against this position","at  SEAThis is a 3 star matchup. TEs perform close to their average vs. SEA who currently ranks #18 against this position","vs.  LARThis is a 2 star matchup. TEs perform below their average vs. LAR who currently ranks #30 against this position","at  KCThis is a 3 star matchup. TEs perform close to their average vs. KC who currently ranks #17 against this position","vs.  WASThis is a 5 star matchup. TEs perform better than their average vs. WAS who currently ranks #2 against this position","vs.  PHIThis is a 2 star matchup. TEs perform below their average vs. PHI who currently ranks #32 against this position","BYE","vs.  NYJThis is a 4 star matchup. TEs perform better than their average vs. NYJ who currently ranks #6 against this position","at  NOThis is a 2 star matchup. TEs perform below their average vs. NO who currently ranks #29 against this position","vs.  LVThis is a 4 star matchup. TEs perform close to their average vs. LV who currently ranks #9 against this position","vs.  SFThis is a 2 star matchup. TEs perform below their average vs. SF who currently ranks #28 against this position"
"127","Drew OgletreeD. Ogletree IND","vs.  BALThis is a 2 star matchup. TEs perform close to their average vs. BAL who currently ranks #24 against this position","at  KCThis is a 3 star matchup. TEs perform close to their average vs. KC who currently ranks #17 against this position","vs.  HOUThis is a 3 star matchup. TEs perform close to their average vs. HOU who currently ranks #21 against this position","at  WASThis is a 5 star matchup. TEs perform better than their average vs. WAS who currently ranks #2 against this position","at  PITThis is a 3 star matchup. TEs perform close to their average vs. PIT who currently ranks #15 against this position","vs.  TENThis is a 4 star matchup. TEs perform better than their average vs. TEN who currently ranks #8 against this position","at  MINThis is a 3 star matchup. TEs perform close to their average vs. MIN who currently ranks #23 against this position","at  JACThis is a 2 star matchup. TEs perform close to their average vs. JAC who currently ranks #25 against this position","vs.  DALThis is a 4 star matchup. TEs perform better than their average vs. DAL who currently ranks #4 against this position","vs.  MIAThis is a 3 star matchup. TEs perform close to their average vs. MIA who currently ranks #12 against this position","at  HOUThis is a 3 star matchup. TEs perform close to their average vs. HOU who currently ranks #21 against this position","vs.  NYGThis is a 2 star matchup. TEs perform below their average vs. NYG who currently ranks #27 against this position","BYE","at  PHIThis is a 2 star matchup. TEs perform below their average vs. PHI who currently ranks #32 against this position","at  TENThis is a 4 star matchup. TEs perform better than their average vs. TEN who currently ranks #8 against this position","vs.  CINThis is a 4 star matchup. TEs perform better than their average vs. CIN who currently ranks #3 against this position","at  CLEThis is a 2 star matchup. TEs perform below their average vs. CLE who currently ranks #31 against this position","vs.  JACThis is a 2 star matchup. TEs perform close to their average vs. JAC who currently ranks #25 against this position"
"128","Lucas KrullL. Krull DEN","at  KCThis is a 3 star matchup. TEs perform close to their average vs. KC who currently ranks #17 against this position","vs.  JACThis is a 2 star matchup. TEs perform close to their average vs. JAC who currently ranks #25 against this position","vs.  LARThis is a 2 star matchup. TEs perform below their average vs. LAR who currently ranks #30 against this position","at  SFThis is a 2 star matchup. TEs perform below their average vs. SF who currently ranks #28 against this position","at  LACThis is a 4 star matchup. TEs perform better than their average vs. LAC who currently ranks #5 against this position","vs.  SEAThis is a 3 star matchup. TEs perform close to their average vs. SEA who currently ranks #18 against this position","at  ARIThis is a 4 star matchup. TEs perform better than their average vs. ARI who currently ranks #7 against this position","vs.  KCThis is a 3 star matchup. TEs perform close to their average vs. KC who currently ranks #17 against this position","at  CARThis is a 3 star matchup. TEs perform close to their average vs. CAR who currently ranks #16 against this position","BYE","vs.  LVThis is a 4 star matchup. TEs perform close to their average vs. LV who currently ranks #9 against this position","at  PITThis is a 3 star matchup. TEs perform close to their average vs. PIT who currently ranks #15 against this position","vs.  MIAThis is a 3 star matchup. TEs perform close to their average vs. MIA who currently ranks #12 against this position","at  NYJThis is a 4 star matchup. TEs perform better than their average vs. NYJ who currently ranks #6 against this position","at  LVThis is a 4 star matchup. TEs perform close to their average vs. LV who currently ranks #9 against this position","vs.  BUFThis is a 4 star matchup. TEs perform close to their average vs. BUF who currently ranks #11 against this position","at  NEThis is a 3 star matchup. TEs perform close to their average vs. NE who currently ranks #14 against this position","vs.  LACThis is a 4 star matchup. TEs perform better than their average vs. LAC who currently ranks #5 against this position"
"129","Brevin JordanB. Jordan HOU","vs.  BUFThis is a 4 star matchup. TEs perform close to their average vs. BUF who currently ranks #11 against this position","vs.  CINThis is a 4 star matchup. TEs perform better than their average vs. CIN who currently ranks #3 against this position","at  INDThis is a 4 star matchup. TEs perform close to their average vs. IND who currently ranks #10 against this position","vs.  DALThis is a 4 star matchup. TEs perform better than their average vs. DAL who currently ranks #4 against this position","at  TENThis is a 4 star matchup. TEs perform better than their average vs. TEN who currently ranks #8 against this position","at  JACThis is a 2 star matchup. TEs perform close to their average vs. JAC who currently ranks #25 against this position","vs.  NYGThis is a 2 star matchup. TEs perform below their average vs. NYG who currently ranks #27 against this position","BYE","at  LACThis is a 4 star matchup. TEs perform better than their average vs. LAC who currently ranks #5 against this position","at  CLEThis is a 2 star matchup. TEs perform below their average vs. CLE who currently ranks #31 against this position","vs.  INDThis is a 4 star matchup. TEs perform close to their average vs. IND who currently ranks #10 against this position","vs.  BALThis is a 2 star matchup. TEs perform close to their average vs. BAL who currently ranks #24 against this position","at  PITThis is a 3 star matchup. TEs perform close to their average vs. PIT who currently ranks #15 against this position","at  WASThis is a 5 star matchup. TEs perform better than their average vs. WAS who currently ranks #2 against this position","vs.  JACThis is a 2 star matchup. TEs perform close to their average vs. JAC who currently ranks #25 against this position","at  PHIThis is a 2 star matchup. TEs perform below their average vs. PHI who currently ranks #32 against this position","at  GBThis is a 3 star matchup. TEs perform close to their average vs. GB who currently ranks #13 against this position","vs.  TENThis is a 4 star matchup. TEs perform better than their average vs. TEN who currently ranks #8 against this position"
"130","Joel WilsonJ. Wilson TEN","vs.  NYJThis is a 4 star matchup. TEs perform better than their average vs. NYJ who currently ranks #6 against this position","vs.  PHIThis is a 2 star matchup. TEs perform below their average vs. PHI who currently ranks #32 against this position","at  NYGThis is a 2 star matchup. TEs perform below their average vs. NYG who currently ranks #27 against this position","at  BALThis is a 2 star matchup. TEs perform close to their average vs. BAL who currently ranks #24 against this position","vs.  HOUThis is a 3 star matchup. TEs perform close to their average vs. HOU who currently ranks #21 against this position","at  INDThis is a 4 star matchup. TEs perform close to their average vs. IND who currently ranks #10 against this position","vs.  CLEThis is a 2 star matchup. TEs perform below their average vs. CLE who currently ranks #31 against this position","at  CINThis is a 4 star matchup. TEs perform better than their average vs. CIN who currently ranks #3 against this position","BYE","vs.  JACThis is a 2 star matchup. TEs perform close to their average vs. JAC who currently ranks #25 against this position","at  DALThis is a 4 star matchup. TEs perform better than their average vs. DAL who currently ranks #4 against this position","at  JACThis is a 2 star matchup. TEs perform close to their average vs. JAC who currently ranks #25 against this position","vs.  WASThis is a 5 star matchup. TEs perform better than their average vs. WAS who currently ranks #2 against this position","at  DETThis is a 3 star matchup. TEs perform close to their average vs. DET who currently ranks #22 against this position","vs.  INDThis is a 4 star matchup. TEs perform close to their average vs. IND who currently ranks #10 against this position","at  LVThis is a 4 star matchup. TEs perform close to their average vs. LV who currently ranks #9 against this position","vs.  PITThis is a 3 star matchup. TEs perform close to their average vs. PIT who currently ranks #15 against this position","at  HOUThis is a 3 star matchup. TEs perform close to their average vs. HOU who currently ranks #21 against this position"
"131","John Michael GyllenborgJ. Michael Gyllenborg KC","vs.  DENThis is a 3 star matchup. TEs perform close to their average vs. DEN who currently ranks #19 against this position","vs.  INDThis is a 4 star matchup. TEs perform close to their average vs. IND who currently ranks #10 against this position","at  MIAThis is a 3 star matchup. TEs perform close to their average vs. MIA who currently ranks #12 against this position","at  LVThis is a 4 star matchup. TEs perform close to their average vs. LV who currently ranks #9 against this position","BYE","vs.  LACThis is a 4 star matchup. TEs perform better than their average vs. LAC who currently ranks #5 against this position","at  SEAThis is a 3 star matchup. TEs perform close to their average vs. SEA who currently ranks #18 against this position","at  DENThis is a 3 star matchup. TEs perform close to their average vs. DEN who currently ranks #19 against this position","vs.  NYJThis is a 4 star matchup. TEs perform better than their average vs. NYJ who currently ranks #6 against this position","at  ATLThis is a 2 star matchup. TEs perform below their average vs. ATL who currently ranks #26 against this position","vs.  ARIThis is a 4 star matchup. TEs perform better than their average vs. ARI who currently ranks #7 against this position","at  BUFThis is a 4 star matchup. TEs perform close to their average vs. BUF who currently ranks #11 against this position","at  LARThis is a 2 star matchup. TEs perform below their average vs. LAR who currently ranks #30 against this position","at  CINThis is a 4 star matchup. TEs perform better than their average vs. CIN who currently ranks #3 against this position","vs.  NEThis is a 3 star matchup. TEs perform close to their average vs. NE who currently ranks #14 against this position","vs.  SFThis is a 2 star matchup. TEs perform below their average vs. SF who currently ranks #28 against this position","at  LACThis is a 4 star matchup. TEs perform better than their average vs. LAC who currently ranks #5 against this position","vs.  LVThis is a 4 star matchup. TEs perform close to their average vs. LV who currently ranks #9 against this position"
"132","Sean McKeonS. McKeon IND","vs.  BALThis is a 2 star matchup. TEs perform close to their average vs. BAL who currently ranks #24 against this position","at  KCThis is a 3 star matchup. TEs perform close to their average vs. KC who currently ranks #17 against this position","vs.  HOUThis is a 3 star matchup. TEs perform close to their average vs. HOU who currently ranks #21 against this position","at  WASThis is a 5 star matchup. TEs perform better than their average vs. WAS who currently ranks #2 against this position","at  PITThis is a 3 star matchup. TEs perform close to their average vs. PIT who currently ranks #15 against this position","vs.  TENThis is a 4 star matchup. TEs perform better than their average vs. TEN who currently ranks #8 against this position","at  MINThis is a 3 star matchup. TEs perform close to their average vs. MIN who currently ranks #23 against this position","at  JACThis is a 2 star matchup. TEs perform close to their average vs. JAC who currently ranks #25 against this position","vs.  DALThis is a 4 star matchup. TEs perform better than their average vs. DAL who currently ranks #4 against this position","vs.  MIAThis is a 3 star matchup. TEs perform close to their average vs. MIA who currently ranks #12 against this position","at  HOUThis is a 3 star matchup. TEs perform close to their average vs. HOU who currently ranks #21 against this position","vs.  NYGThis is a 2 star matchup. TEs perform below their average vs. NYG who currently ranks #27 against this position","BYE","at  PHIThis is a 2 star matchup. TEs perform below their average vs. PHI who currently ranks #32 against this position","at  TENThis is a 4 star matchup. TEs perform better than their average vs. TEN who currently ranks #8 against this position","vs.  CINThis is a 4 star matchup. TEs perform better than their average vs. CIN who currently ranks #3 against this position","at  CLEThis is a 2 star matchup. TEs perform below their average vs. CLE who currently ranks #31 against this position","vs.  JACThis is a 2 star matchup. TEs perform close to their average vs. JAC who currently ranks #25 against this position"
"133","Carsen RyanC. Ryan CLE","at  JACThis is a 2 star matchup. TEs perform close to their average vs. JAC who currently ranks #25 against this position","at  TBThis is a 5 star matchup. TEs perform better than their average vs. TB who currently ranks #1 against this position","vs.  CARThis is a 3 star matchup. TEs perform close to their average vs. CAR who currently ranks #16 against this position","vs.  PITThis is a 3 star matchup. TEs perform close to their average vs. PIT who currently ranks #15 against this position","at  NYJThis is a 4 star matchup. TEs perform better than their average vs. NYJ who currently ranks #6 against this position","vs.  BALThis is a 2 star matchup. TEs perform close to their average vs. BAL who currently ranks #24 against this position","at  TENThis is a 4 star matchup. TEs perform better than their average vs. TEN who currently ranks #8 against this position","at  PITThis is a 3 star matchup. TEs perform close to their average vs. PIT who currently ranks #15 against this position","at  NOThis is a 2 star matchup. TEs perform below their average vs. NO who currently ranks #29 against this position","vs.  HOUThis is a 3 star matchup. TEs perform close to their average vs. HOU who currently ranks #21 against this position","BYE","vs.  LVThis is a 4 star matchup. TEs perform close to their average vs. LV who currently ranks #9 against this position","vs.  CINThis is a 4 star matchup. TEs perform better than their average vs. CIN who currently ranks #3 against this position","vs.  ATLThis is a 2 star matchup. TEs perform below their average vs. ATL who currently ranks #26 against this position","at  NYGThis is a 2 star matchup. TEs perform below their average vs. NYG who currently ranks #27 against this position","at  BALThis is a 2 star matchup. TEs perform close to their average vs. BAL who currently ranks #24 against this position","vs.  INDThis is a 4 star matchup. TEs perform close to their average vs. IND who currently ranks #10 against this position","at  CINThis is a 4 star matchup. TEs perform better than their average vs. CIN who currently ranks #3 against this position"
"134","Gavin BartholomewG. Bartholomew MIN","vs.  GBThis is a 3 star matchup. TEs perform close to their average vs. GB who currently ranks #13 against this position","at  CHIThis is a 3 star matchup. TEs perform close to their average vs. CHI who currently ranks #20 against this position","at  TBThis is a 5 star matchup. TEs perform better than their average vs. TB who currently ranks #1 against this position","vs.  MIAThis is a 3 star matchup. TEs perform close to their average vs. MIA who currently ranks #12 against this position","at  NOThis is a 2 star matchup. TEs perform below their average vs. NO who currently ranks #29 against this position","BYE","vs.  INDThis is a 4 star matchup. TEs perform close to their average vs. IND who currently ranks #10 against this position","at  DETThis is a 3 star matchup. TEs perform close to their average vs. DET who currently ranks #22 against this position","vs.  BUFThis is a 4 star matchup. TEs perform close to their average vs. BUF who currently ranks #11 against this position","at  GBThis is a 3 star matchup. TEs perform close to their average vs. GB who currently ranks #13 against this position","at  SFThis is a 2 star matchup. TEs perform below their average vs. SF who currently ranks #28 against this position","vs.  ATLThis is a 2 star matchup. TEs perform below their average vs. ATL who currently ranks #26 against this position","vs.  CARThis is a 3 star matchup. TEs perform close to their average vs. CAR who currently ranks #16 against this position","at  NEThis is a 3 star matchup. TEs perform close to their average vs. NE who currently ranks #14 against this position","vs.  DETThis is a 3 star matchup. TEs perform close to their average vs. DET who currently ranks #22 against this position","vs.  WASThis is a 5 star matchup. TEs perform better than their average vs. WAS who currently ranks #2 against this position","at  NYJThis is a 4 star matchup. TEs perform better than their average vs. NYJ who currently ranks #6 against this position","vs.  CHIThis is a 3 star matchup. TEs perform close to their average vs. CHI who currently ranks #20 against this position"
"135","Blake WhiteheartB. Whiteheart CLE","at  JACThis is a 2 star matchup. TEs perform close to their average vs. JAC who currently ranks #25 against this position","at  TBThis is a 5 star matchup. TEs perform better than their average vs. TB who currently ranks #1 against this position","vs.  CARThis is a 3 star matchup. TEs perform close to their average vs. CAR who currently ranks #16 against this position","vs.  PITThis is a 3 star matchup. TEs perform close to their average vs. PIT who currently ranks #15 against this position","at  NYJThis is a 4 star matchup. TEs perform better than their average vs. NYJ who currently ranks #6 against this position","vs.  BALThis is a 2 star matchup. TEs perform close to their average vs. BAL who currently ranks #24 against this position","at  TENThis is a 4 star matchup. TEs perform better than their average vs. TEN who currently ranks #8 against this position","at  PITThis is a 3 star matchup. TEs perform close to their average vs. PIT who currently ranks #15 against this position","at  NOThis is a 2 star matchup. TEs perform below their average vs. NO who currently ranks #29 against this position","vs.  HOUThis is a 3 star matchup. TEs perform close to their average vs. HOU who currently ranks #21 against this position","BYE","vs.  LVThis is a 4 star matchup. TEs perform close to their average vs. LV who currently ranks #9 against this position","vs.  CINThis is a 4 star matchup. TEs perform better than their average vs. CIN who currently ranks #3 against this position","vs.  ATLThis is a 2 star matchup. TEs perform below their average vs. ATL who currently ranks #26 against this position","at  NYGThis is a 2 star matchup. TEs perform below their average vs. NYG who currently ranks #27 against this position","at  BALThis is a 2 star matchup. TEs perform close to their average vs. BAL who currently ranks #24 against this position","vs.  INDThis is a 4 star matchup. TEs perform close to their average vs. IND who currently ranks #10 against this position","at  CINThis is a 4 star matchup. TEs perform better than their average vs. CIN who currently ranks #3 against this position"
"136","Ko KieftKo Kieft TB","at  CINThis is a 4 star matchup. TEs perform better than their average vs. CIN who currently ranks #3 against this position","vs.  CLEThis is a 2 star matchup. TEs perform below their average vs. CLE who currently ranks #31 against this position","vs.  MINThis is a 3 star matchup. TEs perform close to their average vs. MIN who currently ranks #23 against this position","vs.  GBThis is a 3 star matchup. TEs perform close to their average vs. GB who currently ranks #13 against this position","at  DALThis is a 4 star matchup. TEs perform better than their average vs. DAL who currently ranks #4 against this position","vs.  PITThis is a 3 star matchup. TEs perform close to their average vs. PIT who currently ranks #15 against this position","at  CARThis is a 3 star matchup. TEs perform close to their average vs. CAR who currently ranks #16 against this position","vs.  ATLThis is a 2 star matchup. TEs perform below their average vs. ATL who currently ranks #26 against this position","at  CHIThis is a 3 star matchup. TEs perform close to their average vs. CHI who currently ranks #20 against this position","BYE","at  DETThis is a 3 star matchup. TEs perform close to their average vs. DET who currently ranks #22 against this position","vs.  CARThis is a 3 star matchup. TEs perform close to their average vs. CAR who currently ranks #16 against this position","vs.  LACThis is a 4 star matchup. TEs perform better than their average vs. LAC who currently ranks #5 against this position","at  BALThis is a 2 star matchup. TEs perform close to their average vs. BAL who currently ranks #24 against this position","vs.  NOThis is a 2 star matchup. TEs perform below their average vs. NO who currently ranks #29 against this position","at  ATLThis is a 2 star matchup. TEs perform below their average vs. ATL who currently ranks #26 against this position","vs.  LARThis is a 2 star matchup. TEs perform below their average vs. LAR who currently ranks #30 against this position","at  NOThis is a 2 star matchup. TEs perform below their average vs. NO who currently ranks #29 against this position"
"137","Jelani WoodsJ. Woods NYJ","at  TENThis is a 4 star matchup. TEs perform better than their average vs. TEN who currently ranks #8 against this position","vs.  GBThis is a 3 star matchup. TEs perform close to their average vs. GB who currently ranks #13 against this position","at  DETThis is a 3 star matchup. TEs perform close to their average vs. DET who currently ranks #22 against this position","at  CHIThis is a 3 star matchup. TEs perform close to their average vs. CHI who currently ranks #20 against this position","vs.  CLEThis is a 2 star matchup. TEs perform below their average vs. CLE who currently ranks #31 against this position","at  NEThis is a 3 star matchup. TEs perform close to their average vs. NE who currently ranks #14 against this position","vs.  MIAThis is a 3 star matchup. TEs perform close to their average vs. MIA who currently ranks #12 against this position","vs.  LVThis is a 4 star matchup. TEs perform close to their average vs. LV who currently ranks #9 against this position","at  KCThis is a 3 star matchup. TEs perform close to their average vs. KC who currently ranks #17 against this position","vs.  BUFThis is a 4 star matchup. TEs perform close to their average vs. BUF who currently ranks #11 against this position","at  LACThis is a 4 star matchup. TEs perform better than their average vs. LAC who currently ranks #5 against this position","at  MIAThis is a 3 star matchup. TEs perform close to their average vs. MIA who currently ranks #12 against this position","BYE","vs.  DENThis is a 3 star matchup. TEs perform close to their average vs. DEN who currently ranks #19 against this position","at  ARIThis is a 4 star matchup. TEs perform better than their average vs. ARI who currently ranks #7 against this position","vs.  NEThis is a 3 star matchup. TEs perform close to their average vs. NE who currently ranks #14 against this position","vs.  MINThis is a 3 star matchup. TEs perform close to their average vs. MIN who currently ranks #23 against this position","at  BUFThis is a 4 star matchup. TEs perform close to their average vs. BUF who currently ranks #11 against this position"
"138","Hayden RucciH. Rucci SF","at  LARThis is a 2 star matchup. TEs perform below their average vs. LAR who currently ranks #30 against this position","vs.  MIAThis is a 3 star matchup. TEs perform close to their average vs. MIA who currently ranks #12 against this position","vs.  ARIThis is a 4 star matchup. TEs perform better than their average vs. ARI who currently ranks #7 against this position","vs.  DENThis is a 3 star matchup. TEs perform close to their average vs. DEN who currently ranks #19 against this position","at  SEAThis is a 3 star matchup. TEs perform close to their average vs. SEA who currently ranks #18 against this position","vs.  WASThis is a 5 star matchup. TEs perform better than their average vs. WAS who currently ranks #2 against this position","at  ATLThis is a 2 star matchup. TEs perform below their average vs. ATL who currently ranks #26 against this position","BYE","vs.  LVThis is a 4 star matchup. TEs perform close to their average vs. LV who currently ranks #9 against this position","at  DALThis is a 4 star matchup. TEs perform better than their average vs. DAL who currently ranks #4 against this position","vs.  MINThis is a 3 star matchup. TEs perform close to their average vs. MIN who currently ranks #23 against this position","vs.  SEAThis is a 3 star matchup. TEs perform close to their average vs. SEA who currently ranks #18 against this position","at  NYGThis is a 2 star matchup. TEs perform below their average vs. NYG who currently ranks #27 against this position","vs.  LARThis is a 2 star matchup. TEs perform below their average vs. LAR who currently ranks #30 against this position","at  LACThis is a 4 star matchup. TEs perform better than their average vs. LAC who currently ranks #5 against this position","at  KCThis is a 3 star matchup. TEs perform close to their average vs. KC who currently ranks #17 against this position","vs.  PHIThis is a 2 star matchup. TEs perform below their average vs. PHI who currently ranks #32 against this position","at  ARIThis is a 4 star matchup. TEs perform better than their average vs. ARI who currently ranks #7 against this position"
"139","CJ DippreCJ Dippre NE","at  SEAThis is a 3 star matchup. TEs perform close to their average vs. SEA who currently ranks #18 against this position","vs.  PITThis is a 3 star matchup. TEs perform close to their average vs. PIT who currently ranks #15 against this position","at  JACThis is a 2 star matchup. TEs perform close to their average vs. JAC who currently ranks #25 against this position","at  BUFThis is a 4 star matchup. TEs perform close to their average vs. BUF who currently ranks #11 against this position","vs.  LVThis is a 4 star matchup. TEs perform close to their average vs. LV who currently ranks #9 against this position","vs.  NYJThis is a 4 star matchup. TEs perform better than their average vs. NYJ who currently ranks #6 against this position","at  CHIThis is a 3 star matchup. TEs perform close to their average vs. CHI who currently ranks #20 against this position","at  MIAThis is a 3 star matchup. TEs perform close to their average vs. MIA who currently ranks #12 against this position","vs.  GBThis is a 3 star matchup. TEs perform close to their average vs. GB who currently ranks #13 against this position","at  DETThis is a 3 star matchup. TEs perform close to their average vs. DET who currently ranks #22 against this position","BYE","at  LACThis is a 4 star matchup. TEs perform better than their average vs. LAC who currently ranks #5 against this position","vs.  BUFThis is a 4 star matchup. TEs perform close to their average vs. BUF who currently ranks #11 against this position","vs.  MINThis is a 3 star matchup. TEs perform close to their average vs. MIN who currently ranks #23 against this position","at  KCThis is a 3 star matchup. TEs perform close to their average vs. KC who currently ranks #17 against this position","at  NYJThis is a 4 star matchup. TEs perform better than their average vs. NYJ who currently ranks #6 against this position","vs.  DENThis is a 3 star matchup. TEs perform close to their average vs. DEN who currently ranks #19 against this position","vs.  MIAThis is a 3 star matchup. TEs perform close to their average vs. MIA who currently ranks #12 against this position"
"140","Brayden WillisB. Willis SF","at  LARThis is a 2 star matchup. TEs perform below their average vs. LAR who currently ranks #30 against this position","vs.  MIAThis is a 3 star matchup. TEs perform close to their average vs. MIA who currently ranks #12 against this position","vs.  ARIThis is a 4 star matchup. TEs perform better than their average vs. ARI who currently ranks #7 against this position","vs.  DENThis is a 3 star matchup. TEs perform close to their average vs. DEN who currently ranks #19 against this position","at  SEAThis is a 3 star matchup. TEs perform close to their average vs. SEA who currently ranks #18 against this position","vs.  WASThis is a 5 star matchup. TEs perform better than their average vs. WAS who currently ranks #2 against this position","at  ATLThis is a 2 star matchup. TEs perform below their average vs. ATL who currently ranks #26 against this position","BYE","vs.  LVThis is a 4 star matchup. TEs perform close to their average vs. LV who currently ranks #9 against this position","at  DALThis is a 4 star matchup. TEs perform better than their average vs. DAL who currently ranks #4 against this position","vs.  MINThis is a 3 star matchup. TEs perform close to their average vs. MIN who currently ranks #23 against this position","vs.  SEAThis is a 3 star matchup. TEs perform close to their average vs. SEA who currently ranks #18 against this position","at  NYGThis is a 2 star matchup. TEs perform below their average vs. NYG who currently ranks #27 against this position","vs.  LARThis is a 2 star matchup. TEs perform below their average vs. LAR who currently ranks #30 against this position","at  LACThis is a 4 star matchup. TEs perform better than their average vs. LAC who currently ranks #5 against this position","at  KCThis is a 3 star matchup. TEs perform close to their average vs. KC who currently ranks #17 against this position","vs.  PHIThis is a 2 star matchup. TEs perform below their average vs. PHI who currently ranks #32 against this position","at  ARIThis is a 4 star matchup. TEs perform better than their average vs. ARI who currently ranks #7 against this position"
"141","Jake BriningstoolJ. Briningstool KC","vs.  DENThis is a 3 star matchup. TEs perform close to their average vs. DEN who currently ranks #19 against this position","vs.  INDThis is a 4 star matchup. TEs perform close to their average vs. IND who currently ranks #10 against this position","at  MIAThis is a 3 star matchup. TEs perform close to their average vs. MIA who currently ranks #12 against this position","at  LVThis is a 4 star matchup. TEs perform close to their average vs. LV who currently ranks #9 against this position","BYE","vs.  LACThis is a 4 star matchup. TEs perform better than their average vs. LAC who currently ranks #5 against this position","at  SEAThis is a 3 star matchup. TEs perform close to their average vs. SEA who currently ranks #18 against this position","at  DENThis is a 3 star matchup. TEs perform close to their average vs. DEN who currently ranks #19 against this position","vs.  NYJThis is a 4 star matchup. TEs perform better than their average vs. NYJ who currently ranks #6 against this position","at  ATLThis is a 2 star matchup. TEs perform below their average vs. ATL who currently ranks #26 against this position","vs.  ARIThis is a 4 star matchup. TEs perform better than their average vs. ARI who currently ranks #7 against this position","at  BUFThis is a 4 star matchup. TEs perform close to their average vs. BUF who currently ranks #11 against this position","at  LARThis is a 2 star matchup. TEs perform below their average vs. LAR who currently ranks #30 against this position","at  CINThis is a 4 star matchup. TEs perform better than their average vs. CIN who currently ranks #3 against this position","vs.  NEThis is a 3 star matchup. TEs perform close to their average vs. NE who currently ranks #14 against this position","vs.  SFThis is a 2 star matchup. TEs perform below their average vs. SF who currently ranks #28 against this position","at  LACThis is a 4 star matchup. TEs perform better than their average vs. LAC who currently ranks #5 against this position","vs.  LVThis is a 4 star matchup. TEs perform close to their average vs. LV who currently ranks #9 against this position"
"142","Cam GrandyC. Grandy CIN","vs.  TBThis is a 5 star matchup. TEs perform better than their average vs. TB who currently ranks #1 against this position","at  HOUThis is a 3 star matchup. TEs perform close to their average vs. HOU who currently ranks #21 against this position","at  PITThis is a 3 star matchup. TEs perform close to their average vs. PIT who currently ranks #15 against this position","vs.  JACThis is a 2 star matchup. TEs perform close to their average vs. JAC who currently ranks #25 against this position","at  MIAThis is a 3 star matchup. TEs perform close to their average vs. MIA who currently ranks #12 against this position","BYE","at  BALThis is a 2 star matchup. TEs perform close to their average vs. BAL who currently ranks #24 against this position","vs.  TENThis is a 4 star matchup. TEs perform better than their average vs. TEN who currently ranks #8 against this position","at  ATLThis is a 2 star matchup. TEs perform below their average vs. ATL who currently ranks #26 against this position","vs.  PITThis is a 3 star matchup. TEs perform close to their average vs. PIT who currently ranks #15 against this position","at  WASThis is a 5 star matchup. TEs perform better than their average vs. WAS who currently ranks #2 against this position","vs.  NOThis is a 2 star matchup. TEs perform below their average vs. NO who currently ranks #29 against this position","at  CLEThis is a 2 star matchup. TEs perform below their average vs. CLE who currently ranks #31 against this position","vs.  KCThis is a 3 star matchup. TEs perform close to their average vs. KC who currently ranks #17 against this position","at  CARThis is a 3 star matchup. TEs perform close to their average vs. CAR who currently ranks #16 against this position","at  INDThis is a 4 star matchup. TEs perform close to their average vs. IND who currently ranks #10 against this position","vs.  BALThis is a 2 star matchup. TEs perform close to their average vs. BAL who currently ranks #24 against this position","vs.  CLEThis is a 2 star matchup. TEs perform below their average vs. CLE who currently ranks #31 against this position"
"143","Cole TurnerC. Turner MIA","at  LVThis is a 4 star matchup. TEs perform close to their average vs. LV who currently ranks #9 against this position","at  SFThis is a 2 star matchup. TEs perform below their average vs. SF who currently ranks #28 against this position","vs.  KCThis is a 3 star matchup. TEs perform close to their average vs. KC who currently ranks #17 against this position","at  MINThis is a 3 star matchup. TEs perform close to their average vs. MIN who currently ranks #23 against this position","vs.  CINThis is a 4 star matchup. TEs perform better than their average vs. CIN who currently ranks #3 against this position","BYE","at  NYJThis is a 4 star matchup. TEs perform better than their average vs. NYJ who currently ranks #6 against this position","vs.  NEThis is a 3 star matchup. TEs perform close to their average vs. NE who currently ranks #14 against this position","vs.  DETThis is a 3 star matchup. TEs perform close to their average vs. DET who currently ranks #22 against this position","at  INDThis is a 4 star matchup. TEs perform close to their average vs. IND who currently ranks #10 against this position","at  BUFThis is a 4 star matchup. TEs perform close to their average vs. BUF who currently ranks #11 against this position","vs.  NYJThis is a 4 star matchup. TEs perform better than their average vs. NYJ who currently ranks #6 against this position","at  DENThis is a 3 star matchup. TEs perform close to their average vs. DEN who currently ranks #19 against this position","vs.  CHIThis is a 3 star matchup. TEs perform close to their average vs. CHI who currently ranks #20 against this position","at  GBThis is a 3 star matchup. TEs perform close to their average vs. GB who currently ranks #13 against this position","vs.  LACThis is a 4 star matchup. TEs perform better than their average vs. LAC who currently ranks #5 against this position","vs.  BUFThis is a 4 star matchup. TEs perform close to their average vs. BUF who currently ranks #11 against this position","at  NEThis is a 3 star matchup. TEs perform close to their average vs. NE who currently ranks #14 against this position"
"144","Luke LacheyL. Lachey FA","","","","","","","","","","","","","","","","","",""
"145","Kenny YeboahK. Yeboah ARI","at  LACThis is a 4 star matchup. TEs perform better than their average vs. LAC who currently ranks #5 against this position","vs.  SEAThis is a 3 star matchup. TEs perform close to their average vs. SEA who currently ranks #18 against this position","at  SFThis is a 2 star matchup. TEs perform below their average vs. SF who currently ranks #28 against this position","at  NYGThis is a 2 star matchup. TEs perform below their average vs. NYG who currently ranks #27 against this position","vs.  DETThis is a 3 star matchup. TEs perform close to their average vs. DET who currently ranks #22 against this position","at  LARThis is a 2 star matchup. TEs perform below their average vs. LAR who currently ranks #30 against this position","vs.  DENThis is a 3 star matchup. TEs perform close to their average vs. DEN who currently ranks #19 against this position","at  DALThis is a 4 star matchup. TEs perform better than their average vs. DAL who currently ranks #4 against this position","at  SEAThis is a 3 star matchup. TEs perform close to their average vs. SEA who currently ranks #18 against this position","vs.  LARThis is a 2 star matchup. TEs perform below their average vs. LAR who currently ranks #30 against this position","at  KCThis is a 3 star matchup. TEs perform close to their average vs. KC who currently ranks #17 against this position","vs.  WASThis is a 5 star matchup. TEs perform better than their average vs. WAS who currently ranks #2 against this position","vs.  PHIThis is a 2 star matchup. TEs perform below their average vs. PHI who currently ranks #32 against this position","BYE","vs.  NYJThis is a 4 star matchup. TEs perform better than their average vs. NYJ who currently ranks #6 against this position","at  NOThis is a 2 star matchup. TEs perform below their average vs. NO who currently ranks #29 against this position","vs.  LVThis is a 4 star matchup. TEs perform close to their average vs. LV who currently ranks #9 against this position","vs.  SFThis is a 2 star matchup. TEs perform below their average vs. SF who currently ranks #28 against this position"
"146","Hunter LongH. Long JAC","vs.  CLEThis is a 2 star matchup. TEs perform below their average vs. CLE who currently ranks #31 against this position","at  DENThis is a 3 star matchup. TEs perform close to their average vs. DEN who currently ranks #19 against this position","vs.  NEThis is a 3 star matchup. TEs perform close to their average vs. NE who currently ranks #14 against this position","at  CINThis is a 4 star matchup. TEs perform better than their average vs. CIN who currently ranks #3 against this position","vs.  PHIThis is a 2 star matchup. TEs perform below their average vs. PHI who currently ranks #32 against this position","vs.  HOUThis is a 3 star matchup. TEs perform close to their average vs. HOU who currently ranks #21 against this position","BYE","vs.  INDThis is a 4 star matchup. TEs perform close to their average vs. IND who currently ranks #10 against this position","at  BALThis is a 2 star matchup. TEs perform close to their average vs. BAL who currently ranks #24 against this position","at  TENThis is a 4 star matchup. TEs perform better than their average vs. TEN who currently ranks #8 against this position","at  NYGThis is a 2 star matchup. TEs perform below their average vs. NYG who currently ranks #27 against this position","vs.  TENThis is a 4 star matchup. TEs perform better than their average vs. TEN who currently ranks #8 against this position","at  CHIThis is a 3 star matchup. TEs perform close to their average vs. CHI who currently ranks #20 against this position","vs.  PITThis is a 3 star matchup. TEs perform close to their average vs. PIT who currently ranks #15 against this position","at  HOUThis is a 3 star matchup. TEs perform close to their average vs. HOU who currently ranks #21 against this position","at  DALThis is a 4 star matchup. TEs perform better than their average vs. DAL who currently ranks #4 against this position","vs.  WASThis is a 5 star matchup. TEs perform better than their average vs. WAS who currently ranks #2 against this position","at  INDThis is a 4 star matchup. TEs perform close to their average vs. IND who currently ranks #10 against this position"
"147","Nick BoyleN. Boyle FA","","","","","","","","","","","","","","","","","",""
"148","Ian ThomasI. Thomas LV","vs.  MIAThis is a 3 star matchup. TEs perform close to their average vs. MIA who currently ranks #12 against this position","at  LACThis is a 4 star matchup. TEs perform better than their average vs. LAC who currently ranks #5 against this position","at  NOThis is a 2 star matchup. TEs perform below their average vs. NO who currently ranks #29 against this position","vs.  KCThis is a 3 star matchup. TEs perform close to their average vs. KC who currently ranks #17 against this position","at  NEThis is a 3 star matchup. TEs perform close to their average vs. NE who currently ranks #14 against this position","vs.  BUFThis is a 4 star matchup. TEs perform close to their average vs. BUF who currently ranks #11 against this position","vs.  LARThis is a 2 star matchup. TEs perform below their average vs. LAR who currently ranks #30 against this position","at  NYJThis is a 4 star matchup. TEs perform better than their average vs. NYJ who currently ranks #6 against this position","at  SFThis is a 2 star matchup. TEs perform below their average vs. SF who currently ranks #28 against this position","vs.  SEAThis is a 3 star matchup. TEs perform close to their average vs. SEA who currently ranks #18 against this position","at  DENThis is a 3 star matchup. TEs perform close to their average vs. DEN who currently ranks #19 against this position","at  CLEThis is a 2 star matchup. TEs perform below their average vs. CLE who currently ranks #31 against this position","BYE","vs.  LACThis is a 4 star matchup. TEs perform better than their average vs. LAC who currently ranks #5 against this position","vs.  DENThis is a 3 star matchup. TEs perform close to their average vs. DEN who currently ranks #19 against this position","vs.  TENThis is a 4 star matchup. TEs perform better than their average vs. TEN who currently ranks #8 against this position","at  ARIThis is a 4 star matchup. TEs perform better than their average vs. ARI who currently ranks #7 against this position","at  KCThis is a 3 star matchup. TEs perform close to their average vs. KC who currently ranks #17 against this position"
"149","Chris MyarickC. Myarick FA","","","","","","","","","","","","","","","","","",""
"150","Quintin MorrisQ. Morris JAC","vs.  CLEThis is a 2 star matchup. TEs perform below their average vs. CLE who currently ranks #31 against this position","at  DENThis is a 3 star matchup. TEs perform close to their average vs. DEN who currently ranks #19 against this position","vs.  NEThis is a 3 star matchup. TEs perform close to their average vs. NE who currently ranks #14 against this position","at  CINThis is a 4 star matchup. TEs perform better than their average vs. CIN who currently ranks #3 against this position","vs.  PHIThis is a 2 star matchup. TEs perform below their average vs. PHI who currently ranks #32 against this position","vs.  HOUThis is a 3 star matchup. TEs perform close to their average vs. HOU who currently ranks #21 against this position","BYE","vs.  INDThis is a 4 star matchup. TEs perform close to their average vs. IND who currently ranks #10 against this position","at  BALThis is a 2 star matchup. TEs perform close to their average vs. BAL who currently ranks #24 against this position","at  TENThis is a 4 star matchup. TEs perform better than their average vs. TEN who currently ranks #8 against this position","at  NYGThis is a 2 star matchup. TEs perform below their average vs. NYG who currently ranks #27 against this position","vs.  TENThis is a 4 star matchup. TEs perform better than their average vs. TEN who currently ranks #8 against this position","at  CHIThis is a 3 star matchup. TEs perform close to their average vs. CHI who currently ranks #20 against this position","vs.  PITThis is a 3 star matchup. TEs perform close to their average vs. PIT who currently ranks #15 against this position","at  HOUThis is a 3 star matchup. TEs perform close to their average vs. HOU who currently ranks #21 against this position","at  DALThis is a 4 star matchup. TEs perform better than their average vs. DAL who currently ranks #4 against this position","vs.  WASThis is a 5 star matchup. TEs perform better than their average vs. WAS who currently ranks #2 against this position","at  INDThis is a 4 star matchup. TEs perform close to their average vs. IND who currently ranks #10 against this position"
"151","Marcedes LewisM. Lewis FA","","","","","","","","","","","","","","","","","",""
""
""