"ECR","Player","1","2","3","4","5","6","7","8","9","10","11","12","13","14","15","16","17","18"
"1","Jahmyr GibbsJ. Gibbs DET","vs.  NOThis is a 3 star matchup. RBs perform close to their average vs. NO who currently ranks #23 against this position","at  BUFThis is a 4 star matchup. RBs perform better than their average vs. BUF who currently ranks #3 against this position","vs.  NYJThis is a 4 star matchup. RBs perform better than their average vs. NYJ who currently ranks #8 against this position","at  CARThis is a 4 star matchup. RBs perform close to their average vs. CAR who currently ranks #11 against this position","at  ARIThis is a 5 star matchup. RBs perform better than their average vs. ARI who currently ranks #1 against this position","BYE","vs.  GBThis is a 3 star matchup. RBs perform close to their average vs. GB who currently ranks #16 against this position","vs.  MINThis is a 3 star matchup. RBs perform close to their average vs. MIN who currently ranks #20 against this position","at  MIAThis is a 4 star matchup. RBs perform better than their average vs. MIA who currently ranks #4 against this position","vs.  NEThis is a 2 star matchup. RBs perform below their average vs. NE who currently ranks #29 against this position","vs.  TBThis is a 3 star matchup. RBs perform close to their average vs. TB who currently ranks #19 against this position","vs.  CHIThis is a 3 star matchup. RBs perform close to their average vs. CHI who currently ranks #15 against this position","at  ATLThis is a 3 star matchup. RBs perform close to their average vs. ATL who currently ranks #14 against this position","vs.  TENThis is a 4 star matchup. RBs perform better than their average vs. TEN who currently ranks #7 against this position","at  MINThis is a 3 star matchup. RBs perform close to their average vs. MIN who currently ranks #20 against this position","vs.  NYGThis is a 4 star matchup. RBs perform better than their average vs. NYG who currently ranks #5 against this position","at  CHIThis is a 3 star matchup. RBs perform close to their average vs. CHI who currently ranks #15 against this position","at  GBThis is a 3 star matchup. RBs perform close to their average vs. GB who currently ranks #16 against this position"
"2","Bijan RobinsonB. Robinson ATL","at  PITThis is a 2 star matchup. RBs perform below their average vs. PIT who currently ranks #31 against this position","vs.  CARThis is a 4 star matchup. RBs perform close to their average vs. CAR who currently ranks #11 against this position","at  GBThis is a 3 star matchup. RBs perform close to their average vs. GB who currently ranks #16 against this position","at  NOThis is a 3 star matchup. RBs perform close to their average vs. NO who currently ranks #23 against this position","vs.  BALThis is a 3 star matchup. RBs perform close to their average vs. BAL who currently ranks #12 against this position","vs.  CHIThis is a 3 star matchup. RBs perform close to their average vs. CHI who currently ranks #15 against this position","vs.  SFThis is a 4 star matchup. RBs perform close to their average vs. SF who currently ranks #9 against this position","at  TBThis is a 3 star matchup. RBs perform close to their average vs. TB who currently ranks #19 against this position","vs.  CINThis is a 4 star matchup. RBs perform close to their average vs. CIN who currently ranks #10 against this position","vs.  KCThis is a 2 star matchup. RBs perform below their average vs. KC who currently ranks #30 against this position","BYE","at  MINThis is a 3 star matchup. RBs perform close to their average vs. MIN who currently ranks #20 against this position","vs.  DETThis is a 2 star matchup. RBs perform below their average vs. DET who currently ranks #27 against this position","at  CLEThis is a 2 star matchup. RBs perform close to their average vs. CLE who currently ranks #25 against this position","at  WASThis is a 4 star matchup. RBs perform better than their average vs. WAS who currently ranks #6 against this position","vs.  TBThis is a 3 star matchup. RBs perform close to their average vs. TB who currently ranks #19 against this position","vs.  NOThis is a 3 star matchup. RBs perform close to their average vs. NO who currently ranks #23 against this position","at  CARThis is a 4 star matchup. RBs perform close to their average vs. CAR who currently ranks #11 against this position"
"3","Jonathan TaylorJ. Taylor IND","vs.  BALThis is a 3 star matchup. RBs perform close to their average vs. BAL who currently ranks #12 against this position","at  KCThis is a 2 star matchup. RBs perform below their average vs. KC who currently ranks #30 against this position","vs.  HOUThis is a 3 star matchup. RBs perform close to their average vs. HOU who currently ranks #13 against this position","at  WASThis is a 4 star matchup. RBs perform better than their average vs. WAS who currently ranks #6 against this position","at  PITThis is a 2 star matchup. RBs perform below their average vs. PIT who currently ranks #31 against this position","vs.  TENThis is a 4 star matchup. RBs perform better than their average vs. TEN who currently ranks #7 against this position","at  MINThis is a 3 star matchup. RBs perform close to their average vs. MIN who currently ranks #20 against this position","at  JACThis is a 3 star matchup. RBs perform close to their average vs. JAC who currently ranks #21 against this position","vs.  DALThis is a 5 star matchup. RBs perform better than their average vs. DAL who currently ranks #2 against this position","vs.  MIAThis is a 4 star matchup. RBs perform better than their average vs. MIA who currently ranks #4 against this position","at  HOUThis is a 3 star matchup. RBs perform close to their average vs. HOU who currently ranks #13 against this position","vs.  NYGThis is a 4 star matchup. RBs perform better than their average vs. NYG who currently ranks #5 against this position","BYE","at  PHIThis is a 3 star matchup. RBs perform close to their average vs. PHI who currently ranks #18 against this position","at  TENThis is a 4 star matchup. RBs perform better than their average vs. TEN who currently ranks #7 against this position","vs.  CINThis is a 4 star matchup. RBs perform close to their average vs. CIN who currently ranks #10 against this position","at  CLEThis is a 2 star matchup. RBs perform close to their average vs. CLE who currently ranks #25 against this position","vs.  JACThis is a 3 star matchup. RBs perform close to their average vs. JAC who currently ranks #21 against this position"
"4","Christian McCaffreyC. McCaffrey SF","at  LARThis is a 2 star matchup. RBs perform below their average vs. LAR who currently ranks #28 against this position","vs.  MIAThis is a 4 star matchup. RBs perform better than their average vs. MIA who currently ranks #4 against this position","vs.  ARIThis is a 5 star matchup. RBs perform better than their average vs. ARI who currently ranks #1 against this position","vs.  DENThis is a 2 star matchup. RBs perform close to their average vs. DEN who currently ranks #24 against this position","at  SEAThis is a 1 star matchup. RBs perform below their average vs. SEA who currently ranks #32 against this position","vs.  WASThis is a 4 star matchup. RBs perform better than their average vs. WAS who currently ranks #6 against this position","at  ATLThis is a 3 star matchup. RBs perform close to their average vs. ATL who currently ranks #14 against this position","BYE","vs.  LVThis is a 3 star matchup. RBs perform close to their average vs. LV who currently ranks #17 against this position","at  DALThis is a 5 star matchup. RBs perform better than their average vs. DAL who currently ranks #2 against this position","vs.  MINThis is a 3 star matchup. RBs perform close to their average vs. MIN who currently ranks #20 against this position","vs.  SEAThis is a 1 star matchup. RBs perform below their average vs. SEA who currently ranks #32 against this position","at  NYGThis is a 4 star matchup. RBs perform better than their average vs. NYG who currently ranks #5 against this position","vs.  LARThis is a 2 star matchup. RBs perform below their average vs. LAR who currently ranks #28 against this position","at  LACThis is a 3 star matchup. RBs perform close to their average vs. LAC who currently ranks #22 against this position","at  KCThis is a 2 star matchup. RBs perform below their average vs. KC who currently ranks #30 against this position","vs.  PHIThis is a 3 star matchup. RBs perform close to their average vs. PHI who currently ranks #18 against this position","at  ARIThis is a 5 star matchup. RBs perform better than their average vs. ARI who currently ranks #1 against this position"
"5","James Cook IIIJ. Cook III BUF","at  HOUThis is a 3 star matchup. RBs perform close to their average vs. HOU who currently ranks #13 against this position","vs.  DETThis is a 2 star matchup. RBs perform below their average vs. DET who currently ranks #27 against this position","vs.  LACThis is a 3 star matchup. RBs perform close to their average vs. LAC who currently ranks #22 against this position","vs.  NEThis is a 2 star matchup. RBs perform below their average vs. NE who currently ranks #29 against this position","at  LARThis is a 2 star matchup. RBs perform below their average vs. LAR who currently ranks #28 against this position","at  LVThis is a 3 star matchup. RBs perform close to their average vs. LV who currently ranks #17 against this position","BYE","vs.  BALThis is a 3 star matchup. RBs perform close to their average vs. BAL who currently ranks #12 against this position","at  MINThis is a 3 star matchup. RBs perform close to their average vs. MIN who currently ranks #20 against this position","at  NYJThis is a 4 star matchup. RBs perform better than their average vs. NYJ who currently ranks #8 against this position","vs.  MIAThis is a 4 star matchup. RBs perform better than their average vs. MIA who currently ranks #4 against this position","vs.  KCThis is a 2 star matchup. RBs perform below their average vs. KC who currently ranks #30 against this position","at  NEThis is a 2 star matchup. RBs perform below their average vs. NE who currently ranks #29 against this position","at  GBThis is a 3 star matchup. RBs perform close to their average vs. GB who currently ranks #16 against this position","vs.  CHIThis is a 3 star matchup. RBs perform close to their average vs. CHI who currently ranks #15 against this position","at  DENThis is a 2 star matchup. RBs perform close to their average vs. DEN who currently ranks #24 against this position","at  MIAThis is a 4 star matchup. RBs perform better than their average vs. MIA who currently ranks #4 against this position","vs.  NYJThis is a 4 star matchup. RBs perform better than their average vs. NYJ who currently ranks #8 against this position"
"6","Derrick HenryD. Henry BAL","at  INDThis is a 2 star matchup. RBs perform close to their average vs. IND who currently ranks #26 against this position","vs.  NOThis is a 3 star matchup. RBs perform close to their average vs. NO who currently ranks #23 against this position","at  DALThis is a 5 star matchup. RBs perform better than their average vs. DAL who currently ranks #2 against this position","vs.  TENThis is a 4 star matchup. RBs perform better than their average vs. TEN who currently ranks #7 against this position","at  ATLThis is a 3 star matchup. RBs perform close to their average vs. ATL who currently ranks #14 against this position","at  CLEThis is a 2 star matchup. RBs perform close to their average vs. CLE who currently ranks #25 against this position","vs.  CINThis is a 4 star matchup. RBs perform close to their average vs. CIN who currently ranks #10 against this position","at  BUFThis is a 4 star matchup. RBs perform better than their average vs. BUF who currently ranks #3 against this position","vs.  JACThis is a 3 star matchup. RBs perform close to their average vs. JAC who currently ranks #21 against this position","vs.  LACThis is a 3 star matchup. RBs perform close to their average vs. LAC who currently ranks #22 against this position","at  CARThis is a 4 star matchup. RBs perform close to their average vs. CAR who currently ranks #11 against this position","at  HOUThis is a 3 star matchup. RBs perform close to their average vs. HOU who currently ranks #13 against this position","BYE","vs.  TBThis is a 3 star matchup. RBs perform close to their average vs. TB who currently ranks #19 against this position","at  PITThis is a 2 star matchup. RBs perform below their average vs. PIT who currently ranks #31 against this position","vs.  CLEThis is a 2 star matchup. RBs perform close to their average vs. CLE who currently ranks #25 against this position","at  CINThis is a 4 star matchup. RBs perform close to their average vs. CIN who currently ranks #10 against this position","vs.  PITThis is a 2 star matchup. RBs perform below their average vs. PIT who currently ranks #31 against this position"
"7","Saquon BarkleyS. Barkley PHI","vs.  WASThis is a 4 star matchup. RBs perform better than their average vs. WAS who currently ranks #6 against this position","at  TENThis is a 4 star matchup. RBs perform better than their average vs. TEN who currently ranks #7 against this position","at  CHIThis is a 3 star matchup. RBs perform close to their average vs. CHI who currently ranks #15 against this position","vs.  LARThis is a 2 star matchup. RBs perform below their average vs. LAR who currently ranks #28 against this position","at  JACThis is a 3 star matchup. RBs perform close to their average vs. JAC who currently ranks #21 against this position","vs.  CARThis is a 4 star matchup. RBs perform close to their average vs. CAR who currently ranks #11 against this position","vs.  DALThis is a 5 star matchup. RBs perform better than their average vs. DAL who currently ranks #2 against this position","at  WASThis is a 4 star matchup. RBs perform better than their average vs. WAS who currently ranks #6 against this position","vs.  NYGThis is a 4 star matchup. RBs perform better than their average vs. NYG who currently ranks #5 against this position","BYE","vs.  PITThis is a 2 star matchup. RBs perform below their average vs. PIT who currently ranks #31 against this position","at  DALThis is a 5 star matchup. RBs perform better than their average vs. DAL who currently ranks #2 against this position","at  ARIThis is a 5 star matchup. RBs perform better than their average vs. ARI who currently ranks #1 against this position","vs.  INDThis is a 2 star matchup. RBs perform close to their average vs. IND who currently ranks #26 against this position","vs.  SEAThis is a 1 star matchup. RBs perform below their average vs. SEA who currently ranks #32 against this position","vs.  HOUThis is a 3 star matchup. RBs perform close to their average vs. HOU who currently ranks #13 against this position","at  SFThis is a 4 star matchup. RBs perform close to their average vs. SF who currently ranks #9 against this position","at  NYGThis is a 4 star matchup. RBs perform better than their average vs. NYG who currently ranks #5 against this position"
"8","Ashton JeantyA. Jeanty LV","vs.  MIAThis is a 4 star matchup. RBs perform better than their average vs. MIA who currently ranks #4 against this position","at  LACThis is a 3 star matchup. RBs perform close to their average vs. LAC who currently ranks #22 against this position","at  NOThis is a 3 star matchup. RBs perform close to their average vs. NO who currently ranks #23 against this position","vs.  KCThis is a 2 star matchup. RBs perform below their average vs. KC who currently ranks #30 against this position","at  NEThis is a 2 star matchup. RBs perform below their average vs. NE who currently ranks #29 against this position","vs.  BUFThis is a 4 star matchup. RBs perform better than their average vs. BUF who currently ranks #3 against this position","vs.  LARThis is a 2 star matchup. RBs perform below their average vs. LAR who currently ranks #28 against this position","at  NYJThis is a 4 star matchup. RBs perform better than their average vs. NYJ who currently ranks #8 against this position","at  SFThis is a 4 star matchup. RBs perform close to their average vs. SF who currently ranks #9 against this position","vs.  SEAThis is a 1 star matchup. RBs perform below their average vs. SEA who currently ranks #32 against this position","at  DENThis is a 2 star matchup. RBs perform close to their average vs. DEN who currently ranks #24 against this position","at  CLEThis is a 2 star matchup. RBs perform close to their average vs. CLE who currently ranks #25 against this position","BYE","vs.  LACThis is a 3 star matchup. RBs perform close to their average vs. LAC who currently ranks #22 against this position","vs.  DENThis is a 2 star matchup. RBs perform close to their average vs. DEN who currently ranks #24 against this position","vs.  TENThis is a 4 star matchup. RBs perform better than their average vs. TEN who currently ranks #7 against this position","at  ARIThis is a 5 star matchup. RBs perform better than their average vs. ARI who currently ranks #1 against this position","at  KCThis is a 2 star matchup. RBs perform below their average vs. KC who currently ranks #30 against this position"
"9","Omarion HamptonO. Hampton LAC","vs.  ARIThis is a 5 star matchup. RBs perform better than their average vs. ARI who currently ranks #1 against this position","vs.  LVThis is a 3 star matchup. RBs perform close to their average vs. LV who currently ranks #17 against this position","at  BUFThis is a 4 star matchup. RBs perform better than their average vs. BUF who currently ranks #3 against this position","at  SEAThis is a 1 star matchup. RBs perform below their average vs. SEA who currently ranks #32 against this position","vs.  DENThis is a 2 star matchup. RBs perform close to their average vs. DEN who currently ranks #24 against this position","at  KCThis is a 2 star matchup. RBs perform below their average vs. KC who currently ranks #30 against this position","BYE","at  LARThis is a 2 star matchup. RBs perform below their average vs. LAR who currently ranks #28 against this position","vs.  HOUThis is a 3 star matchup. RBs perform close to their average vs. HOU who currently ranks #13 against this position","at  BALThis is a 3 star matchup. RBs perform close to their average vs. BAL who currently ranks #12 against this position","vs.  NYJThis is a 4 star matchup. RBs perform better than their average vs. NYJ who currently ranks #8 against this position","vs.  NEThis is a 2 star matchup. RBs perform below their average vs. NE who currently ranks #29 against this position","at  TBThis is a 3 star matchup. RBs perform close to their average vs. TB who currently ranks #19 against this position","at  LVThis is a 3 star matchup. RBs perform close to their average vs. LV who currently ranks #17 against this position","vs.  SFThis is a 4 star matchup. RBs perform close to their average vs. SF who currently ranks #9 against this position","at  MIAThis is a 4 star matchup. RBs perform better than their average vs. MIA who currently ranks #4 against this position","vs.  KCThis is a 2 star matchup. RBs perform below their average vs. KC who currently ranks #30 against this position","at  DENThis is a 2 star matchup. RBs perform close to their average vs. DEN who currently ranks #24 against this position"
"10","Kenneth Walker IIIK. Walker III KC","vs.  DENThis is a 2 star matchup. RBs perform close to their average vs. DEN who currently ranks #24 against this position","vs.  INDThis is a 2 star matchup. RBs perform close to their average vs. IND who currently ranks #26 against this position","at  MIAThis is a 4 star matchup. RBs perform better than their average vs. MIA who currently ranks #4 against this position","at  LVThis is a 3 star matchup. RBs perform close to their average vs. LV who currently ranks #17 against this position","BYE","vs.  LACThis is a 3 star matchup. RBs perform close to their average vs. LAC who currently ranks #22 against this position","at  SEAThis is a 1 star matchup. RBs perform below their average vs. SEA who currently ranks #32 against this position","at  DENThis is a 2 star matchup. RBs perform close to their average vs. DEN who currently ranks #24 against this position","vs.  NYJThis is a 4 star matchup. RBs perform better than their average vs. NYJ who currently ranks #8 against this position","at  ATLThis is a 3 star matchup. RBs perform close to their average vs. ATL who currently ranks #14 against this position","vs.  ARIThis is a 5 star matchup. RBs perform better than their average vs. ARI who currently ranks #1 against this position","at  BUFThis is a 4 star matchup. RBs perform better than their average vs. BUF who currently ranks #3 against this position","at  LARThis is a 2 star matchup. RBs perform below their average vs. LAR who currently ranks #28 against this position","at  CINThis is a 4 star matchup. RBs perform close to their average vs. CIN who currently ranks #10 against this position","vs.  NEThis is a 2 star matchup. RBs perform below their average vs. NE who currently ranks #29 against this position","vs.  SFThis is a 4 star matchup. RBs perform close to their average vs. SF who currently ranks #9 against this position","at  LACThis is a 3 star matchup. RBs perform close to their average vs. LAC who currently ranks #22 against this position","vs.  LVThis is a 3 star matchup. RBs perform close to their average vs. LV who currently ranks #17 against this position"
"11","Chase BrownC. Brown CIN","vs.  TBThis is a 3 star matchup. RBs perform close to their average vs. TB who currently ranks #19 against this position","at  HOUThis is a 3 star matchup. RBs perform close to their average vs. HOU who currently ranks #13 against this position","at  PITThis is a 2 star matchup. RBs perform below their average vs. PIT who currently ranks #31 against this position","vs.  JACThis is a 3 star matchup. RBs perform close to their average vs. JAC who currently ranks #21 against this position","at  MIAThis is a 4 star matchup. RBs perform better than their average vs. MIA who currently ranks #4 against this position","BYE","at  BALThis is a 3 star matchup. RBs perform close to their average vs. BAL who currently ranks #12 against this position","vs.  TENThis is a 4 star matchup. RBs perform better than their average vs. TEN who currently ranks #7 against this position","at  ATLThis is a 3 star matchup. RBs perform close to their average vs. ATL who currently ranks #14 against this position","vs.  PITThis is a 2 star matchup. RBs perform below their average vs. PIT who currently ranks #31 against this position","at  WASThis is a 4 star matchup. RBs perform better than their average vs. WAS who currently ranks #6 against this position","vs.  NOThis is a 3 star matchup. RBs perform close to their average vs. NO who currently ranks #23 against this position","at  CLEThis is a 2 star matchup. RBs perform close to their average vs. CLE who currently ranks #25 against this position","vs.  KCThis is a 2 star matchup. RBs perform below their average vs. KC who currently ranks #30 against this position","at  CARThis is a 4 star matchup. RBs perform close to their average vs. CAR who currently ranks #11 against this position","at  INDThis is a 2 star matchup. RBs perform close to their average vs. IND who currently ranks #26 against this position","vs.  BALThis is a 3 star matchup. RBs perform close to their average vs. BAL who currently ranks #12 against this position","vs.  CLEThis is a 2 star matchup. RBs perform close to their average vs. CLE who currently ranks #25 against this position"
"12","De'Von AchaneD. Achane MIA","at  LVThis is a 3 star matchup. RBs perform close to their average vs. LV who currently ranks #17 against this position","at  SFThis is a 4 star matchup. RBs perform close to their average vs. SF who currently ranks #9 against this position","vs.  KCThis is a 2 star matchup. RBs perform below their average vs. KC who currently ranks #30 against this position","at  MINThis is a 3 star matchup. RBs perform close to their average vs. MIN who currently ranks #20 against this position","vs.  CINThis is a 4 star matchup. RBs perform close to their average vs. CIN who currently ranks #10 against this position","BYE","at  NYJThis is a 4 star matchup. RBs perform better than their average vs. NYJ who currently ranks #8 against this position","vs.  NEThis is a 2 star matchup. RBs perform below their average vs. NE who currently ranks #29 against this position","vs.  DETThis is a 2 star matchup. RBs perform below their average vs. DET who currently ranks #27 against this position","at  INDThis is a 2 star matchup. RBs perform close to their average vs. IND who currently ranks #26 against this position","at  BUFThis is a 4 star matchup. RBs perform better than their average vs. BUF who currently ranks #3 against this position","vs.  NYJThis is a 4 star matchup. RBs perform better than their average vs. NYJ who currently ranks #8 against this position","at  DENThis is a 2 star matchup. RBs perform close to their average vs. DEN who currently ranks #24 against this position","vs.  CHIThis is a 3 star matchup. RBs perform close to their average vs. CHI who currently ranks #15 against this position","at  GBThis is a 3 star matchup. RBs perform close to their average vs. GB who currently ranks #16 against this position","vs.  LACThis is a 3 star matchup. RBs perform close to their average vs. LAC who currently ranks #22 against this position","vs.  BUFThis is a 4 star matchup. RBs perform better than their average vs. BUF who currently ranks #3 against this position","at  NEThis is a 2 star matchup. RBs perform below their average vs. NE who currently ranks #29 against this position"
"13","Kyren WilliamsK. Williams LAR","vs.  SFThis is a 4 star matchup. RBs perform close to their average vs. SF who currently ranks #9 against this position","vs.  NYGThis is a 4 star matchup. RBs perform better than their average vs. NYG who currently ranks #5 against this position","at  DENThis is a 2 star matchup. RBs perform close to their average vs. DEN who currently ranks #24 against this position","at  PHIThis is a 3 star matchup. RBs perform close to their average vs. PHI who currently ranks #18 against this position","vs.  BUFThis is a 4 star matchup. RBs perform better than their average vs. BUF who currently ranks #3 against this position","vs.  ARIThis is a 5 star matchup. RBs perform better than their average vs. ARI who currently ranks #1 against this position","at  LVThis is a 3 star matchup. RBs perform close to their average vs. LV who currently ranks #17 against this position","vs.  LACThis is a 3 star matchup. RBs perform close to their average vs. LAC who currently ranks #22 against this position","at  WASThis is a 4 star matchup. RBs perform better than their average vs. WAS who currently ranks #6 against this position","at  ARIThis is a 5 star matchup. RBs perform better than their average vs. ARI who currently ranks #1 against this position","BYE","vs.  GBThis is a 3 star matchup. RBs perform close to their average vs. GB who currently ranks #16 against this position","vs.  KCThis is a 2 star matchup. RBs perform below their average vs. KC who currently ranks #30 against this position","at  SFThis is a 4 star matchup. RBs perform close to their average vs. SF who currently ranks #9 against this position","vs.  DALThis is a 5 star matchup. RBs perform better than their average vs. DAL who currently ranks #2 against this position","at  SEAThis is a 1 star matchup. RBs perform below their average vs. SEA who currently ranks #32 against this position","at  TBThis is a 3 star matchup. RBs perform close to their average vs. TB who currently ranks #19 against this position","vs.  SEAThis is a 1 star matchup. RBs perform below their average vs. SEA who currently ranks #32 against this position"
"14","Josh JacobsJ. Jacobs GB","at  MINThis is a 3 star matchup. RBs perform close to their average vs. MIN who currently ranks #20 against this position","at  NYJThis is a 4 star matchup. RBs perform better than their average vs. NYJ who currently ranks #8 against this position","vs.  ATLThis is a 3 star matchup. RBs perform close to their average vs. ATL who currently ranks #14 against this position","at  TBThis is a 3 star matchup. RBs perform close to their average vs. TB who currently ranks #19 against this position","vs.  CHIThis is a 3 star matchup. RBs perform close to their average vs. CHI who currently ranks #15 against this position","vs.  DALThis is a 5 star matchup. RBs perform better than their average vs. DAL who currently ranks #2 against this position","at  DETThis is a 2 star matchup. RBs perform below their average vs. DET who currently ranks #27 against this position","vs.  CARThis is a 4 star matchup. RBs perform close to their average vs. CAR who currently ranks #11 against this position","at  NEThis is a 2 star matchup. RBs perform below their average vs. NE who currently ranks #29 against this position","vs.  MINThis is a 3 star matchup. RBs perform close to their average vs. MIN who currently ranks #20 against this position","BYE","at  LARThis is a 2 star matchup. RBs perform below their average vs. LAR who currently ranks #28 against this position","at  NOThis is a 3 star matchup. RBs perform close to their average vs. NO who currently ranks #23 against this position","vs.  BUFThis is a 4 star matchup. RBs perform better than their average vs. BUF who currently ranks #3 against this position","vs.  MIAThis is a 4 star matchup. RBs perform better than their average vs. MIA who currently ranks #4 against this position","at  CHIThis is a 3 star matchup. RBs perform close to their average vs. CHI who currently ranks #15 against this position","vs.  HOUThis is a 3 star matchup. RBs perform close to their average vs. HOU who currently ranks #13 against this position","vs.  DETThis is a 2 star matchup. RBs perform below their average vs. DET who currently ranks #27 against this position"
"15","Javonte WilliamsJ. Williams DAL","at  NYGThis is a 4 star matchup. RBs perform better than their average vs. NYG who currently ranks #5 against this position","vs.  WASThis is a 4 star matchup. RBs perform better than their average vs. WAS who currently ranks #6 against this position","vs.  BALThis is a 3 star matchup. RBs perform close to their average vs. BAL who currently ranks #12 against this position","at  HOUThis is a 3 star matchup. RBs perform close to their average vs. HOU who currently ranks #13 against this position","vs.  TBThis is a 3 star matchup. RBs perform close to their average vs. TB who currently ranks #19 against this position","at  GBThis is a 3 star matchup. RBs perform close to their average vs. GB who currently ranks #16 against this position","at  PHIThis is a 3 star matchup. RBs perform close to their average vs. PHI who currently ranks #18 against this position","vs.  ARIThis is a 5 star matchup. RBs perform better than their average vs. ARI who currently ranks #1 against this position","at  INDThis is a 2 star matchup. RBs perform close to their average vs. IND who currently ranks #26 against this position","vs.  SFThis is a 4 star matchup. RBs perform close to their average vs. SF who currently ranks #9 against this position","vs.  TENThis is a 4 star matchup. RBs perform better than their average vs. TEN who currently ranks #7 against this position","vs.  PHIThis is a 3 star matchup. RBs perform close to their average vs. PHI who currently ranks #18 against this position","at  SEAThis is a 1 star matchup. RBs perform below their average vs. SEA who currently ranks #32 against this position","BYE","at  LARThis is a 2 star matchup. RBs perform below their average vs. LAR who currently ranks #28 against this position","vs.  JACThis is a 3 star matchup. RBs perform close to their average vs. JAC who currently ranks #21 against this position","vs.  NYGThis is a 4 star matchup. RBs perform better than their average vs. NYG who currently ranks #5 against this position","at  WASThis is a 4 star matchup. RBs perform better than their average vs. WAS who currently ranks #6 against this position"
"16","Breece HallB. Hall NYJ","at  TENThis is a 4 star matchup. RBs perform better than their average vs. TEN who currently ranks #7 against this position","vs.  GBThis is a 3 star matchup. RBs perform close to their average vs. GB who currently ranks #16 against this position","at  DETThis is a 2 star matchup. RBs perform below their average vs. DET who currently ranks #27 against this position","at  CHIThis is a 3 star matchup. RBs perform close to their average vs. CHI who currently ranks #15 against this position","vs.  CLEThis is a 2 star matchup. RBs perform close to their average vs. CLE who currently ranks #25 against this position","at  NEThis is a 2 star matchup. RBs perform below their average vs. NE who currently ranks #29 against this position","vs.  MIAThis is a 4 star matchup. RBs perform better than their average vs. MIA who currently ranks #4 against this position","vs.  LVThis is a 3 star matchup. RBs perform close to their average vs. LV who currently ranks #17 against this position","at  KCThis is a 2 star matchup. RBs perform below their average vs. KC who currently ranks #30 against this position","vs.  BUFThis is a 4 star matchup. RBs perform better than their average vs. BUF who currently ranks #3 against this position","at  LACThis is a 3 star matchup. RBs perform close to their average vs. LAC who currently ranks #22 against this position","at  MIAThis is a 4 star matchup. RBs perform better than their average vs. MIA who currently ranks #4 against this position","BYE","vs.  DENThis is a 2 star matchup. RBs perform close to their average vs. DEN who currently ranks #24 against this position","at  ARIThis is a 5 star matchup. RBs perform better than their average vs. ARI who currently ranks #1 against this position","vs.  NEThis is a 2 star matchup. RBs perform below their average vs. NE who currently ranks #29 against this position","vs.  MINThis is a 3 star matchup. RBs perform close to their average vs. MIN who currently ranks #20 against this position","at  BUFThis is a 4 star matchup. RBs perform better than their average vs. BUF who currently ranks #3 against this position"
"17","Jeremiyah LoveJ. Love ARI","at  LACThis is a 3 star matchup. RBs perform close to their average vs. LAC who currently ranks #22 against this position","vs.  SEAThis is a 1 star matchup. RBs perform below their average vs. SEA who currently ranks #32 against this position","at  SFThis is a 4 star matchup. RBs perform close to their average vs. SF who currently ranks #9 against this position","at  NYGThis is a 4 star matchup. RBs perform better than their average vs. NYG who currently ranks #5 against this position","vs.  DETThis is a 2 star matchup. RBs perform below their average vs. DET who currently ranks #27 against this position","at  LARThis is a 2 star matchup. RBs perform below their average vs. LAR who currently ranks #28 against this position","vs.  DENThis is a 2 star matchup. RBs perform close to their average vs. DEN who currently ranks #24 against this position","at  DALThis is a 5 star matchup. RBs perform better than their average vs. DAL who currently ranks #2 against this position","at  SEAThis is a 1 star matchup. RBs perform below their average vs. SEA who currently ranks #32 against this position","vs.  LARThis is a 2 star matchup. RBs perform below their average vs. LAR who currently ranks #28 against this position","at  KCThis is a 2 star matchup. RBs perform below their average vs. KC who currently ranks #30 against this position","vs.  WASThis is a 4 star matchup. RBs perform better than their average vs. WAS who currently ranks #6 against this position","vs.  PHIThis is a 3 star matchup. RBs perform close to their average vs. PHI who currently ranks #18 against this position","BYE","vs.  NYJThis is a 4 star matchup. RBs perform better than their average vs. NYJ who currently ranks #8 against this position","at  NOThis is a 3 star matchup. RBs perform close to their average vs. NO who currently ranks #23 against this position","vs.  LVThis is a 3 star matchup. RBs perform close to their average vs. LV who currently ranks #17 against this position","vs.  SFThis is a 4 star matchup. RBs perform close to their average vs. SF who currently ranks #9 against this position"
"18","Travis Etienne Jr.T. Etienne Jr. NO","at  DETThis is a 2 star matchup. RBs perform below their average vs. DET who currently ranks #27 against this position","at  BALThis is a 3 star matchup. RBs perform close to their average vs. BAL who currently ranks #12 against this position","vs.  LVThis is a 3 star matchup. RBs perform close to their average vs. LV who currently ranks #17 against this position","vs.  ATLThis is a 3 star matchup. RBs perform close to their average vs. ATL who currently ranks #14 against this position","vs.  MINThis is a 3 star matchup. RBs perform close to their average vs. MIN who currently ranks #20 against this position","at  NYGThis is a 4 star matchup. RBs perform better than their average vs. NYG who currently ranks #5 against this position","vs.  PITThis is a 2 star matchup. RBs perform below their average vs. PIT who currently ranks #31 against this position","BYE","vs.  CLEThis is a 2 star matchup. RBs perform close to their average vs. CLE who currently ranks #25 against this position","vs.  CARThis is a 4 star matchup. RBs perform close to their average vs. CAR who currently ranks #11 against this position","at  CHIThis is a 3 star matchup. RBs perform close to their average vs. CHI who currently ranks #15 against this position","at  CINThis is a 4 star matchup. RBs perform close to their average vs. CIN who currently ranks #10 against this position","vs.  GBThis is a 3 star matchup. RBs perform close to their average vs. GB who currently ranks #16 against this position","at  CARThis is a 4 star matchup. RBs perform close to their average vs. CAR who currently ranks #11 against this position","at  TBThis is a 3 star matchup. RBs perform close to their average vs. TB who currently ranks #19 against this position","vs.  ARIThis is a 5 star matchup. RBs perform better than their average vs. ARI who currently ranks #1 against this position","at  ATLThis is a 3 star matchup. RBs perform close to their average vs. ATL who currently ranks #14 against this position","vs.  TBThis is a 3 star matchup. RBs perform close to their average vs. TB who currently ranks #19 against this position"
"19","Cam SkatteboC. Skattebo NYG","vs.  DALThis is a 5 star matchup. RBs perform better than their average vs. DAL who currently ranks #2 against this position","at  LARThis is a 2 star matchup. RBs perform below their average vs. LAR who currently ranks #28 against this position","vs.  TENThis is a 4 star matchup. RBs perform better than their average vs. TEN who currently ranks #7 against this position","vs.  ARIThis is a 5 star matchup. RBs perform better than their average vs. ARI who currently ranks #1 against this position","at  WASThis is a 4 star matchup. RBs perform better than their average vs. WAS who currently ranks #6 against this position","vs.  NOThis is a 3 star matchup. RBs perform close to their average vs. NO who currently ranks #23 against this position","at  HOUThis is a 3 star matchup. RBs perform close to their average vs. HOU who currently ranks #13 against this position","BYE","at  PHIThis is a 3 star matchup. RBs perform close to their average vs. PHI who currently ranks #18 against this position","vs.  WASThis is a 4 star matchup. RBs perform better than their average vs. WAS who currently ranks #6 against this position","vs.  JACThis is a 3 star matchup. RBs perform close to their average vs. JAC who currently ranks #21 against this position","at  INDThis is a 2 star matchup. RBs perform close to their average vs. IND who currently ranks #26 against this position","vs.  SFThis is a 4 star matchup. RBs perform close to their average vs. SF who currently ranks #9 against this position","at  SEAThis is a 1 star matchup. RBs perform below their average vs. SEA who currently ranks #32 against this position","vs.  CLEThis is a 2 star matchup. RBs perform close to their average vs. CLE who currently ranks #25 against this position","at  DETThis is a 2 star matchup. RBs perform below their average vs. DET who currently ranks #27 against this position","at  DALThis is a 5 star matchup. RBs perform better than their average vs. DAL who currently ranks #2 against this position","vs.  PHIThis is a 3 star matchup. RBs perform close to their average vs. PHI who currently ranks #18 against this position"
"20","Quinshon JudkinsQ. Judkins CLE","at  JACThis is a 3 star matchup. RBs perform close to their average vs. JAC who currently ranks #21 against this position","at  TBThis is a 3 star matchup. RBs perform close to their average vs. TB who currently ranks #19 against this position","vs.  CARThis is a 4 star matchup. RBs perform close to their average vs. CAR who currently ranks #11 against this position","vs.  PITThis is a 2 star matchup. RBs perform below their average vs. PIT who currently ranks #31 against this position","at  NYJThis is a 4 star matchup. RBs perform better than their average vs. NYJ who currently ranks #8 against this position","vs.  BALThis is a 3 star matchup. RBs perform close to their average vs. BAL who currently ranks #12 against this position","at  TENThis is a 4 star matchup. RBs perform better than their average vs. TEN who currently ranks #7 against this position","at  PITThis is a 2 star matchup. RBs perform below their average vs. PIT who currently ranks #31 against this position","at  NOThis is a 3 star matchup. RBs perform close to their average vs. NO who currently ranks #23 against this position","vs.  HOUThis is a 3 star matchup. RBs perform close to their average vs. HOU who currently ranks #13 against this position","BYE","vs.  LVThis is a 3 star matchup. RBs perform close to their average vs. LV who currently ranks #17 against this position","vs.  CINThis is a 4 star matchup. RBs perform close to their average vs. CIN who currently ranks #10 against this position","vs.  ATLThis is a 3 star matchup. RBs perform close to their average vs. ATL who currently ranks #14 against this position","at  NYGThis is a 4 star matchup. RBs perform better than their average vs. NYG who currently ranks #5 against this position","at  BALThis is a 3 star matchup. RBs perform close to their average vs. BAL who currently ranks #12 against this position","vs.  INDThis is a 2 star matchup. RBs perform close to their average vs. IND who currently ranks #26 against this position","at  CINThis is a 4 star matchup. RBs perform close to their average vs. CIN who currently ranks #10 against this position"
"21","D'Andre SwiftD. Swift CHI","at  CARThis is a 4 star matchup. RBs perform close to their average vs. CAR who currently ranks #11 against this position","vs.  MINThis is a 3 star matchup. RBs perform close to their average vs. MIN who currently ranks #20 against this position","vs.  PHIThis is a 3 star matchup. RBs perform close to their average vs. PHI who currently ranks #18 against this position","vs.  NYJThis is a 4 star matchup. RBs perform better than their average vs. NYJ who currently ranks #8 against this position","at  GBThis is a 3 star matchup. RBs perform close to their average vs. GB who currently ranks #16 against this position","at  ATLThis is a 3 star matchup. RBs perform close to their average vs. ATL who currently ranks #14 against this position","vs.  NEThis is a 2 star matchup. RBs perform below their average vs. NE who currently ranks #29 against this position","at  SEAThis is a 1 star matchup. RBs perform below their average vs. SEA who currently ranks #32 against this position","vs.  TBThis is a 3 star matchup. RBs perform close to their average vs. TB who currently ranks #19 against this position","BYE","vs.  NOThis is a 3 star matchup. RBs perform close to their average vs. NO who currently ranks #23 against this position","at  DETThis is a 2 star matchup. RBs perform below their average vs. DET who currently ranks #27 against this position","vs.  JACThis is a 3 star matchup. RBs perform close to their average vs. JAC who currently ranks #21 against this position","at  MIAThis is a 4 star matchup. RBs perform better than their average vs. MIA who currently ranks #4 against this position","at  BUFThis is a 4 star matchup. RBs perform better than their average vs. BUF who currently ranks #3 against this position","vs.  GBThis is a 3 star matchup. RBs perform close to their average vs. GB who currently ranks #16 against this position","vs.  DETThis is a 2 star matchup. RBs perform below their average vs. DET who currently ranks #27 against this position","at  MINThis is a 3 star matchup. RBs perform close to their average vs. MIN who currently ranks #20 against this position"
"22","Bucky IrvingB. Irving TB","at  CINThis is a 4 star matchup. RBs perform close to their average vs. CIN who currently ranks #10 against this position","vs.  CLEThis is a 2 star matchup. RBs perform close to their average vs. CLE who currently ranks #25 against this position","vs.  MINThis is a 3 star matchup. RBs perform close to their average vs. MIN who currently ranks #20 against this position","vs.  GBThis is a 3 star matchup. RBs perform close to their average vs. GB who currently ranks #16 against this position","at  DALThis is a 5 star matchup. RBs perform better than their average vs. DAL who currently ranks #2 against this position","vs.  PITThis is a 2 star matchup. RBs perform below their average vs. PIT who currently ranks #31 against this position","at  CARThis is a 4 star matchup. RBs perform close to their average vs. CAR who currently ranks #11 against this position","vs.  ATLThis is a 3 star matchup. RBs perform close to their average vs. ATL who currently ranks #14 against this position","at  CHIThis is a 3 star matchup. RBs perform close to their average vs. CHI who currently ranks #15 against this position","BYE","at  DETThis is a 2 star matchup. RBs perform below their average vs. DET who currently ranks #27 against this position","vs.  CARThis is a 4 star matchup. RBs perform close to their average vs. CAR who currently ranks #11 against this position","vs.  LACThis is a 3 star matchup. RBs perform close to their average vs. LAC who currently ranks #22 against this position","at  BALThis is a 3 star matchup. RBs perform close to their average vs. BAL who currently ranks #12 against this position","vs.  NOThis is a 3 star matchup. RBs perform close to their average vs. NO who currently ranks #23 against this position","at  ATLThis is a 3 star matchup. RBs perform close to their average vs. ATL who currently ranks #14 against this position","vs.  LARThis is a 2 star matchup. RBs perform below their average vs. LAR who currently ranks #28 against this position","at  NOThis is a 3 star matchup. RBs perform close to their average vs. NO who currently ranks #23 against this position"
"23","David MontgomeryD. Montgomery HOU","vs.  BUFThis is a 4 star matchup. RBs perform better than their average vs. BUF who currently ranks #3 against this position","vs.  CINThis is a 4 star matchup. RBs perform close to their average vs. CIN who currently ranks #10 against this position","at  INDThis is a 2 star matchup. RBs perform close to their average vs. IND who currently ranks #26 against this position","vs.  DALThis is a 5 star matchup. RBs perform better than their average vs. DAL who currently ranks #2 against this position","at  TENThis is a 4 star matchup. RBs perform better than their average vs. TEN who currently ranks #7 against this position","at  JACThis is a 3 star matchup. RBs perform close to their average vs. JAC who currently ranks #21 against this position","vs.  NYGThis is a 4 star matchup. RBs perform better than their average vs. NYG who currently ranks #5 against this position","BYE","at  LACThis is a 3 star matchup. RBs perform close to their average vs. LAC who currently ranks #22 against this position","at  CLEThis is a 2 star matchup. RBs perform close to their average vs. CLE who currently ranks #25 against this position","vs.  INDThis is a 2 star matchup. RBs perform close to their average vs. IND who currently ranks #26 against this position","vs.  BALThis is a 3 star matchup. RBs perform close to their average vs. BAL who currently ranks #12 against this position","at  PITThis is a 2 star matchup. RBs perform below their average vs. PIT who currently ranks #31 against this position","at  WASThis is a 4 star matchup. RBs perform better than their average vs. WAS who currently ranks #6 against this position","vs.  JACThis is a 3 star matchup. RBs perform close to their average vs. JAC who currently ranks #21 against this position","at  PHIThis is a 3 star matchup. RBs perform close to their average vs. PHI who currently ranks #18 against this position","at  GBThis is a 3 star matchup. RBs perform close to their average vs. GB who currently ranks #16 against this position","vs.  TENThis is a 4 star matchup. RBs perform better than their average vs. TEN who currently ranks #7 against this position"
"24","TreVeyon HendersonT. Henderson NE","at  SEAThis is a 1 star matchup. RBs perform below their average vs. SEA who currently ranks #32 against this position","vs.  PITThis is a 2 star matchup. RBs perform below their average vs. PIT who currently ranks #31 against this position","at  JACThis is a 3 star matchup. RBs perform close to their average vs. JAC who currently ranks #21 against this position","at  BUFThis is a 4 star matchup. RBs perform better than their average vs. BUF who currently ranks #3 against this position","vs.  LVThis is a 3 star matchup. RBs perform close to their average vs. LV who currently ranks #17 against this position","vs.  NYJThis is a 4 star matchup. RBs perform better than their average vs. NYJ who currently ranks #8 against this position","at  CHIThis is a 3 star matchup. RBs perform close to their average vs. CHI who currently ranks #15 against this position","at  MIAThis is a 4 star matchup. RBs perform better than their average vs. MIA who currently ranks #4 against this position","vs.  GBThis is a 3 star matchup. RBs perform close to their average vs. GB who currently ranks #16 against this position","at  DETThis is a 2 star matchup. RBs perform below their average vs. DET who currently ranks #27 against this position","BYE","at  LACThis is a 3 star matchup. RBs perform close to their average vs. LAC who currently ranks #22 against this position","vs.  BUFThis is a 4 star matchup. RBs perform better than their average vs. BUF who currently ranks #3 against this position","vs.  MINThis is a 3 star matchup. RBs perform close to their average vs. MIN who currently ranks #20 against this position","at  KCThis is a 2 star matchup. RBs perform below their average vs. KC who currently ranks #30 against this position","at  NYJThis is a 4 star matchup. RBs perform better than their average vs. NYJ who currently ranks #8 against this position","vs.  DENThis is a 2 star matchup. RBs perform close to their average vs. DEN who currently ranks #24 against this position","vs.  MIAThis is a 4 star matchup. RBs perform better than their average vs. MIA who currently ranks #4 against this position"
"25","Bhayshul TutenB. Tuten JAC","vs.  CLEThis is a 2 star matchup. RBs perform close to their average vs. CLE who currently ranks #25 against this position","at  DENThis is a 2 star matchup. RBs perform close to their average vs. DEN who currently ranks #24 against this position","vs.  NEThis is a 2 star matchup. RBs perform below their average vs. NE who currently ranks #29 against this position","at  CINThis is a 4 star matchup. RBs perform close to their average vs. CIN who currently ranks #10 against this position","vs.  PHIThis is a 3 star matchup. RBs perform close to their average vs. PHI who currently ranks #18 against this position","vs.  HOUThis is a 3 star matchup. RBs perform close to their average vs. HOU who currently ranks #13 against this position","BYE","vs.  INDThis is a 2 star matchup. RBs perform close to their average vs. IND who currently ranks #26 against this position","at  BALThis is a 3 star matchup. RBs perform close to their average vs. BAL who currently ranks #12 against this position","at  TENThis is a 4 star matchup. RBs perform better than their average vs. TEN who currently ranks #7 against this position","at  NYGThis is a 4 star matchup. RBs perform better than their average vs. NYG who currently ranks #5 against this position","vs.  TENThis is a 4 star matchup. RBs perform better than their average vs. TEN who currently ranks #7 against this position","at  CHIThis is a 3 star matchup. RBs perform close to their average vs. CHI who currently ranks #15 against this position","vs.  PITThis is a 2 star matchup. RBs perform below their average vs. PIT who currently ranks #31 against this position","at  HOUThis is a 3 star matchup. RBs perform close to their average vs. HOU who currently ranks #13 against this position","at  DALThis is a 5 star matchup. RBs perform better than their average vs. DAL who currently ranks #2 against this position","vs.  WASThis is a 4 star matchup. RBs perform better than their average vs. WAS who currently ranks #6 against this position","at  INDThis is a 2 star matchup. RBs perform close to their average vs. IND who currently ranks #26 against this position"
"26","Jadarian PriceJ. Price SEA","vs.  NEThis is a 2 star matchup. RBs perform below their average vs. NE who currently ranks #29 against this position","at  ARIThis is a 5 star matchup. RBs perform better than their average vs. ARI who currently ranks #1 against this position","at  WASThis is a 4 star matchup. RBs perform better than their average vs. WAS who currently ranks #6 against this position","vs.  LACThis is a 3 star matchup. RBs perform close to their average vs. LAC who currently ranks #22 against this position","vs.  SFThis is a 4 star matchup. RBs perform close to their average vs. SF who currently ranks #9 against this position","at  DENThis is a 2 star matchup. RBs perform close to their average vs. DEN who currently ranks #24 against this position","vs.  KCThis is a 2 star matchup. RBs perform below their average vs. KC who currently ranks #30 against this position","vs.  CHIThis is a 3 star matchup. RBs perform close to their average vs. CHI who currently ranks #15 against this position","vs.  ARIThis is a 5 star matchup. RBs perform better than their average vs. ARI who currently ranks #1 against this position","at  LVThis is a 3 star matchup. RBs perform close to their average vs. LV who currently ranks #17 against this position","BYE","at  SFThis is a 4 star matchup. RBs perform close to their average vs. SF who currently ranks #9 against this position","vs.  DALThis is a 5 star matchup. RBs perform better than their average vs. DAL who currently ranks #2 against this position","vs.  NYGThis is a 4 star matchup. RBs perform better than their average vs. NYG who currently ranks #5 against this position","at  PHIThis is a 3 star matchup. RBs perform close to their average vs. PHI who currently ranks #18 against this position","vs.  LARThis is a 2 star matchup. RBs perform below their average vs. LAR who currently ranks #28 against this position","at  CARThis is a 4 star matchup. RBs perform close to their average vs. CAR who currently ranks #11 against this position","at  LARThis is a 2 star matchup. RBs perform below their average vs. LAR who currently ranks #28 against this position"
"27","Tony PollardT. Pollard TEN","vs.  NYJThis is a 4 star matchup. RBs perform better than their average vs. NYJ who currently ranks #8 against this position","vs.  PHIThis is a 3 star matchup. RBs perform close to their average vs. PHI who currently ranks #18 against this position","at  NYGThis is a 4 star matchup. RBs perform better than their average vs. NYG who currently ranks #5 against this position","at  BALThis is a 3 star matchup. RBs perform close to their average vs. BAL who currently ranks #12 against this position","vs.  HOUThis is a 3 star matchup. RBs perform close to their average vs. HOU who currently ranks #13 against this position","at  INDThis is a 2 star matchup. RBs perform close to their average vs. IND who currently ranks #26 against this position","vs.  CLEThis is a 2 star matchup. RBs perform close to their average vs. CLE who currently ranks #25 against this position","at  CINThis is a 4 star matchup. RBs perform close to their average vs. CIN who currently ranks #10 against this position","BYE","vs.  JACThis is a 3 star matchup. RBs perform close to their average vs. JAC who currently ranks #21 against this position","at  DALThis is a 5 star matchup. RBs perform better than their average vs. DAL who currently ranks #2 against this position","at  JACThis is a 3 star matchup. RBs perform close to their average vs. JAC who currently ranks #21 against this position","vs.  WASThis is a 4 star matchup. RBs perform better than their average vs. WAS who currently ranks #6 against this position","at  DETThis is a 2 star matchup. RBs perform below their average vs. DET who currently ranks #27 against this position","vs.  INDThis is a 2 star matchup. RBs perform close to their average vs. IND who currently ranks #26 against this position","at  LVThis is a 3 star matchup. RBs perform close to their average vs. LV who currently ranks #17 against this position","vs.  PITThis is a 2 star matchup. RBs perform below their average vs. PIT who currently ranks #31 against this position","at  HOUThis is a 3 star matchup. RBs perform close to their average vs. HOU who currently ranks #13 against this position"
"28","Jaylen WarrenJ. Warren PIT","vs.  ATLThis is a 3 star matchup. RBs perform close to their average vs. ATL who currently ranks #14 against this position","at  NEThis is a 2 star matchup. RBs perform below their average vs. NE who currently ranks #29 against this position","vs.  CINThis is a 4 star matchup. RBs perform close to their average vs. CIN who currently ranks #10 against this position","at  CLEThis is a 2 star matchup. RBs perform close to their average vs. CLE who currently ranks #25 against this position","vs.  INDThis is a 2 star matchup. RBs perform close to their average vs. IND who currently ranks #26 against this position","at  TBThis is a 3 star matchup. RBs perform close to their average vs. TB who currently ranks #19 against this position","at  NOThis is a 3 star matchup. RBs perform close to their average vs. NO who currently ranks #23 against this position","vs.  CLEThis is a 2 star matchup. RBs perform close to their average vs. CLE who currently ranks #25 against this position","BYE","at  CINThis is a 4 star matchup. RBs perform close to their average vs. CIN who currently ranks #10 against this position","at  PHIThis is a 3 star matchup. RBs perform close to their average vs. PHI who currently ranks #18 against this position","vs.  DENThis is a 2 star matchup. RBs perform close to their average vs. DEN who currently ranks #24 against this position","vs.  HOUThis is a 3 star matchup. RBs perform close to their average vs. HOU who currently ranks #13 against this position","at  JACThis is a 3 star matchup. RBs perform close to their average vs. JAC who currently ranks #21 against this position","vs.  BALThis is a 3 star matchup. RBs perform close to their average vs. BAL who currently ranks #12 against this position","vs.  CARThis is a 4 star matchup. RBs perform close to their average vs. CAR who currently ranks #11 against this position","at  TENThis is a 4 star matchup. RBs perform better than their average vs. TEN who currently ranks #7 against this position","at  BALThis is a 3 star matchup. RBs perform close to their average vs. BAL who currently ranks #12 against this position"
"29","Rhamondre StevensonR. Stevenson NE","at  SEAThis is a 1 star matchup. RBs perform below their average vs. SEA who currently ranks #32 against this position","vs.  PITThis is a 2 star matchup. RBs perform below their average vs. PIT who currently ranks #31 against this position","at  JACThis is a 3 star matchup. RBs perform close to their average vs. JAC who currently ranks #21 against this position","at  BUFThis is a 4 star matchup. RBs perform better than their average vs. BUF who currently ranks #3 against this position","vs.  LVThis is a 3 star matchup. RBs perform close to their average vs. LV who currently ranks #17 against this position","vs.  NYJThis is a 4 star matchup. RBs perform better than their average vs. NYJ who currently ranks #8 against this position","at  CHIThis is a 3 star matchup. RBs perform close to their average vs. CHI who currently ranks #15 against this position","at  MIAThis is a 4 star matchup. RBs perform better than their average vs. MIA who currently ranks #4 against this position","vs.  GBThis is a 3 star matchup. RBs perform close to their average vs. GB who currently ranks #16 against this position","at  DETThis is a 2 star matchup. RBs perform below their average vs. DET who currently ranks #27 against this position","BYE","at  LACThis is a 3 star matchup. RBs perform close to their average vs. LAC who currently ranks #22 against this position","vs.  BUFThis is a 4 star matchup. RBs perform better than their average vs. BUF who currently ranks #3 against this position","vs.  MINThis is a 3 star matchup. RBs perform close to their average vs. MIN who currently ranks #20 against this position","at  KCThis is a 2 star matchup. RBs perform below their average vs. KC who currently ranks #30 against this position","at  NYJThis is a 4 star matchup. RBs perform better than their average vs. NYJ who currently ranks #8 against this position","vs.  DENThis is a 2 star matchup. RBs perform close to their average vs. DEN who currently ranks #24 against this position","vs.  MIAThis is a 4 star matchup. RBs perform better than their average vs. MIA who currently ranks #4 against this position"
"30","Chuba HubbardC. Hubbard CAR","vs.  CHIThis is a 3 star matchup. RBs perform close to their average vs. CHI who currently ranks #15 against this position","at  ATLThis is a 3 star matchup. RBs perform close to their average vs. ATL who currently ranks #14 against this position","at  CLEThis is a 2 star matchup. RBs perform close to their average vs. CLE who currently ranks #25 against this position","vs.  DETThis is a 2 star matchup. RBs perform below their average vs. DET who currently ranks #27 against this position","BYE","at  PHIThis is a 3 star matchup. RBs perform close to their average vs. PHI who currently ranks #18 against this position","vs.  TBThis is a 3 star matchup. RBs perform close to their average vs. TB who currently ranks #19 against this position","at  GBThis is a 3 star matchup. RBs perform close to their average vs. GB who currently ranks #16 against this position","vs.  DENThis is a 2 star matchup. RBs perform close to their average vs. DEN who currently ranks #24 against this position","at  NOThis is a 3 star matchup. RBs perform close to their average vs. NO who currently ranks #23 against this position","vs.  BALThis is a 3 star matchup. RBs perform close to their average vs. BAL who currently ranks #12 against this position","at  TBThis is a 3 star matchup. RBs perform close to their average vs. TB who currently ranks #19 against this position","at  MINThis is a 3 star matchup. RBs perform close to their average vs. MIN who currently ranks #20 against this position","vs.  NOThis is a 3 star matchup. RBs perform close to their average vs. NO who currently ranks #23 against this position","vs.  CINThis is a 4 star matchup. RBs perform close to their average vs. CIN who currently ranks #10 against this position","at  PITThis is a 2 star matchup. RBs perform below their average vs. PIT who currently ranks #31 against this position","vs.  SEAThis is a 1 star matchup. RBs perform below their average vs. SEA who currently ranks #32 against this position","vs.  ATLThis is a 3 star matchup. RBs perform close to their average vs. ATL who currently ranks #14 against this position"
"31","J.K. DobbinsJ.K. Dobbins DEN","at  KCThis is a 2 star matchup. RBs perform below their average vs. KC who currently ranks #30 against this position","vs.  JACThis is a 3 star matchup. RBs perform close to their average vs. JAC who currently ranks #21 against this position","vs.  LARThis is a 2 star matchup. RBs perform below their average vs. LAR who currently ranks #28 against this position","at  SFThis is a 4 star matchup. RBs perform close to their average vs. SF who currently ranks #9 against this position","at  LACThis is a 3 star matchup. RBs perform close to their average vs. LAC who currently ranks #22 against this position","vs.  SEAThis is a 1 star matchup. RBs perform below their average vs. SEA who currently ranks #32 against this position","at  ARIThis is a 5 star matchup. RBs perform better than their average vs. ARI who currently ranks #1 against this position","vs.  KCThis is a 2 star matchup. RBs perform below their average vs. KC who currently ranks #30 against this position","at  CARThis is a 4 star matchup. RBs perform close to their average vs. CAR who currently ranks #11 against this position","BYE","vs.  LVThis is a 3 star matchup. RBs perform close to their average vs. LV who currently ranks #17 against this position","at  PITThis is a 2 star matchup. RBs perform below their average vs. PIT who currently ranks #31 against this position","vs.  MIAThis is a 4 star matchup. RBs perform better than their average vs. MIA who currently ranks #4 against this position","at  NYJThis is a 4 star matchup. RBs perform better than their average vs. NYJ who currently ranks #8 against this position","at  LVThis is a 3 star matchup. RBs perform close to their average vs. LV who currently ranks #17 against this position","vs.  BUFThis is a 4 star matchup. RBs perform better than their average vs. BUF who currently ranks #3 against this position","at  NEThis is a 2 star matchup. RBs perform below their average vs. NE who currently ranks #29 against this position","vs.  LACThis is a 3 star matchup. RBs perform close to their average vs. LAC who currently ranks #22 against this position"
"32","Rico DowdleR. Dowdle PIT","vs.  ATLThis is a 3 star matchup. RBs perform close to their average vs. ATL who currently ranks #14 against this position","at  NEThis is a 2 star matchup. RBs perform below their average vs. NE who currently ranks #29 against this position","vs.  CINThis is a 4 star matchup. RBs perform close to their average vs. CIN who currently ranks #10 against this position","at  CLEThis is a 2 star matchup. RBs perform close to their average vs. CLE who currently ranks #25 against this position","vs.  INDThis is a 2 star matchup. RBs perform close to their average vs. IND who currently ranks #26 against this position","at  TBThis is a 3 star matchup. RBs perform close to their average vs. TB who currently ranks #19 against this position","at  NOThis is a 3 star matchup. RBs perform close to their average vs. NO who currently ranks #23 against this position","vs.  CLEThis is a 2 star matchup. RBs perform close to their average vs. CLE who currently ranks #25 against this position","BYE","at  CINThis is a 4 star matchup. RBs perform close to their average vs. CIN who currently ranks #10 against this position","at  PHIThis is a 3 star matchup. RBs perform close to their average vs. PHI who currently ranks #18 against this position","vs.  DENThis is a 2 star matchup. RBs perform close to their average vs. DEN who currently ranks #24 against this position","vs.  HOUThis is a 3 star matchup. RBs perform close to their average vs. HOU who currently ranks #13 against this position","at  JACThis is a 3 star matchup. RBs perform close to their average vs. JAC who currently ranks #21 against this position","vs.  BALThis is a 3 star matchup. RBs perform close to their average vs. BAL who currently ranks #12 against this position","vs.  CARThis is a 4 star matchup. RBs perform close to their average vs. CAR who currently ranks #11 against this position","at  TENThis is a 4 star matchup. RBs perform better than their average vs. TEN who currently ranks #7 against this position","at  BALThis is a 3 star matchup. RBs perform close to their average vs. BAL who currently ranks #12 against this position"
"33","Blake CorumB. Corum LAR","vs.  SFThis is a 4 star matchup. RBs perform close to their average vs. SF who currently ranks #9 against this position","vs.  NYGThis is a 4 star matchup. RBs perform better than their average vs. NYG who currently ranks #5 against this position","at  DENThis is a 2 star matchup. RBs perform close to their average vs. DEN who currently ranks #24 against this position","at  PHIThis is a 3 star matchup. RBs perform close to their average vs. PHI who currently ranks #18 against this position","vs.  BUFThis is a 4 star matchup. RBs perform better than their average vs. BUF who currently ranks #3 against this position","vs.  ARIThis is a 5 star matchup. RBs perform better than their average vs. ARI who currently ranks #1 against this position","at  LVThis is a 3 star matchup. RBs perform close to their average vs. LV who currently ranks #17 against this position","vs.  LACThis is a 3 star matchup. RBs perform close to their average vs. LAC who currently ranks #22 against this position","at  WASThis is a 4 star matchup. RBs perform better than their average vs. WAS who currently ranks #6 against this position","at  ARIThis is a 5 star matchup. RBs perform better than their average vs. ARI who currently ranks #1 against this position","BYE","vs.  GBThis is a 3 star matchup. RBs perform close to their average vs. GB who currently ranks #16 against this position","vs.  KCThis is a 2 star matchup. RBs perform below their average vs. KC who currently ranks #30 against this position","at  SFThis is a 4 star matchup. RBs perform close to their average vs. SF who currently ranks #9 against this position","vs.  DALThis is a 5 star matchup. RBs perform better than their average vs. DAL who currently ranks #2 against this position","at  SEAThis is a 1 star matchup. RBs perform below their average vs. SEA who currently ranks #32 against this position","at  TBThis is a 3 star matchup. RBs perform close to their average vs. TB who currently ranks #19 against this position","vs.  SEAThis is a 1 star matchup. RBs perform below their average vs. SEA who currently ranks #32 against this position"
"34","Kyle MonangaiK. Monangai CHI","at  CARThis is a 4 star matchup. RBs perform close to their average vs. CAR who currently ranks #11 against this position","vs.  MINThis is a 3 star matchup. RBs perform close to their average vs. MIN who currently ranks #20 against this position","vs.  PHIThis is a 3 star matchup. RBs perform close to their average vs. PHI who currently ranks #18 against this position","vs.  NYJThis is a 4 star matchup. RBs perform better than their average vs. NYJ who currently ranks #8 against this position","at  GBThis is a 3 star matchup. RBs perform close to their average vs. GB who currently ranks #16 against this position","at  ATLThis is a 3 star matchup. RBs perform close to their average vs. ATL who currently ranks #14 against this position","vs.  NEThis is a 2 star matchup. RBs perform below their average vs. NE who currently ranks #29 against this position","at  SEAThis is a 1 star matchup. RBs perform below their average vs. SEA who currently ranks #32 against this position","vs.  TBThis is a 3 star matchup. RBs perform close to their average vs. TB who currently ranks #19 against this position","BYE","vs.  NOThis is a 3 star matchup. RBs perform close to their average vs. NO who currently ranks #23 against this position","at  DETThis is a 2 star matchup. RBs perform below their average vs. DET who currently ranks #27 against this position","vs.  JACThis is a 3 star matchup. RBs perform close to their average vs. JAC who currently ranks #21 against this position","at  MIAThis is a 4 star matchup. RBs perform better than their average vs. MIA who currently ranks #4 against this position","at  BUFThis is a 4 star matchup. RBs perform better than their average vs. BUF who currently ranks #3 against this position","vs.  GBThis is a 3 star matchup. RBs perform close to their average vs. GB who currently ranks #16 against this position","vs.  DETThis is a 2 star matchup. RBs perform below their average vs. DET who currently ranks #27 against this position","at  MINThis is a 3 star matchup. RBs perform close to their average vs. MIN who currently ranks #20 against this position"
"35","RJ HarveyRJ Harvey DEN","at  KCThis is a 2 star matchup. RBs perform below their average vs. KC who currently ranks #30 against this position","vs.  JACThis is a 3 star matchup. RBs perform close to their average vs. JAC who currently ranks #21 against this position","vs.  LARThis is a 2 star matchup. RBs perform below their average vs. LAR who currently ranks #28 against this position","at  SFThis is a 4 star matchup. RBs perform close to their average vs. SF who currently ranks #9 against this position","at  LACThis is a 3 star matchup. RBs perform close to their average vs. LAC who currently ranks #22 against this position","vs.  SEAThis is a 1 star matchup. RBs perform below their average vs. SEA who currently ranks #32 against this position","at  ARIThis is a 5 star matchup. RBs perform better than their average vs. ARI who currently ranks #1 against this position","vs.  KCThis is a 2 star matchup. RBs perform below their average vs. KC who currently ranks #30 against this position","at  CARThis is a 4 star matchup. RBs perform close to their average vs. CAR who currently ranks #11 against this position","BYE","vs.  LVThis is a 3 star matchup. RBs perform close to their average vs. LV who currently ranks #17 against this position","at  PITThis is a 2 star matchup. RBs perform below their average vs. PIT who currently ranks #31 against this position","vs.  MIAThis is a 4 star matchup. RBs perform better than their average vs. MIA who currently ranks #4 against this position","at  NYJThis is a 4 star matchup. RBs perform better than their average vs. NYJ who currently ranks #8 against this position","at  LVThis is a 3 star matchup. RBs perform close to their average vs. LV who currently ranks #17 against this position","vs.  BUFThis is a 4 star matchup. RBs perform better than their average vs. BUF who currently ranks #3 against this position","at  NEThis is a 2 star matchup. RBs perform below their average vs. NE who currently ranks #29 against this position","vs.  LACThis is a 3 star matchup. RBs perform close to their average vs. LAC who currently ranks #22 against this position"
"36","Jacory Croskey-MerrittJ. Croskey-Merritt WAS","at  PHIThis is a 3 star matchup. RBs perform close to their average vs. PHI who currently ranks #18 against this position","at  DALThis is a 5 star matchup. RBs perform better than their average vs. DAL who currently ranks #2 against this position","vs.  SEAThis is a 1 star matchup. RBs perform below their average vs. SEA who currently ranks #32 against this position","vs.  INDThis is a 2 star matchup. RBs perform close to their average vs. IND who currently ranks #26 against this position","vs.  NYGThis is a 4 star matchup. RBs perform better than their average vs. NYG who currently ranks #5 against this position","at  SFThis is a 4 star matchup. RBs perform close to their average vs. SF who currently ranks #9 against this position","BYE","vs.  PHIThis is a 3 star matchup. RBs perform close to their average vs. PHI who currently ranks #18 against this position","vs.  LARThis is a 2 star matchup. RBs perform below their average vs. LAR who currently ranks #28 against this position","at  NYGThis is a 4 star matchup. RBs perform better than their average vs. NYG who currently ranks #5 against this position","vs.  CINThis is a 4 star matchup. RBs perform close to their average vs. CIN who currently ranks #10 against this position","at  ARIThis is a 5 star matchup. RBs perform better than their average vs. ARI who currently ranks #1 against this position","at  TENThis is a 4 star matchup. RBs perform better than their average vs. TEN who currently ranks #7 against this position","vs.  HOUThis is a 3 star matchup. RBs perform close to their average vs. HOU who currently ranks #13 against this position","vs.  ATLThis is a 3 star matchup. RBs perform close to their average vs. ATL who currently ranks #14 against this position","at  MINThis is a 3 star matchup. RBs perform close to their average vs. MIN who currently ranks #20 against this position","at  JACThis is a 3 star matchup. RBs perform close to their average vs. JAC who currently ranks #21 against this position","vs.  DALThis is a 5 star matchup. RBs perform better than their average vs. DAL who currently ranks #2 against this position"
"37","Jordan MasonJ. Mason MIN","vs.  GBThis is a 3 star matchup. RBs perform close to their average vs. GB who currently ranks #16 against this position","at  CHIThis is a 3 star matchup. RBs perform close to their average vs. CHI who currently ranks #15 against this position","at  TBThis is a 3 star matchup. RBs perform close to their average vs. TB who currently ranks #19 against this position","vs.  MIAThis is a 4 star matchup. RBs perform better than their average vs. MIA who currently ranks #4 against this position","at  NOThis is a 3 star matchup. RBs perform close to their average vs. NO who currently ranks #23 against this position","BYE","vs.  INDThis is a 2 star matchup. RBs perform close to their average vs. IND who currently ranks #26 against this position","at  DETThis is a 2 star matchup. RBs perform below their average vs. DET who currently ranks #27 against this position","vs.  BUFThis is a 4 star matchup. RBs perform better than their average vs. BUF who currently ranks #3 against this position","at  GBThis is a 3 star matchup. RBs perform close to their average vs. GB who currently ranks #16 against this position","at  SFThis is a 4 star matchup. RBs perform close to their average vs. SF who currently ranks #9 against this position","vs.  ATLThis is a 3 star matchup. RBs perform close to their average vs. ATL who currently ranks #14 against this position","vs.  CARThis is a 4 star matchup. RBs perform close to their average vs. CAR who currently ranks #11 against this position","at  NEThis is a 2 star matchup. RBs perform below their average vs. NE who currently ranks #29 against this position","vs.  DETThis is a 2 star matchup. RBs perform below their average vs. DET who currently ranks #27 against this position","vs.  WASThis is a 4 star matchup. RBs perform better than their average vs. WAS who currently ranks #6 against this position","at  NYJThis is a 4 star matchup. RBs perform better than their average vs. NYJ who currently ranks #8 against this position","vs.  CHIThis is a 3 star matchup. RBs perform close to their average vs. CHI who currently ranks #15 against this position"
"38","Rachaad WhiteR. White WAS","at  PHIThis is a 3 star matchup. RBs perform close to their average vs. PHI who currently ranks #18 against this position","at  DALThis is a 5 star matchup. RBs perform better than their average vs. DAL who currently ranks #2 against this position","vs.  SEAThis is a 1 star matchup. RBs perform below their average vs. SEA who currently ranks #32 against this position","vs.  INDThis is a 2 star matchup. RBs perform close to their average vs. IND who currently ranks #26 against this position","vs.  NYGThis is a 4 star matchup. RBs perform better than their average vs. NYG who currently ranks #5 against this position","at  SFThis is a 4 star matchup. RBs perform close to their average vs. SF who currently ranks #9 against this position","BYE","vs.  PHIThis is a 3 star matchup. RBs perform close to their average vs. PHI who currently ranks #18 against this position","vs.  LARThis is a 2 star matchup. RBs perform below their average vs. LAR who currently ranks #28 against this position","at  NYGThis is a 4 star matchup. RBs perform better than their average vs. NYG who currently ranks #5 against this position","vs.  CINThis is a 4 star matchup. RBs perform close to their average vs. CIN who currently ranks #10 against this position","at  ARIThis is a 5 star matchup. RBs perform better than their average vs. ARI who currently ranks #1 against this position","at  TENThis is a 4 star matchup. RBs perform better than their average vs. TEN who currently ranks #7 against this position","vs.  HOUThis is a 3 star matchup. RBs perform close to their average vs. HOU who currently ranks #13 against this position","vs.  ATLThis is a 3 star matchup. RBs perform close to their average vs. ATL who currently ranks #14 against this position","at  MINThis is a 3 star matchup. RBs perform close to their average vs. MIN who currently ranks #20 against this position","at  JACThis is a 3 star matchup. RBs perform close to their average vs. JAC who currently ranks #21 against this position","vs.  DALThis is a 5 star matchup. RBs perform better than their average vs. DAL who currently ranks #2 against this position"
"39","Jonathon BrooksJ. Brooks CAR","vs.  CHIThis is a 3 star matchup. RBs perform close to their average vs. CHI who currently ranks #15 against this position","at  ATLThis is a 3 star matchup. RBs perform close to their average vs. ATL who currently ranks #14 against this position","at  CLEThis is a 2 star matchup. RBs perform close to their average vs. CLE who currently ranks #25 against this position","vs.  DETThis is a 2 star matchup. RBs perform below their average vs. DET who currently ranks #27 against this position","BYE","at  PHIThis is a 3 star matchup. RBs perform close to their average vs. PHI who currently ranks #18 against this position","vs.  TBThis is a 3 star matchup. RBs perform close to their average vs. TB who currently ranks #19 against this position","at  GBThis is a 3 star matchup. RBs perform close to their average vs. GB who currently ranks #16 against this position","vs.  DENThis is a 2 star matchup. RBs perform close to their average vs. DEN who currently ranks #24 against this position","at  NOThis is a 3 star matchup. RBs perform close to their average vs. NO who currently ranks #23 against this position","vs.  BALThis is a 3 star matchup. RBs perform close to their average vs. BAL who currently ranks #12 against this position","at  TBThis is a 3 star matchup. RBs perform close to their average vs. TB who currently ranks #19 against this position","at  MINThis is a 3 star matchup. RBs perform close to their average vs. MIN who currently ranks #20 against this position","vs.  NOThis is a 3 star matchup. RBs perform close to their average vs. NO who currently ranks #23 against this position","vs.  CINThis is a 4 star matchup. RBs perform close to their average vs. CIN who currently ranks #10 against this position","at  PITThis is a 2 star matchup. RBs perform below their average vs. PIT who currently ranks #31 against this position","vs.  SEAThis is a 1 star matchup. RBs perform below their average vs. SEA who currently ranks #32 against this position","vs.  ATLThis is a 3 star matchup. RBs perform close to their average vs. ATL who currently ranks #14 against this position"
"40","Kenny GainwellK. Gainwell TB","at  CINThis is a 4 star matchup. RBs perform close to their average vs. CIN who currently ranks #10 against this position","vs.  CLEThis is a 2 star matchup. RBs perform close to their average vs. CLE who currently ranks #25 against this position","vs.  MINThis is a 3 star matchup. RBs perform close to their average vs. MIN who currently ranks #20 against this position","vs.  GBThis is a 3 star matchup. RBs perform close to their average vs. GB who currently ranks #16 against this position","at  DALThis is a 5 star matchup. RBs perform better than their average vs. DAL who currently ranks #2 against this position","vs.  PITThis is a 2 star matchup. RBs perform below their average vs. PIT who currently ranks #31 against this position","at  CARThis is a 4 star matchup. RBs perform close to their average vs. CAR who currently ranks #11 against this position","vs.  ATLThis is a 3 star matchup. RBs perform close to their average vs. ATL who currently ranks #14 against this position","at  CHIThis is a 3 star matchup. RBs perform close to their average vs. CHI who currently ranks #15 against this position","BYE","at  DETThis is a 2 star matchup. RBs perform below their average vs. DET who currently ranks #27 against this position","vs.  CARThis is a 4 star matchup. RBs perform close to their average vs. CAR who currently ranks #11 against this position","vs.  LACThis is a 3 star matchup. RBs perform close to their average vs. LAC who currently ranks #22 against this position","at  BALThis is a 3 star matchup. RBs perform close to their average vs. BAL who currently ranks #12 against this position","vs.  NOThis is a 3 star matchup. RBs perform close to their average vs. NO who currently ranks #23 against this position","at  ATLThis is a 3 star matchup. RBs perform close to their average vs. ATL who currently ranks #14 against this position","vs.  LARThis is a 2 star matchup. RBs perform below their average vs. LAR who currently ranks #28 against this position","at  NOThis is a 3 star matchup. RBs perform close to their average vs. NO who currently ranks #23 against this position"
"41","Aaron Jones Sr.A. Jones Sr. MIN","vs.  GBThis is a 3 star matchup. RBs perform close to their average vs. GB who currently ranks #16 against this position","at  CHIThis is a 3 star matchup. RBs perform close to their average vs. CHI who currently ranks #15 against this position","at  TBThis is a 3 star matchup. RBs perform close to their average vs. TB who currently ranks #19 against this position","vs.  MIAThis is a 4 star matchup. RBs perform better than their average vs. MIA who currently ranks #4 against this position","at  NOThis is a 3 star matchup. RBs perform close to their average vs. NO who currently ranks #23 against this position","BYE","vs.  INDThis is a 2 star matchup. RBs perform close to their average vs. IND who currently ranks #26 against this position","at  DETThis is a 2 star matchup. RBs perform below their average vs. DET who currently ranks #27 against this position","vs.  BUFThis is a 4 star matchup. RBs perform better than their average vs. BUF who currently ranks #3 against this position","at  GBThis is a 3 star matchup. RBs perform close to their average vs. GB who currently ranks #16 against this position","at  SFThis is a 4 star matchup. RBs perform close to their average vs. SF who currently ranks #9 against this position","vs.  ATLThis is a 3 star matchup. RBs perform close to their average vs. ATL who currently ranks #14 against this position","vs.  CARThis is a 4 star matchup. RBs perform close to their average vs. CAR who currently ranks #11 against this position","at  NEThis is a 2 star matchup. RBs perform below their average vs. NE who currently ranks #29 against this position","vs.  DETThis is a 2 star matchup. RBs perform below their average vs. DET who currently ranks #27 against this position","vs.  WASThis is a 4 star matchup. RBs perform better than their average vs. WAS who currently ranks #6 against this position","at  NYJThis is a 4 star matchup. RBs perform better than their average vs. NYJ who currently ranks #8 against this position","vs.  CHIThis is a 3 star matchup. RBs perform close to their average vs. CHI who currently ranks #15 against this position"
"42","Chris Rodriguez Jr.C. Rodriguez Jr. JAC","vs.  CLEThis is a 2 star matchup. RBs perform close to their average vs. CLE who currently ranks #25 against this position","at  DENThis is a 2 star matchup. RBs perform close to their average vs. DEN who currently ranks #24 against this position","vs.  NEThis is a 2 star matchup. RBs perform below their average vs. NE who currently ranks #29 against this position","at  CINThis is a 4 star matchup. RBs perform close to their average vs. CIN who currently ranks #10 against this position","vs.  PHIThis is a 3 star matchup. RBs perform close to their average vs. PHI who currently ranks #18 against this position","vs.  HOUThis is a 3 star matchup. RBs perform close to their average vs. HOU who currently ranks #13 against this position","BYE","vs.  INDThis is a 2 star matchup. RBs perform close to their average vs. IND who currently ranks #26 against this position","at  BALThis is a 3 star matchup. RBs perform close to their average vs. BAL who currently ranks #12 against this position","at  TENThis is a 4 star matchup. RBs perform better than their average vs. TEN who currently ranks #7 against this position","at  NYGThis is a 4 star matchup. RBs perform better than their average vs. NYG who currently ranks #5 against this position","vs.  TENThis is a 4 star matchup. RBs perform better than their average vs. TEN who currently ranks #7 against this position","at  CHIThis is a 3 star matchup. RBs perform close to their average vs. CHI who currently ranks #15 against this position","vs.  PITThis is a 2 star matchup. RBs perform below their average vs. PIT who currently ranks #31 against this position","at  HOUThis is a 3 star matchup. RBs perform close to their average vs. HOU who currently ranks #13 against this position","at  DALThis is a 5 star matchup. RBs perform better than their average vs. DAL who currently ranks #2 against this position","vs.  WASThis is a 4 star matchup. RBs perform better than their average vs. WAS who currently ranks #6 against this position","at  INDThis is a 2 star matchup. RBs perform close to their average vs. IND who currently ranks #26 against this position"
"43","Tyrone Tracy Jr.T. Tracy Jr. NYG","vs.  DALThis is a 5 star matchup. RBs perform better than their average vs. DAL who currently ranks #2 against this position","at  LARThis is a 2 star matchup. RBs perform below their average vs. LAR who currently ranks #28 against this position","vs.  TENThis is a 4 star matchup. RBs perform better than their average vs. TEN who currently ranks #7 against this position","vs.  ARIThis is a 5 star matchup. RBs perform better than their average vs. ARI who currently ranks #1 against this position","at  WASThis is a 4 star matchup. RBs perform better than their average vs. WAS who currently ranks #6 against this position","vs.  NOThis is a 3 star matchup. RBs perform close to their average vs. NO who currently ranks #23 against this position","at  HOUThis is a 3 star matchup. RBs perform close to their average vs. HOU who currently ranks #13 against this position","BYE","at  PHIThis is a 3 star matchup. RBs perform close to their average vs. PHI who currently ranks #18 against this position","vs.  WASThis is a 4 star matchup. RBs perform better than their average vs. WAS who currently ranks #6 against this position","vs.  JACThis is a 3 star matchup. RBs perform close to their average vs. JAC who currently ranks #21 against this position","at  INDThis is a 2 star matchup. RBs perform close to their average vs. IND who currently ranks #26 against this position","vs.  SFThis is a 4 star matchup. RBs perform close to their average vs. SF who currently ranks #9 against this position","at  SEAThis is a 1 star matchup. RBs perform below their average vs. SEA who currently ranks #32 against this position","vs.  CLEThis is a 2 star matchup. RBs perform close to their average vs. CLE who currently ranks #25 against this position","at  DETThis is a 2 star matchup. RBs perform below their average vs. DET who currently ranks #27 against this position","at  DALThis is a 5 star matchup. RBs perform better than their average vs. DAL who currently ranks #2 against this position","vs.  PHIThis is a 3 star matchup. RBs perform close to their average vs. PHI who currently ranks #18 against this position"
"44","Tyler AllgeierT. Allgeier ARI","at  LACThis is a 3 star matchup. RBs perform close to their average vs. LAC who currently ranks #22 against this position","vs.  SEAThis is a 1 star matchup. RBs perform below their average vs. SEA who currently ranks #32 against this position","at  SFThis is a 4 star matchup. RBs perform close to their average vs. SF who currently ranks #9 against this position","at  NYGThis is a 4 star matchup. RBs perform better than their average vs. NYG who currently ranks #5 against this position","vs.  DETThis is a 2 star matchup. RBs perform below their average vs. DET who currently ranks #27 against this position","at  LARThis is a 2 star matchup. RBs perform below their average vs. LAR who currently ranks #28 against this position","vs.  DENThis is a 2 star matchup. RBs perform close to their average vs. DEN who currently ranks #24 against this position","at  DALThis is a 5 star matchup. RBs perform better than their average vs. DAL who currently ranks #2 against this position","at  SEAThis is a 1 star matchup. RBs perform below their average vs. SEA who currently ranks #32 against this position","vs.  LARThis is a 2 star matchup. RBs perform below their average vs. LAR who currently ranks #28 against this position","at  KCThis is a 2 star matchup. RBs perform below their average vs. KC who currently ranks #30 against this position","vs.  WASThis is a 4 star matchup. RBs perform better than their average vs. WAS who currently ranks #6 against this position","vs.  PHIThis is a 3 star matchup. RBs perform close to their average vs. PHI who currently ranks #18 against this position","BYE","vs.  NYJThis is a 4 star matchup. RBs perform better than their average vs. NYJ who currently ranks #8 against this position","at  NOThis is a 3 star matchup. RBs perform close to their average vs. NO who currently ranks #23 against this position","vs.  LVThis is a 3 star matchup. RBs perform close to their average vs. LV who currently ranks #17 against this position","vs.  SFThis is a 4 star matchup. RBs perform close to their average vs. SF who currently ranks #9 against this position"
"45","Woody MarksW. Marks HOU","vs.  BUFThis is a 4 star matchup. RBs perform better than their average vs. BUF who currently ranks #3 against this position","vs.  CINThis is a 4 star matchup. RBs perform close to their average vs. CIN who currently ranks #10 against this position","at  INDThis is a 2 star matchup. RBs perform close to their average vs. IND who currently ranks #26 against this position","vs.  DALThis is a 5 star matchup. RBs perform better than their average vs. DAL who currently ranks #2 against this position","at  TENThis is a 4 star matchup. RBs perform better than their average vs. TEN who currently ranks #7 against this position","at  JACThis is a 3 star matchup. RBs perform close to their average vs. JAC who currently ranks #21 against this position","vs.  NYGThis is a 4 star matchup. RBs perform better than their average vs. NYG who currently ranks #5 against this position","BYE","at  LACThis is a 3 star matchup. RBs perform close to their average vs. LAC who currently ranks #22 against this position","at  CLEThis is a 2 star matchup. RBs perform close to their average vs. CLE who currently ranks #25 against this position","vs.  INDThis is a 2 star matchup. RBs perform close to their average vs. IND who currently ranks #26 against this position","vs.  BALThis is a 3 star matchup. RBs perform close to their average vs. BAL who currently ranks #12 against this position","at  PITThis is a 2 star matchup. RBs perform below their average vs. PIT who currently ranks #31 against this position","at  WASThis is a 4 star matchup. RBs perform better than their average vs. WAS who currently ranks #6 against this position","vs.  JACThis is a 3 star matchup. RBs perform close to their average vs. JAC who currently ranks #21 against this position","at  PHIThis is a 3 star matchup. RBs perform close to their average vs. PHI who currently ranks #18 against this position","at  GBThis is a 3 star matchup. RBs perform close to their average vs. GB who currently ranks #16 against this position","vs.  TENThis is a 4 star matchup. RBs perform better than their average vs. TEN who currently ranks #7 against this position"
"46","Zach CharbonnetZ. Charbonnet SEA","vs.  NEThis is a 2 star matchup. RBs perform below their average vs. NE who currently ranks #29 against this position","at  ARIThis is a 5 star matchup. RBs perform better than their average vs. ARI who currently ranks #1 against this position","at  WASThis is a 4 star matchup. RBs perform better than their average vs. WAS who currently ranks #6 against this position","vs.  LACThis is a 3 star matchup. RBs perform close to their average vs. LAC who currently ranks #22 against this position","vs.  SFThis is a 4 star matchup. RBs perform close to their average vs. SF who currently ranks #9 against this position","at  DENThis is a 2 star matchup. RBs perform close to their average vs. DEN who currently ranks #24 against this position","vs.  KCThis is a 2 star matchup. RBs perform below their average vs. KC who currently ranks #30 against this position","vs.  CHIThis is a 3 star matchup. RBs perform close to their average vs. CHI who currently ranks #15 against this position","vs.  ARIThis is a 5 star matchup. RBs perform better than their average vs. ARI who currently ranks #1 against this position","at  LVThis is a 3 star matchup. RBs perform close to their average vs. LV who currently ranks #17 against this position","BYE","at  SFThis is a 4 star matchup. RBs perform close to their average vs. SF who currently ranks #9 against this position","vs.  DALThis is a 5 star matchup. RBs perform better than their average vs. DAL who currently ranks #2 against this position","vs.  NYGThis is a 4 star matchup. RBs perform better than their average vs. NYG who currently ranks #5 against this position","at  PHIThis is a 3 star matchup. RBs perform close to their average vs. PHI who currently ranks #18 against this position","vs.  LARThis is a 2 star matchup. RBs perform below their average vs. LAR who currently ranks #28 against this position","at  CARThis is a 4 star matchup. RBs perform close to their average vs. CAR who currently ranks #11 against this position","at  LARThis is a 2 star matchup. RBs perform below their average vs. LAR who currently ranks #28 against this position"
"47","Tank BigsbyT. Bigsby PHI","vs.  WASThis is a 4 star matchup. RBs perform better than their average vs. WAS who currently ranks #6 against this position","at  TENThis is a 4 star matchup. RBs perform better than their average vs. TEN who currently ranks #7 against this position","at  CHIThis is a 3 star matchup. RBs perform close to their average vs. CHI who currently ranks #15 against this position","vs.  LARThis is a 2 star matchup. RBs perform below their average vs. LAR who currently ranks #28 against this position","at  JACThis is a 3 star matchup. RBs perform close to their average vs. JAC who currently ranks #21 against this position","vs.  CARThis is a 4 star matchup. RBs perform close to their average vs. CAR who currently ranks #11 against this position","vs.  DALThis is a 5 star matchup. RBs perform better than their average vs. DAL who currently ranks #2 against this position","at  WASThis is a 4 star matchup. RBs perform better than their average vs. WAS who currently ranks #6 against this position","vs.  NYGThis is a 4 star matchup. RBs perform better than their average vs. NYG who currently ranks #5 against this position","BYE","vs.  PITThis is a 2 star matchup. RBs perform below their average vs. PIT who currently ranks #31 against this position","at  DALThis is a 5 star matchup. RBs perform better than their average vs. DAL who currently ranks #2 against this position","at  ARIThis is a 5 star matchup. RBs perform better than their average vs. ARI who currently ranks #1 against this position","vs.  INDThis is a 2 star matchup. RBs perform close to their average vs. IND who currently ranks #26 against this position","vs.  SEAThis is a 1 star matchup. RBs perform below their average vs. SEA who currently ranks #32 against this position","vs.  HOUThis is a 3 star matchup. RBs perform close to their average vs. HOU who currently ranks #13 against this position","at  SFThis is a 4 star matchup. RBs perform close to their average vs. SF who currently ranks #9 against this position","at  NYGThis is a 4 star matchup. RBs perform better than their average vs. NYG who currently ranks #5 against this position"
"48","Isiah PachecoI. Pacheco DET","vs.  NOThis is a 3 star matchup. RBs perform close to their average vs. NO who currently ranks #23 against this position","at  BUFThis is a 4 star matchup. RBs perform better than their average vs. BUF who currently ranks #3 against this position","vs.  NYJThis is a 4 star matchup. RBs perform better than their average vs. NYJ who currently ranks #8 against this position","at  CARThis is a 4 star matchup. RBs perform close to their average vs. CAR who currently ranks #11 against this position","at  ARIThis is a 5 star matchup. RBs perform better than their average vs. ARI who currently ranks #1 against this position","BYE","vs.  GBThis is a 3 star matchup. RBs perform close to their average vs. GB who currently ranks #16 against this position","vs.  MINThis is a 3 star matchup. RBs perform close to their average vs. MIN who currently ranks #20 against this position","at  MIAThis is a 4 star matchup. RBs perform better than their average vs. MIA who currently ranks #4 against this position","vs.  NEThis is a 2 star matchup. RBs perform below their average vs. NE who currently ranks #29 against this position","vs.  TBThis is a 3 star matchup. RBs perform close to their average vs. TB who currently ranks #19 against this position","vs.  CHIThis is a 3 star matchup. RBs perform close to their average vs. CHI who currently ranks #15 against this position","at  ATLThis is a 3 star matchup. RBs perform close to their average vs. ATL who currently ranks #14 against this position","vs.  TENThis is a 4 star matchup. RBs perform better than their average vs. TEN who currently ranks #7 against this position","at  MINThis is a 3 star matchup. RBs perform close to their average vs. MIN who currently ranks #20 against this position","vs.  NYGThis is a 4 star matchup. RBs perform better than their average vs. NYG who currently ranks #5 against this position","at  CHIThis is a 3 star matchup. RBs perform close to their average vs. CHI who currently ranks #15 against this position","at  GBThis is a 3 star matchup. RBs perform close to their average vs. GB who currently ranks #16 against this position"
"49","Brian Robinson Jr.B. Robinson Jr. ATL","at  PITThis is a 2 star matchup. RBs perform below their average vs. PIT who currently ranks #31 against this position","vs.  CARThis is a 4 star matchup. RBs perform close to their average vs. CAR who currently ranks #11 against this position","at  GBThis is a 3 star matchup. RBs perform close to their average vs. GB who currently ranks #16 against this position","at  NOThis is a 3 star matchup. RBs perform close to their average vs. NO who currently ranks #23 against this position","vs.  BALThis is a 3 star matchup. RBs perform close to their average vs. BAL who currently ranks #12 against this position","vs.  CHIThis is a 3 star matchup. RBs perform close to their average vs. CHI who currently ranks #15 against this position","vs.  SFThis is a 4 star matchup. RBs perform close to their average vs. SF who currently ranks #9 against this position","at  TBThis is a 3 star matchup. RBs perform close to their average vs. TB who currently ranks #19 against this position","vs.  CINThis is a 4 star matchup. RBs perform close to their average vs. CIN who currently ranks #10 against this position","vs.  KCThis is a 2 star matchup. RBs perform below their average vs. KC who currently ranks #30 against this position","BYE","at  MINThis is a 3 star matchup. RBs perform close to their average vs. MIN who currently ranks #20 against this position","vs.  DETThis is a 2 star matchup. RBs perform below their average vs. DET who currently ranks #27 against this position","at  CLEThis is a 2 star matchup. RBs perform close to their average vs. CLE who currently ranks #25 against this position","at  WASThis is a 4 star matchup. RBs perform better than their average vs. WAS who currently ranks #6 against this position","vs.  TBThis is a 3 star matchup. RBs perform close to their average vs. TB who currently ranks #19 against this position","vs.  NOThis is a 3 star matchup. RBs perform close to their average vs. NO who currently ranks #23 against this position","at  CARThis is a 4 star matchup. RBs perform close to their average vs. CAR who currently ranks #11 against this position"
"50","Keaton MitchellK. Mitchell LAC","vs.  ARIThis is a 5 star matchup. RBs perform better than their average vs. ARI who currently ranks #1 against this position","vs.  LVThis is a 3 star matchup. RBs perform close to their average vs. LV who currently ranks #17 against this position","at  BUFThis is a 4 star matchup. RBs perform better than their average vs. BUF who currently ranks #3 against this position","at  SEAThis is a 1 star matchup. RBs perform below their average vs. SEA who currently ranks #32 against this position","vs.  DENThis is a 2 star matchup. RBs perform close to their average vs. DEN who currently ranks #24 against this position","at  KCThis is a 2 star matchup. RBs perform below their average vs. KC who currently ranks #30 against this position","BYE","at  LARThis is a 2 star matchup. RBs perform below their average vs. LAR who currently ranks #28 against this position","vs.  HOUThis is a 3 star matchup. RBs perform close to their average vs. HOU who currently ranks #13 against this position","at  BALThis is a 3 star matchup. RBs perform close to their average vs. BAL who currently ranks #12 against this position","vs.  NYJThis is a 4 star matchup. RBs perform better than their average vs. NYJ who currently ranks #8 against this position","vs.  NEThis is a 2 star matchup. RBs perform below their average vs. NE who currently ranks #29 against this position","at  TBThis is a 3 star matchup. RBs perform close to their average vs. TB who currently ranks #19 against this position","at  LVThis is a 3 star matchup. RBs perform close to their average vs. LV who currently ranks #17 against this position","vs.  SFThis is a 4 star matchup. RBs perform close to their average vs. SF who currently ranks #9 against this position","at  MIAThis is a 4 star matchup. RBs perform better than their average vs. MIA who currently ranks #4 against this position","vs.  KCThis is a 2 star matchup. RBs perform below their average vs. KC who currently ranks #30 against this position","at  DENThis is a 2 star matchup. RBs perform close to their average vs. DEN who currently ranks #24 against this position"
"51","Alvin KamaraA. Kamara NO","at  DETThis is a 2 star matchup. RBs perform below their average vs. DET who currently ranks #27 against this position","at  BALThis is a 3 star matchup. RBs perform close to their average vs. BAL who currently ranks #12 against this position","vs.  LVThis is a 3 star matchup. RBs perform close to their average vs. LV who currently ranks #17 against this position","vs.  ATLThis is a 3 star matchup. RBs perform close to their average vs. ATL who currently ranks #14 against this position","vs.  MINThis is a 3 star matchup. RBs perform close to their average vs. MIN who currently ranks #20 against this position","at  NYGThis is a 4 star matchup. RBs perform better than their average vs. NYG who currently ranks #5 against this position","vs.  PITThis is a 2 star matchup. RBs perform below their average vs. PIT who currently ranks #31 against this position","BYE","vs.  CLEThis is a 2 star matchup. RBs perform close to their average vs. CLE who currently ranks #25 against this position","vs.  CARThis is a 4 star matchup. RBs perform close to their average vs. CAR who currently ranks #11 against this position","at  CHIThis is a 3 star matchup. RBs perform close to their average vs. CHI who currently ranks #15 against this position","at  CINThis is a 4 star matchup. RBs perform close to their average vs. CIN who currently ranks #10 against this position","vs.  GBThis is a 3 star matchup. RBs perform close to their average vs. GB who currently ranks #16 against this position","at  CARThis is a 4 star matchup. RBs perform close to their average vs. CAR who currently ranks #11 against this position","at  TBThis is a 3 star matchup. RBs perform close to their average vs. TB who currently ranks #19 against this position","vs.  ARIThis is a 5 star matchup. RBs perform better than their average vs. ARI who currently ranks #1 against this position","at  ATLThis is a 3 star matchup. RBs perform close to their average vs. ATL who currently ranks #14 against this position","vs.  TBThis is a 3 star matchup. RBs perform close to their average vs. TB who currently ranks #19 against this position"
"52","Tyjae SpearsT. Spears TEN","vs.  NYJThis is a 4 star matchup. RBs perform better than their average vs. NYJ who currently ranks #8 against this position","vs.  PHIThis is a 3 star matchup. RBs perform close to their average vs. PHI who currently ranks #18 against this position","at  NYGThis is a 4 star matchup. RBs perform better than their average vs. NYG who currently ranks #5 against this position","at  BALThis is a 3 star matchup. RBs perform close to their average vs. BAL who currently ranks #12 against this position","vs.  HOUThis is a 3 star matchup. RBs perform close to their average vs. HOU who currently ranks #13 against this position","at  INDThis is a 2 star matchup. RBs perform close to their average vs. IND who currently ranks #26 against this position","vs.  CLEThis is a 2 star matchup. RBs perform close to their average vs. CLE who currently ranks #25 against this position","at  CINThis is a 4 star matchup. RBs perform close to their average vs. CIN who currently ranks #10 against this position","BYE","vs.  JACThis is a 3 star matchup. RBs perform close to their average vs. JAC who currently ranks #21 against this position","at  DALThis is a 5 star matchup. RBs perform better than their average vs. DAL who currently ranks #2 against this position","at  JACThis is a 3 star matchup. RBs perform close to their average vs. JAC who currently ranks #21 against this position","vs.  WASThis is a 4 star matchup. RBs perform better than their average vs. WAS who currently ranks #6 against this position","at  DETThis is a 2 star matchup. RBs perform below their average vs. DET who currently ranks #27 against this position","vs.  INDThis is a 2 star matchup. RBs perform close to their average vs. IND who currently ranks #26 against this position","at  LVThis is a 3 star matchup. RBs perform close to their average vs. LV who currently ranks #17 against this position","vs.  PITThis is a 2 star matchup. RBs perform below their average vs. PIT who currently ranks #31 against this position","at  HOUThis is a 3 star matchup. RBs perform close to their average vs. HOU who currently ranks #13 against this position"
"53","Dylan SampsonD. Sampson CLE","at  JACThis is a 3 star matchup. RBs perform close to their average vs. JAC who currently ranks #21 against this position","at  TBThis is a 3 star matchup. RBs perform close to their average vs. TB who currently ranks #19 against this position","vs.  CARThis is a 4 star matchup. RBs perform close to their average vs. CAR who currently ranks #11 against this position","vs.  PITThis is a 2 star matchup. RBs perform below their average vs. PIT who currently ranks #31 against this position","at  NYJThis is a 4 star matchup. RBs perform better than their average vs. NYJ who currently ranks #8 against this position","vs.  BALThis is a 3 star matchup. RBs perform close to their average vs. BAL who currently ranks #12 against this position","at  TENThis is a 4 star matchup. RBs perform better than their average vs. TEN who currently ranks #7 against this position","at  PITThis is a 2 star matchup. RBs perform below their average vs. PIT who currently ranks #31 against this position","at  NOThis is a 3 star matchup. RBs perform close to their average vs. NO who currently ranks #23 against this position","vs.  HOUThis is a 3 star matchup. RBs perform close to their average vs. HOU who currently ranks #13 against this position","BYE","vs.  LVThis is a 3 star matchup. RBs perform close to their average vs. LV who currently ranks #17 against this position","vs.  CINThis is a 4 star matchup. RBs perform close to their average vs. CIN who currently ranks #10 against this position","vs.  ATLThis is a 3 star matchup. RBs perform close to their average vs. ATL who currently ranks #14 against this position","at  NYGThis is a 4 star matchup. RBs perform better than their average vs. NYG who currently ranks #5 against this position","at  BALThis is a 3 star matchup. RBs perform close to their average vs. BAL who currently ranks #12 against this position","vs.  INDThis is a 2 star matchup. RBs perform close to their average vs. IND who currently ranks #26 against this position","at  CINThis is a 4 star matchup. RBs perform close to their average vs. CIN who currently ranks #10 against this position"
"54","Jonah ColemanJ. Coleman DEN","at  KCThis is a 2 star matchup. RBs perform below their average vs. KC who currently ranks #30 against this position","vs.  JACThis is a 3 star matchup. RBs perform close to their average vs. JAC who currently ranks #21 against this position","vs.  LARThis is a 2 star matchup. RBs perform below their average vs. LAR who currently ranks #28 against this position","at  SFThis is a 4 star matchup. RBs perform close to their average vs. SF who currently ranks #9 against this position","at  LACThis is a 3 star matchup. RBs perform close to their average vs. LAC who currently ranks #22 against this position","vs.  SEAThis is a 1 star matchup. RBs perform below their average vs. SEA who currently ranks #32 against this position","at  ARIThis is a 5 star matchup. RBs perform better than their average vs. ARI who currently ranks #1 against this position","vs.  KCThis is a 2 star matchup. RBs perform below their average vs. KC who currently ranks #30 against this position","at  CARThis is a 4 star matchup. RBs perform close to their average vs. CAR who currently ranks #11 against this position","BYE","vs.  LVThis is a 3 star matchup. RBs perform close to their average vs. LV who currently ranks #17 against this position","at  PITThis is a 2 star matchup. RBs perform below their average vs. PIT who currently ranks #31 against this position","vs.  MIAThis is a 4 star matchup. RBs perform better than their average vs. MIA who currently ranks #4 against this position","at  NYJThis is a 4 star matchup. RBs perform better than their average vs. NYJ who currently ranks #8 against this position","at  LVThis is a 3 star matchup. RBs perform close to their average vs. LV who currently ranks #17 against this position","vs.  BUFThis is a 4 star matchup. RBs perform better than their average vs. BUF who currently ranks #3 against this position","at  NEThis is a 2 star matchup. RBs perform below their average vs. NE who currently ranks #29 against this position","vs.  LACThis is a 3 star matchup. RBs perform close to their average vs. LAC who currently ranks #22 against this position"
"55","Braelon AllenB. Allen NYJ","at  TENThis is a 4 star matchup. RBs perform better than their average vs. TEN who currently ranks #7 against this position","vs.  GBThis is a 3 star matchup. RBs perform close to their average vs. GB who currently ranks #16 against this position","at  DETThis is a 2 star matchup. RBs perform below their average vs. DET who currently ranks #27 against this position","at  CHIThis is a 3 star matchup. RBs perform close to their average vs. CHI who currently ranks #15 against this position","vs.  CLEThis is a 2 star matchup. RBs perform close to their average vs. CLE who currently ranks #25 against this position","at  NEThis is a 2 star matchup. RBs perform below their average vs. NE who currently ranks #29 against this position","vs.  MIAThis is a 4 star matchup. RBs perform better than their average vs. MIA who currently ranks #4 against this position","vs.  LVThis is a 3 star matchup. RBs perform close to their average vs. LV who currently ranks #17 against this position","at  KCThis is a 2 star matchup. RBs perform below their average vs. KC who currently ranks #30 against this position","vs.  BUFThis is a 4 star matchup. RBs perform better than their average vs. BUF who currently ranks #3 against this position","at  LACThis is a 3 star matchup. RBs perform close to their average vs. LAC who currently ranks #22 against this position","at  MIAThis is a 4 star matchup. RBs perform better than their average vs. MIA who currently ranks #4 against this position","BYE","vs.  DENThis is a 2 star matchup. RBs perform close to their average vs. DEN who currently ranks #24 against this position","at  ARIThis is a 5 star matchup. RBs perform better than their average vs. ARI who currently ranks #1 against this position","vs.  NEThis is a 2 star matchup. RBs perform below their average vs. NE who currently ranks #29 against this position","vs.  MINThis is a 3 star matchup. RBs perform close to their average vs. MIN who currently ranks #20 against this position","at  BUFThis is a 4 star matchup. RBs perform better than their average vs. BUF who currently ranks #3 against this position"
"56","Sean TuckerS. Tucker TB","at  CINThis is a 4 star matchup. RBs perform close to their average vs. CIN who currently ranks #10 against this position","vs.  CLEThis is a 2 star matchup. RBs perform close to their average vs. CLE who currently ranks #25 against this position","vs.  MINThis is a 3 star matchup. RBs perform close to their average vs. MIN who currently ranks #20 against this position","vs.  GBThis is a 3 star matchup. RBs perform close to their average vs. GB who currently ranks #16 against this position","at  DALThis is a 5 star matchup. RBs perform better than their average vs. DAL who currently ranks #2 against this position","vs.  PITThis is a 2 star matchup. RBs perform below their average vs. PIT who currently ranks #31 against this position","at  CARThis is a 4 star matchup. RBs perform close to their average vs. CAR who currently ranks #11 against this position","vs.  ATLThis is a 3 star matchup. RBs perform close to their average vs. ATL who currently ranks #14 against this position","at  CHIThis is a 3 star matchup. RBs perform close to their average vs. CHI who currently ranks #15 against this position","BYE","at  DETThis is a 2 star matchup. RBs perform below their average vs. DET who currently ranks #27 against this position","vs.  CARThis is a 4 star matchup. RBs perform close to their average vs. CAR who currently ranks #11 against this position","vs.  LACThis is a 3 star matchup. RBs perform close to their average vs. LAC who currently ranks #22 against this position","at  BALThis is a 3 star matchup. RBs perform close to their average vs. BAL who currently ranks #12 against this position","vs.  NOThis is a 3 star matchup. RBs perform close to their average vs. NO who currently ranks #23 against this position","at  ATLThis is a 3 star matchup. RBs perform close to their average vs. ATL who currently ranks #14 against this position","vs.  LARThis is a 2 star matchup. RBs perform below their average vs. LAR who currently ranks #28 against this position","at  NOThis is a 3 star matchup. RBs perform close to their average vs. NO who currently ranks #23 against this position"
"57","Ray DavisR. Davis BUF","at  HOUThis is a 3 star matchup. RBs perform close to their average vs. HOU who currently ranks #13 against this position","vs.  DETThis is a 2 star matchup. RBs perform below their average vs. DET who currently ranks #27 against this position","vs.  LACThis is a 3 star matchup. RBs perform close to their average vs. LAC who currently ranks #22 against this position","vs.  NEThis is a 2 star matchup. RBs perform below their average vs. NE who currently ranks #29 against this position","at  LARThis is a 2 star matchup. RBs perform below their average vs. LAR who currently ranks #28 against this position","at  LVThis is a 3 star matchup. RBs perform close to their average vs. LV who currently ranks #17 against this position","BYE","vs.  BALThis is a 3 star matchup. RBs perform close to their average vs. BAL who currently ranks #12 against this position","at  MINThis is a 3 star matchup. RBs perform close to their average vs. MIN who currently ranks #20 against this position","at  NYJThis is a 4 star matchup. RBs perform better than their average vs. NYJ who currently ranks #8 against this position","vs.  MIAThis is a 4 star matchup. RBs perform better than their average vs. MIA who currently ranks #4 against this position","vs.  KCThis is a 2 star matchup. RBs perform below their average vs. KC who currently ranks #30 against this position","at  NEThis is a 2 star matchup. RBs perform below their average vs. NE who currently ranks #29 against this position","at  GBThis is a 3 star matchup. RBs perform close to their average vs. GB who currently ranks #16 against this position","vs.  CHIThis is a 3 star matchup. RBs perform close to their average vs. CHI who currently ranks #15 against this position","at  DENThis is a 2 star matchup. RBs perform close to their average vs. DEN who currently ranks #24 against this position","at  MIAThis is a 4 star matchup. RBs perform better than their average vs. MIA who currently ranks #4 against this position","vs.  NYJThis is a 4 star matchup. RBs perform better than their average vs. NYJ who currently ranks #8 against this position"
"58","Kimani VidalK. Vidal LAC","vs.  ARIThis is a 5 star matchup. RBs perform better than their average vs. ARI who currently ranks #1 against this position","vs.  LVThis is a 3 star matchup. RBs perform close to their average vs. LV who currently ranks #17 against this position","at  BUFThis is a 4 star matchup. RBs perform better than their average vs. BUF who currently ranks #3 against this position","at  SEAThis is a 1 star matchup. RBs perform below their average vs. SEA who currently ranks #32 against this position","vs.  DENThis is a 2 star matchup. RBs perform close to their average vs. DEN who currently ranks #24 against this position","at  KCThis is a 2 star matchup. RBs perform below their average vs. KC who currently ranks #30 against this position","BYE","at  LARThis is a 2 star matchup. RBs perform below their average vs. LAR who currently ranks #28 against this position","vs.  HOUThis is a 3 star matchup. RBs perform close to their average vs. HOU who currently ranks #13 against this position","at  BALThis is a 3 star matchup. RBs perform close to their average vs. BAL who currently ranks #12 against this position","vs.  NYJThis is a 4 star matchup. RBs perform better than their average vs. NYJ who currently ranks #8 against this position","vs.  NEThis is a 2 star matchup. RBs perform below their average vs. NE who currently ranks #29 against this position","at  TBThis is a 3 star matchup. RBs perform close to their average vs. TB who currently ranks #19 against this position","at  LVThis is a 3 star matchup. RBs perform close to their average vs. LV who currently ranks #17 against this position","vs.  SFThis is a 4 star matchup. RBs perform close to their average vs. SF who currently ranks #9 against this position","at  MIAThis is a 4 star matchup. RBs perform better than their average vs. MIA who currently ranks #4 against this position","vs.  KCThis is a 2 star matchup. RBs perform below their average vs. KC who currently ranks #30 against this position","at  DENThis is a 2 star matchup. RBs perform close to their average vs. DEN who currently ranks #24 against this position"
"59","Emanuel WilsonE. Wilson SEA","vs.  NEThis is a 2 star matchup. RBs perform below their average vs. NE who currently ranks #29 against this position","at  ARIThis is a 5 star matchup. RBs perform better than their average vs. ARI who currently ranks #1 against this position","at  WASThis is a 4 star matchup. RBs perform better than their average vs. WAS who currently ranks #6 against this position","vs.  LACThis is a 3 star matchup. RBs perform close to their average vs. LAC who currently ranks #22 against this position","vs.  SFThis is a 4 star matchup. RBs perform close to their average vs. SF who currently ranks #9 against this position","at  DENThis is a 2 star matchup. RBs perform close to their average vs. DEN who currently ranks #24 against this position","vs.  KCThis is a 2 star matchup. RBs perform below their average vs. KC who currently ranks #30 against this position","vs.  CHIThis is a 3 star matchup. RBs perform close to their average vs. CHI who currently ranks #15 against this position","vs.  ARIThis is a 5 star matchup. RBs perform better than their average vs. ARI who currently ranks #1 against this position","at  LVThis is a 3 star matchup. RBs perform close to their average vs. LV who currently ranks #17 against this position","BYE","at  SFThis is a 4 star matchup. RBs perform close to their average vs. SF who currently ranks #9 against this position","vs.  DALThis is a 5 star matchup. RBs perform better than their average vs. DAL who currently ranks #2 against this position","vs.  NYGThis is a 4 star matchup. RBs perform better than their average vs. NYG who currently ranks #5 against this position","at  PHIThis is a 3 star matchup. RBs perform close to their average vs. PHI who currently ranks #18 against this position","vs.  LARThis is a 2 star matchup. RBs perform below their average vs. LAR who currently ranks #28 against this position","at  CARThis is a 4 star matchup. RBs perform close to their average vs. CAR who currently ranks #11 against this position","at  LARThis is a 2 star matchup. RBs perform below their average vs. LAR who currently ranks #28 against this position"
"60","James ConnerJ. Conner ARI","at  LACThis is a 3 star matchup. RBs perform close to their average vs. LAC who currently ranks #22 against this position","vs.  SEAThis is a 1 star matchup. RBs perform below their average vs. SEA who currently ranks #32 against this position","at  SFThis is a 4 star matchup. RBs perform close to their average vs. SF who currently ranks #9 against this position","at  NYGThis is a 4 star matchup. RBs perform better than their average vs. NYG who currently ranks #5 against this position","vs.  DETThis is a 2 star matchup. RBs perform below their average vs. DET who currently ranks #27 against this position","at  LARThis is a 2 star matchup. RBs perform below their average vs. LAR who currently ranks #28 against this position","vs.  DENThis is a 2 star matchup. RBs perform close to their average vs. DEN who currently ranks #24 against this position","at  DALThis is a 5 star matchup. RBs perform better than their average vs. DAL who currently ranks #2 against this position","at  SEAThis is a 1 star matchup. RBs perform below their average vs. SEA who currently ranks #32 against this position","vs.  LARThis is a 2 star matchup. RBs perform below their average vs. LAR who currently ranks #28 against this position","at  KCThis is a 2 star matchup. RBs perform below their average vs. KC who currently ranks #30 against this position","vs.  WASThis is a 4 star matchup. RBs perform better than their average vs. WAS who currently ranks #6 against this position","vs.  PHIThis is a 3 star matchup. RBs perform close to their average vs. PHI who currently ranks #18 against this position","BYE","vs.  NYJThis is a 4 star matchup. RBs perform better than their average vs. NYJ who currently ranks #8 against this position","at  NOThis is a 3 star matchup. RBs perform close to their average vs. NO who currently ranks #23 against this position","vs.  LVThis is a 3 star matchup. RBs perform close to their average vs. LV who currently ranks #17 against this position","vs.  SFThis is a 4 star matchup. RBs perform close to their average vs. SF who currently ranks #9 against this position"
"61","Emmett JohnsonE. Johnson KC","vs.  DENThis is a 2 star matchup. RBs perform close to their average vs. DEN who currently ranks #24 against this position","vs.  INDThis is a 2 star matchup. RBs perform close to their average vs. IND who currently ranks #26 against this position","at  MIAThis is a 4 star matchup. RBs perform better than their average vs. MIA who currently ranks #4 against this position","at  LVThis is a 3 star matchup. RBs perform close to their average vs. LV who currently ranks #17 against this position","BYE","vs.  LACThis is a 3 star matchup. RBs perform close to their average vs. LAC who currently ranks #22 against this position","at  SEAThis is a 1 star matchup. RBs perform below their average vs. SEA who currently ranks #32 against this position","at  DENThis is a 2 star matchup. RBs perform close to their average vs. DEN who currently ranks #24 against this position","vs.  NYJThis is a 4 star matchup. RBs perform better than their average vs. NYJ who currently ranks #8 against this position","at  ATLThis is a 3 star matchup. RBs perform close to their average vs. ATL who currently ranks #14 against this position","vs.  ARIThis is a 5 star matchup. RBs perform better than their average vs. ARI who currently ranks #1 against this position","at  BUFThis is a 4 star matchup. RBs perform better than their average vs. BUF who currently ranks #3 against this position","at  LARThis is a 2 star matchup. RBs perform below their average vs. LAR who currently ranks #28 against this position","at  CINThis is a 4 star matchup. RBs perform close to their average vs. CIN who currently ranks #10 against this position","vs.  NEThis is a 2 star matchup. RBs perform below their average vs. NE who currently ranks #29 against this position","vs.  SFThis is a 4 star matchup. RBs perform close to their average vs. SF who currently ranks #9 against this position","at  LACThis is a 3 star matchup. RBs perform close to their average vs. LAC who currently ranks #22 against this position","vs.  LVThis is a 3 star matchup. RBs perform close to their average vs. LV who currently ranks #17 against this position"
"62","Nicholas SingletonN. Singleton TEN","vs.  NYJThis is a 4 star matchup. RBs perform better than their average vs. NYJ who currently ranks #8 against this position","vs.  PHIThis is a 3 star matchup. RBs perform close to their average vs. PHI who currently ranks #18 against this position","at  NYGThis is a 4 star matchup. RBs perform better than their average vs. NYG who currently ranks #5 against this position","at  BALThis is a 3 star matchup. RBs perform close to their average vs. BAL who currently ranks #12 against this position","vs.  HOUThis is a 3 star matchup. RBs perform close to their average vs. HOU who currently ranks #13 against this position","at  INDThis is a 2 star matchup. RBs perform close to their average vs. IND who currently ranks #26 against this position","vs.  CLEThis is a 2 star matchup. RBs perform close to their average vs. CLE who currently ranks #25 against this position","at  CINThis is a 4 star matchup. RBs perform close to their average vs. CIN who currently ranks #10 against this position","BYE","vs.  JACThis is a 3 star matchup. RBs perform close to their average vs. JAC who currently ranks #21 against this position","at  DALThis is a 5 star matchup. RBs perform better than their average vs. DAL who currently ranks #2 against this position","at  JACThis is a 3 star matchup. RBs perform close to their average vs. JAC who currently ranks #21 against this position","vs.  WASThis is a 4 star matchup. RBs perform better than their average vs. WAS who currently ranks #6 against this position","at  DETThis is a 2 star matchup. RBs perform below their average vs. DET who currently ranks #27 against this position","vs.  INDThis is a 2 star matchup. RBs perform close to their average vs. IND who currently ranks #26 against this position","at  LVThis is a 3 star matchup. RBs perform close to their average vs. LV who currently ranks #17 against this position","vs.  PITThis is a 2 star matchup. RBs perform below their average vs. PIT who currently ranks #31 against this position","at  HOUThis is a 3 star matchup. RBs perform close to their average vs. HOU who currently ranks #13 against this position"
"63","Kaytron AllenK. Allen WAS","at  PHIThis is a 3 star matchup. RBs perform close to their average vs. PHI who currently ranks #18 against this position","at  DALThis is a 5 star matchup. RBs perform better than their average vs. DAL who currently ranks #2 against this position","vs.  SEAThis is a 1 star matchup. RBs perform below their average vs. SEA who currently ranks #32 against this position","vs.  INDThis is a 2 star matchup. RBs perform close to their average vs. IND who currently ranks #26 against this position","vs.  NYGThis is a 4 star matchup. RBs perform better than their average vs. NYG who currently ranks #5 against this position","at  SFThis is a 4 star matchup. RBs perform close to their average vs. SF who currently ranks #9 against this position","BYE","vs.  PHIThis is a 3 star matchup. RBs perform close to their average vs. PHI who currently ranks #18 against this position","vs.  LARThis is a 2 star matchup. RBs perform below their average vs. LAR who currently ranks #28 against this position","at  NYGThis is a 4 star matchup. RBs perform better than their average vs. NYG who currently ranks #5 against this position","vs.  CINThis is a 4 star matchup. RBs perform close to their average vs. CIN who currently ranks #10 against this position","at  ARIThis is a 5 star matchup. RBs perform better than their average vs. ARI who currently ranks #1 against this position","at  TENThis is a 4 star matchup. RBs perform better than their average vs. TEN who currently ranks #7 against this position","vs.  HOUThis is a 3 star matchup. RBs perform close to their average vs. HOU who currently ranks #13 against this position","vs.  ATLThis is a 3 star matchup. RBs perform close to their average vs. ATL who currently ranks #14 against this position","at  MINThis is a 3 star matchup. RBs perform close to their average vs. MIN who currently ranks #20 against this position","at  JACThis is a 3 star matchup. RBs perform close to their average vs. JAC who currently ranks #21 against this position","vs.  DALThis is a 5 star matchup. RBs perform better than their average vs. DAL who currently ranks #2 against this position"
"64","MarShawn LloydM. Lloyd GB","at  MINThis is a 3 star matchup. RBs perform close to their average vs. MIN who currently ranks #20 against this position","at  NYJThis is a 4 star matchup. RBs perform better than their average vs. NYJ who currently ranks #8 against this position","vs.  ATLThis is a 3 star matchup. RBs perform close to their average vs. ATL who currently ranks #14 against this position","at  TBThis is a 3 star matchup. RBs perform close to their average vs. TB who currently ranks #19 against this position","vs.  CHIThis is a 3 star matchup. RBs perform close to their average vs. CHI who currently ranks #15 against this position","vs.  DALThis is a 5 star matchup. RBs perform better than their average vs. DAL who currently ranks #2 against this position","at  DETThis is a 2 star matchup. RBs perform below their average vs. DET who currently ranks #27 against this position","vs.  CARThis is a 4 star matchup. RBs perform close to their average vs. CAR who currently ranks #11 against this position","at  NEThis is a 2 star matchup. RBs perform below their average vs. NE who currently ranks #29 against this position","vs.  MINThis is a 3 star matchup. RBs perform close to their average vs. MIN who currently ranks #20 against this position","BYE","at  LARThis is a 2 star matchup. RBs perform below their average vs. LAR who currently ranks #28 against this position","at  NOThis is a 3 star matchup. RBs perform close to their average vs. NO who currently ranks #23 against this position","vs.  BUFThis is a 4 star matchup. RBs perform better than their average vs. BUF who currently ranks #3 against this position","vs.  MIAThis is a 4 star matchup. RBs perform better than their average vs. MIA who currently ranks #4 against this position","at  CHIThis is a 3 star matchup. RBs perform close to their average vs. CHI who currently ranks #15 against this position","vs.  HOUThis is a 3 star matchup. RBs perform close to their average vs. HOU who currently ranks #13 against this position","vs.  DETThis is a 2 star matchup. RBs perform below their average vs. DET who currently ranks #27 against this position"
"65","Mike Washington Jr.M. Washington Jr. LV","vs.  MIAThis is a 4 star matchup. RBs perform better than their average vs. MIA who currently ranks #4 against this position","at  LACThis is a 3 star matchup. RBs perform close to their average vs. LAC who currently ranks #22 against this position","at  NOThis is a 3 star matchup. RBs perform close to their average vs. NO who currently ranks #23 against this position","vs.  KCThis is a 2 star matchup. RBs perform below their average vs. KC who currently ranks #30 against this position","at  NEThis is a 2 star matchup. RBs perform below their average vs. NE who currently ranks #29 against this position","vs.  BUFThis is a 4 star matchup. RBs perform better than their average vs. BUF who currently ranks #3 against this position","vs.  LARThis is a 2 star matchup. RBs perform below their average vs. LAR who currently ranks #28 against this position","at  NYJThis is a 4 star matchup. RBs perform better than their average vs. NYJ who currently ranks #8 against this position","at  SFThis is a 4 star matchup. RBs perform close to their average vs. SF who currently ranks #9 against this position","vs.  SEAThis is a 1 star matchup. RBs perform below their average vs. SEA who currently ranks #32 against this position","at  DENThis is a 2 star matchup. RBs perform close to their average vs. DEN who currently ranks #24 against this position","at  CLEThis is a 2 star matchup. RBs perform close to their average vs. CLE who currently ranks #25 against this position","BYE","vs.  LACThis is a 3 star matchup. RBs perform close to their average vs. LAC who currently ranks #22 against this position","vs.  DENThis is a 2 star matchup. RBs perform close to their average vs. DEN who currently ranks #24 against this position","vs.  TENThis is a 4 star matchup. RBs perform better than their average vs. TEN who currently ranks #7 against this position","at  ARIThis is a 5 star matchup. RBs perform better than their average vs. ARI who currently ranks #1 against this position","at  KCThis is a 2 star matchup. RBs perform below their average vs. KC who currently ranks #30 against this position"
"66","Ollie Gordon IIO. Gordon II MIA","at  LVThis is a 3 star matchup. RBs perform close to their average vs. LV who currently ranks #17 against this position","at  SFThis is a 4 star matchup. RBs perform close to their average vs. SF who currently ranks #9 against this position","vs.  KCThis is a 2 star matchup. RBs perform below their average vs. KC who currently ranks #30 against this position","at  MINThis is a 3 star matchup. RBs perform close to their average vs. MIN who currently ranks #20 against this position","vs.  CINThis is a 4 star matchup. RBs perform close to their average vs. CIN who currently ranks #10 against this position","BYE","at  NYJThis is a 4 star matchup. RBs perform better than their average vs. NYJ who currently ranks #8 against this position","vs.  NEThis is a 2 star matchup. RBs perform below their average vs. NE who currently ranks #29 against this position","vs.  DETThis is a 2 star matchup. RBs perform below their average vs. DET who currently ranks #27 against this position","at  INDThis is a 2 star matchup. RBs perform close to their average vs. IND who currently ranks #26 against this position","at  BUFThis is a 4 star matchup. RBs perform better than their average vs. BUF who currently ranks #3 against this position","vs.  NYJThis is a 4 star matchup. RBs perform better than their average vs. NYJ who currently ranks #8 against this position","at  DENThis is a 2 star matchup. RBs perform close to their average vs. DEN who currently ranks #24 against this position","vs.  CHIThis is a 3 star matchup. RBs perform close to their average vs. CHI who currently ranks #15 against this position","at  GBThis is a 3 star matchup. RBs perform close to their average vs. GB who currently ranks #16 against this position","vs.  LACThis is a 3 star matchup. RBs perform close to their average vs. LAC who currently ranks #22 against this position","vs.  BUFThis is a 4 star matchup. RBs perform better than their average vs. BUF who currently ranks #3 against this position","at  NEThis is a 2 star matchup. RBs perform below their average vs. NE who currently ranks #29 against this position"
"67","Jaylen WrightJ. Wright MIA","at  LVThis is a 3 star matchup. RBs perform close to their average vs. LV who currently ranks #17 against this position","at  SFThis is a 4 star matchup. RBs perform close to their average vs. SF who currently ranks #9 against this position","vs.  KCThis is a 2 star matchup. RBs perform below their average vs. KC who currently ranks #30 against this position","at  MINThis is a 3 star matchup. RBs perform close to their average vs. MIN who currently ranks #20 against this position","vs.  CINThis is a 4 star matchup. RBs perform close to their average vs. CIN who currently ranks #10 against this position","BYE","at  NYJThis is a 4 star matchup. RBs perform better than their average vs. NYJ who currently ranks #8 against this position","vs.  NEThis is a 2 star matchup. RBs perform below their average vs. NE who currently ranks #29 against this position","vs.  DETThis is a 2 star matchup. RBs perform below their average vs. DET who currently ranks #27 against this position","at  INDThis is a 2 star matchup. RBs perform close to their average vs. IND who currently ranks #26 against this position","at  BUFThis is a 4 star matchup. RBs perform better than their average vs. BUF who currently ranks #3 against this position","vs.  NYJThis is a 4 star matchup. RBs perform better than their average vs. NYJ who currently ranks #8 against this position","at  DENThis is a 2 star matchup. RBs perform close to their average vs. DEN who currently ranks #24 against this position","vs.  CHIThis is a 3 star matchup. RBs perform close to their average vs. CHI who currently ranks #15 against this position","at  GBThis is a 3 star matchup. RBs perform close to their average vs. GB who currently ranks #16 against this position","vs.  LACThis is a 3 star matchup. RBs perform close to their average vs. LAC who currently ranks #22 against this position","vs.  BUFThis is a 4 star matchup. RBs perform better than their average vs. BUF who currently ranks #3 against this position","at  NEThis is a 2 star matchup. RBs perform below their average vs. NE who currently ranks #29 against this position"
"68","Jaydon BlueJ. Blue DAL","at  NYGThis is a 4 star matchup. RBs perform better than their average vs. NYG who currently ranks #5 against this position","vs.  WASThis is a 4 star matchup. RBs perform better than their average vs. WAS who currently ranks #6 against this position","vs.  BALThis is a 3 star matchup. RBs perform close to their average vs. BAL who currently ranks #12 against this position","at  HOUThis is a 3 star matchup. RBs perform close to their average vs. HOU who currently ranks #13 against this position","vs.  TBThis is a 3 star matchup. RBs perform close to their average vs. TB who currently ranks #19 against this position","at  GBThis is a 3 star matchup. RBs perform close to their average vs. GB who currently ranks #16 against this position","at  PHIThis is a 3 star matchup. RBs perform close to their average vs. PHI who currently ranks #18 against this position","vs.  ARIThis is a 5 star matchup. RBs perform better than their average vs. ARI who currently ranks #1 against this position","at  INDThis is a 2 star matchup. RBs perform close to their average vs. IND who currently ranks #26 against this position","vs.  SFThis is a 4 star matchup. RBs perform close to their average vs. SF who currently ranks #9 against this position","vs.  TENThis is a 4 star matchup. RBs perform better than their average vs. TEN who currently ranks #7 against this position","vs.  PHIThis is a 3 star matchup. RBs perform close to their average vs. PHI who currently ranks #18 against this position","at  SEAThis is a 1 star matchup. RBs perform below their average vs. SEA who currently ranks #32 against this position","BYE","at  LARThis is a 2 star matchup. RBs perform below their average vs. LAR who currently ranks #28 against this position","vs.  JACThis is a 3 star matchup. RBs perform close to their average vs. JAC who currently ranks #21 against this position","vs.  NYGThis is a 4 star matchup. RBs perform better than their average vs. NYG who currently ranks #5 against this position","at  WASThis is a 4 star matchup. RBs perform better than their average vs. WAS who currently ranks #6 against this position"
"69","George HolaniG. Holani SEA","vs.  NEThis is a 2 star matchup. RBs perform below their average vs. NE who currently ranks #29 against this position","at  ARIThis is a 5 star matchup. RBs perform better than their average vs. ARI who currently ranks #1 against this position","at  WASThis is a 4 star matchup. RBs perform better than their average vs. WAS who currently ranks #6 against this position","vs.  LACThis is a 3 star matchup. RBs perform close to their average vs. LAC who currently ranks #22 against this position","vs.  SFThis is a 4 star matchup. RBs perform close to their average vs. SF who currently ranks #9 against this position","at  DENThis is a 2 star matchup. RBs perform close to their average vs. DEN who currently ranks #24 against this position","vs.  KCThis is a 2 star matchup. RBs perform below their average vs. KC who currently ranks #30 against this position","vs.  CHIThis is a 3 star matchup. RBs perform close to their average vs. CHI who currently ranks #15 against this position","vs.  ARIThis is a 5 star matchup. RBs perform better than their average vs. ARI who currently ranks #1 against this position","at  LVThis is a 3 star matchup. RBs perform close to their average vs. LV who currently ranks #17 against this position","BYE","at  SFThis is a 4 star matchup. RBs perform close to their average vs. SF who currently ranks #9 against this position","vs.  DALThis is a 5 star matchup. RBs perform better than their average vs. DAL who currently ranks #2 against this position","vs.  NYGThis is a 4 star matchup. RBs perform better than their average vs. NYG who currently ranks #5 against this position","at  PHIThis is a 3 star matchup. RBs perform close to their average vs. PHI who currently ranks #18 against this position","vs.  LARThis is a 2 star matchup. RBs perform below their average vs. LAR who currently ranks #28 against this position","at  CARThis is a 4 star matchup. RBs perform close to their average vs. CAR who currently ranks #11 against this position","at  LARThis is a 2 star matchup. RBs perform below their average vs. LAR who currently ranks #28 against this position"
"70","Demond ClaiborneD. Claiborne MIN","vs.  GBThis is a 3 star matchup. RBs perform close to their average vs. GB who currently ranks #16 against this position","at  CHIThis is a 3 star matchup. RBs perform close to their average vs. CHI who currently ranks #15 against this position","at  TBThis is a 3 star matchup. RBs perform close to their average vs. TB who currently ranks #19 against this position","vs.  MIAThis is a 4 star matchup. RBs perform better than their average vs. MIA who currently ranks #4 against this position","at  NOThis is a 3 star matchup. RBs perform close to their average vs. NO who currently ranks #23 against this position","BYE","vs.  INDThis is a 2 star matchup. RBs perform close to their average vs. IND who currently ranks #26 against this position","at  DETThis is a 2 star matchup. RBs perform below their average vs. DET who currently ranks #27 against this position","vs.  BUFThis is a 4 star matchup. RBs perform better than their average vs. BUF who currently ranks #3 against this position","at  GBThis is a 3 star matchup. RBs perform close to their average vs. GB who currently ranks #16 against this position","at  SFThis is a 4 star matchup. RBs perform close to their average vs. SF who currently ranks #9 against this position","vs.  ATLThis is a 3 star matchup. RBs perform close to their average vs. ATL who currently ranks #14 against this position","vs.  CARThis is a 4 star matchup. RBs perform close to their average vs. CAR who currently ranks #11 against this position","at  NEThis is a 2 star matchup. RBs perform below their average vs. NE who currently ranks #29 against this position","vs.  DETThis is a 2 star matchup. RBs perform below their average vs. DET who currently ranks #27 against this position","vs.  WASThis is a 4 star matchup. RBs perform better than their average vs. WAS who currently ranks #6 against this position","at  NYJThis is a 4 star matchup. RBs perform better than their average vs. NYJ who currently ranks #8 against this position","vs.  CHIThis is a 3 star matchup. RBs perform close to their average vs. CHI who currently ranks #15 against this position"
"71","Isaiah DavisI. Davis NYJ","at  TENThis is a 4 star matchup. RBs perform better than their average vs. TEN who currently ranks #7 against this position","vs.  GBThis is a 3 star matchup. RBs perform close to their average vs. GB who currently ranks #16 against this position","at  DETThis is a 2 star matchup. RBs perform below their average vs. DET who currently ranks #27 against this position","at  CHIThis is a 3 star matchup. RBs perform close to their average vs. CHI who currently ranks #15 against this position","vs.  CLEThis is a 2 star matchup. RBs perform close to their average vs. CLE who currently ranks #25 against this position","at  NEThis is a 2 star matchup. RBs perform below their average vs. NE who currently ranks #29 against this position","vs.  MIAThis is a 4 star matchup. RBs perform better than their average vs. MIA who currently ranks #4 against this position","vs.  LVThis is a 3 star matchup. RBs perform close to their average vs. LV who currently ranks #17 against this position","at  KCThis is a 2 star matchup. RBs perform below their average vs. KC who currently ranks #30 against this position","vs.  BUFThis is a 4 star matchup. RBs perform better than their average vs. BUF who currently ranks #3 against this position","at  LACThis is a 3 star matchup. RBs perform close to their average vs. LAC who currently ranks #22 against this position","at  MIAThis is a 4 star matchup. RBs perform better than their average vs. MIA who currently ranks #4 against this position","BYE","vs.  DENThis is a 2 star matchup. RBs perform close to their average vs. DEN who currently ranks #24 against this position","at  ARIThis is a 5 star matchup. RBs perform better than their average vs. ARI who currently ranks #1 against this position","vs.  NEThis is a 2 star matchup. RBs perform below their average vs. NE who currently ranks #29 against this position","vs.  MINThis is a 3 star matchup. RBs perform close to their average vs. MIN who currently ranks #20 against this position","at  BUFThis is a 4 star matchup. RBs perform better than their average vs. BUF who currently ranks #3 against this position"
"72","Devin NealD. Neal NO","at  DETThis is a 2 star matchup. RBs perform below their average vs. DET who currently ranks #27 against this position","at  BALThis is a 3 star matchup. RBs perform close to their average vs. BAL who currently ranks #12 against this position","vs.  LVThis is a 3 star matchup. RBs perform close to their average vs. LV who currently ranks #17 against this position","vs.  ATLThis is a 3 star matchup. RBs perform close to their average vs. ATL who currently ranks #14 against this position","vs.  MINThis is a 3 star matchup. RBs perform close to their average vs. MIN who currently ranks #20 against this position","at  NYGThis is a 4 star matchup. RBs perform better than their average vs. NYG who currently ranks #5 against this position","vs.  PITThis is a 2 star matchup. RBs perform below their average vs. PIT who currently ranks #31 against this position","BYE","vs.  CLEThis is a 2 star matchup. RBs perform close to their average vs. CLE who currently ranks #25 against this position","vs.  CARThis is a 4 star matchup. RBs perform close to their average vs. CAR who currently ranks #11 against this position","at  CHIThis is a 3 star matchup. RBs perform close to their average vs. CHI who currently ranks #15 against this position","at  CINThis is a 4 star matchup. RBs perform close to their average vs. CIN who currently ranks #10 against this position","vs.  GBThis is a 3 star matchup. RBs perform close to their average vs. GB who currently ranks #16 against this position","at  CARThis is a 4 star matchup. RBs perform close to their average vs. CAR who currently ranks #11 against this position","at  TBThis is a 3 star matchup. RBs perform close to their average vs. TB who currently ranks #19 against this position","vs.  ARIThis is a 5 star matchup. RBs perform better than their average vs. ARI who currently ranks #1 against this position","at  ATLThis is a 3 star matchup. RBs perform close to their average vs. ATL who currently ranks #14 against this position","vs.  TBThis is a 3 star matchup. RBs perform close to their average vs. TB who currently ranks #19 against this position"
"73","Justice HillJ. Hill BAL","at  INDThis is a 2 star matchup. RBs perform close to their average vs. IND who currently ranks #26 against this position","vs.  NOThis is a 3 star matchup. RBs perform close to their average vs. NO who currently ranks #23 against this position","at  DALThis is a 5 star matchup. RBs perform better than their average vs. DAL who currently ranks #2 against this position","vs.  TENThis is a 4 star matchup. RBs perform better than their average vs. TEN who currently ranks #7 against this position","at  ATLThis is a 3 star matchup. RBs perform close to their average vs. ATL who currently ranks #14 against this position","at  CLEThis is a 2 star matchup. RBs perform close to their average vs. CLE who currently ranks #25 against this position","vs.  CINThis is a 4 star matchup. RBs perform close to their average vs. CIN who currently ranks #10 against this position","at  BUFThis is a 4 star matchup. RBs perform better than their average vs. BUF who currently ranks #3 against this position","vs.  JACThis is a 3 star matchup. RBs perform close to their average vs. JAC who currently ranks #21 against this position","vs.  LACThis is a 3 star matchup. RBs perform close to their average vs. LAC who currently ranks #22 against this position","at  CARThis is a 4 star matchup. RBs perform close to their average vs. CAR who currently ranks #11 against this position","at  HOUThis is a 3 star matchup. RBs perform close to their average vs. HOU who currently ranks #13 against this position","BYE","vs.  TBThis is a 3 star matchup. RBs perform close to their average vs. TB who currently ranks #19 against this position","at  PITThis is a 2 star matchup. RBs perform below their average vs. PIT who currently ranks #31 against this position","vs.  CLEThis is a 2 star matchup. RBs perform close to their average vs. CLE who currently ranks #25 against this position","at  CINThis is a 4 star matchup. RBs perform close to their average vs. CIN who currently ranks #10 against this position","vs.  PITThis is a 2 star matchup. RBs perform below their average vs. PIT who currently ranks #31 against this position"
"74","DJ GiddensDJ Giddens IND","vs.  BALThis is a 3 star matchup. RBs perform close to their average vs. BAL who currently ranks #12 against this position","at  KCThis is a 2 star matchup. RBs perform below their average vs. KC who currently ranks #30 against this position","vs.  HOUThis is a 3 star matchup. RBs perform close to their average vs. HOU who currently ranks #13 against this position","at  WASThis is a 4 star matchup. RBs perform better than their average vs. WAS who currently ranks #6 against this position","at  PITThis is a 2 star matchup. RBs perform below their average vs. PIT who currently ranks #31 against this position","vs.  TENThis is a 4 star matchup. RBs perform better than their average vs. TEN who currently ranks #7 against this position","at  MINThis is a 3 star matchup. RBs perform close to their average vs. MIN who currently ranks #20 against this position","at  JACThis is a 3 star matchup. RBs perform close to their average vs. JAC who currently ranks #21 against this position","vs.  DALThis is a 5 star matchup. RBs perform better than their average vs. DAL who currently ranks #2 against this position","vs.  MIAThis is a 4 star matchup. RBs perform better than their average vs. MIA who currently ranks #4 against this position","at  HOUThis is a 3 star matchup. RBs perform close to their average vs. HOU who currently ranks #13 against this position","vs.  NYGThis is a 4 star matchup. RBs perform better than their average vs. NYG who currently ranks #5 against this position","BYE","at  PHIThis is a 3 star matchup. RBs perform close to their average vs. PHI who currently ranks #18 against this position","at  TENThis is a 4 star matchup. RBs perform better than their average vs. TEN who currently ranks #7 against this position","vs.  CINThis is a 4 star matchup. RBs perform close to their average vs. CIN who currently ranks #10 against this position","at  CLEThis is a 2 star matchup. RBs perform close to their average vs. CLE who currently ranks #25 against this position","vs.  JACThis is a 3 star matchup. RBs perform close to their average vs. JAC who currently ranks #21 against this position"
"75","Malik DavisM. Davis DAL","at  NYGThis is a 4 star matchup. RBs perform better than their average vs. NYG who currently ranks #5 against this position","vs.  WASThis is a 4 star matchup. RBs perform better than their average vs. WAS who currently ranks #6 against this position","vs.  BALThis is a 3 star matchup. RBs perform close to their average vs. BAL who currently ranks #12 against this position","at  HOUThis is a 3 star matchup. RBs perform close to their average vs. HOU who currently ranks #13 against this position","vs.  TBThis is a 3 star matchup. RBs perform close to their average vs. TB who currently ranks #19 against this position","at  GBThis is a 3 star matchup. RBs perform close to their average vs. GB who currently ranks #16 against this position","at  PHIThis is a 3 star matchup. RBs perform close to their average vs. PHI who currently ranks #18 against this position","vs.  ARIThis is a 5 star matchup. RBs perform better than their average vs. ARI who currently ranks #1 against this position","at  INDThis is a 2 star matchup. RBs perform close to their average vs. IND who currently ranks #26 against this position","vs.  SFThis is a 4 star matchup. RBs perform close to their average vs. SF who currently ranks #9 against this position","vs.  TENThis is a 4 star matchup. RBs perform better than their average vs. TEN who currently ranks #7 against this position","vs.  PHIThis is a 3 star matchup. RBs perform close to their average vs. PHI who currently ranks #18 against this position","at  SEAThis is a 1 star matchup. RBs perform below their average vs. SEA who currently ranks #32 against this position","BYE","at  LARThis is a 2 star matchup. RBs perform below their average vs. LAR who currently ranks #28 against this position","vs.  JACThis is a 3 star matchup. RBs perform close to their average vs. JAC who currently ranks #21 against this position","vs.  NYGThis is a 4 star matchup. RBs perform better than their average vs. NYG who currently ranks #5 against this position","at  WASThis is a 4 star matchup. RBs perform better than their average vs. WAS who currently ranks #6 against this position"
"76","Jordan JamesJ. James SF","at  LARThis is a 2 star matchup. RBs perform below their average vs. LAR who currently ranks #28 against this position","vs.  MIAThis is a 4 star matchup. RBs perform better than their average vs. MIA who currently ranks #4 against this position","vs.  ARIThis is a 5 star matchup. RBs perform better than their average vs. ARI who currently ranks #1 against this position","vs.  DENThis is a 2 star matchup. RBs perform close to their average vs. DEN who currently ranks #24 against this position","at  SEAThis is a 1 star matchup. RBs perform below their average vs. SEA who currently ranks #32 against this position","vs.  WASThis is a 4 star matchup. RBs perform better than their average vs. WAS who currently ranks #6 against this position","at  ATLThis is a 3 star matchup. RBs perform close to their average vs. ATL who currently ranks #14 against this position","BYE","vs.  LVThis is a 3 star matchup. RBs perform close to their average vs. LV who currently ranks #17 against this position","at  DALThis is a 5 star matchup. RBs perform better than their average vs. DAL who currently ranks #2 against this position","vs.  MINThis is a 3 star matchup. RBs perform close to their average vs. MIN who currently ranks #20 against this position","vs.  SEAThis is a 1 star matchup. RBs perform below their average vs. SEA who currently ranks #32 against this position","at  NYGThis is a 4 star matchup. RBs perform better than their average vs. NYG who currently ranks #5 against this position","vs.  LARThis is a 2 star matchup. RBs perform below their average vs. LAR who currently ranks #28 against this position","at  LACThis is a 3 star matchup. RBs perform close to their average vs. LAC who currently ranks #22 against this position","at  KCThis is a 2 star matchup. RBs perform below their average vs. KC who currently ranks #30 against this position","vs.  PHIThis is a 3 star matchup. RBs perform close to their average vs. PHI who currently ranks #18 against this position","at  ARIThis is a 5 star matchup. RBs perform better than their average vs. ARI who currently ranks #1 against this position"
"77","Chris BrooksC. Brooks GB","at  MINThis is a 3 star matchup. RBs perform close to their average vs. MIN who currently ranks #20 against this position","at  NYJThis is a 4 star matchup. RBs perform better than their average vs. NYJ who currently ranks #8 against this position","vs.  ATLThis is a 3 star matchup. RBs perform close to their average vs. ATL who currently ranks #14 against this position","at  TBThis is a 3 star matchup. RBs perform close to their average vs. TB who currently ranks #19 against this position","vs.  CHIThis is a 3 star matchup. RBs perform close to their average vs. CHI who currently ranks #15 against this position","vs.  DALThis is a 5 star matchup. RBs perform better than their average vs. DAL who currently ranks #2 against this position","at  DETThis is a 2 star matchup. RBs perform below their average vs. DET who currently ranks #27 against this position","vs.  CARThis is a 4 star matchup. RBs perform close to their average vs. CAR who currently ranks #11 against this position","at  NEThis is a 2 star matchup. RBs perform below their average vs. NE who currently ranks #29 against this position","vs.  MINThis is a 3 star matchup. RBs perform close to their average vs. MIN who currently ranks #20 against this position","BYE","at  LARThis is a 2 star matchup. RBs perform below their average vs. LAR who currently ranks #28 against this position","at  NOThis is a 3 star matchup. RBs perform close to their average vs. NO who currently ranks #23 against this position","vs.  BUFThis is a 4 star matchup. RBs perform better than their average vs. BUF who currently ranks #3 against this position","vs.  MIAThis is a 4 star matchup. RBs perform better than their average vs. MIA who currently ranks #4 against this position","at  CHIThis is a 3 star matchup. RBs perform close to their average vs. CHI who currently ranks #15 against this position","vs.  HOUThis is a 3 star matchup. RBs perform close to their average vs. HOU who currently ranks #13 against this position","vs.  DETThis is a 2 star matchup. RBs perform below their average vs. DET who currently ranks #27 against this position"
"78","Ty JohnsonTy Johnson BUF","at  HOUThis is a 3 star matchup. RBs perform close to their average vs. HOU who currently ranks #13 against this position","vs.  DETThis is a 2 star matchup. RBs perform below their average vs. DET who currently ranks #27 against this position","vs.  LACThis is a 3 star matchup. RBs perform close to their average vs. LAC who currently ranks #22 against this position","vs.  NEThis is a 2 star matchup. RBs perform below their average vs. NE who currently ranks #29 against this position","at  LARThis is a 2 star matchup. RBs perform below their average vs. LAR who currently ranks #28 against this position","at  LVThis is a 3 star matchup. RBs perform close to their average vs. LV who currently ranks #17 against this position","BYE","vs.  BALThis is a 3 star matchup. RBs perform close to their average vs. BAL who currently ranks #12 against this position","at  MINThis is a 3 star matchup. RBs perform close to their average vs. MIN who currently ranks #20 against this position","at  NYJThis is a 4 star matchup. RBs perform better than their average vs. NYJ who currently ranks #8 against this position","vs.  MIAThis is a 4 star matchup. RBs perform better than their average vs. MIA who currently ranks #4 against this position","vs.  KCThis is a 2 star matchup. RBs perform below their average vs. KC who currently ranks #30 against this position","at  NEThis is a 2 star matchup. RBs perform below their average vs. NE who currently ranks #29 against this position","at  GBThis is a 3 star matchup. RBs perform close to their average vs. GB who currently ranks #16 against this position","vs.  CHIThis is a 3 star matchup. RBs perform close to their average vs. CHI who currently ranks #15 against this position","at  DENThis is a 2 star matchup. RBs perform close to their average vs. DEN who currently ranks #24 against this position","at  MIAThis is a 4 star matchup. RBs perform better than their average vs. MIA who currently ranks #4 against this position","vs.  NYJThis is a 4 star matchup. RBs perform better than their average vs. NYJ who currently ranks #8 against this position"
"79","Samaje PerineS. Perine CIN","vs.  TBThis is a 3 star matchup. RBs perform close to their average vs. TB who currently ranks #19 against this position","at  HOUThis is a 3 star matchup. RBs perform close to their average vs. HOU who currently ranks #13 against this position","at  PITThis is a 2 star matchup. RBs perform below their average vs. PIT who currently ranks #31 against this position","vs.  JACThis is a 3 star matchup. RBs perform close to their average vs. JAC who currently ranks #21 against this position","at  MIAThis is a 4 star matchup. RBs perform better than their average vs. MIA who currently ranks #4 against this position","BYE","at  BALThis is a 3 star matchup. RBs perform close to their average vs. BAL who currently ranks #12 against this position","vs.  TENThis is a 4 star matchup. RBs perform better than their average vs. TEN who currently ranks #7 against this position","at  ATLThis is a 3 star matchup. RBs perform close to their average vs. ATL who currently ranks #14 against this position","vs.  PITThis is a 2 star matchup. RBs perform below their average vs. PIT who currently ranks #31 against this position","at  WASThis is a 4 star matchup. RBs perform better than their average vs. WAS who currently ranks #6 against this position","vs.  NOThis is a 3 star matchup. RBs perform close to their average vs. NO who currently ranks #23 against this position","at  CLEThis is a 2 star matchup. RBs perform close to their average vs. CLE who currently ranks #25 against this position","vs.  KCThis is a 2 star matchup. RBs perform below their average vs. KC who currently ranks #30 against this position","at  CARThis is a 4 star matchup. RBs perform close to their average vs. CAR who currently ranks #11 against this position","at  INDThis is a 2 star matchup. RBs perform close to their average vs. IND who currently ranks #26 against this position","vs.  BALThis is a 3 star matchup. RBs perform close to their average vs. BAL who currently ranks #12 against this position","vs.  CLEThis is a 2 star matchup. RBs perform close to their average vs. CLE who currently ranks #25 against this position"
"80","Kaelon BlackK. Black SF","at  LARThis is a 2 star matchup. RBs perform below their average vs. LAR who currently ranks #28 against this position","vs.  MIAThis is a 4 star matchup. RBs perform better than their average vs. MIA who currently ranks #4 against this position","vs.  ARIThis is a 5 star matchup. RBs perform better than their average vs. ARI who currently ranks #1 against this position","vs.  DENThis is a 2 star matchup. RBs perform close to their average vs. DEN who currently ranks #24 against this position","at  SEAThis is a 1 star matchup. RBs perform below their average vs. SEA who currently ranks #32 against this position","vs.  WASThis is a 4 star matchup. RBs perform better than their average vs. WAS who currently ranks #6 against this position","at  ATLThis is a 3 star matchup. RBs perform close to their average vs. ATL who currently ranks #14 against this position","BYE","vs.  LVThis is a 3 star matchup. RBs perform close to their average vs. LV who currently ranks #17 against this position","at  DALThis is a 5 star matchup. RBs perform better than their average vs. DAL who currently ranks #2 against this position","vs.  MINThis is a 3 star matchup. RBs perform close to their average vs. MIN who currently ranks #20 against this position","vs.  SEAThis is a 1 star matchup. RBs perform below their average vs. SEA who currently ranks #32 against this position","at  NYGThis is a 4 star matchup. RBs perform better than their average vs. NYG who currently ranks #5 against this position","vs.  LARThis is a 2 star matchup. RBs perform below their average vs. LAR who currently ranks #28 against this position","at  LACThis is a 3 star matchup. RBs perform close to their average vs. LAC who currently ranks #22 against this position","at  KCThis is a 2 star matchup. RBs perform below their average vs. KC who currently ranks #30 against this position","vs.  PHIThis is a 3 star matchup. RBs perform close to their average vs. PHI who currently ranks #18 against this position","at  ARIThis is a 5 star matchup. RBs perform better than their average vs. ARI who currently ranks #1 against this position"
"81","Trey BensonT. Benson ARI","at  LACThis is a 3 star matchup. RBs perform close to their average vs. LAC who currently ranks #22 against this position","vs.  SEAThis is a 1 star matchup. RBs perform below their average vs. SEA who currently ranks #32 against this position","at  SFThis is a 4 star matchup. RBs perform close to their average vs. SF who currently ranks #9 against this position","at  NYGThis is a 4 star matchup. RBs perform better than their average vs. NYG who currently ranks #5 against this position","vs.  DETThis is a 2 star matchup. RBs perform below their average vs. DET who currently ranks #27 against this position","at  LARThis is a 2 star matchup. RBs perform below their average vs. LAR who currently ranks #28 against this position","vs.  DENThis is a 2 star matchup. RBs perform close to their average vs. DEN who currently ranks #24 against this position","at  DALThis is a 5 star matchup. RBs perform better than their average vs. DAL who currently ranks #2 against this position","at  SEAThis is a 1 star matchup. RBs perform below their average vs. SEA who currently ranks #32 against this position","vs.  LARThis is a 2 star matchup. RBs perform below their average vs. LAR who currently ranks #28 against this position","at  KCThis is a 2 star matchup. RBs perform below their average vs. KC who currently ranks #30 against this position","vs.  WASThis is a 4 star matchup. RBs perform better than their average vs. WAS who currently ranks #6 against this position","vs.  PHIThis is a 3 star matchup. RBs perform close to their average vs. PHI who currently ranks #18 against this position","BYE","vs.  NYJThis is a 4 star matchup. RBs perform better than their average vs. NYJ who currently ranks #8 against this position","at  NOThis is a 3 star matchup. RBs perform close to their average vs. NO who currently ranks #23 against this position","vs.  LVThis is a 3 star matchup. RBs perform close to their average vs. LV who currently ranks #17 against this position","vs.  SFThis is a 4 star matchup. RBs perform close to their average vs. SF who currently ranks #9 against this position"
"82","Kaleb JohnsonK. Johnson PIT","vs.  ATLThis is a 3 star matchup. RBs perform close to their average vs. ATL who currently ranks #14 against this position","at  NEThis is a 2 star matchup. RBs perform below their average vs. NE who currently ranks #29 against this position","vs.  CINThis is a 4 star matchup. RBs perform close to their average vs. CIN who currently ranks #10 against this position","at  CLEThis is a 2 star matchup. RBs perform close to their average vs. CLE who currently ranks #25 against this position","vs.  INDThis is a 2 star matchup. RBs perform close to their average vs. IND who currently ranks #26 against this position","at  TBThis is a 3 star matchup. RBs perform close to their average vs. TB who currently ranks #19 against this position","at  NOThis is a 3 star matchup. RBs perform close to their average vs. NO who currently ranks #23 against this position","vs.  CLEThis is a 2 star matchup. RBs perform close to their average vs. CLE who currently ranks #25 against this position","BYE","at  CINThis is a 4 star matchup. RBs perform close to their average vs. CIN who currently ranks #10 against this position","at  PHIThis is a 3 star matchup. RBs perform close to their average vs. PHI who currently ranks #18 against this position","vs.  DENThis is a 2 star matchup. RBs perform close to their average vs. DEN who currently ranks #24 against this position","vs.  HOUThis is a 3 star matchup. RBs perform close to their average vs. HOU who currently ranks #13 against this position","at  JACThis is a 3 star matchup. RBs perform close to their average vs. JAC who currently ranks #21 against this position","vs.  BALThis is a 3 star matchup. RBs perform close to their average vs. BAL who currently ranks #12 against this position","vs.  CARThis is a 4 star matchup. RBs perform close to their average vs. CAR who currently ranks #11 against this position","at  TENThis is a 4 star matchup. RBs perform better than their average vs. TEN who currently ranks #7 against this position","at  BALThis is a 3 star matchup. RBs perform close to their average vs. BAL who currently ranks #12 against this position"
"83","Emari DemercadoE. Demercado KC","vs.  DENThis is a 2 star matchup. RBs perform close to their average vs. DEN who currently ranks #24 against this position","vs.  INDThis is a 2 star matchup. RBs perform close to their average vs. IND who currently ranks #26 against this position","at  MIAThis is a 4 star matchup. RBs perform better than their average vs. MIA who currently ranks #4 against this position","at  LVThis is a 3 star matchup. RBs perform close to their average vs. LV who currently ranks #17 against this position","BYE","vs.  LACThis is a 3 star matchup. RBs perform close to their average vs. LAC who currently ranks #22 against this position","at  SEAThis is a 1 star matchup. RBs perform below their average vs. SEA who currently ranks #32 against this position","at  DENThis is a 2 star matchup. RBs perform close to their average vs. DEN who currently ranks #24 against this position","vs.  NYJThis is a 4 star matchup. RBs perform better than their average vs. NYJ who currently ranks #8 against this position","at  ATLThis is a 3 star matchup. RBs perform close to their average vs. ATL who currently ranks #14 against this position","vs.  ARIThis is a 5 star matchup. RBs perform better than their average vs. ARI who currently ranks #1 against this position","at  BUFThis is a 4 star matchup. RBs perform better than their average vs. BUF who currently ranks #3 against this position","at  LARThis is a 2 star matchup. RBs perform below their average vs. LAR who currently ranks #28 against this position","at  CINThis is a 4 star matchup. RBs perform close to their average vs. CIN who currently ranks #10 against this position","vs.  NEThis is a 2 star matchup. RBs perform below their average vs. NE who currently ranks #29 against this position","vs.  SFThis is a 4 star matchup. RBs perform close to their average vs. SF who currently ranks #9 against this position","at  LACThis is a 3 star matchup. RBs perform close to their average vs. LAC who currently ranks #22 against this position","vs.  LVThis is a 3 star matchup. RBs perform close to their average vs. LV who currently ranks #17 against this position"
"84","Kendre MillerK. Miller NO","at  DETThis is a 2 star matchup. RBs perform below their average vs. DET who currently ranks #27 against this position","at  BALThis is a 3 star matchup. RBs perform close to their average vs. BAL who currently ranks #12 against this position","vs.  LVThis is a 3 star matchup. RBs perform close to their average vs. LV who currently ranks #17 against this position","vs.  ATLThis is a 3 star matchup. RBs perform close to their average vs. ATL who currently ranks #14 against this position","vs.  MINThis is a 3 star matchup. RBs perform close to their average vs. MIN who currently ranks #20 against this position","at  NYGThis is a 4 star matchup. RBs perform better than their average vs. NYG who currently ranks #5 against this position","vs.  PITThis is a 2 star matchup. RBs perform below their average vs. PIT who currently ranks #31 against this position","BYE","vs.  CLEThis is a 2 star matchup. RBs perform close to their average vs. CLE who currently ranks #25 against this position","vs.  CARThis is a 4 star matchup. RBs perform close to their average vs. CAR who currently ranks #11 against this position","at  CHIThis is a 3 star matchup. RBs perform close to their average vs. CHI who currently ranks #15 against this position","at  CINThis is a 4 star matchup. RBs perform close to their average vs. CIN who currently ranks #10 against this position","vs.  GBThis is a 3 star matchup. RBs perform close to their average vs. GB who currently ranks #16 against this position","at  CARThis is a 4 star matchup. RBs perform close to their average vs. CAR who currently ranks #11 against this position","at  TBThis is a 3 star matchup. RBs perform close to their average vs. TB who currently ranks #19 against this position","vs.  ARIThis is a 5 star matchup. RBs perform better than their average vs. ARI who currently ranks #1 against this position","at  ATLThis is a 3 star matchup. RBs perform close to their average vs. ATL who currently ranks #14 against this position","vs.  TBThis is a 3 star matchup. RBs perform close to their average vs. TB who currently ranks #19 against this position"
"85","Devin SingletaryD. Singletary NYG","vs.  DALThis is a 5 star matchup. RBs perform better than their average vs. DAL who currently ranks #2 against this position","at  LARThis is a 2 star matchup. RBs perform below their average vs. LAR who currently ranks #28 against this position","vs.  TENThis is a 4 star matchup. RBs perform better than their average vs. TEN who currently ranks #7 against this position","vs.  ARIThis is a 5 star matchup. RBs perform better than their average vs. ARI who currently ranks #1 against this position","at  WASThis is a 4 star matchup. RBs perform better than their average vs. WAS who currently ranks #6 against this position","vs.  NOThis is a 3 star matchup. RBs perform close to their average vs. NO who currently ranks #23 against this position","at  HOUThis is a 3 star matchup. RBs perform close to their average vs. HOU who currently ranks #13 against this position","BYE","at  PHIThis is a 3 star matchup. RBs perform close to their average vs. PHI who currently ranks #18 against this position","vs.  WASThis is a 4 star matchup. RBs perform better than their average vs. WAS who currently ranks #6 against this position","vs.  JACThis is a 3 star matchup. RBs perform close to their average vs. JAC who currently ranks #21 against this position","at  INDThis is a 2 star matchup. RBs perform close to their average vs. IND who currently ranks #26 against this position","vs.  SFThis is a 4 star matchup. RBs perform close to their average vs. SF who currently ranks #9 against this position","at  SEAThis is a 1 star matchup. RBs perform below their average vs. SEA who currently ranks #32 against this position","vs.  CLEThis is a 2 star matchup. RBs perform close to their average vs. CLE who currently ranks #25 against this position","at  DETThis is a 2 star matchup. RBs perform below their average vs. DET who currently ranks #27 against this position","at  DALThis is a 5 star matchup. RBs perform better than their average vs. DAL who currently ranks #2 against this position","vs.  PHIThis is a 3 star matchup. RBs perform close to their average vs. PHI who currently ranks #18 against this position"
"86","LeQuint Allen Jr.L. Allen Jr. JAC","vs.  CLEThis is a 2 star matchup. RBs perform close to their average vs. CLE who currently ranks #25 against this position","at  DENThis is a 2 star matchup. RBs perform close to their average vs. DEN who currently ranks #24 against this position","vs.  NEThis is a 2 star matchup. RBs perform below their average vs. NE who currently ranks #29 against this position","at  CINThis is a 4 star matchup. RBs perform close to their average vs. CIN who currently ranks #10 against this position","vs.  PHIThis is a 3 star matchup. RBs perform close to their average vs. PHI who currently ranks #18 against this position","vs.  HOUThis is a 3 star matchup. RBs perform close to their average vs. HOU who currently ranks #13 against this position","BYE","vs.  INDThis is a 2 star matchup. RBs perform close to their average vs. IND who currently ranks #26 against this position","at  BALThis is a 3 star matchup. RBs perform close to their average vs. BAL who currently ranks #12 against this position","at  TENThis is a 4 star matchup. RBs perform better than their average vs. TEN who currently ranks #7 against this position","at  NYGThis is a 4 star matchup. RBs perform better than their average vs. NYG who currently ranks #5 against this position","vs.  TENThis is a 4 star matchup. RBs perform better than their average vs. TEN who currently ranks #7 against this position","at  CHIThis is a 3 star matchup. RBs perform close to their average vs. CHI who currently ranks #15 against this position","vs.  PITThis is a 2 star matchup. RBs perform below their average vs. PIT who currently ranks #31 against this position","at  HOUThis is a 3 star matchup. RBs perform close to their average vs. HOU who currently ranks #13 against this position","at  DALThis is a 5 star matchup. RBs perform better than their average vs. DAL who currently ranks #2 against this position","vs.  WASThis is a 4 star matchup. RBs perform better than their average vs. WAS who currently ranks #6 against this position","at  INDThis is a 2 star matchup. RBs perform close to their average vs. IND who currently ranks #26 against this position"
"87","Adam RandallA. Randall BAL","at  INDThis is a 2 star matchup. RBs perform close to their average vs. IND who currently ranks #26 against this position","vs.  NOThis is a 3 star matchup. RBs perform close to their average vs. NO who currently ranks #23 against this position","at  DALThis is a 5 star matchup. RBs perform better than their average vs. DAL who currently ranks #2 against this position","vs.  TENThis is a 4 star matchup. RBs perform better than their average vs. TEN who currently ranks #7 against this position","at  ATLThis is a 3 star matchup. RBs perform close to their average vs. ATL who currently ranks #14 against this position","at  CLEThis is a 2 star matchup. RBs perform close to their average vs. CLE who currently ranks #25 against this position","vs.  CINThis is a 4 star matchup. RBs perform close to their average vs. CIN who currently ranks #10 against this position","at  BUFThis is a 4 star matchup. RBs perform better than their average vs. BUF who currently ranks #3 against this position","vs.  JACThis is a 3 star matchup. RBs perform close to their average vs. JAC who currently ranks #21 against this position","vs.  LACThis is a 3 star matchup. RBs perform close to their average vs. LAC who currently ranks #22 against this position","at  CARThis is a 4 star matchup. RBs perform close to their average vs. CAR who currently ranks #11 against this position","at  HOUThis is a 3 star matchup. RBs perform close to their average vs. HOU who currently ranks #13 against this position","BYE","vs.  TBThis is a 3 star matchup. RBs perform close to their average vs. TB who currently ranks #19 against this position","at  PITThis is a 2 star matchup. RBs perform below their average vs. PIT who currently ranks #31 against this position","vs.  CLEThis is a 2 star matchup. RBs perform close to their average vs. CLE who currently ranks #25 against this position","at  CINThis is a 4 star matchup. RBs perform close to their average vs. CIN who currently ranks #10 against this position","vs.  PITThis is a 2 star matchup. RBs perform below their average vs. PIT who currently ranks #31 against this position"
"88","Jerome FordJ. Ford WAS","at  PHIThis is a 3 star matchup. RBs perform close to their average vs. PHI who currently ranks #18 against this position","at  DALThis is a 5 star matchup. RBs perform better than their average vs. DAL who currently ranks #2 against this position","vs.  SEAThis is a 1 star matchup. RBs perform below their average vs. SEA who currently ranks #32 against this position","vs.  INDThis is a 2 star matchup. RBs perform close to their average vs. IND who currently ranks #26 against this position","vs.  NYGThis is a 4 star matchup. RBs perform better than their average vs. NYG who currently ranks #5 against this position","at  SFThis is a 4 star matchup. RBs perform close to their average vs. SF who currently ranks #9 against this position","BYE","vs.  PHIThis is a 3 star matchup. RBs perform close to their average vs. PHI who currently ranks #18 against this position","vs.  LARThis is a 2 star matchup. RBs perform below their average vs. LAR who currently ranks #28 against this position","at  NYGThis is a 4 star matchup. RBs perform better than their average vs. NYG who currently ranks #5 against this position","vs.  CINThis is a 4 star matchup. RBs perform close to their average vs. CIN who currently ranks #10 against this position","at  ARIThis is a 5 star matchup. RBs perform better than their average vs. ARI who currently ranks #1 against this position","at  TENThis is a 4 star matchup. RBs perform better than their average vs. TEN who currently ranks #7 against this position","vs.  HOUThis is a 3 star matchup. RBs perform close to their average vs. HOU who currently ranks #13 against this position","vs.  ATLThis is a 3 star matchup. RBs perform close to their average vs. ATL who currently ranks #14 against this position","at  MINThis is a 3 star matchup. RBs perform close to their average vs. MIN who currently ranks #20 against this position","at  JACThis is a 3 star matchup. RBs perform close to their average vs. JAC who currently ranks #21 against this position","vs.  DALThis is a 5 star matchup. RBs perform better than their average vs. DAL who currently ranks #2 against this position"
"89","Brashard SmithB. Smith KC","vs.  DENThis is a 2 star matchup. RBs perform close to their average vs. DEN who currently ranks #24 against this position","vs.  INDThis is a 2 star matchup. RBs perform close to their average vs. IND who currently ranks #26 against this position","at  MIAThis is a 4 star matchup. RBs perform better than their average vs. MIA who currently ranks #4 against this position","at  LVThis is a 3 star matchup. RBs perform close to their average vs. LV who currently ranks #17 against this position","BYE","vs.  LACThis is a 3 star matchup. RBs perform close to their average vs. LAC who currently ranks #22 against this position","at  SEAThis is a 1 star matchup. RBs perform below their average vs. SEA who currently ranks #32 against this position","at  DENThis is a 2 star matchup. RBs perform close to their average vs. DEN who currently ranks #24 against this position","vs.  NYJThis is a 4 star matchup. RBs perform better than their average vs. NYJ who currently ranks #8 against this position","at  ATLThis is a 3 star matchup. RBs perform close to their average vs. ATL who currently ranks #14 against this position","vs.  ARIThis is a 5 star matchup. RBs perform better than their average vs. ARI who currently ranks #1 against this position","at  BUFThis is a 4 star matchup. RBs perform better than their average vs. BUF who currently ranks #3 against this position","at  LARThis is a 2 star matchup. RBs perform below their average vs. LAR who currently ranks #28 against this position","at  CINThis is a 4 star matchup. RBs perform close to their average vs. CIN who currently ranks #10 against this position","vs.  NEThis is a 2 star matchup. RBs perform below their average vs. NE who currently ranks #29 against this position","vs.  SFThis is a 4 star matchup. RBs perform close to their average vs. SF who currently ranks #9 against this position","at  LACThis is a 3 star matchup. RBs perform close to their average vs. LAC who currently ranks #22 against this position","vs.  LVThis is a 3 star matchup. RBs perform close to their average vs. LV who currently ranks #17 against this position"
"90","Seth McGowanS. McGowan IND","vs.  BALThis is a 3 star matchup. RBs perform close to their average vs. BAL who currently ranks #12 against this position","at  KCThis is a 2 star matchup. RBs perform below their average vs. KC who currently ranks #30 against this position","vs.  HOUThis is a 3 star matchup. RBs perform close to their average vs. HOU who currently ranks #13 against this position","at  WASThis is a 4 star matchup. RBs perform better than their average vs. WAS who currently ranks #6 against this position","at  PITThis is a 2 star matchup. RBs perform below their average vs. PIT who currently ranks #31 against this position","vs.  TENThis is a 4 star matchup. RBs perform better than their average vs. TEN who currently ranks #7 against this position","at  MINThis is a 3 star matchup. RBs perform close to their average vs. MIN who currently ranks #20 against this position","at  JACThis is a 3 star matchup. RBs perform close to their average vs. JAC who currently ranks #21 against this position","vs.  DALThis is a 5 star matchup. RBs perform better than their average vs. DAL who currently ranks #2 against this position","vs.  MIAThis is a 4 star matchup. RBs perform better than their average vs. MIA who currently ranks #4 against this position","at  HOUThis is a 3 star matchup. RBs perform close to their average vs. HOU who currently ranks #13 against this position","vs.  NYGThis is a 4 star matchup. RBs perform better than their average vs. NYG who currently ranks #5 against this position","BYE","at  PHIThis is a 3 star matchup. RBs perform close to their average vs. PHI who currently ranks #18 against this position","at  TENThis is a 4 star matchup. RBs perform better than their average vs. TEN who currently ranks #7 against this position","vs.  CINThis is a 4 star matchup. RBs perform close to their average vs. CIN who currently ranks #10 against this position","at  CLEThis is a 2 star matchup. RBs perform close to their average vs. CLE who currently ranks #25 against this position","vs.  JACThis is a 3 star matchup. RBs perform close to their average vs. JAC who currently ranks #21 against this position"
"91","Trevor EtienneT. Etienne CAR","vs.  CHIThis is a 3 star matchup. RBs perform close to their average vs. CHI who currently ranks #15 against this position","at  ATLThis is a 3 star matchup. RBs perform close to their average vs. ATL who currently ranks #14 against this position","at  CLEThis is a 2 star matchup. RBs perform close to their average vs. CLE who currently ranks #25 against this position","vs.  DETThis is a 2 star matchup. RBs perform below their average vs. DET who currently ranks #27 against this position","BYE","at  PHIThis is a 3 star matchup. RBs perform close to their average vs. PHI who currently ranks #18 against this position","vs.  TBThis is a 3 star matchup. RBs perform close to their average vs. TB who currently ranks #19 against this position","at  GBThis is a 3 star matchup. RBs perform close to their average vs. GB who currently ranks #16 against this position","vs.  DENThis is a 2 star matchup. RBs perform close to their average vs. DEN who currently ranks #24 against this position","at  NOThis is a 3 star matchup. RBs perform close to their average vs. NO who currently ranks #23 against this position","vs.  BALThis is a 3 star matchup. RBs perform close to their average vs. BAL who currently ranks #12 against this position","at  TBThis is a 3 star matchup. RBs perform close to their average vs. TB who currently ranks #19 against this position","at  MINThis is a 3 star matchup. RBs perform close to their average vs. MIN who currently ranks #20 against this position","vs.  NOThis is a 3 star matchup. RBs perform close to their average vs. NO who currently ranks #23 against this position","vs.  CINThis is a 4 star matchup. RBs perform close to their average vs. CIN who currently ranks #10 against this position","at  PITThis is a 2 star matchup. RBs perform below their average vs. PIT who currently ranks #31 against this position","vs.  SEAThis is a 1 star matchup. RBs perform below their average vs. SEA who currently ranks #32 against this position","vs.  ATLThis is a 3 star matchup. RBs perform close to their average vs. ATL who currently ranks #14 against this position"
"92","Najee HarrisN. Harris LAC","vs.  ARIThis is a 5 star matchup. RBs perform better than their average vs. ARI who currently ranks #1 against this position","vs.  LVThis is a 3 star matchup. RBs perform close to their average vs. LV who currently ranks #17 against this position","at  BUFThis is a 4 star matchup. RBs perform better than their average vs. BUF who currently ranks #3 against this position","at  SEAThis is a 1 star matchup. RBs perform below their average vs. SEA who currently ranks #32 against this position","vs.  DENThis is a 2 star matchup. RBs perform close to their average vs. DEN who currently ranks #24 against this position","at  KCThis is a 2 star matchup. RBs perform below their average vs. KC who currently ranks #30 against this position","BYE","at  LARThis is a 2 star matchup. RBs perform below their average vs. LAR who currently ranks #28 against this position","vs.  HOUThis is a 3 star matchup. RBs perform close to their average vs. HOU who currently ranks #13 against this position","at  BALThis is a 3 star matchup. RBs perform close to their average vs. BAL who currently ranks #12 against this position","vs.  NYJThis is a 4 star matchup. RBs perform better than their average vs. NYJ who currently ranks #8 against this position","vs.  NEThis is a 2 star matchup. RBs perform below their average vs. NE who currently ranks #29 against this position","at  TBThis is a 3 star matchup. RBs perform close to their average vs. TB who currently ranks #19 against this position","at  LVThis is a 3 star matchup. RBs perform close to their average vs. LV who currently ranks #17 against this position","vs.  SFThis is a 4 star matchup. RBs perform close to their average vs. SF who currently ranks #9 against this position","at  MIAThis is a 4 star matchup. RBs perform better than their average vs. MIA who currently ranks #4 against this position","vs.  KCThis is a 2 star matchup. RBs perform below their average vs. KC who currently ranks #30 against this position","at  DENThis is a 2 star matchup. RBs perform close to their average vs. DEN who currently ranks #24 against this position"
"93","Isaac GuerendoI. Guerendo SF","at  LARThis is a 2 star matchup. RBs perform below their average vs. LAR who currently ranks #28 against this position","vs.  MIAThis is a 4 star matchup. RBs perform better than their average vs. MIA who currently ranks #4 against this position","vs.  ARIThis is a 5 star matchup. RBs perform better than their average vs. ARI who currently ranks #1 against this position","vs.  DENThis is a 2 star matchup. RBs perform close to their average vs. DEN who currently ranks #24 against this position","at  SEAThis is a 1 star matchup. RBs perform below their average vs. SEA who currently ranks #32 against this position","vs.  WASThis is a 4 star matchup. RBs perform better than their average vs. WAS who currently ranks #6 against this position","at  ATLThis is a 3 star matchup. RBs perform close to their average vs. ATL who currently ranks #14 against this position","BYE","vs.  LVThis is a 3 star matchup. RBs perform close to their average vs. LV who currently ranks #17 against this position","at  DALThis is a 5 star matchup. RBs perform better than their average vs. DAL who currently ranks #2 against this position","vs.  MINThis is a 3 star matchup. RBs perform close to their average vs. MIN who currently ranks #20 against this position","vs.  SEAThis is a 1 star matchup. RBs perform below their average vs. SEA who currently ranks #32 against this position","at  NYGThis is a 4 star matchup. RBs perform better than their average vs. NYG who currently ranks #5 against this position","vs.  LARThis is a 2 star matchup. RBs perform below their average vs. LAR who currently ranks #28 against this position","at  LACThis is a 3 star matchup. RBs perform close to their average vs. LAC who currently ranks #22 against this position","at  KCThis is a 2 star matchup. RBs perform below their average vs. KC who currently ranks #30 against this position","vs.  PHIThis is a 3 star matchup. RBs perform close to their average vs. PHI who currently ranks #18 against this position","at  ARIThis is a 5 star matchup. RBs perform better than their average vs. ARI who currently ranks #1 against this position"
"94","Tahj BrooksT. Brooks CIN","vs.  TBThis is a 3 star matchup. RBs perform close to their average vs. TB who currently ranks #19 against this position","at  HOUThis is a 3 star matchup. RBs perform close to their average vs. HOU who currently ranks #13 against this position","at  PITThis is a 2 star matchup. RBs perform below their average vs. PIT who currently ranks #31 against this position","vs.  JACThis is a 3 star matchup. RBs perform close to their average vs. JAC who currently ranks #21 against this position","at  MIAThis is a 4 star matchup. RBs perform better than their average vs. MIA who currently ranks #4 against this position","BYE","at  BALThis is a 3 star matchup. RBs perform close to their average vs. BAL who currently ranks #12 against this position","vs.  TENThis is a 4 star matchup. RBs perform better than their average vs. TEN who currently ranks #7 against this position","at  ATLThis is a 3 star matchup. RBs perform close to their average vs. ATL who currently ranks #14 against this position","vs.  PITThis is a 2 star matchup. RBs perform below their average vs. PIT who currently ranks #31 against this position","at  WASThis is a 4 star matchup. RBs perform better than their average vs. WAS who currently ranks #6 against this position","vs.  NOThis is a 3 star matchup. RBs perform close to their average vs. NO who currently ranks #23 against this position","at  CLEThis is a 2 star matchup. RBs perform close to their average vs. CLE who currently ranks #25 against this position","vs.  KCThis is a 2 star matchup. RBs perform below their average vs. KC who currently ranks #30 against this position","at  CARThis is a 4 star matchup. RBs perform close to their average vs. CAR who currently ranks #11 against this position","at  INDThis is a 2 star matchup. RBs perform close to their average vs. IND who currently ranks #26 against this position","vs.  BALThis is a 3 star matchup. RBs perform close to their average vs. BAL who currently ranks #12 against this position","vs.  CLEThis is a 2 star matchup. RBs perform close to their average vs. CLE who currently ranks #25 against this position"
"95","Jarquez HunterJ. Hunter LAR","vs.  SFThis is a 4 star matchup. RBs perform close to their average vs. SF who currently ranks #9 against this position","vs.  NYGThis is a 4 star matchup. RBs perform better than their average vs. NYG who currently ranks #5 against this position","at  DENThis is a 2 star matchup. RBs perform close to their average vs. DEN who currently ranks #24 against this position","at  PHIThis is a 3 star matchup. RBs perform close to their average vs. PHI who currently ranks #18 against this position","vs.  BUFThis is a 4 star matchup. RBs perform better than their average vs. BUF who currently ranks #3 against this position","vs.  ARIThis is a 5 star matchup. RBs perform better than their average vs. ARI who currently ranks #1 against this position","at  LVThis is a 3 star matchup. RBs perform close to their average vs. LV who currently ranks #17 against this position","vs.  LACThis is a 3 star matchup. RBs perform close to their average vs. LAC who currently ranks #22 against this position","at  WASThis is a 4 star matchup. RBs perform better than their average vs. WAS who currently ranks #6 against this position","at  ARIThis is a 5 star matchup. RBs perform better than their average vs. ARI who currently ranks #1 against this position","BYE","vs.  GBThis is a 3 star matchup. RBs perform close to their average vs. GB who currently ranks #16 against this position","vs.  KCThis is a 2 star matchup. RBs perform below their average vs. KC who currently ranks #30 against this position","at  SFThis is a 4 star matchup. RBs perform close to their average vs. SF who currently ranks #9 against this position","vs.  DALThis is a 5 star matchup. RBs perform better than their average vs. DAL who currently ranks #2 against this position","at  SEAThis is a 1 star matchup. RBs perform below their average vs. SEA who currently ranks #32 against this position","at  TBThis is a 3 star matchup. RBs perform close to their average vs. TB who currently ranks #19 against this position","vs.  SEAThis is a 1 star matchup. RBs perform below their average vs. SEA who currently ranks #32 against this position"
"96","Jaleel McLaughlinJ. McLaughlin DEN","at  KCThis is a 2 star matchup. RBs perform below their average vs. KC who currently ranks #30 against this position","vs.  JACThis is a 3 star matchup. RBs perform close to their average vs. JAC who currently ranks #21 against this position","vs.  LARThis is a 2 star matchup. RBs perform below their average vs. LAR who currently ranks #28 against this position","at  SFThis is a 4 star matchup. RBs perform close to their average vs. SF who currently ranks #9 against this position","at  LACThis is a 3 star matchup. RBs perform close to their average vs. LAC who currently ranks #22 against this position","vs.  SEAThis is a 1 star matchup. RBs perform below their average vs. SEA who currently ranks #32 against this position","at  ARIThis is a 5 star matchup. RBs perform better than their average vs. ARI who currently ranks #1 against this position","vs.  KCThis is a 2 star matchup. RBs perform below their average vs. KC who currently ranks #30 against this position","at  CARThis is a 4 star matchup. RBs perform close to their average vs. CAR who currently ranks #11 against this position","BYE","vs.  LVThis is a 3 star matchup. RBs perform close to their average vs. LV who currently ranks #17 against this position","at  PITThis is a 2 star matchup. RBs perform below their average vs. PIT who currently ranks #31 against this position","vs.  MIAThis is a 4 star matchup. RBs perform better than their average vs. MIA who currently ranks #4 against this position","at  NYJThis is a 4 star matchup. RBs perform better than their average vs. NYJ who currently ranks #8 against this position","at  LVThis is a 3 star matchup. RBs perform close to their average vs. LV who currently ranks #17 against this position","vs.  BUFThis is a 4 star matchup. RBs perform better than their average vs. BUF who currently ranks #3 against this position","at  NEThis is a 2 star matchup. RBs perform below their average vs. NE who currently ranks #29 against this position","vs.  LACThis is a 3 star matchup. RBs perform close to their average vs. LAC who currently ranks #22 against this position"
"97","Audric EstimeA. Estime NO","at  DETThis is a 2 star matchup. RBs perform below their average vs. DET who currently ranks #27 against this position","at  BALThis is a 3 star matchup. RBs perform close to their average vs. BAL who currently ranks #12 against this position","vs.  LVThis is a 3 star matchup. RBs perform close to their average vs. LV who currently ranks #17 against this position","vs.  ATLThis is a 3 star matchup. RBs perform close to their average vs. ATL who currently ranks #14 against this position","vs.  MINThis is a 3 star matchup. RBs perform close to their average vs. MIN who currently ranks #20 against this position","at  NYGThis is a 4 star matchup. RBs perform better than their average vs. NYG who currently ranks #5 against this position","vs.  PITThis is a 2 star matchup. RBs perform below their average vs. PIT who currently ranks #31 against this position","BYE","vs.  CLEThis is a 2 star matchup. RBs perform close to their average vs. CLE who currently ranks #25 against this position","vs.  CARThis is a 4 star matchup. RBs perform close to their average vs. CAR who currently ranks #11 against this position","at  CHIThis is a 3 star matchup. RBs perform close to their average vs. CHI who currently ranks #15 against this position","at  CINThis is a 4 star matchup. RBs perform close to their average vs. CIN who currently ranks #10 against this position","vs.  GBThis is a 3 star matchup. RBs perform close to their average vs. GB who currently ranks #16 against this position","at  CARThis is a 4 star matchup. RBs perform close to their average vs. CAR who currently ranks #11 against this position","at  TBThis is a 3 star matchup. RBs perform close to their average vs. TB who currently ranks #19 against this position","vs.  ARIThis is a 5 star matchup. RBs perform better than their average vs. ARI who currently ranks #1 against this position","at  ATLThis is a 3 star matchup. RBs perform close to their average vs. ATL who currently ranks #14 against this position","vs.  TBThis is a 3 star matchup. RBs perform close to their average vs. TB who currently ranks #19 against this position"
"98","Will ShipleyW. Shipley PHI","vs.  WASThis is a 4 star matchup. RBs perform better than their average vs. WAS who currently ranks #6 against this position","at  TENThis is a 4 star matchup. RBs perform better than their average vs. TEN who currently ranks #7 against this position","at  CHIThis is a 3 star matchup. RBs perform close to their average vs. CHI who currently ranks #15 against this position","vs.  LARThis is a 2 star matchup. RBs perform below their average vs. LAR who currently ranks #28 against this position","at  JACThis is a 3 star matchup. RBs perform close to their average vs. JAC who currently ranks #21 against this position","vs.  CARThis is a 4 star matchup. RBs perform close to their average vs. CAR who currently ranks #11 against this position","vs.  DALThis is a 5 star matchup. RBs perform better than their average vs. DAL who currently ranks #2 against this position","at  WASThis is a 4 star matchup. RBs perform better than their average vs. WAS who currently ranks #6 against this position","vs.  NYGThis is a 4 star matchup. RBs perform better than their average vs. NYG who currently ranks #5 against this position","BYE","vs.  PITThis is a 2 star matchup. RBs perform below their average vs. PIT who currently ranks #31 against this position","at  DALThis is a 5 star matchup. RBs perform better than their average vs. DAL who currently ranks #2 against this position","at  ARIThis is a 5 star matchup. RBs perform better than their average vs. ARI who currently ranks #1 against this position","vs.  INDThis is a 2 star matchup. RBs perform close to their average vs. IND who currently ranks #26 against this position","vs.  SEAThis is a 1 star matchup. RBs perform below their average vs. SEA who currently ranks #32 against this position","vs.  HOUThis is a 3 star matchup. RBs perform close to their average vs. HOU who currently ranks #13 against this position","at  SFThis is a 4 star matchup. RBs perform close to their average vs. SF who currently ranks #9 against this position","at  NYGThis is a 4 star matchup. RBs perform better than their average vs. NYG who currently ranks #5 against this position"
"99","Joe MixonJ. Mixon FA","","","","","","","","","","","","","","","","","",""
"100","Kareem HuntK. Hunt FA","","","","","","","","","","","","","","","","","",""
"101","Bam KnightB. Knight ARI","at  LACThis is a 3 star matchup. RBs perform close to their average vs. LAC who currently ranks #22 against this position","vs.  SEAThis is a 1 star matchup. RBs perform below their average vs. SEA who currently ranks #32 against this position","at  SFThis is a 4 star matchup. RBs perform close to their average vs. SF who currently ranks #9 against this position","at  NYGThis is a 4 star matchup. RBs perform better than their average vs. NYG who currently ranks #5 against this position","vs.  DETThis is a 2 star matchup. RBs perform below their average vs. DET who currently ranks #27 against this position","at  LARThis is a 2 star matchup. RBs perform below their average vs. LAR who currently ranks #28 against this position","vs.  DENThis is a 2 star matchup. RBs perform close to their average vs. DEN who currently ranks #24 against this position","at  DALThis is a 5 star matchup. RBs perform better than their average vs. DAL who currently ranks #2 against this position","at  SEAThis is a 1 star matchup. RBs perform below their average vs. SEA who currently ranks #32 against this position","vs.  LARThis is a 2 star matchup. RBs perform below their average vs. LAR who currently ranks #28 against this position","at  KCThis is a 2 star matchup. RBs perform below their average vs. KC who currently ranks #30 against this position","vs.  WASThis is a 4 star matchup. RBs perform better than their average vs. WAS who currently ranks #6 against this position","vs.  PHIThis is a 3 star matchup. RBs perform close to their average vs. PHI who currently ranks #18 against this position","BYE","vs.  NYJThis is a 4 star matchup. RBs perform better than their average vs. NYJ who currently ranks #8 against this position","at  NOThis is a 3 star matchup. RBs perform close to their average vs. NO who currently ranks #23 against this position","vs.  LVThis is a 3 star matchup. RBs perform close to their average vs. LV who currently ranks #17 against this position","vs.  SFThis is a 4 star matchup. RBs perform close to their average vs. SF who currently ranks #9 against this position"
"102","Eli HeidenreichE. Heidenreich PIT","vs.  ATLThis is a 3 star matchup. RBs perform close to their average vs. ATL who currently ranks #14 against this position","at  NEThis is a 2 star matchup. RBs perform below their average vs. NE who currently ranks #29 against this position","vs.  CINThis is a 4 star matchup. RBs perform close to their average vs. CIN who currently ranks #10 against this position","at  CLEThis is a 2 star matchup. RBs perform close to their average vs. CLE who currently ranks #25 against this position","vs.  INDThis is a 2 star matchup. RBs perform close to their average vs. IND who currently ranks #26 against this position","at  TBThis is a 3 star matchup. RBs perform close to their average vs. TB who currently ranks #19 against this position","at  NOThis is a 3 star matchup. RBs perform close to their average vs. NO who currently ranks #23 against this position","vs.  CLEThis is a 2 star matchup. RBs perform close to their average vs. CLE who currently ranks #25 against this position","BYE","at  CINThis is a 4 star matchup. RBs perform close to their average vs. CIN who currently ranks #10 against this position","at  PHIThis is a 3 star matchup. RBs perform close to their average vs. PHI who currently ranks #18 against this position","vs.  DENThis is a 2 star matchup. RBs perform close to their average vs. DEN who currently ranks #24 against this position","vs.  HOUThis is a 3 star matchup. RBs perform close to their average vs. HOU who currently ranks #13 against this position","at  JACThis is a 3 star matchup. RBs perform close to their average vs. JAC who currently ranks #21 against this position","vs.  BALThis is a 3 star matchup. RBs perform close to their average vs. BAL who currently ranks #12 against this position","vs.  CARThis is a 4 star matchup. RBs perform close to their average vs. CAR who currently ranks #11 against this position","at  TENThis is a 4 star matchup. RBs perform better than their average vs. TEN who currently ranks #7 against this position","at  BALThis is a 3 star matchup. RBs perform close to their average vs. BAL who currently ranks #12 against this position"
"103","Michael CarterM. Carter TEN","vs.  NYJThis is a 4 star matchup. RBs perform better than their average vs. NYJ who currently ranks #8 against this position","vs.  PHIThis is a 3 star matchup. RBs perform close to their average vs. PHI who currently ranks #18 against this position","at  NYGThis is a 4 star matchup. RBs perform better than their average vs. NYG who currently ranks #5 against this position","at  BALThis is a 3 star matchup. RBs perform close to their average vs. BAL who currently ranks #12 against this position","vs.  HOUThis is a 3 star matchup. RBs perform close to their average vs. HOU who currently ranks #13 against this position","at  INDThis is a 2 star matchup. RBs perform close to their average vs. IND who currently ranks #26 against this position","vs.  CLEThis is a 2 star matchup. RBs perform close to their average vs. CLE who currently ranks #25 against this position","at  CINThis is a 4 star matchup. RBs perform close to their average vs. CIN who currently ranks #10 against this position","BYE","vs.  JACThis is a 3 star matchup. RBs perform close to their average vs. JAC who currently ranks #21 against this position","at  DALThis is a 5 star matchup. RBs perform better than their average vs. DAL who currently ranks #2 against this position","at  JACThis is a 3 star matchup. RBs perform close to their average vs. JAC who currently ranks #21 against this position","vs.  WASThis is a 4 star matchup. RBs perform better than their average vs. WAS who currently ranks #6 against this position","at  DETThis is a 2 star matchup. RBs perform below their average vs. DET who currently ranks #27 against this position","vs.  INDThis is a 2 star matchup. RBs perform close to their average vs. IND who currently ranks #26 against this position","at  LVThis is a 3 star matchup. RBs perform close to their average vs. LV who currently ranks #17 against this position","vs.  PITThis is a 2 star matchup. RBs perform below their average vs. PIT who currently ranks #31 against this position","at  HOUThis is a 3 star matchup. RBs perform close to their average vs. HOU who currently ranks #13 against this position"
"104","Jawhar JordanJ. Jordan HOU","vs.  BUFThis is a 4 star matchup. RBs perform better than their average vs. BUF who currently ranks #3 against this position","vs.  CINThis is a 4 star matchup. RBs perform close to their average vs. CIN who currently ranks #10 against this position","at  INDThis is a 2 star matchup. RBs perform close to their average vs. IND who currently ranks #26 against this position","vs.  DALThis is a 5 star matchup. RBs perform better than their average vs. DAL who currently ranks #2 against this position","at  TENThis is a 4 star matchup. RBs perform better than their average vs. TEN who currently ranks #7 against this position","at  JACThis is a 3 star matchup. RBs perform close to their average vs. JAC who currently ranks #21 against this position","vs.  NYGThis is a 4 star matchup. RBs perform better than their average vs. NYG who currently ranks #5 against this position","BYE","at  LACThis is a 3 star matchup. RBs perform close to their average vs. LAC who currently ranks #22 against this position","at  CLEThis is a 2 star matchup. RBs perform close to their average vs. CLE who currently ranks #25 against this position","vs.  INDThis is a 2 star matchup. RBs perform close to their average vs. IND who currently ranks #26 against this position","vs.  BALThis is a 3 star matchup. RBs perform close to their average vs. BAL who currently ranks #12 against this position","at  PITThis is a 2 star matchup. RBs perform below their average vs. PIT who currently ranks #31 against this position","at  WASThis is a 4 star matchup. RBs perform better than their average vs. WAS who currently ranks #6 against this position","vs.  JACThis is a 3 star matchup. RBs perform close to their average vs. JAC who currently ranks #21 against this position","at  PHIThis is a 3 star matchup. RBs perform close to their average vs. PHI who currently ranks #18 against this position","at  GBThis is a 3 star matchup. RBs perform close to their average vs. GB who currently ranks #16 against this position","vs.  TENThis is a 4 star matchup. RBs perform better than their average vs. TEN who currently ranks #7 against this position"
"105","J'Mari TaylorJ. Taylor JAC","vs.  CLEThis is a 2 star matchup. RBs perform close to their average vs. CLE who currently ranks #25 against this position","at  DENThis is a 2 star matchup. RBs perform close to their average vs. DEN who currently ranks #24 against this position","vs.  NEThis is a 2 star matchup. RBs perform below their average vs. NE who currently ranks #29 against this position","at  CINThis is a 4 star matchup. RBs perform close to their average vs. CIN who currently ranks #10 against this position","vs.  PHIThis is a 3 star matchup. RBs perform close to their average vs. PHI who currently ranks #18 against this position","vs.  HOUThis is a 3 star matchup. RBs perform close to their average vs. HOU who currently ranks #13 against this position","BYE","vs.  INDThis is a 2 star matchup. RBs perform close to their average vs. IND who currently ranks #26 against this position","at  BALThis is a 3 star matchup. RBs perform close to their average vs. BAL who currently ranks #12 against this position","at  TENThis is a 4 star matchup. RBs perform better than their average vs. TEN who currently ranks #7 against this position","at  NYGThis is a 4 star matchup. RBs perform better than their average vs. NYG who currently ranks #5 against this position","vs.  TENThis is a 4 star matchup. RBs perform better than their average vs. TEN who currently ranks #7 against this position","at  CHIThis is a 3 star matchup. RBs perform close to their average vs. CHI who currently ranks #15 against this position","vs.  PITThis is a 2 star matchup. RBs perform below their average vs. PIT who currently ranks #31 against this position","at  HOUThis is a 3 star matchup. RBs perform close to their average vs. HOU who currently ranks #13 against this position","at  DALThis is a 5 star matchup. RBs perform better than their average vs. DAL who currently ranks #2 against this position","vs.  WASThis is a 4 star matchup. RBs perform better than their average vs. WAS who currently ranks #6 against this position","at  INDThis is a 2 star matchup. RBs perform close to their average vs. IND who currently ranks #26 against this position"
"106","Nick ChubbN. Chubb FA","","","","","","","","","","","","","","","","","",""
"107","Raheim SandersR. Sanders CLE","at  JACThis is a 3 star matchup. RBs perform close to their average vs. JAC who currently ranks #21 against this position","at  TBThis is a 3 star matchup. RBs perform close to their average vs. TB who currently ranks #19 against this position","vs.  CARThis is a 4 star matchup. RBs perform close to their average vs. CAR who currently ranks #11 against this position","vs.  PITThis is a 2 star matchup. RBs perform below their average vs. PIT who currently ranks #31 against this position","at  NYJThis is a 4 star matchup. RBs perform better than their average vs. NYJ who currently ranks #8 against this position","vs.  BALThis is a 3 star matchup. RBs perform close to their average vs. BAL who currently ranks #12 against this position","at  TENThis is a 4 star matchup. RBs perform better than their average vs. TEN who currently ranks #7 against this position","at  PITThis is a 2 star matchup. RBs perform below their average vs. PIT who currently ranks #31 against this position","at  NOThis is a 3 star matchup. RBs perform close to their average vs. NO who currently ranks #23 against this position","vs.  HOUThis is a 3 star matchup. RBs perform close to their average vs. HOU who currently ranks #13 against this position","BYE","vs.  LVThis is a 3 star matchup. RBs perform close to their average vs. LV who currently ranks #17 against this position","vs.  CINThis is a 4 star matchup. RBs perform close to their average vs. CIN who currently ranks #10 against this position","vs.  ATLThis is a 3 star matchup. RBs perform close to their average vs. ATL who currently ranks #14 against this position","at  NYGThis is a 4 star matchup. RBs perform better than their average vs. NYG who currently ranks #5 against this position","at  BALThis is a 3 star matchup. RBs perform close to their average vs. BAL who currently ranks #12 against this position","vs.  INDThis is a 2 star matchup. RBs perform close to their average vs. IND who currently ranks #26 against this position","at  CINThis is a 4 star matchup. RBs perform close to their average vs. CIN who currently ranks #10 against this position"
"108","Phil MafahP. Mafah DAL","at  NYGThis is a 4 star matchup. RBs perform better than their average vs. NYG who currently ranks #5 against this position","vs.  WASThis is a 4 star matchup. RBs perform better than their average vs. WAS who currently ranks #6 against this position","vs.  BALThis is a 3 star matchup. RBs perform close to their average vs. BAL who currently ranks #12 against this position","at  HOUThis is a 3 star matchup. RBs perform close to their average vs. HOU who currently ranks #13 against this position","vs.  TBThis is a 3 star matchup. RBs perform close to their average vs. TB who currently ranks #19 against this position","at  GBThis is a 3 star matchup. RBs perform close to their average vs. GB who currently ranks #16 against this position","at  PHIThis is a 3 star matchup. RBs perform close to their average vs. PHI who currently ranks #18 against this position","vs.  ARIThis is a 5 star matchup. RBs perform better than their average vs. ARI who currently ranks #1 against this position","at  INDThis is a 2 star matchup. RBs perform close to their average vs. IND who currently ranks #26 against this position","vs.  SFThis is a 4 star matchup. RBs perform close to their average vs. SF who currently ranks #9 against this position","vs.  TENThis is a 4 star matchup. RBs perform better than their average vs. TEN who currently ranks #7 against this position","vs.  PHIThis is a 3 star matchup. RBs perform close to their average vs. PHI who currently ranks #18 against this position","at  SEAThis is a 1 star matchup. RBs perform below their average vs. SEA who currently ranks #32 against this position","BYE","at  LARThis is a 2 star matchup. RBs perform below their average vs. LAR who currently ranks #28 against this position","vs.  JACThis is a 3 star matchup. RBs perform close to their average vs. JAC who currently ranks #21 against this position","vs.  NYGThis is a 4 star matchup. RBs perform better than their average vs. NYG who currently ranks #5 against this position","at  WASThis is a 4 star matchup. RBs perform better than their average vs. WAS who currently ranks #6 against this position"
"109","Austin EkelerA. Ekeler FA","","","","","","","","","","","","","","","","","",""
"110","Dameon PierceD. Pierce PHI","vs.  WASThis is a 4 star matchup. RBs perform better than their average vs. WAS who currently ranks #6 against this position","at  TENThis is a 4 star matchup. RBs perform better than their average vs. TEN who currently ranks #7 against this position","at  CHIThis is a 3 star matchup. RBs perform close to their average vs. CHI who currently ranks #15 against this position","vs.  LARThis is a 2 star matchup. RBs perform below their average vs. LAR who currently ranks #28 against this position","at  JACThis is a 3 star matchup. RBs perform close to their average vs. JAC who currently ranks #21 against this position","vs.  CARThis is a 4 star matchup. RBs perform close to their average vs. CAR who currently ranks #11 against this position","vs.  DALThis is a 5 star matchup. RBs perform better than their average vs. DAL who currently ranks #2 against this position","at  WASThis is a 4 star matchup. RBs perform better than their average vs. WAS who currently ranks #6 against this position","vs.  NYGThis is a 4 star matchup. RBs perform better than their average vs. NYG who currently ranks #5 against this position","BYE","vs.  PITThis is a 2 star matchup. RBs perform below their average vs. PIT who currently ranks #31 against this position","at  DALThis is a 5 star matchup. RBs perform better than their average vs. DAL who currently ranks #2 against this position","at  ARIThis is a 5 star matchup. RBs perform better than their average vs. ARI who currently ranks #1 against this position","vs.  INDThis is a 2 star matchup. RBs perform close to their average vs. IND who currently ranks #26 against this position","vs.  SEAThis is a 1 star matchup. RBs perform below their average vs. SEA who currently ranks #32 against this position","vs.  HOUThis is a 3 star matchup. RBs perform close to their average vs. HOU who currently ranks #13 against this position","at  SFThis is a 4 star matchup. RBs perform close to their average vs. SF who currently ranks #9 against this position","at  NYGThis is a 4 star matchup. RBs perform better than their average vs. NYG who currently ranks #5 against this position"
"111","Kyle JuszczykK. Juszczyk SF","at  LARThis is a 2 star matchup. RBs perform below their average vs. LAR who currently ranks #28 against this position","vs.  MIAThis is a 4 star matchup. RBs perform better than their average vs. MIA who currently ranks #4 against this position","vs.  ARIThis is a 5 star matchup. RBs perform better than their average vs. ARI who currently ranks #1 against this position","vs.  DENThis is a 2 star matchup. RBs perform close to their average vs. DEN who currently ranks #24 against this position","at  SEAThis is a 1 star matchup. RBs perform below their average vs. SEA who currently ranks #32 against this position","vs.  WASThis is a 4 star matchup. RBs perform better than their average vs. WAS who currently ranks #6 against this position","at  ATLThis is a 3 star matchup. RBs perform close to their average vs. ATL who currently ranks #14 against this position","BYE","vs.  LVThis is a 3 star matchup. RBs perform close to their average vs. LV who currently ranks #17 against this position","at  DALThis is a 5 star matchup. RBs perform better than their average vs. DAL who currently ranks #2 against this position","vs.  MINThis is a 3 star matchup. RBs perform close to their average vs. MIN who currently ranks #20 against this position","vs.  SEAThis is a 1 star matchup. RBs perform below their average vs. SEA who currently ranks #32 against this position","at  NYGThis is a 4 star matchup. RBs perform better than their average vs. NYG who currently ranks #5 against this position","vs.  LARThis is a 2 star matchup. RBs perform below their average vs. LAR who currently ranks #28 against this position","at  LACThis is a 3 star matchup. RBs perform close to their average vs. LAC who currently ranks #22 against this position","at  KCThis is a 2 star matchup. RBs perform below their average vs. KC who currently ranks #30 against this position","vs.  PHIThis is a 3 star matchup. RBs perform close to their average vs. PHI who currently ranks #18 against this position","at  ARIThis is a 5 star matchup. RBs perform better than their average vs. ARI who currently ranks #1 against this position"
"112","Terrell JenningsT. Jennings NE","at  SEAThis is a 1 star matchup. RBs perform below their average vs. SEA who currently ranks #32 against this position","vs.  PITThis is a 2 star matchup. RBs perform below their average vs. PIT who currently ranks #31 against this position","at  JACThis is a 3 star matchup. RBs perform close to their average vs. JAC who currently ranks #21 against this position","at  BUFThis is a 4 star matchup. RBs perform better than their average vs. BUF who currently ranks #3 against this position","vs.  LVThis is a 3 star matchup. RBs perform close to their average vs. LV who currently ranks #17 against this position","vs.  NYJThis is a 4 star matchup. RBs perform better than their average vs. NYJ who currently ranks #8 against this position","at  CHIThis is a 3 star matchup. RBs perform close to their average vs. CHI who currently ranks #15 against this position","at  MIAThis is a 4 star matchup. RBs perform better than their average vs. MIA who currently ranks #4 against this position","vs.  GBThis is a 3 star matchup. RBs perform close to their average vs. GB who currently ranks #16 against this position","at  DETThis is a 2 star matchup. RBs perform below their average vs. DET who currently ranks #27 against this position","BYE","at  LACThis is a 3 star matchup. RBs perform close to their average vs. LAC who currently ranks #22 against this position","vs.  BUFThis is a 4 star matchup. RBs perform better than their average vs. BUF who currently ranks #3 against this position","vs.  MINThis is a 3 star matchup. RBs perform close to their average vs. MIN who currently ranks #20 against this position","at  KCThis is a 2 star matchup. RBs perform below their average vs. KC who currently ranks #30 against this position","at  NYJThis is a 4 star matchup. RBs perform better than their average vs. NYJ who currently ranks #8 against this position","vs.  DENThis is a 2 star matchup. RBs perform close to their average vs. DEN who currently ranks #24 against this position","vs.  MIAThis is a 4 star matchup. RBs perform better than their average vs. MIA who currently ranks #4 against this position"
"113","Jam MillerJ. Miller NE","at  SEAThis is a 1 star matchup. RBs perform below their average vs. SEA who currently ranks #32 against this position","vs.  PITThis is a 2 star matchup. RBs perform below their average vs. PIT who currently ranks #31 against this position","at  JACThis is a 3 star matchup. RBs perform close to their average vs. JAC who currently ranks #21 against this position","at  BUFThis is a 4 star matchup. RBs perform better than their average vs. BUF who currently ranks #3 against this position","vs.  LVThis is a 3 star matchup. RBs perform close to their average vs. LV who currently ranks #17 against this position","vs.  NYJThis is a 4 star matchup. RBs perform better than their average vs. NYJ who currently ranks #8 against this position","at  CHIThis is a 3 star matchup. RBs perform close to their average vs. CHI who currently ranks #15 against this position","at  MIAThis is a 4 star matchup. RBs perform better than their average vs. MIA who currently ranks #4 against this position","vs.  GBThis is a 3 star matchup. RBs perform close to their average vs. GB who currently ranks #16 against this position","at  DETThis is a 2 star matchup. RBs perform below their average vs. DET who currently ranks #27 against this position","BYE","at  LACThis is a 3 star matchup. RBs perform close to their average vs. LAC who currently ranks #22 against this position","vs.  BUFThis is a 4 star matchup. RBs perform better than their average vs. BUF who currently ranks #3 against this position","vs.  MINThis is a 3 star matchup. RBs perform close to their average vs. MIN who currently ranks #20 against this position","at  KCThis is a 2 star matchup. RBs perform below their average vs. KC who currently ranks #30 against this position","at  NYJThis is a 4 star matchup. RBs perform better than their average vs. NYJ who currently ranks #8 against this position","vs.  DENThis is a 2 star matchup. RBs perform close to their average vs. DEN who currently ranks #24 against this position","vs.  MIAThis is a 4 star matchup. RBs perform better than their average vs. MIA who currently ranks #4 against this position"
"114","Roschon JohnsonR. Johnson CHI","at  CARThis is a 4 star matchup. RBs perform close to their average vs. CAR who currently ranks #11 against this position","vs.  MINThis is a 3 star matchup. RBs perform close to their average vs. MIN who currently ranks #20 against this position","vs.  PHIThis is a 3 star matchup. RBs perform close to their average vs. PHI who currently ranks #18 against this position","vs.  NYJThis is a 4 star matchup. RBs perform better than their average vs. NYJ who currently ranks #8 against this position","at  GBThis is a 3 star matchup. RBs perform close to their average vs. GB who currently ranks #16 against this position","at  ATLThis is a 3 star matchup. RBs perform close to their average vs. ATL who currently ranks #14 against this position","vs.  NEThis is a 2 star matchup. RBs perform below their average vs. NE who currently ranks #29 against this position","at  SEAThis is a 1 star matchup. RBs perform below their average vs. SEA who currently ranks #32 against this position","vs.  TBThis is a 3 star matchup. RBs perform close to their average vs. TB who currently ranks #19 against this position","BYE","vs.  NOThis is a 3 star matchup. RBs perform close to their average vs. NO who currently ranks #23 against this position","at  DETThis is a 2 star matchup. RBs perform below their average vs. DET who currently ranks #27 against this position","vs.  JACThis is a 3 star matchup. RBs perform close to their average vs. JAC who currently ranks #21 against this position","at  MIAThis is a 4 star matchup. RBs perform better than their average vs. MIA who currently ranks #4 against this position","at  BUFThis is a 4 star matchup. RBs perform better than their average vs. BUF who currently ranks #3 against this position","vs.  GBThis is a 3 star matchup. RBs perform close to their average vs. GB who currently ranks #16 against this position","vs.  DETThis is a 2 star matchup. RBs perform below their average vs. DET who currently ranks #27 against this position","at  MINThis is a 3 star matchup. RBs perform close to their average vs. MIN who currently ranks #20 against this position"
"115","Rasheen AliR. Ali BAL","at  INDThis is a 2 star matchup. RBs perform close to their average vs. IND who currently ranks #26 against this position","vs.  NOThis is a 3 star matchup. RBs perform close to their average vs. NO who currently ranks #23 against this position","at  DALThis is a 5 star matchup. RBs perform better than their average vs. DAL who currently ranks #2 against this position","vs.  TENThis is a 4 star matchup. RBs perform better than their average vs. TEN who currently ranks #7 against this position","at  ATLThis is a 3 star matchup. RBs perform close to their average vs. ATL who currently ranks #14 against this position","at  CLEThis is a 2 star matchup. RBs perform close to their average vs. CLE who currently ranks #25 against this position","vs.  CINThis is a 4 star matchup. RBs perform close to their average vs. CIN who currently ranks #10 against this position","at  BUFThis is a 4 star matchup. RBs perform better than their average vs. BUF who currently ranks #3 against this position","vs.  JACThis is a 3 star matchup. RBs perform close to their average vs. JAC who currently ranks #21 against this position","vs.  LACThis is a 3 star matchup. RBs perform close to their average vs. LAC who currently ranks #22 against this position","at  CARThis is a 4 star matchup. RBs perform close to their average vs. CAR who currently ranks #11 against this position","at  HOUThis is a 3 star matchup. RBs perform close to their average vs. HOU who currently ranks #13 against this position","BYE","vs.  TBThis is a 3 star matchup. RBs perform close to their average vs. TB who currently ranks #19 against this position","at  PITThis is a 2 star matchup. RBs perform below their average vs. PIT who currently ranks #31 against this position","vs.  CLEThis is a 2 star matchup. RBs perform close to their average vs. CLE who currently ranks #25 against this position","at  CINThis is a 4 star matchup. RBs perform close to their average vs. CIN who currently ranks #10 against this position","vs.  PITThis is a 2 star matchup. RBs perform below their average vs. PIT who currently ranks #31 against this position"
"116","Jeremy McNicholsJ. McNichols WAS","at  PHIThis is a 3 star matchup. RBs perform close to their average vs. PHI who currently ranks #18 against this position","at  DALThis is a 5 star matchup. RBs perform better than their average vs. DAL who currently ranks #2 against this position","vs.  SEAThis is a 1 star matchup. RBs perform below their average vs. SEA who currently ranks #32 against this position","vs.  INDThis is a 2 star matchup. RBs perform close to their average vs. IND who currently ranks #26 against this position","vs.  NYGThis is a 4 star matchup. RBs perform better than their average vs. NYG who currently ranks #5 against this position","at  SFThis is a 4 star matchup. RBs perform close to their average vs. SF who currently ranks #9 against this position","BYE","vs.  PHIThis is a 3 star matchup. RBs perform close to their average vs. PHI who currently ranks #18 against this position","vs.  LARThis is a 2 star matchup. RBs perform below their average vs. LAR who currently ranks #28 against this position","at  NYGThis is a 4 star matchup. RBs perform better than their average vs. NYG who currently ranks #5 against this position","vs.  CINThis is a 4 star matchup. RBs perform close to their average vs. CIN who currently ranks #10 against this position","at  ARIThis is a 5 star matchup. RBs perform better than their average vs. ARI who currently ranks #1 against this position","at  TENThis is a 4 star matchup. RBs perform better than their average vs. TEN who currently ranks #7 against this position","vs.  HOUThis is a 3 star matchup. RBs perform close to their average vs. HOU who currently ranks #13 against this position","vs.  ATLThis is a 3 star matchup. RBs perform close to their average vs. ATL who currently ranks #14 against this position","at  MINThis is a 3 star matchup. RBs perform close to their average vs. MIN who currently ranks #20 against this position","at  JACThis is a 3 star matchup. RBs perform close to their average vs. JAC who currently ranks #21 against this position","vs.  DALThis is a 5 star matchup. RBs perform better than their average vs. DAL who currently ranks #2 against this position"
"117","Sione VakiS. Vaki DET","vs.  NOThis is a 3 star matchup. RBs perform close to their average vs. NO who currently ranks #23 against this position","at  BUFThis is a 4 star matchup. RBs perform better than their average vs. BUF who currently ranks #3 against this position","vs.  NYJThis is a 4 star matchup. RBs perform better than their average vs. NYJ who currently ranks #8 against this position","at  CARThis is a 4 star matchup. RBs perform close to their average vs. CAR who currently ranks #11 against this position","at  ARIThis is a 5 star matchup. RBs perform better than their average vs. ARI who currently ranks #1 against this position","BYE","vs.  GBThis is a 3 star matchup. RBs perform close to their average vs. GB who currently ranks #16 against this position","vs.  MINThis is a 3 star matchup. RBs perform close to their average vs. MIN who currently ranks #20 against this position","at  MIAThis is a 4 star matchup. RBs perform better than their average vs. MIA who currently ranks #4 against this position","vs.  NEThis is a 2 star matchup. RBs perform below their average vs. NE who currently ranks #29 against this position","vs.  TBThis is a 3 star matchup. RBs perform close to their average vs. TB who currently ranks #19 against this position","vs.  CHIThis is a 3 star matchup. RBs perform close to their average vs. CHI who currently ranks #15 against this position","at  ATLThis is a 3 star matchup. RBs perform close to their average vs. ATL who currently ranks #14 against this position","vs.  TENThis is a 4 star matchup. RBs perform better than their average vs. TEN who currently ranks #7 against this position","at  MINThis is a 3 star matchup. RBs perform close to their average vs. MIN who currently ranks #20 against this position","vs.  NYGThis is a 4 star matchup. RBs perform better than their average vs. NYG who currently ranks #5 against this position","at  CHIThis is a 3 star matchup. RBs perform close to their average vs. CHI who currently ranks #15 against this position","at  GBThis is a 3 star matchup. RBs perform close to their average vs. GB who currently ranks #16 against this position"
"118","Robert Henry Jr.R. Henry Jr. WAS","at  PHIThis is a 3 star matchup. RBs perform close to their average vs. PHI who currently ranks #18 against this position","at  DALThis is a 5 star matchup. RBs perform better than their average vs. DAL who currently ranks #2 against this position","vs.  SEAThis is a 1 star matchup. RBs perform below their average vs. SEA who currently ranks #32 against this position","vs.  INDThis is a 2 star matchup. RBs perform close to their average vs. IND who currently ranks #26 against this position","vs.  NYGThis is a 4 star matchup. RBs perform better than their average vs. NYG who currently ranks #5 against this position","at  SFThis is a 4 star matchup. RBs perform close to their average vs. SF who currently ranks #9 against this position","BYE","vs.  PHIThis is a 3 star matchup. RBs perform close to their average vs. PHI who currently ranks #18 against this position","vs.  LARThis is a 2 star matchup. RBs perform below their average vs. LAR who currently ranks #28 against this position","at  NYGThis is a 4 star matchup. RBs perform better than their average vs. NYG who currently ranks #5 against this position","vs.  CINThis is a 4 star matchup. RBs perform close to their average vs. CIN who currently ranks #10 against this position","at  ARIThis is a 5 star matchup. RBs perform better than their average vs. ARI who currently ranks #1 against this position","at  TENThis is a 4 star matchup. RBs perform better than their average vs. TEN who currently ranks #7 against this position","vs.  HOUThis is a 3 star matchup. RBs perform close to their average vs. HOU who currently ranks #13 against this position","vs.  ATLThis is a 3 star matchup. RBs perform close to their average vs. ATL who currently ranks #14 against this position","at  MINThis is a 3 star matchup. RBs perform close to their average vs. MIN who currently ranks #20 against this position","at  JACThis is a 3 star matchup. RBs perform close to their average vs. JAC who currently ranks #21 against this position","vs.  DALThis is a 5 star matchup. RBs perform better than their average vs. DAL who currently ranks #2 against this position"
"119","Jaret PattersonJ. Patterson LAC","vs.  ARIThis is a 5 star matchup. RBs perform better than their average vs. ARI who currently ranks #1 against this position","vs.  LVThis is a 3 star matchup. RBs perform close to their average vs. LV who currently ranks #17 against this position","at  BUFThis is a 4 star matchup. RBs perform better than their average vs. BUF who currently ranks #3 against this position","at  SEAThis is a 1 star matchup. RBs perform below their average vs. SEA who currently ranks #32 against this position","vs.  DENThis is a 2 star matchup. RBs perform close to their average vs. DEN who currently ranks #24 against this position","at  KCThis is a 2 star matchup. RBs perform below their average vs. KC who currently ranks #30 against this position","BYE","at  LARThis is a 2 star matchup. RBs perform below their average vs. LAR who currently ranks #28 against this position","vs.  HOUThis is a 3 star matchup. RBs perform close to their average vs. HOU who currently ranks #13 against this position","at  BALThis is a 3 star matchup. RBs perform close to their average vs. BAL who currently ranks #12 against this position","vs.  NYJThis is a 4 star matchup. RBs perform better than their average vs. NYJ who currently ranks #8 against this position","vs.  NEThis is a 2 star matchup. RBs perform below their average vs. NE who currently ranks #29 against this position","at  TBThis is a 3 star matchup. RBs perform close to their average vs. TB who currently ranks #19 against this position","at  LVThis is a 3 star matchup. RBs perform close to their average vs. LV who currently ranks #17 against this position","vs.  SFThis is a 4 star matchup. RBs perform close to their average vs. SF who currently ranks #9 against this position","at  MIAThis is a 4 star matchup. RBs perform better than their average vs. MIA who currently ranks #4 against this position","vs.  KCThis is a 2 star matchup. RBs perform below their average vs. KC who currently ranks #30 against this position","at  DENThis is a 2 star matchup. RBs perform close to their average vs. DEN who currently ranks #24 against this position"
"120","Zavier ScottZ. Scott MIN","vs.  GBThis is a 3 star matchup. RBs perform close to their average vs. GB who currently ranks #16 against this position","at  CHIThis is a 3 star matchup. RBs perform close to their average vs. CHI who currently ranks #15 against this position","at  TBThis is a 3 star matchup. RBs perform close to their average vs. TB who currently ranks #19 against this position","vs.  MIAThis is a 4 star matchup. RBs perform better than their average vs. MIA who currently ranks #4 against this position","at  NOThis is a 3 star matchup. RBs perform close to their average vs. NO who currently ranks #23 against this position","BYE","vs.  INDThis is a 2 star matchup. RBs perform close to their average vs. IND who currently ranks #26 against this position","at  DETThis is a 2 star matchup. RBs perform below their average vs. DET who currently ranks #27 against this position","vs.  BUFThis is a 4 star matchup. RBs perform better than their average vs. BUF who currently ranks #3 against this position","at  GBThis is a 3 star matchup. RBs perform close to their average vs. GB who currently ranks #16 against this position","at  SFThis is a 4 star matchup. RBs perform close to their average vs. SF who currently ranks #9 against this position","vs.  ATLThis is a 3 star matchup. RBs perform close to their average vs. ATL who currently ranks #14 against this position","vs.  CARThis is a 4 star matchup. RBs perform close to their average vs. CAR who currently ranks #11 against this position","at  NEThis is a 2 star matchup. RBs perform below their average vs. NE who currently ranks #29 against this position","vs.  DETThis is a 2 star matchup. RBs perform below their average vs. DET who currently ranks #27 against this position","vs.  WASThis is a 4 star matchup. RBs perform better than their average vs. WAS who currently ranks #6 against this position","at  NYJThis is a 4 star matchup. RBs perform better than their average vs. NYJ who currently ranks #8 against this position","vs.  CHIThis is a 3 star matchup. RBs perform close to their average vs. CHI who currently ranks #15 against this position"
"121","Miles SandersM. Sanders FA","","","","","","","","","","","","","","","","","",""
"122","Dylan LaubeD. Laube LV","vs.  MIAThis is a 4 star matchup. RBs perform better than their average vs. MIA who currently ranks #4 against this position","at  LACThis is a 3 star matchup. RBs perform close to their average vs. LAC who currently ranks #22 against this position","at  NOThis is a 3 star matchup. RBs perform close to their average vs. NO who currently ranks #23 against this position","vs.  KCThis is a 2 star matchup. RBs perform below their average vs. KC who currently ranks #30 against this position","at  NEThis is a 2 star matchup. RBs perform below their average vs. NE who currently ranks #29 against this position","vs.  BUFThis is a 4 star matchup. RBs perform better than their average vs. BUF who currently ranks #3 against this position","vs.  LARThis is a 2 star matchup. RBs perform below their average vs. LAR who currently ranks #28 against this position","at  NYJThis is a 4 star matchup. RBs perform better than their average vs. NYJ who currently ranks #8 against this position","at  SFThis is a 4 star matchup. RBs perform close to their average vs. SF who currently ranks #9 against this position","vs.  SEAThis is a 1 star matchup. RBs perform below their average vs. SEA who currently ranks #32 against this position","at  DENThis is a 2 star matchup. RBs perform close to their average vs. DEN who currently ranks #24 against this position","at  CLEThis is a 2 star matchup. RBs perform close to their average vs. CLE who currently ranks #25 against this position","BYE","vs.  LACThis is a 3 star matchup. RBs perform close to their average vs. LAC who currently ranks #22 against this position","vs.  DENThis is a 2 star matchup. RBs perform close to their average vs. DEN who currently ranks #24 against this position","vs.  TENThis is a 4 star matchup. RBs perform better than their average vs. TEN who currently ranks #7 against this position","at  ARIThis is a 5 star matchup. RBs perform better than their average vs. ARI who currently ranks #1 against this position","at  KCThis is a 2 star matchup. RBs perform below their average vs. KC who currently ranks #30 against this position"
"123","Antonio GibsonA. Gibson FA","","","","","","","","","","","","","","","","","",""
"124","Damien MartinezD. Martinez GB","at  MINThis is a 3 star matchup. RBs perform close to their average vs. MIN who currently ranks #20 against this position","at  NYJThis is a 4 star matchup. RBs perform better than their average vs. NYJ who currently ranks #8 against this position","vs.  ATLThis is a 3 star matchup. RBs perform close to their average vs. ATL who currently ranks #14 against this position","at  TBThis is a 3 star matchup. RBs perform close to their average vs. TB who currently ranks #19 against this position","vs.  CHIThis is a 3 star matchup. RBs perform close to their average vs. CHI who currently ranks #15 against this position","vs.  DALThis is a 5 star matchup. RBs perform better than their average vs. DAL who currently ranks #2 against this position","at  DETThis is a 2 star matchup. RBs perform below their average vs. DET who currently ranks #27 against this position","vs.  CARThis is a 4 star matchup. RBs perform close to their average vs. CAR who currently ranks #11 against this position","at  NEThis is a 2 star matchup. RBs perform below their average vs. NE who currently ranks #29 against this position","vs.  MINThis is a 3 star matchup. RBs perform close to their average vs. MIN who currently ranks #20 against this position","BYE","at  LARThis is a 2 star matchup. RBs perform below their average vs. LAR who currently ranks #28 against this position","at  NOThis is a 3 star matchup. RBs perform close to their average vs. NO who currently ranks #23 against this position","vs.  BUFThis is a 4 star matchup. RBs perform better than their average vs. BUF who currently ranks #3 against this position","vs.  MIAThis is a 4 star matchup. RBs perform better than their average vs. MIA who currently ranks #4 against this position","at  CHIThis is a 3 star matchup. RBs perform close to their average vs. CHI who currently ranks #15 against this position","vs.  HOUThis is a 3 star matchup. RBs perform close to their average vs. HOU who currently ranks #13 against this position","vs.  DETThis is a 2 star matchup. RBs perform below their average vs. DET who currently ranks #27 against this position"
"125","Ty ChandlerTy Chandler NO","at  DETThis is a 2 star matchup. RBs perform below their average vs. DET who currently ranks #27 against this position","at  BALThis is a 3 star matchup. RBs perform close to their average vs. BAL who currently ranks #12 against this position","vs.  LVThis is a 3 star matchup. RBs perform close to their average vs. LV who currently ranks #17 against this position","vs.  ATLThis is a 3 star matchup. RBs perform close to their average vs. ATL who currently ranks #14 against this position","vs.  MINThis is a 3 star matchup. RBs perform close to their average vs. MIN who currently ranks #20 against this position","at  NYGThis is a 4 star matchup. RBs perform better than their average vs. NYG who currently ranks #5 against this position","vs.  PITThis is a 2 star matchup. RBs perform below their average vs. PIT who currently ranks #31 against this position","BYE","vs.  CLEThis is a 2 star matchup. RBs perform close to their average vs. CLE who currently ranks #25 against this position","vs.  CARThis is a 4 star matchup. RBs perform close to their average vs. CAR who currently ranks #11 against this position","at  CHIThis is a 3 star matchup. RBs perform close to their average vs. CHI who currently ranks #15 against this position","at  CINThis is a 4 star matchup. RBs perform close to their average vs. CIN who currently ranks #10 against this position","vs.  GBThis is a 3 star matchup. RBs perform close to their average vs. GB who currently ranks #16 against this position","at  CARThis is a 4 star matchup. RBs perform close to their average vs. CAR who currently ranks #11 against this position","at  TBThis is a 3 star matchup. RBs perform close to their average vs. TB who currently ranks #19 against this position","vs.  ARIThis is a 5 star matchup. RBs perform better than their average vs. ARI who currently ranks #1 against this position","at  ATLThis is a 3 star matchup. RBs perform close to their average vs. ATL who currently ranks #14 against this position","vs.  TBThis is a 3 star matchup. RBs perform close to their average vs. TB who currently ranks #19 against this position"
"126","Roman HembyR. Hemby LV","vs.  MIAThis is a 4 star matchup. RBs perform better than their average vs. MIA who currently ranks #4 against this position","at  LACThis is a 3 star matchup. RBs perform close to their average vs. LAC who currently ranks #22 against this position","at  NOThis is a 3 star matchup. RBs perform close to their average vs. NO who currently ranks #23 against this position","vs.  KCThis is a 2 star matchup. RBs perform below their average vs. KC who currently ranks #30 against this position","at  NEThis is a 2 star matchup. RBs perform below their average vs. NE who currently ranks #29 against this position","vs.  BUFThis is a 4 star matchup. RBs perform better than their average vs. BUF who currently ranks #3 against this position","vs.  LARThis is a 2 star matchup. RBs perform below their average vs. LAR who currently ranks #28 against this position","at  NYJThis is a 4 star matchup. RBs perform better than their average vs. NYJ who currently ranks #8 against this position","at  SFThis is a 4 star matchup. RBs perform close to their average vs. SF who currently ranks #9 against this position","vs.  SEAThis is a 1 star matchup. RBs perform below their average vs. SEA who currently ranks #32 against this position","at  DENThis is a 2 star matchup. RBs perform close to their average vs. DEN who currently ranks #24 against this position","at  CLEThis is a 2 star matchup. RBs perform close to their average vs. CLE who currently ranks #25 against this position","BYE","vs.  LACThis is a 3 star matchup. RBs perform close to their average vs. LAC who currently ranks #22 against this position","vs.  DENThis is a 2 star matchup. RBs perform close to their average vs. DEN who currently ranks #24 against this position","vs.  TENThis is a 4 star matchup. RBs perform better than their average vs. TEN who currently ranks #7 against this position","at  ARIThis is a 5 star matchup. RBs perform better than their average vs. ARI who currently ranks #1 against this position","at  KCThis is a 2 star matchup. RBs perform below their average vs. KC who currently ranks #30 against this position"
"127","Cash JonesC. Jones ATL","at  PITThis is a 2 star matchup. RBs perform below their average vs. PIT who currently ranks #31 against this position","vs.  CARThis is a 4 star matchup. RBs perform close to their average vs. CAR who currently ranks #11 against this position","at  GBThis is a 3 star matchup. RBs perform close to their average vs. GB who currently ranks #16 against this position","at  NOThis is a 3 star matchup. RBs perform close to their average vs. NO who currently ranks #23 against this position","vs.  BALThis is a 3 star matchup. RBs perform close to their average vs. BAL who currently ranks #12 against this position","vs.  CHIThis is a 3 star matchup. RBs perform close to their average vs. CHI who currently ranks #15 against this position","vs.  SFThis is a 4 star matchup. RBs perform close to their average vs. SF who currently ranks #9 against this position","at  TBThis is a 3 star matchup. RBs perform close to their average vs. TB who currently ranks #19 against this position","vs.  CINThis is a 4 star matchup. RBs perform close to their average vs. CIN who currently ranks #10 against this position","vs.  KCThis is a 2 star matchup. RBs perform below their average vs. KC who currently ranks #30 against this position","BYE","at  MINThis is a 3 star matchup. RBs perform close to their average vs. MIN who currently ranks #20 against this position","vs.  DETThis is a 2 star matchup. RBs perform below their average vs. DET who currently ranks #27 against this position","at  CLEThis is a 2 star matchup. RBs perform close to their average vs. CLE who currently ranks #25 against this position","at  WASThis is a 4 star matchup. RBs perform better than their average vs. WAS who currently ranks #6 against this position","vs.  TBThis is a 3 star matchup. RBs perform close to their average vs. TB who currently ranks #19 against this position","vs.  NOThis is a 3 star matchup. RBs perform close to their average vs. NO who currently ranks #23 against this position","at  CARThis is a 4 star matchup. RBs perform close to their average vs. CAR who currently ranks #11 against this position"
"128","Myles MontgomeryM. Montgomery NE","at  SEAThis is a 1 star matchup. RBs perform below their average vs. SEA who currently ranks #32 against this position","vs.  PITThis is a 2 star matchup. RBs perform below their average vs. PIT who currently ranks #31 against this position","at  JACThis is a 3 star matchup. RBs perform close to their average vs. JAC who currently ranks #21 against this position","at  BUFThis is a 4 star matchup. RBs perform better than their average vs. BUF who currently ranks #3 against this position","vs.  LVThis is a 3 star matchup. RBs perform close to their average vs. LV who currently ranks #17 against this position","vs.  NYJThis is a 4 star matchup. RBs perform better than their average vs. NYJ who currently ranks #8 against this position","at  CHIThis is a 3 star matchup. RBs perform close to their average vs. CHI who currently ranks #15 against this position","at  MIAThis is a 4 star matchup. RBs perform better than their average vs. MIA who currently ranks #4 against this position","vs.  GBThis is a 3 star matchup. RBs perform close to their average vs. GB who currently ranks #16 against this position","at  DETThis is a 2 star matchup. RBs perform below their average vs. DET who currently ranks #27 against this position","BYE","at  LACThis is a 3 star matchup. RBs perform close to their average vs. LAC who currently ranks #22 against this position","vs.  BUFThis is a 4 star matchup. RBs perform better than their average vs. BUF who currently ranks #3 against this position","vs.  MINThis is a 3 star matchup. RBs perform close to their average vs. MIN who currently ranks #20 against this position","at  KCThis is a 2 star matchup. RBs perform below their average vs. KC who currently ranks #30 against this position","at  NYJThis is a 4 star matchup. RBs perform better than their average vs. NYJ who currently ranks #8 against this position","vs.  DENThis is a 2 star matchup. RBs perform close to their average vs. DEN who currently ranks #24 against this position","vs.  MIAThis is a 4 star matchup. RBs perform better than their average vs. MIA who currently ranks #4 against this position"
"129","Ronnie RiversR. Rivers LAR","vs.  SFThis is a 4 star matchup. RBs perform close to their average vs. SF who currently ranks #9 against this position","vs.  NYGThis is a 4 star matchup. RBs perform better than their average vs. NYG who currently ranks #5 against this position","at  DENThis is a 2 star matchup. RBs perform close to their average vs. DEN who currently ranks #24 against this position","at  PHIThis is a 3 star matchup. RBs perform close to their average vs. PHI who currently ranks #18 against this position","vs.  BUFThis is a 4 star matchup. RBs perform better than their average vs. BUF who currently ranks #3 against this position","vs.  ARIThis is a 5 star matchup. RBs perform better than their average vs. ARI who currently ranks #1 against this position","at  LVThis is a 3 star matchup. RBs perform close to their average vs. LV who currently ranks #17 against this position","vs.  LACThis is a 3 star matchup. RBs perform close to their average vs. LAC who currently ranks #22 against this position","at  WASThis is a 4 star matchup. RBs perform better than their average vs. WAS who currently ranks #6 against this position","at  ARIThis is a 5 star matchup. RBs perform better than their average vs. ARI who currently ranks #1 against this position","BYE","vs.  GBThis is a 3 star matchup. RBs perform close to their average vs. GB who currently ranks #16 against this position","vs.  KCThis is a 2 star matchup. RBs perform below their average vs. KC who currently ranks #30 against this position","at  SFThis is a 4 star matchup. RBs perform close to their average vs. SF who currently ranks #9 against this position","vs.  DALThis is a 5 star matchup. RBs perform better than their average vs. DAL who currently ranks #2 against this position","at  SEAThis is a 1 star matchup. RBs perform below their average vs. SEA who currently ranks #32 against this position","at  TBThis is a 3 star matchup. RBs perform close to their average vs. TB who currently ranks #19 against this position","vs.  SEAThis is a 1 star matchup. RBs perform below their average vs. SEA who currently ranks #32 against this position"
"130","Hunter LuepkeH. Luepke DAL","at  NYGThis is a 4 star matchup. RBs perform better than their average vs. NYG who currently ranks #5 against this position","vs.  WASThis is a 4 star matchup. RBs perform better than their average vs. WAS who currently ranks #6 against this position","vs.  BALThis is a 3 star matchup. RBs perform close to their average vs. BAL who currently ranks #12 against this position","at  HOUThis is a 3 star matchup. RBs perform close to their average vs. HOU who currently ranks #13 against this position","vs.  TBThis is a 3 star matchup. RBs perform close to their average vs. TB who currently ranks #19 against this position","at  GBThis is a 3 star matchup. RBs perform close to their average vs. GB who currently ranks #16 against this position","at  PHIThis is a 3 star matchup. RBs perform close to their average vs. PHI who currently ranks #18 against this position","vs.  ARIThis is a 5 star matchup. RBs perform better than their average vs. ARI who currently ranks #1 against this position","at  INDThis is a 2 star matchup. RBs perform close to their average vs. IND who currently ranks #26 against this position","vs.  SFThis is a 4 star matchup. RBs perform close to their average vs. SF who currently ranks #9 against this position","vs.  TENThis is a 4 star matchup. RBs perform better than their average vs. TEN who currently ranks #7 against this position","vs.  PHIThis is a 3 star matchup. RBs perform close to their average vs. PHI who currently ranks #18 against this position","at  SEAThis is a 1 star matchup. RBs perform below their average vs. SEA who currently ranks #32 against this position","BYE","at  LARThis is a 2 star matchup. RBs perform below their average vs. LAR who currently ranks #28 against this position","vs.  JACThis is a 3 star matchup. RBs perform close to their average vs. JAC who currently ranks #21 against this position","vs.  NYGThis is a 4 star matchup. RBs perform better than their average vs. NYG who currently ranks #5 against this position","at  WASThis is a 4 star matchup. RBs perform better than their average vs. WAS who currently ranks #6 against this position"
"131","Khalil HerbertK. Herbert SF","at  LARThis is a 2 star matchup. RBs perform below their average vs. LAR who currently ranks #28 against this position","vs.  MIAThis is a 4 star matchup. RBs perform better than their average vs. MIA who currently ranks #4 against this position","vs.  ARIThis is a 5 star matchup. RBs perform better than their average vs. ARI who currently ranks #1 against this position","vs.  DENThis is a 2 star matchup. RBs perform close to their average vs. DEN who currently ranks #24 against this position","at  SEAThis is a 1 star matchup. RBs perform below their average vs. SEA who currently ranks #32 against this position","vs.  WASThis is a 4 star matchup. RBs perform better than their average vs. WAS who currently ranks #6 against this position","at  ATLThis is a 3 star matchup. RBs perform close to their average vs. ATL who currently ranks #14 against this position","BYE","vs.  LVThis is a 3 star matchup. RBs perform close to their average vs. LV who currently ranks #17 against this position","at  DALThis is a 5 star matchup. RBs perform better than their average vs. DAL who currently ranks #2 against this position","vs.  MINThis is a 3 star matchup. RBs perform close to their average vs. MIN who currently ranks #20 against this position","vs.  SEAThis is a 1 star matchup. RBs perform below their average vs. SEA who currently ranks #32 against this position","at  NYGThis is a 4 star matchup. RBs perform better than their average vs. NYG who currently ranks #5 against this position","vs.  LARThis is a 2 star matchup. RBs perform below their average vs. LAR who currently ranks #28 against this position","at  LACThis is a 3 star matchup. RBs perform close to their average vs. LAC who currently ranks #22 against this position","at  KCThis is a 2 star matchup. RBs perform below their average vs. KC who currently ranks #30 against this position","vs.  PHIThis is a 3 star matchup. RBs perform close to their average vs. PHI who currently ranks #18 against this position","at  ARIThis is a 5 star matchup. RBs perform better than their average vs. ARI who currently ranks #1 against this position"
"132","Donovan EdwardsD. Edwards MIA","at  LVThis is a 3 star matchup. RBs perform close to their average vs. LV who currently ranks #17 against this position","at  SFThis is a 4 star matchup. RBs perform close to their average vs. SF who currently ranks #9 against this position","vs.  KCThis is a 2 star matchup. RBs perform below their average vs. KC who currently ranks #30 against this position","at  MINThis is a 3 star matchup. RBs perform close to their average vs. MIN who currently ranks #20 against this position","vs.  CINThis is a 4 star matchup. RBs perform close to their average vs. CIN who currently ranks #10 against this position","BYE","at  NYJThis is a 4 star matchup. RBs perform better than their average vs. NYJ who currently ranks #8 against this position","vs.  NEThis is a 2 star matchup. RBs perform below their average vs. NE who currently ranks #29 against this position","vs.  DETThis is a 2 star matchup. RBs perform below their average vs. DET who currently ranks #27 against this position","at  INDThis is a 2 star matchup. RBs perform close to their average vs. IND who currently ranks #26 against this position","at  BUFThis is a 4 star matchup. RBs perform better than their average vs. BUF who currently ranks #3 against this position","vs.  NYJThis is a 4 star matchup. RBs perform better than their average vs. NYJ who currently ranks #8 against this position","at  DENThis is a 2 star matchup. RBs perform close to their average vs. DEN who currently ranks #24 against this position","vs.  CHIThis is a 3 star matchup. RBs perform close to their average vs. CHI who currently ranks #15 against this position","at  GBThis is a 3 star matchup. RBs perform close to their average vs. GB who currently ranks #16 against this position","vs.  LACThis is a 3 star matchup. RBs perform close to their average vs. LAC who currently ranks #22 against this position","vs.  BUFThis is a 4 star matchup. RBs perform better than their average vs. BUF who currently ranks #3 against this position","at  NEThis is a 2 star matchup. RBs perform below their average vs. NE who currently ranks #29 against this position"
"133","Jaydn OttJ. Ott KC","vs.  DENThis is a 2 star matchup. RBs perform close to their average vs. DEN who currently ranks #24 against this position","vs.  INDThis is a 2 star matchup. RBs perform close to their average vs. IND who currently ranks #26 against this position","at  MIAThis is a 4 star matchup. RBs perform better than their average vs. MIA who currently ranks #4 against this position","at  LVThis is a 3 star matchup. RBs perform close to their average vs. LV who currently ranks #17 against this position","BYE","vs.  LACThis is a 3 star matchup. RBs perform close to their average vs. LAC who currently ranks #22 against this position","at  SEAThis is a 1 star matchup. RBs perform below their average vs. SEA who currently ranks #32 against this position","at  DENThis is a 2 star matchup. RBs perform close to their average vs. DEN who currently ranks #24 against this position","vs.  NYJThis is a 4 star matchup. RBs perform better than their average vs. NYJ who currently ranks #8 against this position","at  ATLThis is a 3 star matchup. RBs perform close to their average vs. ATL who currently ranks #14 against this position","vs.  ARIThis is a 5 star matchup. RBs perform better than their average vs. ARI who currently ranks #1 against this position","at  BUFThis is a 4 star matchup. RBs perform better than their average vs. BUF who currently ranks #3 against this position","at  LARThis is a 2 star matchup. RBs perform below their average vs. LAR who currently ranks #28 against this position","at  CINThis is a 4 star matchup. RBs perform close to their average vs. CIN who currently ranks #10 against this position","vs.  NEThis is a 2 star matchup. RBs perform below their average vs. NE who currently ranks #29 against this position","vs.  SFThis is a 4 star matchup. RBs perform close to their average vs. SF who currently ranks #9 against this position","at  LACThis is a 3 star matchup. RBs perform close to their average vs. LAC who currently ranks #22 against this position","vs.  LVThis is a 3 star matchup. RBs perform close to their average vs. LV who currently ranks #17 against this position"
"134","Raheem MostertR. Mostert LV","vs.  MIAThis is a 4 star matchup. RBs perform better than their average vs. MIA who currently ranks #4 against this position","at  LACThis is a 3 star matchup. RBs perform close to their average vs. LAC who currently ranks #22 against this position","at  NOThis is a 3 star matchup. RBs perform close to their average vs. NO who currently ranks #23 against this position","vs.  KCThis is a 2 star matchup. RBs perform below their average vs. KC who currently ranks #30 against this position","at  NEThis is a 2 star matchup. RBs perform below their average vs. NE who currently ranks #29 against this position","vs.  BUFThis is a 4 star matchup. RBs perform better than their average vs. BUF who currently ranks #3 against this position","vs.  LARThis is a 2 star matchup. RBs perform below their average vs. LAR who currently ranks #28 against this position","at  NYJThis is a 4 star matchup. RBs perform better than their average vs. NYJ who currently ranks #8 against this position","at  SFThis is a 4 star matchup. RBs perform close to their average vs. SF who currently ranks #9 against this position","vs.  SEAThis is a 1 star matchup. RBs perform below their average vs. SEA who currently ranks #32 against this position","at  DENThis is a 2 star matchup. RBs perform close to their average vs. DEN who currently ranks #24 against this position","at  CLEThis is a 2 star matchup. RBs perform close to their average vs. CLE who currently ranks #25 against this position","BYE","vs.  LACThis is a 3 star matchup. RBs perform close to their average vs. LAC who currently ranks #22 against this position","vs.  DENThis is a 2 star matchup. RBs perform close to their average vs. DEN who currently ranks #24 against this position","vs.  TENThis is a 4 star matchup. RBs perform better than their average vs. TEN who currently ranks #7 against this position","at  ARIThis is a 5 star matchup. RBs perform better than their average vs. ARI who currently ranks #1 against this position","at  KCThis is a 2 star matchup. RBs perform below their average vs. KC who currently ranks #30 against this position"
"135","Tyler GoodsonT. Goodson ATL","at  PITThis is a 2 star matchup. RBs perform below their average vs. PIT who currently ranks #31 against this position","vs.  CARThis is a 4 star matchup. RBs perform close to their average vs. CAR who currently ranks #11 against this position","at  GBThis is a 3 star matchup. RBs perform close to their average vs. GB who currently ranks #16 against this position","at  NOThis is a 3 star matchup. RBs perform close to their average vs. NO who currently ranks #23 against this position","vs.  BALThis is a 3 star matchup. RBs perform close to their average vs. BAL who currently ranks #12 against this position","vs.  CHIThis is a 3 star matchup. RBs perform close to their average vs. CHI who currently ranks #15 against this position","vs.  SFThis is a 4 star matchup. RBs perform close to their average vs. SF who currently ranks #9 against this position","at  TBThis is a 3 star matchup. RBs perform close to their average vs. TB who currently ranks #19 against this position","vs.  CINThis is a 4 star matchup. RBs perform close to their average vs. CIN who currently ranks #10 against this position","vs.  KCThis is a 2 star matchup. RBs perform below their average vs. KC who currently ranks #30 against this position","BYE","at  MINThis is a 3 star matchup. RBs perform close to their average vs. MIN who currently ranks #20 against this position","vs.  DETThis is a 2 star matchup. RBs perform below their average vs. DET who currently ranks #27 against this position","at  CLEThis is a 2 star matchup. RBs perform close to their average vs. CLE who currently ranks #25 against this position","at  WASThis is a 4 star matchup. RBs perform better than their average vs. WAS who currently ranks #6 against this position","vs.  TBThis is a 3 star matchup. RBs perform close to their average vs. TB who currently ranks #19 against this position","vs.  NOThis is a 3 star matchup. RBs perform close to their average vs. NO who currently ranks #23 against this position","at  CARThis is a 4 star matchup. RBs perform close to their average vs. CAR who currently ranks #11 against this position"
"136","Frank Gore Jr.F. Gore Jr. BUF","at  HOUThis is a 3 star matchup. RBs perform close to their average vs. HOU who currently ranks #13 against this position","vs.  DETThis is a 2 star matchup. RBs perform below their average vs. DET who currently ranks #27 against this position","vs.  LACThis is a 3 star matchup. RBs perform close to their average vs. LAC who currently ranks #22 against this position","vs.  NEThis is a 2 star matchup. RBs perform below their average vs. NE who currently ranks #29 against this position","at  LARThis is a 2 star matchup. RBs perform below their average vs. LAR who currently ranks #28 against this position","at  LVThis is a 3 star matchup. RBs perform close to their average vs. LV who currently ranks #17 against this position","BYE","vs.  BALThis is a 3 star matchup. RBs perform close to their average vs. BAL who currently ranks #12 against this position","at  MINThis is a 3 star matchup. RBs perform close to their average vs. MIN who currently ranks #20 against this position","at  NYJThis is a 4 star matchup. RBs perform better than their average vs. NYJ who currently ranks #8 against this position","vs.  MIAThis is a 4 star matchup. RBs perform better than their average vs. MIA who currently ranks #4 against this position","vs.  KCThis is a 2 star matchup. RBs perform below their average vs. KC who currently ranks #30 against this position","at  NEThis is a 2 star matchup. RBs perform below their average vs. NE who currently ranks #29 against this position","at  GBThis is a 3 star matchup. RBs perform close to their average vs. GB who currently ranks #16 against this position","vs.  CHIThis is a 3 star matchup. RBs perform close to their average vs. CHI who currently ranks #15 against this position","at  DENThis is a 2 star matchup. RBs perform close to their average vs. DEN who currently ranks #24 against this position","at  MIAThis is a 4 star matchup. RBs perform better than their average vs. MIA who currently ranks #4 against this position","vs.  NYJThis is a 4 star matchup. RBs perform better than their average vs. NYJ who currently ranks #8 against this position"
"137","Pierre Strong Jr.P. Strong Jr. GB","at  MINThis is a 3 star matchup. RBs perform close to their average vs. MIN who currently ranks #20 against this position","at  NYJThis is a 4 star matchup. RBs perform better than their average vs. NYJ who currently ranks #8 against this position","vs.  ATLThis is a 3 star matchup. RBs perform close to their average vs. ATL who currently ranks #14 against this position","at  TBThis is a 3 star matchup. RBs perform close to their average vs. TB who currently ranks #19 against this position","vs.  CHIThis is a 3 star matchup. RBs perform close to their average vs. CHI who currently ranks #15 against this position","vs.  DALThis is a 5 star matchup. RBs perform better than their average vs. DAL who currently ranks #2 against this position","at  DETThis is a 2 star matchup. RBs perform below their average vs. DET who currently ranks #27 against this position","vs.  CARThis is a 4 star matchup. RBs perform close to their average vs. CAR who currently ranks #11 against this position","at  NEThis is a 2 star matchup. RBs perform below their average vs. NE who currently ranks #29 against this position","vs.  MINThis is a 3 star matchup. RBs perform close to their average vs. MIN who currently ranks #20 against this position","BYE","at  LARThis is a 2 star matchup. RBs perform below their average vs. LAR who currently ranks #28 against this position","at  NOThis is a 3 star matchup. RBs perform close to their average vs. NO who currently ranks #23 against this position","vs.  BUFThis is a 4 star matchup. RBs perform better than their average vs. BUF who currently ranks #3 against this position","vs.  MIAThis is a 4 star matchup. RBs perform better than their average vs. MIA who currently ranks #4 against this position","at  CHIThis is a 3 star matchup. RBs perform close to their average vs. CHI who currently ranks #15 against this position","vs.  HOUThis is a 3 star matchup. RBs perform close to their average vs. HOU who currently ranks #13 against this position","vs.  DETThis is a 2 star matchup. RBs perform below their average vs. DET who currently ranks #27 against this position"
"138","Miles DavisM. Davis CAR","vs.  CHIThis is a 3 star matchup. RBs perform close to their average vs. CHI who currently ranks #15 against this position","at  ATLThis is a 3 star matchup. RBs perform close to their average vs. ATL who currently ranks #14 against this position","at  CLEThis is a 2 star matchup. RBs perform close to their average vs. CLE who currently ranks #25 against this position","vs.  DETThis is a 2 star matchup. RBs perform below their average vs. DET who currently ranks #27 against this position","BYE","at  PHIThis is a 3 star matchup. RBs perform close to their average vs. PHI who currently ranks #18 against this position","vs.  TBThis is a 3 star matchup. RBs perform close to their average vs. TB who currently ranks #19 against this position","at  GBThis is a 3 star matchup. RBs perform close to their average vs. GB who currently ranks #16 against this position","vs.  DENThis is a 2 star matchup. RBs perform close to their average vs. DEN who currently ranks #24 against this position","at  NOThis is a 3 star matchup. RBs perform close to their average vs. NO who currently ranks #23 against this position","vs.  BALThis is a 3 star matchup. RBs perform close to their average vs. BAL who currently ranks #12 against this position","at  TBThis is a 3 star matchup. RBs perform close to their average vs. TB who currently ranks #19 against this position","at  MINThis is a 3 star matchup. RBs perform close to their average vs. MIN who currently ranks #20 against this position","vs.  NOThis is a 3 star matchup. RBs perform close to their average vs. NO who currently ranks #23 against this position","vs.  CINThis is a 4 star matchup. RBs perform close to their average vs. CIN who currently ranks #10 against this position","at  PITThis is a 2 star matchup. RBs perform below their average vs. PIT who currently ranks #31 against this position","vs.  SEAThis is a 1 star matchup. RBs perform below their average vs. SEA who currently ranks #32 against this position","vs.  ATLThis is a 3 star matchup. RBs perform close to their average vs. ATL who currently ranks #14 against this position"
"139","Noah WhittingtonN. Whittington HOU","vs.  BUFThis is a 4 star matchup. RBs perform better than their average vs. BUF who currently ranks #3 against this position","vs.  CINThis is a 4 star matchup. RBs perform close to their average vs. CIN who currently ranks #10 against this position","at  INDThis is a 2 star matchup. RBs perform close to their average vs. IND who currently ranks #26 against this position","vs.  DALThis is a 5 star matchup. RBs perform better than their average vs. DAL who currently ranks #2 against this position","at  TENThis is a 4 star matchup. RBs perform better than their average vs. TEN who currently ranks #7 against this position","at  JACThis is a 3 star matchup. RBs perform close to their average vs. JAC who currently ranks #21 against this position","vs.  NYGThis is a 4 star matchup. RBs perform better than their average vs. NYG who currently ranks #5 against this position","BYE","at  LACThis is a 3 star matchup. RBs perform close to their average vs. LAC who currently ranks #22 against this position","at  CLEThis is a 2 star matchup. RBs perform close to their average vs. CLE who currently ranks #25 against this position","vs.  INDThis is a 2 star matchup. RBs perform close to their average vs. IND who currently ranks #26 against this position","vs.  BALThis is a 3 star matchup. RBs perform close to their average vs. BAL who currently ranks #12 against this position","at  PITThis is a 2 star matchup. RBs perform below their average vs. PIT who currently ranks #31 against this position","at  WASThis is a 4 star matchup. RBs perform better than their average vs. WAS who currently ranks #6 against this position","vs.  JACThis is a 3 star matchup. RBs perform close to their average vs. JAC who currently ranks #21 against this position","at  PHIThis is a 3 star matchup. RBs perform close to their average vs. PHI who currently ranks #18 against this position","at  GBThis is a 3 star matchup. RBs perform close to their average vs. GB who currently ranks #16 against this position","vs.  TENThis is a 4 star matchup. RBs perform better than their average vs. TEN who currently ranks #7 against this position"
"140","Elijah MitchellE. Mitchell PHI","vs.  WASThis is a 4 star matchup. RBs perform better than their average vs. WAS who currently ranks #6 against this position","at  TENThis is a 4 star matchup. RBs perform better than their average vs. TEN who currently ranks #7 against this position","at  CHIThis is a 3 star matchup. RBs perform close to their average vs. CHI who currently ranks #15 against this position","vs.  LARThis is a 2 star matchup. RBs perform below their average vs. LAR who currently ranks #28 against this position","at  JACThis is a 3 star matchup. RBs perform close to their average vs. JAC who currently ranks #21 against this position","vs.  CARThis is a 4 star matchup. RBs perform close to their average vs. CAR who currently ranks #11 against this position","vs.  DALThis is a 5 star matchup. RBs perform better than their average vs. DAL who currently ranks #2 against this position","at  WASThis is a 4 star matchup. RBs perform better than their average vs. WAS who currently ranks #6 against this position","vs.  NYGThis is a 4 star matchup. RBs perform better than their average vs. NYG who currently ranks #5 against this position","BYE","vs.  PITThis is a 2 star matchup. RBs perform below their average vs. PIT who currently ranks #31 against this position","at  DALThis is a 5 star matchup. RBs perform better than their average vs. DAL who currently ranks #2 against this position","at  ARIThis is a 5 star matchup. RBs perform better than their average vs. ARI who currently ranks #1 against this position","vs.  INDThis is a 2 star matchup. RBs perform close to their average vs. IND who currently ranks #26 against this position","vs.  SEAThis is a 1 star matchup. RBs perform below their average vs. SEA who currently ranks #32 against this position","vs.  HOUThis is a 3 star matchup. RBs perform close to their average vs. HOU who currently ranks #13 against this position","at  SFThis is a 4 star matchup. RBs perform close to their average vs. SF who currently ranks #9 against this position","at  NYGThis is a 4 star matchup. RBs perform better than their average vs. NYG who currently ranks #5 against this position"
"141","Elijah Tau-TolliverE. Tau-Tolliver BAL","at  INDThis is a 2 star matchup. RBs perform close to their average vs. IND who currently ranks #26 against this position","vs.  NOThis is a 3 star matchup. RBs perform close to their average vs. NO who currently ranks #23 against this position","at  DALThis is a 5 star matchup. RBs perform better than their average vs. DAL who currently ranks #2 against this position","vs.  TENThis is a 4 star matchup. RBs perform better than their average vs. TEN who currently ranks #7 against this position","at  ATLThis is a 3 star matchup. RBs perform close to their average vs. ATL who currently ranks #14 against this position","at  CLEThis is a 2 star matchup. RBs perform close to their average vs. CLE who currently ranks #25 against this position","vs.  CINThis is a 4 star matchup. RBs perform close to their average vs. CIN who currently ranks #10 against this position","at  BUFThis is a 4 star matchup. RBs perform better than their average vs. BUF who currently ranks #3 against this position","vs.  JACThis is a 3 star matchup. RBs perform close to their average vs. JAC who currently ranks #21 against this position","vs.  LACThis is a 3 star matchup. RBs perform close to their average vs. LAC who currently ranks #22 against this position","at  CARThis is a 4 star matchup. RBs perform close to their average vs. CAR who currently ranks #11 against this position","at  HOUThis is a 3 star matchup. RBs perform close to their average vs. HOU who currently ranks #13 against this position","BYE","vs.  TBThis is a 3 star matchup. RBs perform close to their average vs. TB who currently ranks #19 against this position","at  PITThis is a 2 star matchup. RBs perform below their average vs. PIT who currently ranks #31 against this position","vs.  CLEThis is a 2 star matchup. RBs perform close to their average vs. CLE who currently ranks #25 against this position","at  CINThis is a 4 star matchup. RBs perform close to their average vs. CIN who currently ranks #10 against this position","vs.  PITThis is a 2 star matchup. RBs perform below their average vs. PIT who currently ranks #31 against this position"
"142","Salvon AhmedS. Ahmed CHI","at  CARThis is a 4 star matchup. RBs perform close to their average vs. CAR who currently ranks #11 against this position","vs.  MINThis is a 3 star matchup. RBs perform close to their average vs. MIN who currently ranks #20 against this position","vs.  PHIThis is a 3 star matchup. RBs perform close to their average vs. PHI who currently ranks #18 against this position","vs.  NYJThis is a 4 star matchup. RBs perform better than their average vs. NYJ who currently ranks #8 against this position","at  GBThis is a 3 star matchup. RBs perform close to their average vs. GB who currently ranks #16 against this position","at  ATLThis is a 3 star matchup. RBs perform close to their average vs. ATL who currently ranks #14 against this position","vs.  NEThis is a 2 star matchup. RBs perform below their average vs. NE who currently ranks #29 against this position","at  SEAThis is a 1 star matchup. RBs perform below their average vs. SEA who currently ranks #32 against this position","vs.  TBThis is a 3 star matchup. RBs perform close to their average vs. TB who currently ranks #19 against this position","BYE","vs.  NOThis is a 3 star matchup. RBs perform close to their average vs. NO who currently ranks #23 against this position","at  DETThis is a 2 star matchup. RBs perform below their average vs. DET who currently ranks #27 against this position","vs.  JACThis is a 3 star matchup. RBs perform close to their average vs. JAC who currently ranks #21 against this position","at  MIAThis is a 4 star matchup. RBs perform better than their average vs. MIA who currently ranks #4 against this position","at  BUFThis is a 4 star matchup. RBs perform better than their average vs. BUF who currently ranks #3 against this position","vs.  GBThis is a 3 star matchup. RBs perform close to their average vs. GB who currently ranks #16 against this position","vs.  DETThis is a 2 star matchup. RBs perform below their average vs. DET who currently ranks #27 against this position","at  MINThis is a 3 star matchup. RBs perform close to their average vs. MIN who currently ranks #20 against this position"
"143","Jacob SaylorsJ. Saylors DET","vs.  NOThis is a 3 star matchup. RBs perform close to their average vs. NO who currently ranks #23 against this position","at  BUFThis is a 4 star matchup. RBs perform better than their average vs. BUF who currently ranks #3 against this position","vs.  NYJThis is a 4 star matchup. RBs perform better than their average vs. NYJ who currently ranks #8 against this position","at  CARThis is a 4 star matchup. RBs perform close to their average vs. CAR who currently ranks #11 against this position","at  ARIThis is a 5 star matchup. RBs perform better than their average vs. ARI who currently ranks #1 against this position","BYE","vs.  GBThis is a 3 star matchup. RBs perform close to their average vs. GB who currently ranks #16 against this position","vs.  MINThis is a 3 star matchup. RBs perform close to their average vs. MIN who currently ranks #20 against this position","at  MIAThis is a 4 star matchup. RBs perform better than their average vs. MIA who currently ranks #4 against this position","vs.  NEThis is a 2 star matchup. RBs perform below their average vs. NE who currently ranks #29 against this position","vs.  TBThis is a 3 star matchup. RBs perform close to their average vs. TB who currently ranks #19 against this position","vs.  CHIThis is a 3 star matchup. RBs perform close to their average vs. CHI who currently ranks #15 against this position","at  ATLThis is a 3 star matchup. RBs perform close to their average vs. ATL who currently ranks #14 against this position","vs.  TENThis is a 4 star matchup. RBs perform better than their average vs. TEN who currently ranks #7 against this position","at  MINThis is a 3 star matchup. RBs perform close to their average vs. MIN who currently ranks #20 against this position","vs.  NYGThis is a 4 star matchup. RBs perform better than their average vs. NYG who currently ranks #5 against this position","at  CHIThis is a 3 star matchup. RBs perform close to their average vs. CHI who currently ranks #15 against this position","at  GBThis is a 3 star matchup. RBs perform close to their average vs. GB who currently ranks #16 against this position"
"144","Kalel MullingsK. Mullings TEN","vs.  NYJThis is a 4 star matchup. RBs perform better than their average vs. NYJ who currently ranks #8 against this position","vs.  PHIThis is a 3 star matchup. RBs perform close to their average vs. PHI who currently ranks #18 against this position","at  NYGThis is a 4 star matchup. RBs perform better than their average vs. NYG who currently ranks #5 against this position","at  BALThis is a 3 star matchup. RBs perform close to their average vs. BAL who currently ranks #12 against this position","vs.  HOUThis is a 3 star matchup. RBs perform close to their average vs. HOU who currently ranks #13 against this position","at  INDThis is a 2 star matchup. RBs perform close to their average vs. IND who currently ranks #26 against this position","vs.  CLEThis is a 2 star matchup. RBs perform close to their average vs. CLE who currently ranks #25 against this position","at  CINThis is a 4 star matchup. RBs perform close to their average vs. CIN who currently ranks #10 against this position","BYE","vs.  JACThis is a 3 star matchup. RBs perform close to their average vs. JAC who currently ranks #21 against this position","at  DALThis is a 5 star matchup. RBs perform better than their average vs. DAL who currently ranks #2 against this position","at  JACThis is a 3 star matchup. RBs perform close to their average vs. JAC who currently ranks #21 against this position","vs.  WASThis is a 4 star matchup. RBs perform better than their average vs. WAS who currently ranks #6 against this position","at  DETThis is a 2 star matchup. RBs perform below their average vs. DET who currently ranks #27 against this position","vs.  INDThis is a 2 star matchup. RBs perform close to their average vs. IND who currently ranks #26 against this position","at  LVThis is a 3 star matchup. RBs perform close to their average vs. LV who currently ranks #17 against this position","vs.  PITThis is a 2 star matchup. RBs perform below their average vs. PIT who currently ranks #31 against this position","at  HOUThis is a 3 star matchup. RBs perform close to their average vs. HOU who currently ranks #13 against this position"
"145","Chip TrayanumC. Trayanum NYJ","at  TENThis is a 4 star matchup. RBs perform better than their average vs. TEN who currently ranks #7 against this position","vs.  GBThis is a 3 star matchup. RBs perform close to their average vs. GB who currently ranks #16 against this position","at  DETThis is a 2 star matchup. RBs perform below their average vs. DET who currently ranks #27 against this position","at  CHIThis is a 3 star matchup. RBs perform close to their average vs. CHI who currently ranks #15 against this position","vs.  CLEThis is a 2 star matchup. RBs perform close to their average vs. CLE who currently ranks #25 against this position","at  NEThis is a 2 star matchup. RBs perform below their average vs. NE who currently ranks #29 against this position","vs.  MIAThis is a 4 star matchup. RBs perform better than their average vs. MIA who currently ranks #4 against this position","vs.  LVThis is a 3 star matchup. RBs perform close to their average vs. LV who currently ranks #17 against this position","at  KCThis is a 2 star matchup. RBs perform below their average vs. KC who currently ranks #30 against this position","vs.  BUFThis is a 4 star matchup. RBs perform better than their average vs. BUF who currently ranks #3 against this position","at  LACThis is a 3 star matchup. RBs perform close to their average vs. LAC who currently ranks #22 against this position","at  MIAThis is a 4 star matchup. RBs perform better than their average vs. MIA who currently ranks #4 against this position","BYE","vs.  DENThis is a 2 star matchup. RBs perform close to their average vs. DEN who currently ranks #24 against this position","at  ARIThis is a 5 star matchup. RBs perform better than their average vs. ARI who currently ranks #1 against this position","vs.  NEThis is a 2 star matchup. RBs perform below their average vs. NE who currently ranks #29 against this position","vs.  MINThis is a 3 star matchup. RBs perform close to their average vs. MIN who currently ranks #20 against this position","at  BUFThis is a 4 star matchup. RBs perform better than their average vs. BUF who currently ranks #3 against this position"
"146","AJ DillonAJ Dillon CAR","vs.  CHIThis is a 3 star matchup. RBs perform close to their average vs. CHI who currently ranks #15 against this position","at  ATLThis is a 3 star matchup. RBs perform close to their average vs. ATL who currently ranks #14 against this position","at  CLEThis is a 2 star matchup. RBs perform close to their average vs. CLE who currently ranks #25 against this position","vs.  DETThis is a 2 star matchup. RBs perform below their average vs. DET who currently ranks #27 against this position","BYE","at  PHIThis is a 3 star matchup. RBs perform close to their average vs. PHI who currently ranks #18 against this position","vs.  TBThis is a 3 star matchup. RBs perform close to their average vs. TB who currently ranks #19 against this position","at  GBThis is a 3 star matchup. RBs perform close to their average vs. GB who currently ranks #16 against this position","vs.  DENThis is a 2 star matchup. RBs perform close to their average vs. DEN who currently ranks #24 against this position","at  NOThis is a 3 star matchup. RBs perform close to their average vs. NO who currently ranks #23 against this position","vs.  BALThis is a 3 star matchup. RBs perform close to their average vs. BAL who currently ranks #12 against this position","at  TBThis is a 3 star matchup. RBs perform close to their average vs. TB who currently ranks #19 against this position","at  MINThis is a 3 star matchup. RBs perform close to their average vs. MIN who currently ranks #20 against this position","vs.  NOThis is a 3 star matchup. RBs perform close to their average vs. NO who currently ranks #23 against this position","vs.  CINThis is a 4 star matchup. RBs perform close to their average vs. CIN who currently ranks #10 against this position","at  PITThis is a 2 star matchup. RBs perform below their average vs. PIT who currently ranks #31 against this position","vs.  SEAThis is a 1 star matchup. RBs perform below their average vs. SEA who currently ranks #32 against this position","vs.  ATLThis is a 3 star matchup. RBs perform close to their average vs. ATL who currently ranks #14 against this position"
"147","Corey KinerC. Kiner ARI","at  LACThis is a 3 star matchup. RBs perform close to their average vs. LAC who currently ranks #22 against this position","vs.  SEAThis is a 1 star matchup. RBs perform below their average vs. SEA who currently ranks #32 against this position","at  SFThis is a 4 star matchup. RBs perform close to their average vs. SF who currently ranks #9 against this position","at  NYGThis is a 4 star matchup. RBs perform better than their average vs. NYG who currently ranks #5 against this position","vs.  DETThis is a 2 star matchup. RBs perform below their average vs. DET who currently ranks #27 against this position","at  LARThis is a 2 star matchup. RBs perform below their average vs. LAR who currently ranks #28 against this position","vs.  DENThis is a 2 star matchup. RBs perform close to their average vs. DEN who currently ranks #24 against this position","at  DALThis is a 5 star matchup. RBs perform better than their average vs. DAL who currently ranks #2 against this position","at  SEAThis is a 1 star matchup. RBs perform below their average vs. SEA who currently ranks #32 against this position","vs.  LARThis is a 2 star matchup. RBs perform below their average vs. LAR who currently ranks #28 against this position","at  KCThis is a 2 star matchup. RBs perform below their average vs. KC who currently ranks #30 against this position","vs.  WASThis is a 4 star matchup. RBs perform better than their average vs. WAS who currently ranks #6 against this position","vs.  PHIThis is a 3 star matchup. RBs perform close to their average vs. PHI who currently ranks #18 against this position","BYE","vs.  NYJThis is a 4 star matchup. RBs perform better than their average vs. NYJ who currently ranks #8 against this position","at  NOThis is a 3 star matchup. RBs perform close to their average vs. NO who currently ranks #23 against this position","vs.  LVThis is a 3 star matchup. RBs perform close to their average vs. LV who currently ranks #17 against this position","vs.  SFThis is a 4 star matchup. RBs perform close to their average vs. SF who currently ranks #9 against this position"
"148","British BrooksB. Brooks HOU","vs.  BUFThis is a 4 star matchup. RBs perform better than their average vs. BUF who currently ranks #3 against this position","vs.  CINThis is a 4 star matchup. RBs perform close to their average vs. CIN who currently ranks #10 against this position","at  INDThis is a 2 star matchup. RBs perform close to their average vs. IND who currently ranks #26 against this position","vs.  DALThis is a 5 star matchup. RBs perform better than their average vs. DAL who currently ranks #2 against this position","at  TENThis is a 4 star matchup. RBs perform better than their average vs. TEN who currently ranks #7 against this position","at  JACThis is a 3 star matchup. RBs perform close to their average vs. JAC who currently ranks #21 against this position","vs.  NYGThis is a 4 star matchup. RBs perform better than their average vs. NYG who currently ranks #5 against this position","BYE","at  LACThis is a 3 star matchup. RBs perform close to their average vs. LAC who currently ranks #22 against this position","at  CLEThis is a 2 star matchup. RBs perform close to their average vs. CLE who currently ranks #25 against this position","vs.  INDThis is a 2 star matchup. RBs perform close to their average vs. IND who currently ranks #26 against this position","vs.  BALThis is a 3 star matchup. RBs perform close to their average vs. BAL who currently ranks #12 against this position","at  PITThis is a 2 star matchup. RBs perform below their average vs. PIT who currently ranks #31 against this position","at  WASThis is a 4 star matchup. RBs perform better than their average vs. WAS who currently ranks #6 against this position","vs.  JACThis is a 3 star matchup. RBs perform close to their average vs. JAC who currently ranks #21 against this position","at  PHIThis is a 3 star matchup. RBs perform close to their average vs. PHI who currently ranks #18 against this position","at  GBThis is a 3 star matchup. RBs perform close to their average vs. GB who currently ranks #16 against this position","vs.  TENThis is a 4 star matchup. RBs perform better than their average vs. TEN who currently ranks #7 against this position"
"149","Reggie GilliamR. Gilliam NE","at  SEAThis is a 1 star matchup. RBs perform below their average vs. SEA who currently ranks #32 against this position","vs.  PITThis is a 2 star matchup. RBs perform below their average vs. PIT who currently ranks #31 against this position","at  JACThis is a 3 star matchup. RBs perform close to their average vs. JAC who currently ranks #21 against this position","at  BUFThis is a 4 star matchup. RBs perform better than their average vs. BUF who currently ranks #3 against this position","vs.  LVThis is a 3 star matchup. RBs perform close to their average vs. LV who currently ranks #17 against this position","vs.  NYJThis is a 4 star matchup. RBs perform better than their average vs. NYJ who currently ranks #8 against this position","at  CHIThis is a 3 star matchup. RBs perform close to their average vs. CHI who currently ranks #15 against this position","at  MIAThis is a 4 star matchup. RBs perform better than their average vs. MIA who currently ranks #4 against this position","vs.  GBThis is a 3 star matchup. RBs perform close to their average vs. GB who currently ranks #16 against this position","at  DETThis is a 2 star matchup. RBs perform below their average vs. DET who currently ranks #27 against this position","BYE","at  LACThis is a 3 star matchup. RBs perform close to their average vs. LAC who currently ranks #22 against this position","vs.  BUFThis is a 4 star matchup. RBs perform better than their average vs. BUF who currently ranks #3 against this position","vs.  MINThis is a 3 star matchup. RBs perform close to their average vs. MIN who currently ranks #20 against this position","at  KCThis is a 2 star matchup. RBs perform below their average vs. KC who currently ranks #30 against this position","at  NYJThis is a 4 star matchup. RBs perform better than their average vs. NYJ who currently ranks #8 against this position","vs.  DENThis is a 2 star matchup. RBs perform close to their average vs. DEN who currently ranks #24 against this position","vs.  MIAThis is a 4 star matchup. RBs perform better than their average vs. MIA who currently ranks #4 against this position"
"150","Cam AkersC. Akers FA","","","","","","","","","","","","","","","","","",""
"151","Jordan WatersJ. Waters LAR","vs.  SFThis is a 4 star matchup. RBs perform close to their average vs. SF who currently ranks #9 against this position","vs.  NYGThis is a 4 star matchup. RBs perform better than their average vs. NYG who currently ranks #5 against this position","at  DENThis is a 2 star matchup. RBs perform close to their average vs. DEN who currently ranks #24 against this position","at  PHIThis is a 3 star matchup. RBs perform close to their average vs. PHI who currently ranks #18 against this position","vs.  BUFThis is a 4 star matchup. RBs perform better than their average vs. BUF who currently ranks #3 against this position","vs.  ARIThis is a 5 star matchup. RBs perform better than their average vs. ARI who currently ranks #1 against this position","at  LVThis is a 3 star matchup. RBs perform close to their average vs. LV who currently ranks #17 against this position","vs.  LACThis is a 3 star matchup. RBs perform close to their average vs. LAC who currently ranks #22 against this position","at  WASThis is a 4 star matchup. RBs perform better than their average vs. WAS who currently ranks #6 against this position","at  ARIThis is a 5 star matchup. RBs perform better than their average vs. ARI who currently ranks #1 against this position","BYE","vs.  GBThis is a 3 star matchup. RBs perform close to their average vs. GB who currently ranks #16 against this position","vs.  KCThis is a 2 star matchup. RBs perform below their average vs. KC who currently ranks #30 against this position","at  SFThis is a 4 star matchup. RBs perform close to their average vs. SF who currently ranks #9 against this position","vs.  DALThis is a 5 star matchup. RBs perform better than their average vs. DAL who currently ranks #2 against this position","at  SEAThis is a 1 star matchup. RBs perform below their average vs. SEA who currently ranks #32 against this position","at  TBThis is a 3 star matchup. RBs perform close to their average vs. TB who currently ranks #19 against this position","vs.  SEAThis is a 1 star matchup. RBs perform below their average vs. SEA who currently ranks #32 against this position"
"152","Jacardia WrightJ. Wright SEA","vs.  NEThis is a 2 star matchup. RBs perform below their average vs. NE who currently ranks #29 against this position","at  ARIThis is a 5 star matchup. RBs perform better than their average vs. ARI who currently ranks #1 against this position","at  WASThis is a 4 star matchup. RBs perform better than their average vs. WAS who currently ranks #6 against this position","vs.  LACThis is a 3 star matchup. RBs perform close to their average vs. LAC who currently ranks #22 against this position","vs.  SFThis is a 4 star matchup. RBs perform close to their average vs. SF who currently ranks #9 against this position","at  DENThis is a 2 star matchup. RBs perform close to their average vs. DEN who currently ranks #24 against this position","vs.  KCThis is a 2 star matchup. RBs perform below their average vs. KC who currently ranks #30 against this position","vs.  CHIThis is a 3 star matchup. RBs perform close to their average vs. CHI who currently ranks #15 against this position","vs.  ARIThis is a 5 star matchup. RBs perform better than their average vs. ARI who currently ranks #1 against this position","at  LVThis is a 3 star matchup. RBs perform close to their average vs. LV who currently ranks #17 against this position","BYE","at  SFThis is a 4 star matchup. RBs perform close to their average vs. SF who currently ranks #9 against this position","vs.  DALThis is a 5 star matchup. RBs perform better than their average vs. DAL who currently ranks #2 against this position","vs.  NYGThis is a 4 star matchup. RBs perform better than their average vs. NYG who currently ranks #5 against this position","at  PHIThis is a 3 star matchup. RBs perform close to their average vs. PHI who currently ranks #18 against this position","vs.  LARThis is a 2 star matchup. RBs perform below their average vs. LAR who currently ranks #28 against this position","at  CARThis is a 4 star matchup. RBs perform close to their average vs. CAR who currently ranks #11 against this position","at  LARThis is a 2 star matchup. RBs perform below their average vs. LAR who currently ranks #28 against this position"
"153","Alexander MattisonA. Mattison FA","","","","","","","","","","","","","","","","","",""
"154","Sincere McCormickS. McCormick SF","at  LARThis is a 2 star matchup. RBs perform below their average vs. LAR who currently ranks #28 against this position","vs.  MIAThis is a 4 star matchup. RBs perform better than their average vs. MIA who currently ranks #4 against this position","vs.  ARIThis is a 5 star matchup. RBs perform better than their average vs. ARI who currently ranks #1 against this position","vs.  DENThis is a 2 star matchup. RBs perform close to their average vs. DEN who currently ranks #24 against this position","at  SEAThis is a 1 star matchup. RBs perform below their average vs. SEA who currently ranks #32 against this position","vs.  WASThis is a 4 star matchup. RBs perform better than their average vs. WAS who currently ranks #6 against this position","at  ATLThis is a 3 star matchup. RBs perform close to their average vs. ATL who currently ranks #14 against this position","BYE","vs.  LVThis is a 3 star matchup. RBs perform close to their average vs. LV who currently ranks #17 against this position","at  DALThis is a 5 star matchup. RBs perform better than their average vs. DAL who currently ranks #2 against this position","vs.  MINThis is a 3 star matchup. RBs perform close to their average vs. MIN who currently ranks #20 against this position","vs.  SEAThis is a 1 star matchup. RBs perform below their average vs. SEA who currently ranks #32 against this position","at  NYGThis is a 4 star matchup. RBs perform better than their average vs. NYG who currently ranks #5 against this position","vs.  LARThis is a 2 star matchup. RBs perform below their average vs. LAR who currently ranks #28 against this position","at  LACThis is a 3 star matchup. RBs perform close to their average vs. LAC who currently ranks #22 against this position","at  KCThis is a 2 star matchup. RBs perform below their average vs. KC who currently ranks #30 against this position","vs.  PHIThis is a 3 star matchup. RBs perform close to their average vs. PHI who currently ranks #18 against this position","at  ARIThis is a 5 star matchup. RBs perform better than their average vs. ARI who currently ranks #1 against this position"
"155","Alec IngoldA. Ingold LAC","vs.  ARIThis is a 5 star matchup. RBs perform better than their average vs. ARI who currently ranks #1 against this position","vs.  LVThis is a 3 star matchup. RBs perform close to their average vs. LV who currently ranks #17 against this position","at  BUFThis is a 4 star matchup. RBs perform better than their average vs. BUF who currently ranks #3 against this position","at  SEAThis is a 1 star matchup. RBs perform below their average vs. SEA who currently ranks #32 against this position","vs.  DENThis is a 2 star matchup. RBs perform close to their average vs. DEN who currently ranks #24 against this position","at  KCThis is a 2 star matchup. RBs perform below their average vs. KC who currently ranks #30 against this position","BYE","at  LARThis is a 2 star matchup. RBs perform below their average vs. LAR who currently ranks #28 against this position","vs.  HOUThis is a 3 star matchup. RBs perform close to their average vs. HOU who currently ranks #13 against this position","at  BALThis is a 3 star matchup. RBs perform close to their average vs. BAL who currently ranks #12 against this position","vs.  NYJThis is a 4 star matchup. RBs perform better than their average vs. NYJ who currently ranks #8 against this position","vs.  NEThis is a 2 star matchup. RBs perform below their average vs. NE who currently ranks #29 against this position","at  TBThis is a 3 star matchup. RBs perform close to their average vs. TB who currently ranks #19 against this position","at  LVThis is a 3 star matchup. RBs perform close to their average vs. LV who currently ranks #17 against this position","vs.  SFThis is a 4 star matchup. RBs perform close to their average vs. SF who currently ranks #9 against this position","at  MIAThis is a 4 star matchup. RBs perform better than their average vs. MIA who currently ranks #4 against this position","vs.  KCThis is a 2 star matchup. RBs perform below their average vs. KC who currently ranks #30 against this position","at  DENThis is a 2 star matchup. RBs perform close to their average vs. DEN who currently ranks #24 against this position"
"156","Jamal HaynesJ. Haynes CIN","vs.  TBThis is a 3 star matchup. RBs perform close to their average vs. TB who currently ranks #19 against this position","at  HOUThis is a 3 star matchup. RBs perform close to their average vs. HOU who currently ranks #13 against this position","at  PITThis is a 2 star matchup. RBs perform below their average vs. PIT who currently ranks #31 against this position","vs.  JACThis is a 3 star matchup. RBs perform close to their average vs. JAC who currently ranks #21 against this position","at  MIAThis is a 4 star matchup. RBs perform better than their average vs. MIA who currently ranks #4 against this position","BYE","at  BALThis is a 3 star matchup. RBs perform close to their average vs. BAL who currently ranks #12 against this position","vs.  TENThis is a 4 star matchup. RBs perform better than their average vs. TEN who currently ranks #7 against this position","at  ATLThis is a 3 star matchup. RBs perform close to their average vs. ATL who currently ranks #14 against this position","vs.  PITThis is a 2 star matchup. RBs perform below their average vs. PIT who currently ranks #31 against this position","at  WASThis is a 4 star matchup. RBs perform better than their average vs. WAS who currently ranks #6 against this position","vs.  NOThis is a 3 star matchup. RBs perform close to their average vs. NO who currently ranks #23 against this position","at  CLEThis is a 2 star matchup. RBs perform close to their average vs. CLE who currently ranks #25 against this position","vs.  KCThis is a 2 star matchup. RBs perform below their average vs. KC who currently ranks #30 against this position","at  CARThis is a 4 star matchup. RBs perform close to their average vs. CAR who currently ranks #11 against this position","at  INDThis is a 2 star matchup. RBs perform close to their average vs. IND who currently ranks #26 against this position","vs.  BALThis is a 3 star matchup. RBs perform close to their average vs. BAL who currently ranks #12 against this position","vs.  CLEThis is a 2 star matchup. RBs perform close to their average vs. CLE who currently ranks #25 against this position"
"157","Zamir WhiteZ. White LV","vs.  MIAThis is a 4 star matchup. RBs perform better than their average vs. MIA who currently ranks #4 against this position","at  LACThis is a 3 star matchup. RBs perform close to their average vs. LAC who currently ranks #22 against this position","at  NOThis is a 3 star matchup. RBs perform close to their average vs. NO who currently ranks #23 against this position","vs.  KCThis is a 2 star matchup. RBs perform below their average vs. KC who currently ranks #30 against this position","at  NEThis is a 2 star matchup. RBs perform below their average vs. NE who currently ranks #29 against this position","vs.  BUFThis is a 4 star matchup. RBs perform better than their average vs. BUF who currently ranks #3 against this position","vs.  LARThis is a 2 star matchup. RBs perform below their average vs. LAR who currently ranks #28 against this position","at  NYJThis is a 4 star matchup. RBs perform better than their average vs. NYJ who currently ranks #8 against this position","at  SFThis is a 4 star matchup. RBs perform close to their average vs. SF who currently ranks #9 against this position","vs.  SEAThis is a 1 star matchup. RBs perform below their average vs. SEA who currently ranks #32 against this position","at  DENThis is a 2 star matchup. RBs perform close to their average vs. DEN who currently ranks #24 against this position","at  CLEThis is a 2 star matchup. RBs perform close to their average vs. CLE who currently ranks #25 against this position","BYE","vs.  LACThis is a 3 star matchup. RBs perform close to their average vs. LAC who currently ranks #22 against this position","vs.  DENThis is a 2 star matchup. RBs perform close to their average vs. DEN who currently ranks #24 against this position","vs.  TENThis is a 4 star matchup. RBs perform better than their average vs. TEN who currently ranks #7 against this position","at  ARIThis is a 5 star matchup. RBs perform better than their average vs. ARI who currently ranks #1 against this position","at  KCThis is a 2 star matchup. RBs perform below their average vs. KC who currently ranks #30 against this position"
"158","Adam PrenticeA. Prentice DEN","at  KCThis is a 2 star matchup. RBs perform below their average vs. KC who currently ranks #30 against this position","vs.  JACThis is a 3 star matchup. RBs perform close to their average vs. JAC who currently ranks #21 against this position","vs.  LARThis is a 2 star matchup. RBs perform below their average vs. LAR who currently ranks #28 against this position","at  SFThis is a 4 star matchup. RBs perform close to their average vs. SF who currently ranks #9 against this position","at  LACThis is a 3 star matchup. RBs perform close to their average vs. LAC who currently ranks #22 against this position","vs.  SEAThis is a 1 star matchup. RBs perform below their average vs. SEA who currently ranks #32 against this position","at  ARIThis is a 5 star matchup. RBs perform better than their average vs. ARI who currently ranks #1 against this position","vs.  KCThis is a 2 star matchup. RBs perform below their average vs. KC who currently ranks #30 against this position","at  CARThis is a 4 star matchup. RBs perform close to their average vs. CAR who currently ranks #11 against this position","BYE","vs.  LVThis is a 3 star matchup. RBs perform close to their average vs. LV who currently ranks #17 against this position","at  PITThis is a 2 star matchup. RBs perform below their average vs. PIT who currently ranks #31 against this position","vs.  MIAThis is a 4 star matchup. RBs perform better than their average vs. MIA who currently ranks #4 against this position","at  NYJThis is a 4 star matchup. RBs perform better than their average vs. NYJ who currently ranks #8 against this position","at  LVThis is a 3 star matchup. RBs perform close to their average vs. LV who currently ranks #17 against this position","vs.  BUFThis is a 4 star matchup. RBs perform better than their average vs. BUF who currently ranks #3 against this position","at  NEThis is a 2 star matchup. RBs perform below their average vs. NE who currently ranks #29 against this position","vs.  LACThis is a 3 star matchup. RBs perform close to their average vs. LAC who currently ranks #22 against this position"
"159","Tyler BadieT. Badie DEN","at  KCThis is a 2 star matchup. RBs perform below their average vs. KC who currently ranks #30 against this position","vs.  JACThis is a 3 star matchup. RBs perform close to their average vs. JAC who currently ranks #21 against this position","vs.  LARThis is a 2 star matchup. RBs perform below their average vs. LAR who currently ranks #28 against this position","at  SFThis is a 4 star matchup. RBs perform close to their average vs. SF who currently ranks #9 against this position","at  LACThis is a 3 star matchup. RBs perform close to their average vs. LAC who currently ranks #22 against this position","vs.  SEAThis is a 1 star matchup. RBs perform below their average vs. SEA who currently ranks #32 against this position","at  ARIThis is a 5 star matchup. RBs perform better than their average vs. ARI who currently ranks #1 against this position","vs.  KCThis is a 2 star matchup. RBs perform below their average vs. KC who currently ranks #30 against this position","at  CARThis is a 4 star matchup. RBs perform close to their average vs. CAR who currently ranks #11 against this position","BYE","vs.  LVThis is a 3 star matchup. RBs perform close to their average vs. LV who currently ranks #17 against this position","at  PITThis is a 2 star matchup. RBs perform below their average vs. PIT who currently ranks #31 against this position","vs.  MIAThis is a 4 star matchup. RBs perform better than their average vs. MIA who currently ranks #4 against this position","at  NYJThis is a 4 star matchup. RBs perform better than their average vs. NYJ who currently ranks #8 against this position","at  LVThis is a 3 star matchup. RBs perform close to their average vs. LV who currently ranks #17 against this position","vs.  BUFThis is a 4 star matchup. RBs perform better than their average vs. BUF who currently ranks #3 against this position","at  NEThis is a 2 star matchup. RBs perform below their average vs. NE who currently ranks #29 against this position","vs.  LACThis is a 3 star matchup. RBs perform close to their average vs. LAC who currently ranks #22 against this position"
"160","CJ DonaldsonCJ Donaldson NO","at  DETThis is a 2 star matchup. RBs perform below their average vs. DET who currently ranks #27 against this position","at  BALThis is a 3 star matchup. RBs perform close to their average vs. BAL who currently ranks #12 against this position","vs.  LVThis is a 3 star matchup. RBs perform close to their average vs. LV who currently ranks #17 against this position","vs.  ATLThis is a 3 star matchup. RBs perform close to their average vs. ATL who currently ranks #14 against this position","vs.  MINThis is a 3 star matchup. RBs perform close to their average vs. MIN who currently ranks #20 against this position","at  NYGThis is a 4 star matchup. RBs perform better than their average vs. NYG who currently ranks #5 against this position","vs.  PITThis is a 2 star matchup. RBs perform below their average vs. PIT who currently ranks #31 against this position","BYE","vs.  CLEThis is a 2 star matchup. RBs perform close to their average vs. CLE who currently ranks #25 against this position","vs.  CARThis is a 4 star matchup. RBs perform close to their average vs. CAR who currently ranks #11 against this position","at  CHIThis is a 3 star matchup. RBs perform close to their average vs. CHI who currently ranks #15 against this position","at  CINThis is a 4 star matchup. RBs perform close to their average vs. CIN who currently ranks #10 against this position","vs.  GBThis is a 3 star matchup. RBs perform close to their average vs. GB who currently ranks #16 against this position","at  CARThis is a 4 star matchup. RBs perform close to their average vs. CAR who currently ranks #11 against this position","at  TBThis is a 3 star matchup. RBs perform close to their average vs. TB who currently ranks #19 against this position","vs.  ARIThis is a 5 star matchup. RBs perform better than their average vs. ARI who currently ranks #1 against this position","at  ATLThis is a 3 star matchup. RBs perform close to their average vs. ATL who currently ranks #14 against this position","vs.  TBThis is a 3 star matchup. RBs perform close to their average vs. TB who currently ranks #19 against this position"
"161","Amar JohnsonA. Johnson LAC","vs.  ARIThis is a 5 star matchup. RBs perform better than their average vs. ARI who currently ranks #1 against this position","vs.  LVThis is a 3 star matchup. RBs perform close to their average vs. LV who currently ranks #17 against this position","at  BUFThis is a 4 star matchup. RBs perform better than their average vs. BUF who currently ranks #3 against this position","at  SEAThis is a 1 star matchup. RBs perform below their average vs. SEA who currently ranks #32 against this position","vs.  DENThis is a 2 star matchup. RBs perform close to their average vs. DEN who currently ranks #24 against this position","at  KCThis is a 2 star matchup. RBs perform below their average vs. KC who currently ranks #30 against this position","BYE","at  LARThis is a 2 star matchup. RBs perform below their average vs. LAR who currently ranks #28 against this position","vs.  HOUThis is a 3 star matchup. RBs perform close to their average vs. HOU who currently ranks #13 against this position","at  BALThis is a 3 star matchup. RBs perform close to their average vs. BAL who currently ranks #12 against this position","vs.  NYJThis is a 4 star matchup. RBs perform better than their average vs. NYJ who currently ranks #8 against this position","vs.  NEThis is a 2 star matchup. RBs perform below their average vs. NE who currently ranks #29 against this position","at  TBThis is a 3 star matchup. RBs perform close to their average vs. TB who currently ranks #19 against this position","at  LVThis is a 3 star matchup. RBs perform close to their average vs. LV who currently ranks #17 against this position","vs.  SFThis is a 4 star matchup. RBs perform close to their average vs. SF who currently ranks #9 against this position","at  MIAThis is a 4 star matchup. RBs perform better than their average vs. MIA who currently ranks #4 against this position","vs.  KCThis is a 2 star matchup. RBs perform below their average vs. KC who currently ranks #30 against this position","at  DENThis is a 2 star matchup. RBs perform close to their average vs. DEN who currently ranks #24 against this position"
"162","Evan HullE. Hull ARI","at  LACThis is a 3 star matchup. RBs perform close to their average vs. LAC who currently ranks #22 against this position","vs.  SEAThis is a 1 star matchup. RBs perform below their average vs. SEA who currently ranks #32 against this position","at  SFThis is a 4 star matchup. RBs perform close to their average vs. SF who currently ranks #9 against this position","at  NYGThis is a 4 star matchup. RBs perform better than their average vs. NYG who currently ranks #5 against this position","vs.  DETThis is a 2 star matchup. RBs perform below their average vs. DET who currently ranks #27 against this position","at  LARThis is a 2 star matchup. RBs perform below their average vs. LAR who currently ranks #28 against this position","vs.  DENThis is a 2 star matchup. RBs perform close to their average vs. DEN who currently ranks #24 against this position","at  DALThis is a 5 star matchup. RBs perform better than their average vs. DAL who currently ranks #2 against this position","at  SEAThis is a 1 star matchup. RBs perform below their average vs. SEA who currently ranks #32 against this position","vs.  LARThis is a 2 star matchup. RBs perform below their average vs. LAR who currently ranks #28 against this position","at  KCThis is a 2 star matchup. RBs perform below their average vs. KC who currently ranks #30 against this position","vs.  WASThis is a 4 star matchup. RBs perform better than their average vs. WAS who currently ranks #6 against this position","vs.  PHIThis is a 3 star matchup. RBs perform close to their average vs. PHI who currently ranks #18 against this position","BYE","vs.  NYJThis is a 4 star matchup. RBs perform better than their average vs. NYJ who currently ranks #8 against this position","at  NOThis is a 3 star matchup. RBs perform close to their average vs. NO who currently ranks #23 against this position","vs.  LVThis is a 3 star matchup. RBs perform close to their average vs. LV who currently ranks #17 against this position","vs.  SFThis is a 4 star matchup. RBs perform close to their average vs. SF who currently ranks #9 against this position"
"163","Patrick RicardP. Ricard NYG","vs.  DALThis is a 5 star matchup. RBs perform better than their average vs. DAL who currently ranks #2 against this position","at  LARThis is a 2 star matchup. RBs perform below their average vs. LAR who currently ranks #28 against this position","vs.  TENThis is a 4 star matchup. RBs perform better than their average vs. TEN who currently ranks #7 against this position","vs.  ARIThis is a 5 star matchup. RBs perform better than their average vs. ARI who currently ranks #1 against this position","at  WASThis is a 4 star matchup. RBs perform better than their average vs. WAS who currently ranks #6 against this position","vs.  NOThis is a 3 star matchup. RBs perform close to their average vs. NO who currently ranks #23 against this position","at  HOUThis is a 3 star matchup. RBs perform close to their average vs. HOU who currently ranks #13 against this position","BYE","at  PHIThis is a 3 star matchup. RBs perform close to their average vs. PHI who currently ranks #18 against this position","vs.  WASThis is a 4 star matchup. RBs perform better than their average vs. WAS who currently ranks #6 against this position","vs.  JACThis is a 3 star matchup. RBs perform close to their average vs. JAC who currently ranks #21 against this position","at  INDThis is a 2 star matchup. RBs perform close to their average vs. IND who currently ranks #26 against this position","vs.  SFThis is a 4 star matchup. RBs perform close to their average vs. SF who currently ranks #9 against this position","at  SEAThis is a 1 star matchup. RBs perform below their average vs. SEA who currently ranks #32 against this position","vs.  CLEThis is a 2 star matchup. RBs perform close to their average vs. CLE who currently ranks #25 against this position","at  DETThis is a 2 star matchup. RBs perform below their average vs. DET who currently ranks #27 against this position","at  DALThis is a 5 star matchup. RBs perform better than their average vs. DAL who currently ranks #2 against this position","vs.  PHIThis is a 3 star matchup. RBs perform close to their average vs. PHI who currently ranks #18 against this position"
"164","Dontae McMillanD. McMillan BAL","at  INDThis is a 2 star matchup. RBs perform close to their average vs. IND who currently ranks #26 against this position","vs.  NOThis is a 3 star matchup. RBs perform close to their average vs. NO who currently ranks #23 against this position","at  DALThis is a 5 star matchup. RBs perform better than their average vs. DAL who currently ranks #2 against this position","vs.  TENThis is a 4 star matchup. RBs perform better than their average vs. TEN who currently ranks #7 against this position","at  ATLThis is a 3 star matchup. RBs perform close to their average vs. ATL who currently ranks #14 against this position","at  CLEThis is a 2 star matchup. RBs perform close to their average vs. CLE who currently ranks #25 against this position","vs.  CINThis is a 4 star matchup. RBs perform close to their average vs. CIN who currently ranks #10 against this position","at  BUFThis is a 4 star matchup. RBs perform better than their average vs. BUF who currently ranks #3 against this position","vs.  JACThis is a 3 star matchup. RBs perform close to their average vs. JAC who currently ranks #21 against this position","vs.  LACThis is a 3 star matchup. RBs perform close to their average vs. LAC who currently ranks #22 against this position","at  CARThis is a 4 star matchup. RBs perform close to their average vs. CAR who currently ranks #11 against this position","at  HOUThis is a 3 star matchup. RBs perform close to their average vs. HOU who currently ranks #13 against this position","BYE","vs.  TBThis is a 3 star matchup. RBs perform close to their average vs. TB who currently ranks #19 against this position","at  PITThis is a 2 star matchup. RBs perform below their average vs. PIT who currently ranks #31 against this position","vs.  CLEThis is a 2 star matchup. RBs perform close to their average vs. CLE who currently ranks #25 against this position","at  CINThis is a 4 star matchup. RBs perform close to their average vs. CIN who currently ranks #10 against this position","vs.  PITThis is a 2 star matchup. RBs perform below their average vs. PIT who currently ranks #31 against this position"
"165","Josh WilliamsJ. Williams TB","at  CINThis is a 4 star matchup. RBs perform close to their average vs. CIN who currently ranks #10 against this position","vs.  CLEThis is a 2 star matchup. RBs perform close to their average vs. CLE who currently ranks #25 against this position","vs.  MINThis is a 3 star matchup. RBs perform close to their average vs. MIN who currently ranks #20 against this position","vs.  GBThis is a 3 star matchup. RBs perform close to their average vs. GB who currently ranks #16 against this position","at  DALThis is a 5 star matchup. RBs perform better than their average vs. DAL who currently ranks #2 against this position","vs.  PITThis is a 2 star matchup. RBs perform below their average vs. PIT who currently ranks #31 against this position","at  CARThis is a 4 star matchup. RBs perform close to their average vs. CAR who currently ranks #11 against this position","vs.  ATLThis is a 3 star matchup. RBs perform close to their average vs. ATL who currently ranks #14 against this position","at  CHIThis is a 3 star matchup. RBs perform close to their average vs. CHI who currently ranks #15 against this position","BYE","at  DETThis is a 2 star matchup. RBs perform below their average vs. DET who currently ranks #27 against this position","vs.  CARThis is a 4 star matchup. RBs perform close to their average vs. CAR who currently ranks #11 against this position","vs.  LACThis is a 3 star matchup. RBs perform close to their average vs. LAC who currently ranks #22 against this position","at  BALThis is a 3 star matchup. RBs perform close to their average vs. BAL who currently ranks #12 against this position","vs.  NOThis is a 3 star matchup. RBs perform close to their average vs. NO who currently ranks #23 against this position","at  ATLThis is a 3 star matchup. RBs perform close to their average vs. ATL who currently ranks #14 against this position","vs.  LARThis is a 2 star matchup. RBs perform below their average vs. LAR who currently ranks #28 against this position","at  NOThis is a 3 star matchup. RBs perform close to their average vs. NO who currently ranks #23 against this position"
"166","Julius ChestnutJ. Chestnut TEN","vs.  NYJThis is a 4 star matchup. RBs perform better than their average vs. NYJ who currently ranks #8 against this position","vs.  PHIThis is a 3 star matchup. RBs perform close to their average vs. PHI who currently ranks #18 against this position","at  NYGThis is a 4 star matchup. RBs perform better than their average vs. NYG who currently ranks #5 against this position","at  BALThis is a 3 star matchup. RBs perform close to their average vs. BAL who currently ranks #12 against this position","vs.  HOUThis is a 3 star matchup. RBs perform close to their average vs. HOU who currently ranks #13 against this position","at  INDThis is a 2 star matchup. RBs perform close to their average vs. IND who currently ranks #26 against this position","vs.  CLEThis is a 2 star matchup. RBs perform close to their average vs. CLE who currently ranks #25 against this position","at  CINThis is a 4 star matchup. RBs perform close to their average vs. CIN who currently ranks #10 against this position","BYE","vs.  JACThis is a 3 star matchup. RBs perform close to their average vs. JAC who currently ranks #21 against this position","at  DALThis is a 5 star matchup. RBs perform better than their average vs. DAL who currently ranks #2 against this position","at  JACThis is a 3 star matchup. RBs perform close to their average vs. JAC who currently ranks #21 against this position","vs.  WASThis is a 4 star matchup. RBs perform better than their average vs. WAS who currently ranks #6 against this position","at  DETThis is a 2 star matchup. RBs perform below their average vs. DET who currently ranks #27 against this position","vs.  INDThis is a 2 star matchup. RBs perform close to their average vs. IND who currently ranks #26 against this position","at  LVThis is a 3 star matchup. RBs perform close to their average vs. LV who currently ranks #17 against this position","vs.  PITThis is a 2 star matchup. RBs perform below their average vs. PIT who currently ranks #31 against this position","at  HOUThis is a 3 star matchup. RBs perform close to their average vs. HOU who currently ranks #13 against this position"
"167","Michael BurtonM. Burton CLE","at  JACThis is a 3 star matchup. RBs perform close to their average vs. JAC who currently ranks #21 against this position","at  TBThis is a 3 star matchup. RBs perform close to their average vs. TB who currently ranks #19 against this position","vs.  CARThis is a 4 star matchup. RBs perform close to their average vs. CAR who currently ranks #11 against this position","vs.  PITThis is a 2 star matchup. RBs perform below their average vs. PIT who currently ranks #31 against this position","at  NYJThis is a 4 star matchup. RBs perform better than their average vs. NYJ who currently ranks #8 against this position","vs.  BALThis is a 3 star matchup. RBs perform close to their average vs. BAL who currently ranks #12 against this position","at  TENThis is a 4 star matchup. RBs perform better than their average vs. TEN who currently ranks #7 against this position","at  PITThis is a 2 star matchup. RBs perform below their average vs. PIT who currently ranks #31 against this position","at  NOThis is a 3 star matchup. RBs perform close to their average vs. NO who currently ranks #23 against this position","vs.  HOUThis is a 3 star matchup. RBs perform close to their average vs. HOU who currently ranks #13 against this position","BYE","vs.  LVThis is a 3 star matchup. RBs perform close to their average vs. LV who currently ranks #17 against this position","vs.  CINThis is a 4 star matchup. RBs perform close to their average vs. CIN who currently ranks #10 against this position","vs.  ATLThis is a 3 star matchup. RBs perform close to their average vs. ATL who currently ranks #14 against this position","at  NYGThis is a 4 star matchup. RBs perform better than their average vs. NYG who currently ranks #5 against this position","at  BALThis is a 3 star matchup. RBs perform close to their average vs. BAL who currently ranks #12 against this position","vs.  INDThis is a 2 star matchup. RBs perform close to their average vs. IND who currently ranks #26 against this position","at  CINThis is a 4 star matchup. RBs perform close to their average vs. CIN who currently ranks #10 against this position"
"168","Kentrel BullockK. Bullock CIN","vs.  TBThis is a 3 star matchup. RBs perform close to their average vs. TB who currently ranks #19 against this position","at  HOUThis is a 3 star matchup. RBs perform close to their average vs. HOU who currently ranks #13 against this position","at  PITThis is a 2 star matchup. RBs perform below their average vs. PIT who currently ranks #31 against this position","vs.  JACThis is a 3 star matchup. RBs perform close to their average vs. JAC who currently ranks #21 against this position","at  MIAThis is a 4 star matchup. RBs perform better than their average vs. MIA who currently ranks #4 against this position","BYE","at  BALThis is a 3 star matchup. RBs perform close to their average vs. BAL who currently ranks #12 against this position","vs.  TENThis is a 4 star matchup. RBs perform better than their average vs. TEN who currently ranks #7 against this position","at  ATLThis is a 3 star matchup. RBs perform close to their average vs. ATL who currently ranks #14 against this position","vs.  PITThis is a 2 star matchup. RBs perform below their average vs. PIT who currently ranks #31 against this position","at  WASThis is a 4 star matchup. RBs perform better than their average vs. WAS who currently ranks #6 against this position","vs.  NOThis is a 3 star matchup. RBs perform close to their average vs. NO who currently ranks #23 against this position","at  CLEThis is a 2 star matchup. RBs perform close to their average vs. CLE who currently ranks #25 against this position","vs.  KCThis is a 2 star matchup. RBs perform below their average vs. KC who currently ranks #30 against this position","at  CARThis is a 4 star matchup. RBs perform close to their average vs. CAR who currently ranks #11 against this position","at  INDThis is a 2 star matchup. RBs perform close to their average vs. IND who currently ranks #26 against this position","vs.  BALThis is a 3 star matchup. RBs perform close to their average vs. BAL who currently ranks #12 against this position","vs.  CLEThis is a 2 star matchup. RBs perform close to their average vs. CLE who currently ranks #25 against this position"
"169","DeeJay DallasD. Dallas JAC","vs.  CLEThis is a 2 star matchup. RBs perform close to their average vs. CLE who currently ranks #25 against this position","at  DENThis is a 2 star matchup. RBs perform close to their average vs. DEN who currently ranks #24 against this position","vs.  NEThis is a 2 star matchup. RBs perform below their average vs. NE who currently ranks #29 against this position","at  CINThis is a 4 star matchup. RBs perform close to their average vs. CIN who currently ranks #10 against this position","vs.  PHIThis is a 3 star matchup. RBs perform close to their average vs. PHI who currently ranks #18 against this position","vs.  HOUThis is a 3 star matchup. RBs perform close to their average vs. HOU who currently ranks #13 against this position","BYE","vs.  INDThis is a 2 star matchup. RBs perform close to their average vs. IND who currently ranks #26 against this position","at  BALThis is a 3 star matchup. RBs perform close to their average vs. BAL who currently ranks #12 against this position","at  TENThis is a 4 star matchup. RBs perform better than their average vs. TEN who currently ranks #7 against this position","at  NYGThis is a 4 star matchup. RBs perform better than their average vs. NYG who currently ranks #5 against this position","vs.  TENThis is a 4 star matchup. RBs perform better than their average vs. TEN who currently ranks #7 against this position","at  CHIThis is a 3 star matchup. RBs perform close to their average vs. CHI who currently ranks #15 against this position","vs.  PITThis is a 2 star matchup. RBs perform below their average vs. PIT who currently ranks #31 against this position","at  HOUThis is a 3 star matchup. RBs perform close to their average vs. HOU who currently ranks #13 against this position","at  DALThis is a 5 star matchup. RBs perform better than their average vs. DAL who currently ranks #2 against this position","vs.  WASThis is a 4 star matchup. RBs perform better than their average vs. WAS who currently ranks #6 against this position","at  INDThis is a 2 star matchup. RBs perform close to their average vs. IND who currently ranks #26 against this position"
"170","Desmond ReidD. Reid FA","","","","","","","","","","","","","","","","","",""
"171","Clyde Edwards-HelaireC. Edwards-Helaire FA","","","","","","","","","","","","","","","","","",""
"172","Royce FreemanR. Freeman FA","","","","","","","","","","","","","","","","","",""
"173","Brittain BrownB. Brown CHI","at  CARThis is a 4 star matchup. RBs perform close to their average vs. CAR who currently ranks #11 against this position","vs.  MINThis is a 3 star matchup. RBs perform close to their average vs. MIN who currently ranks #20 against this position","vs.  PHIThis is a 3 star matchup. RBs perform close to their average vs. PHI who currently ranks #18 against this position","vs.  NYJThis is a 4 star matchup. RBs perform better than their average vs. NYJ who currently ranks #8 against this position","at  GBThis is a 3 star matchup. RBs perform close to their average vs. GB who currently ranks #16 against this position","at  ATLThis is a 3 star matchup. RBs perform close to their average vs. ATL who currently ranks #14 against this position","vs.  NEThis is a 2 star matchup. RBs perform below their average vs. NE who currently ranks #29 against this position","at  SEAThis is a 1 star matchup. RBs perform below their average vs. SEA who currently ranks #32 against this position","vs.  TBThis is a 3 star matchup. RBs perform close to their average vs. TB who currently ranks #19 against this position","BYE","vs.  NOThis is a 3 star matchup. RBs perform close to their average vs. NO who currently ranks #23 against this position","at  DETThis is a 2 star matchup. RBs perform below their average vs. DET who currently ranks #27 against this position","vs.  JACThis is a 3 star matchup. RBs perform close to their average vs. JAC who currently ranks #21 against this position","at  MIAThis is a 4 star matchup. RBs perform better than their average vs. MIA who currently ranks #4 against this position","at  BUFThis is a 4 star matchup. RBs perform better than their average vs. BUF who currently ranks #3 against this position","vs.  GBThis is a 3 star matchup. RBs perform close to their average vs. GB who currently ranks #16 against this position","vs.  DETThis is a 2 star matchup. RBs perform below their average vs. DET who currently ranks #27 against this position","at  MINThis is a 3 star matchup. RBs perform close to their average vs. MIN who currently ranks #20 against this position"
"174","Dante MillerD. Miller NYG","vs.  DALThis is a 5 star matchup. RBs perform better than their average vs. DAL who currently ranks #2 against this position","at  LARThis is a 2 star matchup. RBs perform below their average vs. LAR who currently ranks #28 against this position","vs.  TENThis is a 4 star matchup. RBs perform better than their average vs. TEN who currently ranks #7 against this position","vs.  ARIThis is a 5 star matchup. RBs perform better than their average vs. ARI who currently ranks #1 against this position","at  WASThis is a 4 star matchup. RBs perform better than their average vs. WAS who currently ranks #6 against this position","vs.  NOThis is a 3 star matchup. RBs perform close to their average vs. NO who currently ranks #23 against this position","at  HOUThis is a 3 star matchup. RBs perform close to their average vs. HOU who currently ranks #13 against this position","BYE","at  PHIThis is a 3 star matchup. RBs perform close to their average vs. PHI who currently ranks #18 against this position","vs.  WASThis is a 4 star matchup. RBs perform better than their average vs. WAS who currently ranks #6 against this position","vs.  JACThis is a 3 star matchup. RBs perform close to their average vs. JAC who currently ranks #21 against this position","at  INDThis is a 2 star matchup. RBs perform close to their average vs. IND who currently ranks #26 against this position","vs.  SFThis is a 4 star matchup. RBs perform close to their average vs. SF who currently ranks #9 against this position","at  SEAThis is a 1 star matchup. RBs perform below their average vs. SEA who currently ranks #32 against this position","vs.  CLEThis is a 2 star matchup. RBs perform close to their average vs. CLE who currently ranks #25 against this position","at  DETThis is a 2 star matchup. RBs perform below their average vs. DET who currently ranks #27 against this position","at  DALThis is a 5 star matchup. RBs perform better than their average vs. DAL who currently ranks #2 against this position","vs.  PHIThis is a 3 star matchup. RBs perform close to their average vs. PHI who currently ranks #18 against this position"
"175","Eric GrayE. Gray NYG","vs.  DALThis is a 5 star matchup. RBs perform better than their average vs. DAL who currently ranks #2 against this position","at  LARThis is a 2 star matchup. RBs perform below their average vs. LAR who currently ranks #28 against this position","vs.  TENThis is a 4 star matchup. RBs perform better than their average vs. TEN who currently ranks #7 against this position","vs.  ARIThis is a 5 star matchup. RBs perform better than their average vs. ARI who currently ranks #1 against this position","at  WASThis is a 4 star matchup. RBs perform better than their average vs. WAS who currently ranks #6 against this position","vs.  NOThis is a 3 star matchup. RBs perform close to their average vs. NO who currently ranks #23 against this position","at  HOUThis is a 3 star matchup. RBs perform close to their average vs. HOU who currently ranks #13 against this position","BYE","at  PHIThis is a 3 star matchup. RBs perform close to their average vs. PHI who currently ranks #18 against this position","vs.  WASThis is a 4 star matchup. RBs perform better than their average vs. WAS who currently ranks #6 against this position","vs.  JACThis is a 3 star matchup. RBs perform close to their average vs. JAC who currently ranks #21 against this position","at  INDThis is a 2 star matchup. RBs perform close to their average vs. IND who currently ranks #26 against this position","vs.  SFThis is a 4 star matchup. RBs perform close to their average vs. SF who currently ranks #9 against this position","at  SEAThis is a 1 star matchup. RBs perform below their average vs. SEA who currently ranks #32 against this position","vs.  CLEThis is a 2 star matchup. RBs perform close to their average vs. CLE who currently ranks #25 against this position","at  DETThis is a 2 star matchup. RBs perform below their average vs. DET who currently ranks #27 against this position","at  DALThis is a 5 star matchup. RBs perform better than their average vs. DAL who currently ranks #2 against this position","vs.  PHIThis is a 3 star matchup. RBs perform close to their average vs. PHI who currently ranks #18 against this position"
""
""