"ECR","Player","1","2","3","4","5","6","7","8","9","10","11","12","13","14","15","16","17","18"
"1","Ja'Marr ChaseJ. Chase CIN","vs.  TBThis is a 2 star matchup. WRs perform below their average vs. TB who currently ranks #26 against this position","at  HOUThis is a 3 star matchup. WRs perform close to their average vs. HOU who currently ranks #21 against this position","at  PITThis is a 3 star matchup. WRs perform close to their average vs. PIT who currently ranks #22 against this position","vs.  JACThis is a 2 star matchup. WRs perform below their average vs. JAC who currently ranks #28 against this position","at  MIAThis is a 5 star matchup. WRs perform better than their average vs. MIA who currently ranks #2 against this position","BYE","at  BALThis is a 3 star matchup. WRs perform close to their average vs. BAL who currently ranks #13 against this position","vs.  TENThis is a 4 star matchup. WRs perform better than their average vs. TEN who currently ranks #3 against this position","at  ATLThis is a 4 star matchup. WRs perform better than their average vs. ATL who currently ranks #4 against this position","vs.  PITThis is a 3 star matchup. WRs perform close to their average vs. PIT who currently ranks #22 against this position","at  WASThis is a 4 star matchup. WRs perform better than their average vs. WAS who currently ranks #7 against this position","vs.  NOThis is a 4 star matchup. WRs perform close to their average vs. NO who currently ranks #11 against this position","at  CLEThis is a 4 star matchup. WRs perform close to their average vs. CLE who currently ranks #10 against this position","vs.  KCThis is a 2 star matchup. WRs perform close to their average vs. KC who currently ranks #25 against this position","at  CARThis is a 3 star matchup. WRs perform close to their average vs. CAR who currently ranks #20 against this position","at  INDThis is a 3 star matchup. WRs perform close to their average vs. IND who currently ranks #16 against this position","vs.  BALThis is a 3 star matchup. WRs perform close to their average vs. BAL who currently ranks #13 against this position","vs.  CLEThis is a 4 star matchup. WRs perform close to their average vs. CLE who currently ranks #10 against this position"
"2","Puka NacuaP. Nacua LAR","vs.  SFThis is a 3 star matchup. WRs perform close to their average vs. SF who currently ranks #15 against this position","vs.  NYGThis is a 3 star matchup. WRs perform close to their average vs. NYG who currently ranks #23 against this position","at  DENThis is a 2 star matchup. WRs perform below their average vs. DEN who currently ranks #31 against this position","at  PHIThis is a 1 star matchup. WRs perform below their average vs. PHI who currently ranks #32 against this position","vs.  BUFThis is a 3 star matchup. WRs perform close to their average vs. BUF who currently ranks #18 against this position","vs.  ARIThis is a 3 star matchup. WRs perform close to their average vs. ARI who currently ranks #24 against this position","at  LVThis is a 3 star matchup. WRs perform close to their average vs. LV who currently ranks #19 against this position","vs.  LACThis is a 2 star matchup. WRs perform below their average vs. LAC who currently ranks #30 against this position","at  WASThis is a 4 star matchup. WRs perform better than their average vs. WAS who currently ranks #7 against this position","at  ARIThis is a 3 star matchup. WRs perform close to their average vs. ARI who currently ranks #24 against this position","BYE","vs.  GBThis is a 3 star matchup. WRs perform close to their average vs. GB who currently ranks #14 against this position","vs.  KCThis is a 2 star matchup. WRs perform close to their average vs. KC who currently ranks #25 against this position","at  SFThis is a 3 star matchup. WRs perform close to their average vs. SF who currently ranks #15 against this position","vs.  DALThis is a 5 star matchup. WRs perform better than their average vs. DAL who currently ranks #1 against this position","at  SEAThis is a 2 star matchup. WRs perform below their average vs. SEA who currently ranks #27 against this position","at  TBThis is a 2 star matchup. WRs perform below their average vs. TB who currently ranks #26 against this position","vs.  SEAThis is a 2 star matchup. WRs perform below their average vs. SEA who currently ranks #27 against this position"
"3","Jaxon Smith-NjigbaJ. Smith-Njigba SEA","vs.  NEThis is a 4 star matchup. WRs perform better than their average vs. NE who currently ranks #6 against this position","at  ARIThis is a 3 star matchup. WRs perform close to their average vs. ARI who currently ranks #24 against this position","at  WASThis is a 4 star matchup. WRs perform better than their average vs. WAS who currently ranks #7 against this position","vs.  LACThis is a 2 star matchup. WRs perform below their average vs. LAC who currently ranks #30 against this position","vs.  SFThis is a 3 star matchup. WRs perform close to their average vs. SF who currently ranks #15 against this position","at  DENThis is a 2 star matchup. WRs perform below their average vs. DEN who currently ranks #31 against this position","vs.  KCThis is a 2 star matchup. WRs perform close to their average vs. KC who currently ranks #25 against this position","vs.  CHIThis is a 4 star matchup. WRs perform better than their average vs. CHI who currently ranks #5 against this position","vs.  ARIThis is a 3 star matchup. WRs perform close to their average vs. ARI who currently ranks #24 against this position","at  LVThis is a 3 star matchup. WRs perform close to their average vs. LV who currently ranks #19 against this position","BYE","at  SFThis is a 3 star matchup. WRs perform close to their average vs. SF who currently ranks #15 against this position","vs.  DALThis is a 5 star matchup. WRs perform better than their average vs. DAL who currently ranks #1 against this position","vs.  NYGThis is a 3 star matchup. WRs perform close to their average vs. NYG who currently ranks #23 against this position","at  PHIThis is a 1 star matchup. WRs perform below their average vs. PHI who currently ranks #32 against this position","vs.  LARThis is a 3 star matchup. WRs perform close to their average vs. LAR who currently ranks #17 against this position","at  CARThis is a 3 star matchup. WRs perform close to their average vs. CAR who currently ranks #20 against this position","at  LARThis is a 3 star matchup. WRs perform close to their average vs. LAR who currently ranks #17 against this position"
"4","Amon-Ra St. BrownA. St. Brown DET","vs.  NOThis is a 4 star matchup. WRs perform close to their average vs. NO who currently ranks #11 against this position","at  BUFThis is a 3 star matchup. WRs perform close to their average vs. BUF who currently ranks #18 against this position","vs.  NYJThis is a 4 star matchup. WRs perform close to their average vs. NYJ who currently ranks #9 against this position","at  CARThis is a 3 star matchup. WRs perform close to their average vs. CAR who currently ranks #20 against this position","at  ARIThis is a 3 star matchup. WRs perform close to their average vs. ARI who currently ranks #24 against this position","BYE","vs.  GBThis is a 3 star matchup. WRs perform close to their average vs. GB who currently ranks #14 against this position","vs.  MINThis is a 2 star matchup. WRs perform below their average vs. MIN who currently ranks #29 against this position","at  MIAThis is a 5 star matchup. WRs perform better than their average vs. MIA who currently ranks #2 against this position","vs.  NEThis is a 4 star matchup. WRs perform better than their average vs. NE who currently ranks #6 against this position","vs.  TBThis is a 2 star matchup. WRs perform below their average vs. TB who currently ranks #26 against this position","vs.  CHIThis is a 4 star matchup. WRs perform better than their average vs. CHI who currently ranks #5 against this position","at  ATLThis is a 4 star matchup. WRs perform better than their average vs. ATL who currently ranks #4 against this position","vs.  TENThis is a 4 star matchup. WRs perform better than their average vs. TEN who currently ranks #3 against this position","at  MINThis is a 2 star matchup. WRs perform below their average vs. MIN who currently ranks #29 against this position","vs.  NYGThis is a 3 star matchup. WRs perform close to their average vs. NYG who currently ranks #23 against this position","at  CHIThis is a 4 star matchup. WRs perform better than their average vs. CHI who currently ranks #5 against this position","at  GBThis is a 3 star matchup. WRs perform close to their average vs. GB who currently ranks #14 against this position"
"5","CeeDee LambC. Lamb DAL","at  NYGThis is a 3 star matchup. WRs perform close to their average vs. NYG who currently ranks #23 against this position","vs.  WASThis is a 4 star matchup. WRs perform better than their average vs. WAS who currently ranks #7 against this position","vs.  BALThis is a 3 star matchup. WRs perform close to their average vs. BAL who currently ranks #13 against this position","at  HOUThis is a 3 star matchup. WRs perform close to their average vs. HOU who currently ranks #21 against this position","vs.  TBThis is a 2 star matchup. WRs perform below their average vs. TB who currently ranks #26 against this position","at  GBThis is a 3 star matchup. WRs perform close to their average vs. GB who currently ranks #14 against this position","at  PHIThis is a 1 star matchup. WRs perform below their average vs. PHI who currently ranks #32 against this position","vs.  ARIThis is a 3 star matchup. WRs perform close to their average vs. ARI who currently ranks #24 against this position","at  INDThis is a 3 star matchup. WRs perform close to their average vs. IND who currently ranks #16 against this position","vs.  SFThis is a 3 star matchup. WRs perform close to their average vs. SF who currently ranks #15 against this position","vs.  TENThis is a 4 star matchup. WRs perform better than their average vs. TEN who currently ranks #3 against this position","vs.  PHIThis is a 1 star matchup. WRs perform below their average vs. PHI who currently ranks #32 against this position","at  SEAThis is a 2 star matchup. WRs perform below their average vs. SEA who currently ranks #27 against this position","BYE","at  LARThis is a 3 star matchup. WRs perform close to their average vs. LAR who currently ranks #17 against this position","vs.  JACThis is a 2 star matchup. WRs perform below their average vs. JAC who currently ranks #28 against this position","vs.  NYGThis is a 3 star matchup. WRs perform close to their average vs. NYG who currently ranks #23 against this position","at  WASThis is a 4 star matchup. WRs perform better than their average vs. WAS who currently ranks #7 against this position"
"6","Justin JeffersonJ. Jefferson MIN","vs.  GBThis is a 3 star matchup. WRs perform close to their average vs. GB who currently ranks #14 against this position","at  CHIThis is a 4 star matchup. WRs perform better than their average vs. CHI who currently ranks #5 against this position","at  TBThis is a 2 star matchup. WRs perform below their average vs. TB who currently ranks #26 against this position","vs.  MIAThis is a 5 star matchup. WRs perform better than their average vs. MIA who currently ranks #2 against this position","at  NOThis is a 4 star matchup. WRs perform close to their average vs. NO who currently ranks #11 against this position","BYE","vs.  INDThis is a 3 star matchup. WRs perform close to their average vs. IND who currently ranks #16 against this position","at  DETThis is a 4 star matchup. WRs perform better than their average vs. DET who currently ranks #8 against this position","vs.  BUFThis is a 3 star matchup. WRs perform close to their average vs. BUF who currently ranks #18 against this position","at  GBThis is a 3 star matchup. WRs perform close to their average vs. GB who currently ranks #14 against this position","at  SFThis is a 3 star matchup. WRs perform close to their average vs. SF who currently ranks #15 against this position","vs.  ATLThis is a 4 star matchup. WRs perform better than their average vs. ATL who currently ranks #4 against this position","vs.  CARThis is a 3 star matchup. WRs perform close to their average vs. CAR who currently ranks #20 against this position","at  NEThis is a 4 star matchup. WRs perform better than their average vs. NE who currently ranks #6 against this position","vs.  DETThis is a 4 star matchup. WRs perform better than their average vs. DET who currently ranks #8 against this position","vs.  WASThis is a 4 star matchup. WRs perform better than their average vs. WAS who currently ranks #7 against this position","at  NYJThis is a 4 star matchup. WRs perform close to their average vs. NYJ who currently ranks #9 against this position","vs.  CHIThis is a 4 star matchup. WRs perform better than their average vs. CHI who currently ranks #5 against this position"
"7","Drake LondonD. London ATL","at  PITThis is a 3 star matchup. WRs perform close to their average vs. PIT who currently ranks #22 against this position","vs.  CARThis is a 3 star matchup. WRs perform close to their average vs. CAR who currently ranks #20 against this position","at  GBThis is a 3 star matchup. WRs perform close to their average vs. GB who currently ranks #14 against this position","at  NOThis is a 4 star matchup. WRs perform close to their average vs. NO who currently ranks #11 against this position","vs.  BALThis is a 3 star matchup. WRs perform close to their average vs. BAL who currently ranks #13 against this position","vs.  CHIThis is a 4 star matchup. WRs perform better than their average vs. CHI who currently ranks #5 against this position","vs.  SFThis is a 3 star matchup. WRs perform close to their average vs. SF who currently ranks #15 against this position","at  TBThis is a 2 star matchup. WRs perform below their average vs. TB who currently ranks #26 against this position","vs.  CINThis is a 3 star matchup. WRs perform close to their average vs. CIN who currently ranks #12 against this position","vs.  KCThis is a 2 star matchup. WRs perform close to their average vs. KC who currently ranks #25 against this position","BYE","at  MINThis is a 2 star matchup. WRs perform below their average vs. MIN who currently ranks #29 against this position","vs.  DETThis is a 4 star matchup. WRs perform better than their average vs. DET who currently ranks #8 against this position","at  CLEThis is a 4 star matchup. WRs perform close to their average vs. CLE who currently ranks #10 against this position","at  WASThis is a 4 star matchup. WRs perform better than their average vs. WAS who currently ranks #7 against this position","vs.  TBThis is a 2 star matchup. WRs perform below their average vs. TB who currently ranks #26 against this position","vs.  NOThis is a 4 star matchup. WRs perform close to their average vs. NO who currently ranks #11 against this position","at  CARThis is a 3 star matchup. WRs perform close to their average vs. CAR who currently ranks #20 against this position"
"8","Nico CollinsN. Collins HOU","vs.  BUFThis is a 3 star matchup. WRs perform close to their average vs. BUF who currently ranks #18 against this position","vs.  CINThis is a 3 star matchup. WRs perform close to their average vs. CIN who currently ranks #12 against this position","at  INDThis is a 3 star matchup. WRs perform close to their average vs. IND who currently ranks #16 against this position","vs.  DALThis is a 5 star matchup. WRs perform better than their average vs. DAL who currently ranks #1 against this position","at  TENThis is a 4 star matchup. WRs perform better than their average vs. TEN who currently ranks #3 against this position","at  JACThis is a 2 star matchup. WRs perform below their average vs. JAC who currently ranks #28 against this position","vs.  NYGThis is a 3 star matchup. WRs perform close to their average vs. NYG who currently ranks #23 against this position","BYE","at  LACThis is a 2 star matchup. WRs perform below their average vs. LAC who currently ranks #30 against this position","at  CLEThis is a 4 star matchup. WRs perform close to their average vs. CLE who currently ranks #10 against this position","vs.  INDThis is a 3 star matchup. WRs perform close to their average vs. IND who currently ranks #16 against this position","vs.  BALThis is a 3 star matchup. WRs perform close to their average vs. BAL who currently ranks #13 against this position","at  PITThis is a 3 star matchup. WRs perform close to their average vs. PIT who currently ranks #22 against this position","at  WASThis is a 4 star matchup. WRs perform better than their average vs. WAS who currently ranks #7 against this position","vs.  JACThis is a 2 star matchup. WRs perform below their average vs. JAC who currently ranks #28 against this position","at  PHIThis is a 1 star matchup. WRs perform below their average vs. PHI who currently ranks #32 against this position","at  GBThis is a 3 star matchup. WRs perform close to their average vs. GB who currently ranks #14 against this position","vs.  TENThis is a 4 star matchup. WRs perform better than their average vs. TEN who currently ranks #3 against this position"
"9","A.J. BrownA.J. Brown NE","at  SEAThis is a 2 star matchup. WRs perform below their average vs. SEA who currently ranks #27 against this position","vs.  PITThis is a 3 star matchup. WRs perform close to their average vs. PIT who currently ranks #22 against this position","at  JACThis is a 2 star matchup. WRs perform below their average vs. JAC who currently ranks #28 against this position","at  BUFThis is a 3 star matchup. WRs perform close to their average vs. BUF who currently ranks #18 against this position","vs.  LVThis is a 3 star matchup. WRs perform close to their average vs. LV who currently ranks #19 against this position","vs.  NYJThis is a 4 star matchup. WRs perform close to their average vs. NYJ who currently ranks #9 against this position","at  CHIThis is a 4 star matchup. WRs perform better than their average vs. CHI who currently ranks #5 against this position","at  MIAThis is a 5 star matchup. WRs perform better than their average vs. MIA who currently ranks #2 against this position","vs.  GBThis is a 3 star matchup. WRs perform close to their average vs. GB who currently ranks #14 against this position","at  DETThis is a 4 star matchup. WRs perform better than their average vs. DET who currently ranks #8 against this position","BYE","at  LACThis is a 2 star matchup. WRs perform below their average vs. LAC who currently ranks #30 against this position","vs.  BUFThis is a 3 star matchup. WRs perform close to their average vs. BUF who currently ranks #18 against this position","vs.  MINThis is a 2 star matchup. WRs perform below their average vs. MIN who currently ranks #29 against this position","at  KCThis is a 2 star matchup. WRs perform close to their average vs. KC who currently ranks #25 against this position","at  NYJThis is a 4 star matchup. WRs perform close to their average vs. NYJ who currently ranks #9 against this position","vs.  DENThis is a 2 star matchup. WRs perform below their average vs. DEN who currently ranks #31 against this position","vs.  MIAThis is a 5 star matchup. WRs perform better than their average vs. MIA who currently ranks #2 against this position"
"10","George PickensG. Pickens DAL","at  NYGThis is a 3 star matchup. WRs perform close to their average vs. NYG who currently ranks #23 against this position","vs.  WASThis is a 4 star matchup. WRs perform better than their average vs. WAS who currently ranks #7 against this position","vs.  BALThis is a 3 star matchup. WRs perform close to their average vs. BAL who currently ranks #13 against this position","at  HOUThis is a 3 star matchup. WRs perform close to their average vs. HOU who currently ranks #21 against this position","vs.  TBThis is a 2 star matchup. WRs perform below their average vs. TB who currently ranks #26 against this position","at  GBThis is a 3 star matchup. WRs perform close to their average vs. GB who currently ranks #14 against this position","at  PHIThis is a 1 star matchup. WRs perform below their average vs. PHI who currently ranks #32 against this position","vs.  ARIThis is a 3 star matchup. WRs perform close to their average vs. ARI who currently ranks #24 against this position","at  INDThis is a 3 star matchup. WRs perform close to their average vs. IND who currently ranks #16 against this position","vs.  SFThis is a 3 star matchup. WRs perform close to their average vs. SF who currently ranks #15 against this position","vs.  TENThis is a 4 star matchup. WRs perform better than their average vs. TEN who currently ranks #3 against this position","vs.  PHIThis is a 1 star matchup. WRs perform below their average vs. PHI who currently ranks #32 against this position","at  SEAThis is a 2 star matchup. WRs perform below their average vs. SEA who currently ranks #27 against this position","BYE","at  LARThis is a 3 star matchup. WRs perform close to their average vs. LAR who currently ranks #17 against this position","vs.  JACThis is a 2 star matchup. WRs perform below their average vs. JAC who currently ranks #28 against this position","vs.  NYGThis is a 3 star matchup. WRs perform close to their average vs. NYG who currently ranks #23 against this position","at  WASThis is a 4 star matchup. WRs perform better than their average vs. WAS who currently ranks #7 against this position"
"11","Rashee RiceR. Rice KC","vs.  DENThis is a 2 star matchup. WRs perform below their average vs. DEN who currently ranks #31 against this position","vs.  INDThis is a 3 star matchup. WRs perform close to their average vs. IND who currently ranks #16 against this position","at  MIAThis is a 5 star matchup. WRs perform better than their average vs. MIA who currently ranks #2 against this position","at  LVThis is a 3 star matchup. WRs perform close to their average vs. LV who currently ranks #19 against this position","BYE","vs.  LACThis is a 2 star matchup. WRs perform below their average vs. LAC who currently ranks #30 against this position","at  SEAThis is a 2 star matchup. WRs perform below their average vs. SEA who currently ranks #27 against this position","at  DENThis is a 2 star matchup. WRs perform below their average vs. DEN who currently ranks #31 against this position","vs.  NYJThis is a 4 star matchup. WRs perform close to their average vs. NYJ who currently ranks #9 against this position","at  ATLThis is a 4 star matchup. WRs perform better than their average vs. ATL who currently ranks #4 against this position","vs.  ARIThis is a 3 star matchup. WRs perform close to their average vs. ARI who currently ranks #24 against this position","at  BUFThis is a 3 star matchup. WRs perform close to their average vs. BUF who currently ranks #18 against this position","at  LARThis is a 3 star matchup. WRs perform close to their average vs. LAR who currently ranks #17 against this position","at  CINThis is a 3 star matchup. WRs perform close to their average vs. CIN who currently ranks #12 against this position","vs.  NEThis is a 4 star matchup. WRs perform better than their average vs. NE who currently ranks #6 against this position","vs.  SFThis is a 3 star matchup. WRs perform close to their average vs. SF who currently ranks #15 against this position","at  LACThis is a 2 star matchup. WRs perform below their average vs. LAC who currently ranks #30 against this position","vs.  LVThis is a 3 star matchup. WRs perform close to their average vs. LV who currently ranks #19 against this position"
"12","Chris OlaveC. Olave NO","at  DETThis is a 4 star matchup. WRs perform better than their average vs. DET who currently ranks #8 against this position","at  BALThis is a 3 star matchup. WRs perform close to their average vs. BAL who currently ranks #13 against this position","vs.  LVThis is a 3 star matchup. WRs perform close to their average vs. LV who currently ranks #19 against this position","vs.  ATLThis is a 4 star matchup. WRs perform better than their average vs. ATL who currently ranks #4 against this position","vs.  MINThis is a 2 star matchup. WRs perform below their average vs. MIN who currently ranks #29 against this position","at  NYGThis is a 3 star matchup. WRs perform close to their average vs. NYG who currently ranks #23 against this position","vs.  PITThis is a 3 star matchup. WRs perform close to their average vs. PIT who currently ranks #22 against this position","BYE","vs.  CLEThis is a 4 star matchup. WRs perform close to their average vs. CLE who currently ranks #10 against this position","vs.  CARThis is a 3 star matchup. WRs perform close to their average vs. CAR who currently ranks #20 against this position","at  CHIThis is a 4 star matchup. WRs perform better than their average vs. CHI who currently ranks #5 against this position","at  CINThis is a 3 star matchup. WRs perform close to their average vs. CIN who currently ranks #12 against this position","vs.  GBThis is a 3 star matchup. WRs perform close to their average vs. GB who currently ranks #14 against this position","at  CARThis is a 3 star matchup. WRs perform close to their average vs. CAR who currently ranks #20 against this position","at  TBThis is a 2 star matchup. WRs perform below their average vs. TB who currently ranks #26 against this position","vs.  ARIThis is a 3 star matchup. WRs perform close to their average vs. ARI who currently ranks #24 against this position","at  ATLThis is a 4 star matchup. WRs perform better than their average vs. ATL who currently ranks #4 against this position","vs.  TBThis is a 2 star matchup. WRs perform below their average vs. TB who currently ranks #26 against this position"
"13","Tee HigginsT. Higgins CIN","vs.  TBThis is a 2 star matchup. WRs perform below their average vs. TB who currently ranks #26 against this position","at  HOUThis is a 3 star matchup. WRs perform close to their average vs. HOU who currently ranks #21 against this position","at  PITThis is a 3 star matchup. WRs perform close to their average vs. PIT who currently ranks #22 against this position","vs.  JACThis is a 2 star matchup. WRs perform below their average vs. JAC who currently ranks #28 against this position","at  MIAThis is a 5 star matchup. WRs perform better than their average vs. MIA who currently ranks #2 against this position","BYE","at  BALThis is a 3 star matchup. WRs perform close to their average vs. BAL who currently ranks #13 against this position","vs.  TENThis is a 4 star matchup. WRs perform better than their average vs. TEN who currently ranks #3 against this position","at  ATLThis is a 4 star matchup. WRs perform better than their average vs. ATL who currently ranks #4 against this position","vs.  PITThis is a 3 star matchup. WRs perform close to their average vs. PIT who currently ranks #22 against this position","at  WASThis is a 4 star matchup. WRs perform better than their average vs. WAS who currently ranks #7 against this position","vs.  NOThis is a 4 star matchup. WRs perform close to their average vs. NO who currently ranks #11 against this position","at  CLEThis is a 4 star matchup. WRs perform close to their average vs. CLE who currently ranks #10 against this position","vs.  KCThis is a 2 star matchup. WRs perform close to their average vs. KC who currently ranks #25 against this position","at  CARThis is a 3 star matchup. WRs perform close to their average vs. CAR who currently ranks #20 against this position","at  INDThis is a 3 star matchup. WRs perform close to their average vs. IND who currently ranks #16 against this position","vs.  BALThis is a 3 star matchup. WRs perform close to their average vs. BAL who currently ranks #13 against this position","vs.  CLEThis is a 4 star matchup. WRs perform close to their average vs. CLE who currently ranks #10 against this position"
"14","DeVonta SmithD. Smith PHI","vs.  WASThis is a 4 star matchup. WRs perform better than their average vs. WAS who currently ranks #7 against this position","at  TENThis is a 4 star matchup. WRs perform better than their average vs. TEN who currently ranks #3 against this position","at  CHIThis is a 4 star matchup. WRs perform better than their average vs. CHI who currently ranks #5 against this position","vs.  LARThis is a 3 star matchup. WRs perform close to their average vs. LAR who currently ranks #17 against this position","at  JACThis is a 2 star matchup. WRs perform below their average vs. JAC who currently ranks #28 against this position","vs.  CARThis is a 3 star matchup. WRs perform close to their average vs. CAR who currently ranks #20 against this position","vs.  DALThis is a 5 star matchup. WRs perform better than their average vs. DAL who currently ranks #1 against this position","at  WASThis is a 4 star matchup. WRs perform better than their average vs. WAS who currently ranks #7 against this position","vs.  NYGThis is a 3 star matchup. WRs perform close to their average vs. NYG who currently ranks #23 against this position","BYE","vs.  PITThis is a 3 star matchup. WRs perform close to their average vs. PIT who currently ranks #22 against this position","at  DALThis is a 5 star matchup. WRs perform better than their average vs. DAL who currently ranks #1 against this position","at  ARIThis is a 3 star matchup. WRs perform close to their average vs. ARI who currently ranks #24 against this position","vs.  INDThis is a 3 star matchup. WRs perform close to their average vs. IND who currently ranks #16 against this position","vs.  SEAThis is a 2 star matchup. WRs perform below their average vs. SEA who currently ranks #27 against this position","vs.  HOUThis is a 3 star matchup. WRs perform close to their average vs. HOU who currently ranks #21 against this position","at  SFThis is a 3 star matchup. WRs perform close to their average vs. SF who currently ranks #15 against this position","at  NYGThis is a 3 star matchup. WRs perform close to their average vs. NYG who currently ranks #23 against this position"
"15","Zay FlowersZ. Flowers BAL","at  INDThis is a 3 star matchup. WRs perform close to their average vs. IND who currently ranks #16 against this position","vs.  NOThis is a 4 star matchup. WRs perform close to their average vs. NO who currently ranks #11 against this position","at  DALThis is a 5 star matchup. WRs perform better than their average vs. DAL who currently ranks #1 against this position","vs.  TENThis is a 4 star matchup. WRs perform better than their average vs. TEN who currently ranks #3 against this position","at  ATLThis is a 4 star matchup. WRs perform better than their average vs. ATL who currently ranks #4 against this position","at  CLEThis is a 4 star matchup. WRs perform close to their average vs. CLE who currently ranks #10 against this position","vs.  CINThis is a 3 star matchup. WRs perform close to their average vs. CIN who currently ranks #12 against this position","at  BUFThis is a 3 star matchup. WRs perform close to their average vs. BUF who currently ranks #18 against this position","vs.  JACThis is a 2 star matchup. WRs perform below their average vs. JAC who currently ranks #28 against this position","vs.  LACThis is a 2 star matchup. WRs perform below their average vs. LAC who currently ranks #30 against this position","at  CARThis is a 3 star matchup. WRs perform close to their average vs. CAR who currently ranks #20 against this position","at  HOUThis is a 3 star matchup. WRs perform close to their average vs. HOU who currently ranks #21 against this position","BYE","vs.  TBThis is a 2 star matchup. WRs perform below their average vs. TB who currently ranks #26 against this position","at  PITThis is a 3 star matchup. WRs perform close to their average vs. PIT who currently ranks #22 against this position","vs.  CLEThis is a 4 star matchup. WRs perform close to their average vs. CLE who currently ranks #10 against this position","at  CINThis is a 3 star matchup. WRs perform close to their average vs. CIN who currently ranks #12 against this position","vs.  PITThis is a 3 star matchup. WRs perform close to their average vs. PIT who currently ranks #22 against this position"
"16","Tetairoa McMillanT. McMillan CAR","vs.  CHIThis is a 4 star matchup. WRs perform better than their average vs. CHI who currently ranks #5 against this position","at  ATLThis is a 4 star matchup. WRs perform better than their average vs. ATL who currently ranks #4 against this position","at  CLEThis is a 4 star matchup. WRs perform close to their average vs. CLE who currently ranks #10 against this position","vs.  DETThis is a 4 star matchup. WRs perform better than their average vs. DET who currently ranks #8 against this position","BYE","at  PHIThis is a 1 star matchup. WRs perform below their average vs. PHI who currently ranks #32 against this position","vs.  TBThis is a 2 star matchup. WRs perform below their average vs. TB who currently ranks #26 against this position","at  GBThis is a 3 star matchup. WRs perform close to their average vs. GB who currently ranks #14 against this position","vs.  DENThis is a 2 star matchup. WRs perform below their average vs. DEN who currently ranks #31 against this position","at  NOThis is a 4 star matchup. WRs perform close to their average vs. NO who currently ranks #11 against this position","vs.  BALThis is a 3 star matchup. WRs perform close to their average vs. BAL who currently ranks #13 against this position","at  TBThis is a 2 star matchup. WRs perform below their average vs. TB who currently ranks #26 against this position","at  MINThis is a 2 star matchup. WRs perform below their average vs. MIN who currently ranks #29 against this position","vs.  NOThis is a 4 star matchup. WRs perform close to their average vs. NO who currently ranks #11 against this position","vs.  CINThis is a 3 star matchup. WRs perform close to their average vs. CIN who currently ranks #12 against this position","at  PITThis is a 3 star matchup. WRs perform close to their average vs. PIT who currently ranks #22 against this position","vs.  SEAThis is a 2 star matchup. WRs perform below their average vs. SEA who currently ranks #27 against this position","vs.  ATLThis is a 4 star matchup. WRs perform better than their average vs. ATL who currently ranks #4 against this position"
"17","Emeka EgbukaE. Egbuka TB","at  CINThis is a 3 star matchup. WRs perform close to their average vs. CIN who currently ranks #12 against this position","vs.  CLEThis is a 4 star matchup. WRs perform close to their average vs. CLE who currently ranks #10 against this position","vs.  MINThis is a 2 star matchup. WRs perform below their average vs. MIN who currently ranks #29 against this position","vs.  GBThis is a 3 star matchup. WRs perform close to their average vs. GB who currently ranks #14 against this position","at  DALThis is a 5 star matchup. WRs perform better than their average vs. DAL who currently ranks #1 against this position","vs.  PITThis is a 3 star matchup. WRs perform close to their average vs. PIT who currently ranks #22 against this position","at  CARThis is a 3 star matchup. WRs perform close to their average vs. CAR who currently ranks #20 against this position","vs.  ATLThis is a 4 star matchup. WRs perform better than their average vs. ATL who currently ranks #4 against this position","at  CHIThis is a 4 star matchup. WRs perform better than their average vs. CHI who currently ranks #5 against this position","BYE","at  DETThis is a 4 star matchup. WRs perform better than their average vs. DET who currently ranks #8 against this position","vs.  CARThis is a 3 star matchup. WRs perform close to their average vs. CAR who currently ranks #20 against this position","vs.  LACThis is a 2 star matchup. WRs perform below their average vs. LAC who currently ranks #30 against this position","at  BALThis is a 3 star matchup. WRs perform close to their average vs. BAL who currently ranks #13 against this position","vs.  NOThis is a 4 star matchup. WRs perform close to their average vs. NO who currently ranks #11 against this position","at  ATLThis is a 4 star matchup. WRs perform better than their average vs. ATL who currently ranks #4 against this position","vs.  LARThis is a 3 star matchup. WRs perform close to their average vs. LAR who currently ranks #17 against this position","at  NOThis is a 4 star matchup. WRs perform close to their average vs. NO who currently ranks #11 against this position"
"18","Malik NabersM. Nabers NYG","vs.  DALThis is a 5 star matchup. WRs perform better than their average vs. DAL who currently ranks #1 against this position","at  LARThis is a 3 star matchup. WRs perform close to their average vs. LAR who currently ranks #17 against this position","vs.  TENThis is a 4 star matchup. WRs perform better than their average vs. TEN who currently ranks #3 against this position","vs.  ARIThis is a 3 star matchup. WRs perform close to their average vs. ARI who currently ranks #24 against this position","at  WASThis is a 4 star matchup. WRs perform better than their average vs. WAS who currently ranks #7 against this position","vs.  NOThis is a 4 star matchup. WRs perform close to their average vs. NO who currently ranks #11 against this position","at  HOUThis is a 3 star matchup. WRs perform close to their average vs. HOU who currently ranks #21 against this position","BYE","at  PHIThis is a 1 star matchup. WRs perform below their average vs. PHI who currently ranks #32 against this position","vs.  WASThis is a 4 star matchup. WRs perform better than their average vs. WAS who currently ranks #7 against this position","vs.  JACThis is a 2 star matchup. WRs perform below their average vs. JAC who currently ranks #28 against this position","at  INDThis is a 3 star matchup. WRs perform close to their average vs. IND who currently ranks #16 against this position","vs.  SFThis is a 3 star matchup. WRs perform close to their average vs. SF who currently ranks #15 against this position","at  SEAThis is a 2 star matchup. WRs perform below their average vs. SEA who currently ranks #27 against this position","vs.  CLEThis is a 4 star matchup. WRs perform close to their average vs. CLE who currently ranks #10 against this position","at  DETThis is a 4 star matchup. WRs perform better than their average vs. DET who currently ranks #8 against this position","at  DALThis is a 5 star matchup. WRs perform better than their average vs. DAL who currently ranks #1 against this position","vs.  PHIThis is a 1 star matchup. WRs perform below their average vs. PHI who currently ranks #32 against this position"
"19","Terry McLaurinT. McLaurin WAS","at  PHIThis is a 1 star matchup. WRs perform below their average vs. PHI who currently ranks #32 against this position","at  DALThis is a 5 star matchup. WRs perform better than their average vs. DAL who currently ranks #1 against this position","vs.  SEAThis is a 2 star matchup. WRs perform below their average vs. SEA who currently ranks #27 against this position","vs.  INDThis is a 3 star matchup. WRs perform close to their average vs. IND who currently ranks #16 against this position","vs.  NYGThis is a 3 star matchup. WRs perform close to their average vs. NYG who currently ranks #23 against this position","at  SFThis is a 3 star matchup. WRs perform close to their average vs. SF who currently ranks #15 against this position","BYE","vs.  PHIThis is a 1 star matchup. WRs perform below their average vs. PHI who currently ranks #32 against this position","vs.  LARThis is a 3 star matchup. WRs perform close to their average vs. LAR who currently ranks #17 against this position","at  NYGThis is a 3 star matchup. WRs perform close to their average vs. NYG who currently ranks #23 against this position","vs.  CINThis is a 3 star matchup. WRs perform close to their average vs. CIN who currently ranks #12 against this position","at  ARIThis is a 3 star matchup. WRs perform close to their average vs. ARI who currently ranks #24 against this position","at  TENThis is a 4 star matchup. WRs perform better than their average vs. TEN who currently ranks #3 against this position","vs.  HOUThis is a 3 star matchup. WRs perform close to their average vs. HOU who currently ranks #21 against this position","vs.  ATLThis is a 4 star matchup. WRs perform better than their average vs. ATL who currently ranks #4 against this position","at  MINThis is a 2 star matchup. WRs perform below their average vs. MIN who currently ranks #29 against this position","at  JACThis is a 2 star matchup. WRs perform below their average vs. JAC who currently ranks #28 against this position","vs.  DALThis is a 5 star matchup. WRs perform better than their average vs. DAL who currently ranks #1 against this position"
"20","Davante AdamsD. Adams LAR","vs.  SFThis is a 3 star matchup. WRs perform close to their average vs. SF who currently ranks #15 against this position","vs.  NYGThis is a 3 star matchup. WRs perform close to their average vs. NYG who currently ranks #23 against this position","at  DENThis is a 2 star matchup. WRs perform below their average vs. DEN who currently ranks #31 against this position","at  PHIThis is a 1 star matchup. WRs perform below their average vs. PHI who currently ranks #32 against this position","vs.  BUFThis is a 3 star matchup. WRs perform close to their average vs. BUF who currently ranks #18 against this position","vs.  ARIThis is a 3 star matchup. WRs perform close to their average vs. ARI who currently ranks #24 against this position","at  LVThis is a 3 star matchup. WRs perform close to their average vs. LV who currently ranks #19 against this position","vs.  LACThis is a 2 star matchup. WRs perform below their average vs. LAC who currently ranks #30 against this position","at  WASThis is a 4 star matchup. WRs perform better than their average vs. WAS who currently ranks #7 against this position","at  ARIThis is a 3 star matchup. WRs perform close to their average vs. ARI who currently ranks #24 against this position","BYE","vs.  GBThis is a 3 star matchup. WRs perform close to their average vs. GB who currently ranks #14 against this position","vs.  KCThis is a 2 star matchup. WRs perform close to their average vs. KC who currently ranks #25 against this position","at  SFThis is a 3 star matchup. WRs perform close to their average vs. SF who currently ranks #15 against this position","vs.  DALThis is a 5 star matchup. WRs perform better than their average vs. DAL who currently ranks #1 against this position","at  SEAThis is a 2 star matchup. WRs perform below their average vs. SEA who currently ranks #27 against this position","at  TBThis is a 2 star matchup. WRs perform below their average vs. TB who currently ranks #26 against this position","vs.  SEAThis is a 2 star matchup. WRs perform below their average vs. SEA who currently ranks #27 against this position"
"21","Ladd McConkeyL. McConkey LAC","vs.  ARIThis is a 3 star matchup. WRs perform close to their average vs. ARI who currently ranks #24 against this position","vs.  LVThis is a 3 star matchup. WRs perform close to their average vs. LV who currently ranks #19 against this position","at  BUFThis is a 3 star matchup. WRs perform close to their average vs. BUF who currently ranks #18 against this position","at  SEAThis is a 2 star matchup. WRs perform below their average vs. SEA who currently ranks #27 against this position","vs.  DENThis is a 2 star matchup. WRs perform below their average vs. DEN who currently ranks #31 against this position","at  KCThis is a 2 star matchup. WRs perform close to their average vs. KC who currently ranks #25 against this position","BYE","at  LARThis is a 3 star matchup. WRs perform close to their average vs. LAR who currently ranks #17 against this position","vs.  HOUThis is a 3 star matchup. WRs perform close to their average vs. HOU who currently ranks #21 against this position","at  BALThis is a 3 star matchup. WRs perform close to their average vs. BAL who currently ranks #13 against this position","vs.  NYJThis is a 4 star matchup. WRs perform close to their average vs. NYJ who currently ranks #9 against this position","vs.  NEThis is a 4 star matchup. WRs perform better than their average vs. NE who currently ranks #6 against this position","at  TBThis is a 2 star matchup. WRs perform below their average vs. TB who currently ranks #26 against this position","at  LVThis is a 3 star matchup. WRs perform close to their average vs. LV who currently ranks #19 against this position","vs.  SFThis is a 3 star matchup. WRs perform close to their average vs. SF who currently ranks #15 against this position","at  MIAThis is a 5 star matchup. WRs perform better than their average vs. MIA who currently ranks #2 against this position","vs.  KCThis is a 2 star matchup. WRs perform close to their average vs. KC who currently ranks #25 against this position","at  DENThis is a 2 star matchup. WRs perform below their average vs. DEN who currently ranks #31 against this position"
"22","Jameson WilliamsJ. Williams DET","vs.  NOThis is a 4 star matchup. WRs perform close to their average vs. NO who currently ranks #11 against this position","at  BUFThis is a 3 star matchup. WRs perform close to their average vs. BUF who currently ranks #18 against this position","vs.  NYJThis is a 4 star matchup. WRs perform close to their average vs. NYJ who currently ranks #9 against this position","at  CARThis is a 3 star matchup. WRs perform close to their average vs. CAR who currently ranks #20 against this position","at  ARIThis is a 3 star matchup. WRs perform close to their average vs. ARI who currently ranks #24 against this position","BYE","vs.  GBThis is a 3 star matchup. WRs perform close to their average vs. GB who currently ranks #14 against this position","vs.  MINThis is a 2 star matchup. WRs perform below their average vs. MIN who currently ranks #29 against this position","at  MIAThis is a 5 star matchup. WRs perform better than their average vs. MIA who currently ranks #2 against this position","vs.  NEThis is a 4 star matchup. WRs perform better than their average vs. NE who currently ranks #6 against this position","vs.  TBThis is a 2 star matchup. WRs perform below their average vs. TB who currently ranks #26 against this position","vs.  CHIThis is a 4 star matchup. WRs perform better than their average vs. CHI who currently ranks #5 against this position","at  ATLThis is a 4 star matchup. WRs perform better than their average vs. ATL who currently ranks #4 against this position","vs.  TENThis is a 4 star matchup. WRs perform better than their average vs. TEN who currently ranks #3 against this position","at  MINThis is a 2 star matchup. WRs perform below their average vs. MIN who currently ranks #29 against this position","vs.  NYGThis is a 3 star matchup. WRs perform close to their average vs. NYG who currently ranks #23 against this position","at  CHIThis is a 4 star matchup. WRs perform better than their average vs. CHI who currently ranks #5 against this position","at  GBThis is a 3 star matchup. WRs perform close to their average vs. GB who currently ranks #14 against this position"
"23","Jaylen WaddleJ. Waddle DEN","at  KCThis is a 2 star matchup. WRs perform close to their average vs. KC who currently ranks #25 against this position","vs.  JACThis is a 2 star matchup. WRs perform below their average vs. JAC who currently ranks #28 against this position","vs.  LARThis is a 3 star matchup. WRs perform close to their average vs. LAR who currently ranks #17 against this position","at  SFThis is a 3 star matchup. WRs perform close to their average vs. SF who currently ranks #15 against this position","at  LACThis is a 2 star matchup. WRs perform below their average vs. LAC who currently ranks #30 against this position","vs.  SEAThis is a 2 star matchup. WRs perform below their average vs. SEA who currently ranks #27 against this position","at  ARIThis is a 3 star matchup. WRs perform close to their average vs. ARI who currently ranks #24 against this position","vs.  KCThis is a 2 star matchup. WRs perform close to their average vs. KC who currently ranks #25 against this position","at  CARThis is a 3 star matchup. WRs perform close to their average vs. CAR who currently ranks #20 against this position","BYE","vs.  LVThis is a 3 star matchup. WRs perform close to their average vs. LV who currently ranks #19 against this position","at  PITThis is a 3 star matchup. WRs perform close to their average vs. PIT who currently ranks #22 against this position","vs.  MIAThis is a 5 star matchup. WRs perform better than their average vs. MIA who currently ranks #2 against this position","at  NYJThis is a 4 star matchup. WRs perform close to their average vs. NYJ who currently ranks #9 against this position","at  LVThis is a 3 star matchup. WRs perform close to their average vs. LV who currently ranks #19 against this position","vs.  BUFThis is a 3 star matchup. WRs perform close to their average vs. BUF who currently ranks #18 against this position","at  NEThis is a 4 star matchup. WRs perform better than their average vs. NE who currently ranks #6 against this position","vs.  LACThis is a 2 star matchup. WRs perform below their average vs. LAC who currently ranks #30 against this position"
"24","Christian WatsonC. Watson GB","at  MINThis is a 2 star matchup. WRs perform below their average vs. MIN who currently ranks #29 against this position","at  NYJThis is a 4 star matchup. WRs perform close to their average vs. NYJ who currently ranks #9 against this position","vs.  ATLThis is a 4 star matchup. WRs perform better than their average vs. ATL who currently ranks #4 against this position","at  TBThis is a 2 star matchup. WRs perform below their average vs. TB who currently ranks #26 against this position","vs.  CHIThis is a 4 star matchup. WRs perform better than their average vs. CHI who currently ranks #5 against this position","vs.  DALThis is a 5 star matchup. WRs perform better than their average vs. DAL who currently ranks #1 against this position","at  DETThis is a 4 star matchup. WRs perform better than their average vs. DET who currently ranks #8 against this position","vs.  CARThis is a 3 star matchup. WRs perform close to their average vs. CAR who currently ranks #20 against this position","at  NEThis is a 4 star matchup. WRs perform better than their average vs. NE who currently ranks #6 against this position","vs.  MINThis is a 2 star matchup. WRs perform below their average vs. MIN who currently ranks #29 against this position","BYE","at  LARThis is a 3 star matchup. WRs perform close to their average vs. LAR who currently ranks #17 against this position","at  NOThis is a 4 star matchup. WRs perform close to their average vs. NO who currently ranks #11 against this position","vs.  BUFThis is a 3 star matchup. WRs perform close to their average vs. BUF who currently ranks #18 against this position","vs.  MIAThis is a 5 star matchup. WRs perform better than their average vs. MIA who currently ranks #2 against this position","at  CHIThis is a 4 star matchup. WRs perform better than their average vs. CHI who currently ranks #5 against this position","vs.  HOUThis is a 3 star matchup. WRs perform close to their average vs. HOU who currently ranks #21 against this position","vs.  DETThis is a 4 star matchup. WRs perform better than their average vs. DET who currently ranks #8 against this position"
"25","Garrett WilsonG. Wilson NYJ","at  TENThis is a 4 star matchup. WRs perform better than their average vs. TEN who currently ranks #3 against this position","vs.  GBThis is a 3 star matchup. WRs perform close to their average vs. GB who currently ranks #14 against this position","at  DETThis is a 4 star matchup. WRs perform better than their average vs. DET who currently ranks #8 against this position","at  CHIThis is a 4 star matchup. WRs perform better than their average vs. CHI who currently ranks #5 against this position","vs.  CLEThis is a 4 star matchup. WRs perform close to their average vs. CLE who currently ranks #10 against this position","at  NEThis is a 4 star matchup. WRs perform better than their average vs. NE who currently ranks #6 against this position","vs.  MIAThis is a 5 star matchup. WRs perform better than their average vs. MIA who currently ranks #2 against this position","vs.  LVThis is a 3 star matchup. WRs perform close to their average vs. LV who currently ranks #19 against this position","at  KCThis is a 2 star matchup. WRs perform close to their average vs. KC who currently ranks #25 against this position","vs.  BUFThis is a 3 star matchup. WRs perform close to their average vs. BUF who currently ranks #18 against this position","at  LACThis is a 2 star matchup. WRs perform below their average vs. LAC who currently ranks #30 against this position","at  MIAThis is a 5 star matchup. WRs perform better than their average vs. MIA who currently ranks #2 against this position","BYE","vs.  DENThis is a 2 star matchup. WRs perform below their average vs. DEN who currently ranks #31 against this position","at  ARIThis is a 3 star matchup. WRs perform close to their average vs. ARI who currently ranks #24 against this position","vs.  NEThis is a 4 star matchup. WRs perform better than their average vs. NE who currently ranks #6 against this position","vs.  MINThis is a 2 star matchup. WRs perform below their average vs. MIN who currently ranks #29 against this position","at  BUFThis is a 3 star matchup. WRs perform close to their average vs. BUF who currently ranks #18 against this position"
"26","Mike EvansM. Evans SF","at  LARThis is a 3 star matchup. WRs perform close to their average vs. LAR who currently ranks #17 against this position","vs.  MIAThis is a 5 star matchup. WRs perform better than their average vs. MIA who currently ranks #2 against this position","vs.  ARIThis is a 3 star matchup. WRs perform close to their average vs. ARI who currently ranks #24 against this position","vs.  DENThis is a 2 star matchup. WRs perform below their average vs. DEN who currently ranks #31 against this position","at  SEAThis is a 2 star matchup. WRs perform below their average vs. SEA who currently ranks #27 against this position","vs.  WASThis is a 4 star matchup. WRs perform better than their average vs. WAS who currently ranks #7 against this position","at  ATLThis is a 4 star matchup. WRs perform better than their average vs. ATL who currently ranks #4 against this position","BYE","vs.  LVThis is a 3 star matchup. WRs perform close to their average vs. LV who currently ranks #19 against this position","at  DALThis is a 5 star matchup. WRs perform better than their average vs. DAL who currently ranks #1 against this position","vs.  MINThis is a 2 star matchup. WRs perform below their average vs. MIN who currently ranks #29 against this position","vs.  SEAThis is a 2 star matchup. WRs perform below their average vs. SEA who currently ranks #27 against this position","at  NYGThis is a 3 star matchup. WRs perform close to their average vs. NYG who currently ranks #23 against this position","vs.  LARThis is a 3 star matchup. WRs perform close to their average vs. LAR who currently ranks #17 against this position","at  LACThis is a 2 star matchup. WRs perform below their average vs. LAC who currently ranks #30 against this position","at  KCThis is a 2 star matchup. WRs perform close to their average vs. KC who currently ranks #25 against this position","vs.  PHIThis is a 1 star matchup. WRs perform below their average vs. PHI who currently ranks #32 against this position","at  ARIThis is a 3 star matchup. WRs perform close to their average vs. ARI who currently ranks #24 against this position"
"27","Rome OdunzeR. Odunze CHI","at  CARThis is a 3 star matchup. WRs perform close to their average vs. CAR who currently ranks #20 against this position","vs.  MINThis is a 2 star matchup. WRs perform below their average vs. MIN who currently ranks #29 against this position","vs.  PHIThis is a 1 star matchup. WRs perform below their average vs. PHI who currently ranks #32 against this position","vs.  NYJThis is a 4 star matchup. WRs perform close to their average vs. NYJ who currently ranks #9 against this position","at  GBThis is a 3 star matchup. WRs perform close to their average vs. GB who currently ranks #14 against this position","at  ATLThis is a 4 star matchup. WRs perform better than their average vs. ATL who currently ranks #4 against this position","vs.  NEThis is a 4 star matchup. WRs perform better than their average vs. NE who currently ranks #6 against this position","at  SEAThis is a 2 star matchup. WRs perform below their average vs. SEA who currently ranks #27 against this position","vs.  TBThis is a 2 star matchup. WRs perform below their average vs. TB who currently ranks #26 against this position","BYE","vs.  NOThis is a 4 star matchup. WRs perform close to their average vs. NO who currently ranks #11 against this position","at  DETThis is a 4 star matchup. WRs perform better than their average vs. DET who currently ranks #8 against this position","vs.  JACThis is a 2 star matchup. WRs perform below their average vs. JAC who currently ranks #28 against this position","at  MIAThis is a 5 star matchup. WRs perform better than their average vs. MIA who currently ranks #2 against this position","at  BUFThis is a 3 star matchup. WRs perform close to their average vs. BUF who currently ranks #18 against this position","vs.  GBThis is a 3 star matchup. WRs perform close to their average vs. GB who currently ranks #14 against this position","vs.  DETThis is a 4 star matchup. WRs perform better than their average vs. DET who currently ranks #8 against this position","at  MINThis is a 2 star matchup. WRs perform below their average vs. MIN who currently ranks #29 against this position"
"28","Luther Burden IIIL. Burden III CHI","at  CARThis is a 3 star matchup. WRs perform close to their average vs. CAR who currently ranks #20 against this position","vs.  MINThis is a 2 star matchup. WRs perform below their average vs. MIN who currently ranks #29 against this position","vs.  PHIThis is a 1 star matchup. WRs perform below their average vs. PHI who currently ranks #32 against this position","vs.  NYJThis is a 4 star matchup. WRs perform close to their average vs. NYJ who currently ranks #9 against this position","at  GBThis is a 3 star matchup. WRs perform close to their average vs. GB who currently ranks #14 against this position","at  ATLThis is a 4 star matchup. WRs perform better than their average vs. ATL who currently ranks #4 against this position","vs.  NEThis is a 4 star matchup. WRs perform better than their average vs. NE who currently ranks #6 against this position","at  SEAThis is a 2 star matchup. WRs perform below their average vs. SEA who currently ranks #27 against this position","vs.  TBThis is a 2 star matchup. WRs perform below their average vs. TB who currently ranks #26 against this position","BYE","vs.  NOThis is a 4 star matchup. WRs perform close to their average vs. NO who currently ranks #11 against this position","at  DETThis is a 4 star matchup. WRs perform better than their average vs. DET who currently ranks #8 against this position","vs.  JACThis is a 2 star matchup. WRs perform below their average vs. JAC who currently ranks #28 against this position","at  MIAThis is a 5 star matchup. WRs perform better than their average vs. MIA who currently ranks #2 against this position","at  BUFThis is a 3 star matchup. WRs perform close to their average vs. BUF who currently ranks #18 against this position","vs.  GBThis is a 3 star matchup. WRs perform close to their average vs. GB who currently ranks #14 against this position","vs.  DETThis is a 4 star matchup. WRs perform better than their average vs. DET who currently ranks #8 against this position","at  MINThis is a 2 star matchup. WRs perform below their average vs. MIN who currently ranks #29 against this position"
"29","DJ MooreDJ Moore BUF","at  HOUThis is a 3 star matchup. WRs perform close to their average vs. HOU who currently ranks #21 against this position","vs.  DETThis is a 4 star matchup. WRs perform better than their average vs. DET who currently ranks #8 against this position","vs.  LACThis is a 2 star matchup. WRs perform below their average vs. LAC who currently ranks #30 against this position","vs.  NEThis is a 4 star matchup. WRs perform better than their average vs. NE who currently ranks #6 against this position","at  LARThis is a 3 star matchup. WRs perform close to their average vs. LAR who currently ranks #17 against this position","at  LVThis is a 3 star matchup. WRs perform close to their average vs. LV who currently ranks #19 against this position","BYE","vs.  BALThis is a 3 star matchup. WRs perform close to their average vs. BAL who currently ranks #13 against this position","at  MINThis is a 2 star matchup. WRs perform below their average vs. MIN who currently ranks #29 against this position","at  NYJThis is a 4 star matchup. WRs perform close to their average vs. NYJ who currently ranks #9 against this position","vs.  MIAThis is a 5 star matchup. WRs perform better than their average vs. MIA who currently ranks #2 against this position","vs.  KCThis is a 2 star matchup. WRs perform close to their average vs. KC who currently ranks #25 against this position","at  NEThis is a 4 star matchup. WRs perform better than their average vs. NE who currently ranks #6 against this position","at  GBThis is a 3 star matchup. WRs perform close to their average vs. GB who currently ranks #14 against this position","vs.  CHIThis is a 4 star matchup. WRs perform better than their average vs. CHI who currently ranks #5 against this position","at  DENThis is a 2 star matchup. WRs perform below their average vs. DEN who currently ranks #31 against this position","at  MIAThis is a 5 star matchup. WRs perform better than their average vs. MIA who currently ranks #2 against this position","vs.  NYJThis is a 4 star matchup. WRs perform close to their average vs. NYJ who currently ranks #9 against this position"
"30","Brian Thomas Jr.B. Thomas Jr. JAC","vs.  CLEThis is a 4 star matchup. WRs perform close to their average vs. CLE who currently ranks #10 against this position","at  DENThis is a 2 star matchup. WRs perform below their average vs. DEN who currently ranks #31 against this position","vs.  NEThis is a 4 star matchup. WRs perform better than their average vs. NE who currently ranks #6 against this position","at  CINThis is a 3 star matchup. WRs perform close to their average vs. CIN who currently ranks #12 against this position","vs.  PHIThis is a 1 star matchup. WRs perform below their average vs. PHI who currently ranks #32 against this position","vs.  HOUThis is a 3 star matchup. WRs perform close to their average vs. HOU who currently ranks #21 against this position","BYE","vs.  INDThis is a 3 star matchup. WRs perform close to their average vs. IND who currently ranks #16 against this position","at  BALThis is a 3 star matchup. WRs perform close to their average vs. BAL who currently ranks #13 against this position","at  TENThis is a 4 star matchup. WRs perform better than their average vs. TEN who currently ranks #3 against this position","at  NYGThis is a 3 star matchup. WRs perform close to their average vs. NYG who currently ranks #23 against this position","vs.  TENThis is a 4 star matchup. WRs perform better than their average vs. TEN who currently ranks #3 against this position","at  CHIThis is a 4 star matchup. WRs perform better than their average vs. CHI who currently ranks #5 against this position","vs.  PITThis is a 3 star matchup. WRs perform close to their average vs. PIT who currently ranks #22 against this position","at  HOUThis is a 3 star matchup. WRs perform close to their average vs. HOU who currently ranks #21 against this position","at  DALThis is a 5 star matchup. WRs perform better than their average vs. DAL who currently ranks #1 against this position","vs.  WASThis is a 4 star matchup. WRs perform better than their average vs. WAS who currently ranks #7 against this position","at  INDThis is a 3 star matchup. WRs perform close to their average vs. IND who currently ranks #16 against this position"
"31","Marvin Harrison Jr.M. Harrison Jr. ARI","at  LACThis is a 2 star matchup. WRs perform below their average vs. LAC who currently ranks #30 against this position","vs.  SEAThis is a 2 star matchup. WRs perform below their average vs. SEA who currently ranks #27 against this position","at  SFThis is a 3 star matchup. WRs perform close to their average vs. SF who currently ranks #15 against this position","at  NYGThis is a 3 star matchup. WRs perform close to their average vs. NYG who currently ranks #23 against this position","vs.  DETThis is a 4 star matchup. WRs perform better than their average vs. DET who currently ranks #8 against this position","at  LARThis is a 3 star matchup. WRs perform close to their average vs. LAR who currently ranks #17 against this position","vs.  DENThis is a 2 star matchup. WRs perform below their average vs. DEN who currently ranks #31 against this position","at  DALThis is a 5 star matchup. WRs perform better than their average vs. DAL who currently ranks #1 against this position","at  SEAThis is a 2 star matchup. WRs perform below their average vs. SEA who currently ranks #27 against this position","vs.  LARThis is a 3 star matchup. WRs perform close to their average vs. LAR who currently ranks #17 against this position","at  KCThis is a 2 star matchup. WRs perform close to their average vs. KC who currently ranks #25 against this position","vs.  WASThis is a 4 star matchup. WRs perform better than their average vs. WAS who currently ranks #7 against this position","vs.  PHIThis is a 1 star matchup. WRs perform below their average vs. PHI who currently ranks #32 against this position","BYE","vs.  NYJThis is a 4 star matchup. WRs perform close to their average vs. NYJ who currently ranks #9 against this position","at  NOThis is a 4 star matchup. WRs perform close to their average vs. NO who currently ranks #11 against this position","vs.  LVThis is a 3 star matchup. WRs perform close to their average vs. LV who currently ranks #19 against this position","vs.  SFThis is a 3 star matchup. WRs perform close to their average vs. SF who currently ranks #15 against this position"
"32","Alec PierceA. Pierce IND","vs.  BALThis is a 3 star matchup. WRs perform close to their average vs. BAL who currently ranks #13 against this position","at  KCThis is a 2 star matchup. WRs perform close to their average vs. KC who currently ranks #25 against this position","vs.  HOUThis is a 3 star matchup. WRs perform close to their average vs. HOU who currently ranks #21 against this position","at  WASThis is a 4 star matchup. WRs perform better than their average vs. WAS who currently ranks #7 against this position","at  PITThis is a 3 star matchup. WRs perform close to their average vs. PIT who currently ranks #22 against this position","vs.  TENThis is a 4 star matchup. WRs perform better than their average vs. TEN who currently ranks #3 against this position","at  MINThis is a 2 star matchup. WRs perform below their average vs. MIN who currently ranks #29 against this position","at  JACThis is a 2 star matchup. WRs perform below their average vs. JAC who currently ranks #28 against this position","vs.  DALThis is a 5 star matchup. WRs perform better than their average vs. DAL who currently ranks #1 against this position","vs.  MIAThis is a 5 star matchup. WRs perform better than their average vs. MIA who currently ranks #2 against this position","at  HOUThis is a 3 star matchup. WRs perform close to their average vs. HOU who currently ranks #21 against this position","vs.  NYGThis is a 3 star matchup. WRs perform close to their average vs. NYG who currently ranks #23 against this position","BYE","at  PHIThis is a 1 star matchup. WRs perform below their average vs. PHI who currently ranks #32 against this position","at  TENThis is a 4 star matchup. WRs perform better than their average vs. TEN who currently ranks #3 against this position","vs.  CINThis is a 3 star matchup. WRs perform close to their average vs. CIN who currently ranks #12 against this position","at  CLEThis is a 4 star matchup. WRs perform close to their average vs. CLE who currently ranks #10 against this position","vs.  JACThis is a 2 star matchup. WRs perform below their average vs. JAC who currently ranks #28 against this position"
"33","Carnell TateC. Tate TEN","vs.  NYJThis is a 4 star matchup. WRs perform close to their average vs. NYJ who currently ranks #9 against this position","vs.  PHIThis is a 1 star matchup. WRs perform below their average vs. PHI who currently ranks #32 against this position","at  NYGThis is a 3 star matchup. WRs perform close to their average vs. NYG who currently ranks #23 against this position","at  BALThis is a 3 star matchup. WRs perform close to their average vs. BAL who currently ranks #13 against this position","vs.  HOUThis is a 3 star matchup. WRs perform close to their average vs. HOU who currently ranks #21 against this position","at  INDThis is a 3 star matchup. WRs perform close to their average vs. IND who currently ranks #16 against this position","vs.  CLEThis is a 4 star matchup. WRs perform close to their average vs. CLE who currently ranks #10 against this position","at  CINThis is a 3 star matchup. WRs perform close to their average vs. CIN who currently ranks #12 against this position","BYE","vs.  JACThis is a 2 star matchup. WRs perform below their average vs. JAC who currently ranks #28 against this position","at  DALThis is a 5 star matchup. WRs perform better than their average vs. DAL who currently ranks #1 against this position","at  JACThis is a 2 star matchup. WRs perform below their average vs. JAC who currently ranks #28 against this position","vs.  WASThis is a 4 star matchup. WRs perform better than their average vs. WAS who currently ranks #7 against this position","at  DETThis is a 4 star matchup. WRs perform better than their average vs. DET who currently ranks #8 against this position","vs.  INDThis is a 3 star matchup. WRs perform close to their average vs. IND who currently ranks #16 against this position","at  LVThis is a 3 star matchup. WRs perform close to their average vs. LV who currently ranks #19 against this position","vs.  PITThis is a 3 star matchup. WRs perform close to their average vs. PIT who currently ranks #22 against this position","at  HOUThis is a 3 star matchup. WRs perform close to their average vs. HOU who currently ranks #21 against this position"
"34","DK MetcalfDK Metcalf PIT","vs.  ATLThis is a 4 star matchup. WRs perform better than their average vs. ATL who currently ranks #4 against this position","at  NEThis is a 4 star matchup. WRs perform better than their average vs. NE who currently ranks #6 against this position","vs.  CINThis is a 3 star matchup. WRs perform close to their average vs. CIN who currently ranks #12 against this position","at  CLEThis is a 4 star matchup. WRs perform close to their average vs. CLE who currently ranks #10 against this position","vs.  INDThis is a 3 star matchup. WRs perform close to their average vs. IND who currently ranks #16 against this position","at  TBThis is a 2 star matchup. WRs perform below their average vs. TB who currently ranks #26 against this position","at  NOThis is a 4 star matchup. WRs perform close to their average vs. NO who currently ranks #11 against this position","vs.  CLEThis is a 4 star matchup. WRs perform close to their average vs. CLE who currently ranks #10 against this position","BYE","at  CINThis is a 3 star matchup. WRs perform close to their average vs. CIN who currently ranks #12 against this position","at  PHIThis is a 1 star matchup. WRs perform below their average vs. PHI who currently ranks #32 against this position","vs.  DENThis is a 2 star matchup. WRs perform below their average vs. DEN who currently ranks #31 against this position","vs.  HOUThis is a 3 star matchup. WRs perform close to their average vs. HOU who currently ranks #21 against this position","at  JACThis is a 2 star matchup. WRs perform below their average vs. JAC who currently ranks #28 against this position","vs.  BALThis is a 3 star matchup. WRs perform close to their average vs. BAL who currently ranks #13 against this position","vs.  CARThis is a 3 star matchup. WRs perform close to their average vs. CAR who currently ranks #20 against this position","at  TENThis is a 4 star matchup. WRs perform better than their average vs. TEN who currently ranks #3 against this position","at  BALThis is a 3 star matchup. WRs perform close to their average vs. BAL who currently ranks #13 against this position"
"35","Courtland SuttonC. Sutton DEN","at  KCThis is a 2 star matchup. WRs perform close to their average vs. KC who currently ranks #25 against this position","vs.  JACThis is a 2 star matchup. WRs perform below their average vs. JAC who currently ranks #28 against this position","vs.  LARThis is a 3 star matchup. WRs perform close to their average vs. LAR who currently ranks #17 against this position","at  SFThis is a 3 star matchup. WRs perform close to their average vs. SF who currently ranks #15 against this position","at  LACThis is a 2 star matchup. WRs perform below their average vs. LAC who currently ranks #30 against this position","vs.  SEAThis is a 2 star matchup. WRs perform below their average vs. SEA who currently ranks #27 against this position","at  ARIThis is a 3 star matchup. WRs perform close to their average vs. ARI who currently ranks #24 against this position","vs.  KCThis is a 2 star matchup. WRs perform close to their average vs. KC who currently ranks #25 against this position","at  CARThis is a 3 star matchup. WRs perform close to their average vs. CAR who currently ranks #20 against this position","BYE","vs.  LVThis is a 3 star matchup. WRs perform close to their average vs. LV who currently ranks #19 against this position","at  PITThis is a 3 star matchup. WRs perform close to their average vs. PIT who currently ranks #22 against this position","vs.  MIAThis is a 5 star matchup. WRs perform better than their average vs. MIA who currently ranks #2 against this position","at  NYJThis is a 4 star matchup. WRs perform close to their average vs. NYJ who currently ranks #9 against this position","at  LVThis is a 3 star matchup. WRs perform close to their average vs. LV who currently ranks #19 against this position","vs.  BUFThis is a 3 star matchup. WRs perform close to their average vs. BUF who currently ranks #18 against this position","at  NEThis is a 4 star matchup. WRs perform better than their average vs. NE who currently ranks #6 against this position","vs.  LACThis is a 2 star matchup. WRs perform below their average vs. LAC who currently ranks #30 against this position"
"36","Parker WashingtonP. Washington JAC","vs.  CLEThis is a 4 star matchup. WRs perform close to their average vs. CLE who currently ranks #10 against this position","at  DENThis is a 2 star matchup. WRs perform below their average vs. DEN who currently ranks #31 against this position","vs.  NEThis is a 4 star matchup. WRs perform better than their average vs. NE who currently ranks #6 against this position","at  CINThis is a 3 star matchup. WRs perform close to their average vs. CIN who currently ranks #12 against this position","vs.  PHIThis is a 1 star matchup. WRs perform below their average vs. PHI who currently ranks #32 against this position","vs.  HOUThis is a 3 star matchup. WRs perform close to their average vs. HOU who currently ranks #21 against this position","BYE","vs.  INDThis is a 3 star matchup. WRs perform close to their average vs. IND who currently ranks #16 against this position","at  BALThis is a 3 star matchup. WRs perform close to their average vs. BAL who currently ranks #13 against this position","at  TENThis is a 4 star matchup. WRs perform better than their average vs. TEN who currently ranks #3 against this position","at  NYGThis is a 3 star matchup. WRs perform close to their average vs. NYG who currently ranks #23 against this position","vs.  TENThis is a 4 star matchup. WRs perform better than their average vs. TEN who currently ranks #3 against this position","at  CHIThis is a 4 star matchup. WRs perform better than their average vs. CHI who currently ranks #5 against this position","vs.  PITThis is a 3 star matchup. WRs perform close to their average vs. PIT who currently ranks #22 against this position","at  HOUThis is a 3 star matchup. WRs perform close to their average vs. HOU who currently ranks #21 against this position","at  DALThis is a 5 star matchup. WRs perform better than their average vs. DAL who currently ranks #1 against this position","vs.  WASThis is a 4 star matchup. WRs perform better than their average vs. WAS who currently ranks #7 against this position","at  INDThis is a 3 star matchup. WRs perform close to their average vs. IND who currently ranks #16 against this position"
"37","Quentin JohnstonQ. Johnston LAC","vs.  ARIThis is a 3 star matchup. WRs perform close to their average vs. ARI who currently ranks #24 against this position","vs.  LVThis is a 3 star matchup. WRs perform close to their average vs. LV who currently ranks #19 against this position","at  BUFThis is a 3 star matchup. WRs perform close to their average vs. BUF who currently ranks #18 against this position","at  SEAThis is a 2 star matchup. WRs perform below their average vs. SEA who currently ranks #27 against this position","vs.  DENThis is a 2 star matchup. WRs perform below their average vs. DEN who currently ranks #31 against this position","at  KCThis is a 2 star matchup. WRs perform close to their average vs. KC who currently ranks #25 against this position","BYE","at  LARThis is a 3 star matchup. WRs perform close to their average vs. LAR who currently ranks #17 against this position","vs.  HOUThis is a 3 star matchup. WRs perform close to their average vs. HOU who currently ranks #21 against this position","at  BALThis is a 3 star matchup. WRs perform close to their average vs. BAL who currently ranks #13 against this position","vs.  NYJThis is a 4 star matchup. WRs perform close to their average vs. NYJ who currently ranks #9 against this position","vs.  NEThis is a 4 star matchup. WRs perform better than their average vs. NE who currently ranks #6 against this position","at  TBThis is a 2 star matchup. WRs perform below their average vs. TB who currently ranks #26 against this position","at  LVThis is a 3 star matchup. WRs perform close to their average vs. LV who currently ranks #19 against this position","vs.  SFThis is a 3 star matchup. WRs perform close to their average vs. SF who currently ranks #15 against this position","at  MIAThis is a 5 star matchup. WRs perform better than their average vs. MIA who currently ranks #2 against this position","vs.  KCThis is a 2 star matchup. WRs perform close to their average vs. KC who currently ranks #25 against this position","at  DENThis is a 2 star matchup. WRs perform below their average vs. DEN who currently ranks #31 against this position"
"38","Chris Godwin Jr.C. Godwin Jr. TB","at  CINThis is a 3 star matchup. WRs perform close to their average vs. CIN who currently ranks #12 against this position","vs.  CLEThis is a 4 star matchup. WRs perform close to their average vs. CLE who currently ranks #10 against this position","vs.  MINThis is a 2 star matchup. WRs perform below their average vs. MIN who currently ranks #29 against this position","vs.  GBThis is a 3 star matchup. WRs perform close to their average vs. GB who currently ranks #14 against this position","at  DALThis is a 5 star matchup. WRs perform better than their average vs. DAL who currently ranks #1 against this position","vs.  PITThis is a 3 star matchup. WRs perform close to their average vs. PIT who currently ranks #22 against this position","at  CARThis is a 3 star matchup. WRs perform close to their average vs. CAR who currently ranks #20 against this position","vs.  ATLThis is a 4 star matchup. WRs perform better than their average vs. ATL who currently ranks #4 against this position","at  CHIThis is a 4 star matchup. WRs perform better than their average vs. CHI who currently ranks #5 against this position","BYE","at  DETThis is a 4 star matchup. WRs perform better than their average vs. DET who currently ranks #8 against this position","vs.  CARThis is a 3 star matchup. WRs perform close to their average vs. CAR who currently ranks #20 against this position","vs.  LACThis is a 2 star matchup. WRs perform below their average vs. LAC who currently ranks #30 against this position","at  BALThis is a 3 star matchup. WRs perform close to their average vs. BAL who currently ranks #13 against this position","vs.  NOThis is a 4 star matchup. WRs perform close to their average vs. NO who currently ranks #11 against this position","at  ATLThis is a 4 star matchup. WRs perform better than their average vs. ATL who currently ranks #4 against this position","vs.  LARThis is a 3 star matchup. WRs perform close to their average vs. LAR who currently ranks #17 against this position","at  NOThis is a 4 star matchup. WRs perform close to their average vs. NO who currently ranks #11 against this position"
"39","Jordyn TysonJ. Tyson NO","at  DETThis is a 4 star matchup. WRs perform better than their average vs. DET who currently ranks #8 against this position","at  BALThis is a 3 star matchup. WRs perform close to their average vs. BAL who currently ranks #13 against this position","vs.  LVThis is a 3 star matchup. WRs perform close to their average vs. LV who currently ranks #19 against this position","vs.  ATLThis is a 4 star matchup. WRs perform better than their average vs. ATL who currently ranks #4 against this position","vs.  MINThis is a 2 star matchup. WRs perform below their average vs. MIN who currently ranks #29 against this position","at  NYGThis is a 3 star matchup. WRs perform close to their average vs. NYG who currently ranks #23 against this position","vs.  PITThis is a 3 star matchup. WRs perform close to their average vs. PIT who currently ranks #22 against this position","BYE","vs.  CLEThis is a 4 star matchup. WRs perform close to their average vs. CLE who currently ranks #10 against this position","vs.  CARThis is a 3 star matchup. WRs perform close to their average vs. CAR who currently ranks #20 against this position","at  CHIThis is a 4 star matchup. WRs perform better than their average vs. CHI who currently ranks #5 against this position","at  CINThis is a 3 star matchup. WRs perform close to their average vs. CIN who currently ranks #12 against this position","vs.  GBThis is a 3 star matchup. WRs perform close to their average vs. GB who currently ranks #14 against this position","at  CARThis is a 3 star matchup. WRs perform close to their average vs. CAR who currently ranks #20 against this position","at  TBThis is a 2 star matchup. WRs perform below their average vs. TB who currently ranks #26 against this position","vs.  ARIThis is a 3 star matchup. WRs perform close to their average vs. ARI who currently ranks #24 against this position","at  ATLThis is a 4 star matchup. WRs perform better than their average vs. ATL who currently ranks #4 against this position","vs.  TBThis is a 2 star matchup. WRs perform below their average vs. TB who currently ranks #26 against this position"
"40","Jordan AddisonJ. Addison MIN","vs.  GBThis is a 3 star matchup. WRs perform close to their average vs. GB who currently ranks #14 against this position","at  CHIThis is a 4 star matchup. WRs perform better than their average vs. CHI who currently ranks #5 against this position","at  TBThis is a 2 star matchup. WRs perform below their average vs. TB who currently ranks #26 against this position","vs.  MIAThis is a 5 star matchup. WRs perform better than their average vs. MIA who currently ranks #2 against this position","at  NOThis is a 4 star matchup. WRs perform close to their average vs. NO who currently ranks #11 against this position","BYE","vs.  INDThis is a 3 star matchup. WRs perform close to their average vs. IND who currently ranks #16 against this position","at  DETThis is a 4 star matchup. WRs perform better than their average vs. DET who currently ranks #8 against this position","vs.  BUFThis is a 3 star matchup. WRs perform close to their average vs. BUF who currently ranks #18 against this position","at  GBThis is a 3 star matchup. WRs perform close to their average vs. GB who currently ranks #14 against this position","at  SFThis is a 3 star matchup. WRs perform close to their average vs. SF who currently ranks #15 against this position","vs.  ATLThis is a 4 star matchup. WRs perform better than their average vs. ATL who currently ranks #4 against this position","vs.  CARThis is a 3 star matchup. WRs perform close to their average vs. CAR who currently ranks #20 against this position","at  NEThis is a 4 star matchup. WRs perform better than their average vs. NE who currently ranks #6 against this position","vs.  DETThis is a 4 star matchup. WRs perform better than their average vs. DET who currently ranks #8 against this position","vs.  WASThis is a 4 star matchup. WRs perform better than their average vs. WAS who currently ranks #7 against this position","at  NYJThis is a 4 star matchup. WRs perform close to their average vs. NYJ who currently ranks #9 against this position","vs.  CHIThis is a 4 star matchup. WRs perform better than their average vs. CHI who currently ranks #5 against this position"
"41","Michael WilsonM. Wilson ARI","at  LACThis is a 2 star matchup. WRs perform below their average vs. LAC who currently ranks #30 against this position","vs.  SEAThis is a 2 star matchup. WRs perform below their average vs. SEA who currently ranks #27 against this position","at  SFThis is a 3 star matchup. WRs perform close to their average vs. SF who currently ranks #15 against this position","at  NYGThis is a 3 star matchup. WRs perform close to their average vs. NYG who currently ranks #23 against this position","vs.  DETThis is a 4 star matchup. WRs perform better than their average vs. DET who currently ranks #8 against this position","at  LARThis is a 3 star matchup. WRs perform close to their average vs. LAR who currently ranks #17 against this position","vs.  DENThis is a 2 star matchup. WRs perform below their average vs. DEN who currently ranks #31 against this position","at  DALThis is a 5 star matchup. WRs perform better than their average vs. DAL who currently ranks #1 against this position","at  SEAThis is a 2 star matchup. WRs perform below their average vs. SEA who currently ranks #27 against this position","vs.  LARThis is a 3 star matchup. WRs perform close to their average vs. LAR who currently ranks #17 against this position","at  KCThis is a 2 star matchup. WRs perform close to their average vs. KC who currently ranks #25 against this position","vs.  WASThis is a 4 star matchup. WRs perform better than their average vs. WAS who currently ranks #7 against this position","vs.  PHIThis is a 1 star matchup. WRs perform below their average vs. PHI who currently ranks #32 against this position","BYE","vs.  NYJThis is a 4 star matchup. WRs perform close to their average vs. NYJ who currently ranks #9 against this position","at  NOThis is a 4 star matchup. WRs perform close to their average vs. NO who currently ranks #11 against this position","vs.  LVThis is a 3 star matchup. WRs perform close to their average vs. LV who currently ranks #19 against this position","vs.  SFThis is a 3 star matchup. WRs perform close to their average vs. SF who currently ranks #15 against this position"
"42","Makai LemonM. Lemon PHI","vs.  WASThis is a 4 star matchup. WRs perform better than their average vs. WAS who currently ranks #7 against this position","at  TENThis is a 4 star matchup. WRs perform better than their average vs. TEN who currently ranks #3 against this position","at  CHIThis is a 4 star matchup. WRs perform better than their average vs. CHI who currently ranks #5 against this position","vs.  LARThis is a 3 star matchup. WRs perform close to their average vs. LAR who currently ranks #17 against this position","at  JACThis is a 2 star matchup. WRs perform below their average vs. JAC who currently ranks #28 against this position","vs.  CARThis is a 3 star matchup. WRs perform close to their average vs. CAR who currently ranks #20 against this position","vs.  DALThis is a 5 star matchup. WRs perform better than their average vs. DAL who currently ranks #1 against this position","at  WASThis is a 4 star matchup. WRs perform better than their average vs. WAS who currently ranks #7 against this position","vs.  NYGThis is a 3 star matchup. WRs perform close to their average vs. NYG who currently ranks #23 against this position","BYE","vs.  PITThis is a 3 star matchup. WRs perform close to their average vs. PIT who currently ranks #22 against this position","at  DALThis is a 5 star matchup. WRs perform better than their average vs. DAL who currently ranks #1 against this position","at  ARIThis is a 3 star matchup. WRs perform close to their average vs. ARI who currently ranks #24 against this position","vs.  INDThis is a 3 star matchup. WRs perform close to their average vs. IND who currently ranks #16 against this position","vs.  SEAThis is a 2 star matchup. WRs perform below their average vs. SEA who currently ranks #27 against this position","vs.  HOUThis is a 3 star matchup. WRs perform close to their average vs. HOU who currently ranks #21 against this position","at  SFThis is a 3 star matchup. WRs perform close to their average vs. SF who currently ranks #15 against this position","at  NYGThis is a 3 star matchup. WRs perform close to their average vs. NYG who currently ranks #23 against this position"
"43","Jayden ReedJ. Reed GB","at  MINThis is a 2 star matchup. WRs perform below their average vs. MIN who currently ranks #29 against this position","at  NYJThis is a 4 star matchup. WRs perform close to their average vs. NYJ who currently ranks #9 against this position","vs.  ATLThis is a 4 star matchup. WRs perform better than their average vs. ATL who currently ranks #4 against this position","at  TBThis is a 2 star matchup. WRs perform below their average vs. TB who currently ranks #26 against this position","vs.  CHIThis is a 4 star matchup. WRs perform better than their average vs. CHI who currently ranks #5 against this position","vs.  DALThis is a 5 star matchup. WRs perform better than their average vs. DAL who currently ranks #1 against this position","at  DETThis is a 4 star matchup. WRs perform better than their average vs. DET who currently ranks #8 against this position","vs.  CARThis is a 3 star matchup. WRs perform close to their average vs. CAR who currently ranks #20 against this position","at  NEThis is a 4 star matchup. WRs perform better than their average vs. NE who currently ranks #6 against this position","vs.  MINThis is a 2 star matchup. WRs perform below their average vs. MIN who currently ranks #29 against this position","BYE","at  LARThis is a 3 star matchup. WRs perform close to their average vs. LAR who currently ranks #17 against this position","at  NOThis is a 4 star matchup. WRs perform close to their average vs. NO who currently ranks #11 against this position","vs.  BUFThis is a 3 star matchup. WRs perform close to their average vs. BUF who currently ranks #18 against this position","vs.  MIAThis is a 5 star matchup. WRs perform better than their average vs. MIA who currently ranks #2 against this position","at  CHIThis is a 4 star matchup. WRs perform better than their average vs. CHI who currently ranks #5 against this position","vs.  HOUThis is a 3 star matchup. WRs perform close to their average vs. HOU who currently ranks #21 against this position","vs.  DETThis is a 4 star matchup. WRs perform better than their average vs. DET who currently ranks #8 against this position"
"44","Michael Pittman Jr.M. Pittman Jr. PIT","vs.  ATLThis is a 4 star matchup. WRs perform better than their average vs. ATL who currently ranks #4 against this position","at  NEThis is a 4 star matchup. WRs perform better than their average vs. NE who currently ranks #6 against this position","vs.  CINThis is a 3 star matchup. WRs perform close to their average vs. CIN who currently ranks #12 against this position","at  CLEThis is a 4 star matchup. WRs perform close to their average vs. CLE who currently ranks #10 against this position","vs.  INDThis is a 3 star matchup. WRs perform close to their average vs. IND who currently ranks #16 against this position","at  TBThis is a 2 star matchup. WRs perform below their average vs. TB who currently ranks #26 against this position","at  NOThis is a 4 star matchup. WRs perform close to their average vs. NO who currently ranks #11 against this position","vs.  CLEThis is a 4 star matchup. WRs perform close to their average vs. CLE who currently ranks #10 against this position","BYE","at  CINThis is a 3 star matchup. WRs perform close to their average vs. CIN who currently ranks #12 against this position","at  PHIThis is a 1 star matchup. WRs perform below their average vs. PHI who currently ranks #32 against this position","vs.  DENThis is a 2 star matchup. WRs perform below their average vs. DEN who currently ranks #31 against this position","vs.  HOUThis is a 3 star matchup. WRs perform close to their average vs. HOU who currently ranks #21 against this position","at  JACThis is a 2 star matchup. WRs perform below their average vs. JAC who currently ranks #28 against this position","vs.  BALThis is a 3 star matchup. WRs perform close to their average vs. BAL who currently ranks #13 against this position","vs.  CARThis is a 3 star matchup. WRs perform close to their average vs. CAR who currently ranks #20 against this position","at  TENThis is a 4 star matchup. WRs perform better than their average vs. TEN who currently ranks #3 against this position","at  BALThis is a 3 star matchup. WRs perform close to their average vs. BAL who currently ranks #13 against this position"
"45","Jakobi MeyersJ. Meyers JAC","vs.  CLEThis is a 4 star matchup. WRs perform close to their average vs. CLE who currently ranks #10 against this position","at  DENThis is a 2 star matchup. WRs perform below their average vs. DEN who currently ranks #31 against this position","vs.  NEThis is a 4 star matchup. WRs perform better than their average vs. NE who currently ranks #6 against this position","at  CINThis is a 3 star matchup. WRs perform close to their average vs. CIN who currently ranks #12 against this position","vs.  PHIThis is a 1 star matchup. WRs perform below their average vs. PHI who currently ranks #32 against this position","vs.  HOUThis is a 3 star matchup. WRs perform close to their average vs. HOU who currently ranks #21 against this position","BYE","vs.  INDThis is a 3 star matchup. WRs perform close to their average vs. IND who currently ranks #16 against this position","at  BALThis is a 3 star matchup. WRs perform close to their average vs. BAL who currently ranks #13 against this position","at  TENThis is a 4 star matchup. WRs perform better than their average vs. TEN who currently ranks #3 against this position","at  NYGThis is a 3 star matchup. WRs perform close to their average vs. NYG who currently ranks #23 against this position","vs.  TENThis is a 4 star matchup. WRs perform better than their average vs. TEN who currently ranks #3 against this position","at  CHIThis is a 4 star matchup. WRs perform better than their average vs. CHI who currently ranks #5 against this position","vs.  PITThis is a 3 star matchup. WRs perform close to their average vs. PIT who currently ranks #22 against this position","at  HOUThis is a 3 star matchup. WRs perform close to their average vs. HOU who currently ranks #21 against this position","at  DALThis is a 5 star matchup. WRs perform better than their average vs. DAL who currently ranks #1 against this position","vs.  WASThis is a 4 star matchup. WRs perform better than their average vs. WAS who currently ranks #7 against this position","at  INDThis is a 3 star matchup. WRs perform close to their average vs. IND who currently ranks #16 against this position"
"46","Xavier WorthyX. Worthy KC","vs.  DENThis is a 2 star matchup. WRs perform below their average vs. DEN who currently ranks #31 against this position","vs.  INDThis is a 3 star matchup. WRs perform close to their average vs. IND who currently ranks #16 against this position","at  MIAThis is a 5 star matchup. WRs perform better than their average vs. MIA who currently ranks #2 against this position","at  LVThis is a 3 star matchup. WRs perform close to their average vs. LV who currently ranks #19 against this position","BYE","vs.  LACThis is a 2 star matchup. WRs perform below their average vs. LAC who currently ranks #30 against this position","at  SEAThis is a 2 star matchup. WRs perform below their average vs. SEA who currently ranks #27 against this position","at  DENThis is a 2 star matchup. WRs perform below their average vs. DEN who currently ranks #31 against this position","vs.  NYJThis is a 4 star matchup. WRs perform close to their average vs. NYJ who currently ranks #9 against this position","at  ATLThis is a 4 star matchup. WRs perform better than their average vs. ATL who currently ranks #4 against this position","vs.  ARIThis is a 3 star matchup. WRs perform close to their average vs. ARI who currently ranks #24 against this position","at  BUFThis is a 3 star matchup. WRs perform close to their average vs. BUF who currently ranks #18 against this position","at  LARThis is a 3 star matchup. WRs perform close to their average vs. LAR who currently ranks #17 against this position","at  CINThis is a 3 star matchup. WRs perform close to their average vs. CIN who currently ranks #12 against this position","vs.  NEThis is a 4 star matchup. WRs perform better than their average vs. NE who currently ranks #6 against this position","vs.  SFThis is a 3 star matchup. WRs perform close to their average vs. SF who currently ranks #15 against this position","at  LACThis is a 2 star matchup. WRs perform below their average vs. LAC who currently ranks #30 against this position","vs.  LVThis is a 3 star matchup. WRs perform close to their average vs. LV who currently ranks #19 against this position"
"47","Josh DownsJ. Downs IND","vs.  BALThis is a 3 star matchup. WRs perform close to their average vs. BAL who currently ranks #13 against this position","at  KCThis is a 2 star matchup. WRs perform close to their average vs. KC who currently ranks #25 against this position","vs.  HOUThis is a 3 star matchup. WRs perform close to their average vs. HOU who currently ranks #21 against this position","at  WASThis is a 4 star matchup. WRs perform better than their average vs. WAS who currently ranks #7 against this position","at  PITThis is a 3 star matchup. WRs perform close to their average vs. PIT who currently ranks #22 against this position","vs.  TENThis is a 4 star matchup. WRs perform better than their average vs. TEN who currently ranks #3 against this position","at  MINThis is a 2 star matchup. WRs perform below their average vs. MIN who currently ranks #29 against this position","at  JACThis is a 2 star matchup. WRs perform below their average vs. JAC who currently ranks #28 against this position","vs.  DALThis is a 5 star matchup. WRs perform better than their average vs. DAL who currently ranks #1 against this position","vs.  MIAThis is a 5 star matchup. WRs perform better than their average vs. MIA who currently ranks #2 against this position","at  HOUThis is a 3 star matchup. WRs perform close to their average vs. HOU who currently ranks #21 against this position","vs.  NYGThis is a 3 star matchup. WRs perform close to their average vs. NYG who currently ranks #23 against this position","BYE","at  PHIThis is a 1 star matchup. WRs perform below their average vs. PHI who currently ranks #32 against this position","at  TENThis is a 4 star matchup. WRs perform better than their average vs. TEN who currently ranks #3 against this position","vs.  CINThis is a 3 star matchup. WRs perform close to their average vs. CIN who currently ranks #12 against this position","at  CLEThis is a 4 star matchup. WRs perform close to their average vs. CLE who currently ranks #10 against this position","vs.  JACThis is a 2 star matchup. WRs perform below their average vs. JAC who currently ranks #28 against this position"
"48","Wan'Dale RobinsonW. Robinson TEN","vs.  NYJThis is a 4 star matchup. WRs perform close to their average vs. NYJ who currently ranks #9 against this position","vs.  PHIThis is a 1 star matchup. WRs perform below their average vs. PHI who currently ranks #32 against this position","at  NYGThis is a 3 star matchup. WRs perform close to their average vs. NYG who currently ranks #23 against this position","at  BALThis is a 3 star matchup. WRs perform close to their average vs. BAL who currently ranks #13 against this position","vs.  HOUThis is a 3 star matchup. WRs perform close to their average vs. HOU who currently ranks #21 against this position","at  INDThis is a 3 star matchup. WRs perform close to their average vs. IND who currently ranks #16 against this position","vs.  CLEThis is a 4 star matchup. WRs perform close to their average vs. CLE who currently ranks #10 against this position","at  CINThis is a 3 star matchup. WRs perform close to their average vs. CIN who currently ranks #12 against this position","BYE","vs.  JACThis is a 2 star matchup. WRs perform below their average vs. JAC who currently ranks #28 against this position","at  DALThis is a 5 star matchup. WRs perform better than their average vs. DAL who currently ranks #1 against this position","at  JACThis is a 2 star matchup. WRs perform below their average vs. JAC who currently ranks #28 against this position","vs.  WASThis is a 4 star matchup. WRs perform better than their average vs. WAS who currently ranks #7 against this position","at  DETThis is a 4 star matchup. WRs perform better than their average vs. DET who currently ranks #8 against this position","vs.  INDThis is a 3 star matchup. WRs perform close to their average vs. IND who currently ranks #16 against this position","at  LVThis is a 3 star matchup. WRs perform close to their average vs. LV who currently ranks #19 against this position","vs.  PITThis is a 3 star matchup. WRs perform close to their average vs. PIT who currently ranks #22 against this position","at  HOUThis is a 3 star matchup. WRs perform close to their average vs. HOU who currently ranks #21 against this position"
"49","Jayden HigginsJ. Higgins HOU","vs.  BUFThis is a 3 star matchup. WRs perform close to their average vs. BUF who currently ranks #18 against this position","vs.  CINThis is a 3 star matchup. WRs perform close to their average vs. CIN who currently ranks #12 against this position","at  INDThis is a 3 star matchup. WRs perform close to their average vs. IND who currently ranks #16 against this position","vs.  DALThis is a 5 star matchup. WRs perform better than their average vs. DAL who currently ranks #1 against this position","at  TENThis is a 4 star matchup. WRs perform better than their average vs. TEN who currently ranks #3 against this position","at  JACThis is a 2 star matchup. WRs perform below their average vs. JAC who currently ranks #28 against this position","vs.  NYGThis is a 3 star matchup. WRs perform close to their average vs. NYG who currently ranks #23 against this position","BYE","at  LACThis is a 2 star matchup. WRs perform below their average vs. LAC who currently ranks #30 against this position","at  CLEThis is a 4 star matchup. WRs perform close to their average vs. CLE who currently ranks #10 against this position","vs.  INDThis is a 3 star matchup. WRs perform close to their average vs. IND who currently ranks #16 against this position","vs.  BALThis is a 3 star matchup. WRs perform close to their average vs. BAL who currently ranks #13 against this position","at  PITThis is a 3 star matchup. WRs perform close to their average vs. PIT who currently ranks #22 against this position","at  WASThis is a 4 star matchup. WRs perform better than their average vs. WAS who currently ranks #7 against this position","vs.  JACThis is a 2 star matchup. WRs perform below their average vs. JAC who currently ranks #28 against this position","at  PHIThis is a 1 star matchup. WRs perform below their average vs. PHI who currently ranks #32 against this position","at  GBThis is a 3 star matchup. WRs perform close to their average vs. GB who currently ranks #14 against this position","vs.  TENThis is a 4 star matchup. WRs perform better than their average vs. TEN who currently ranks #3 against this position"
"50","Romeo DoubsR. Doubs NE","at  SEAThis is a 2 star matchup. WRs perform below their average vs. SEA who currently ranks #27 against this position","vs.  PITThis is a 3 star matchup. WRs perform close to their average vs. PIT who currently ranks #22 against this position","at  JACThis is a 2 star matchup. WRs perform below their average vs. JAC who currently ranks #28 against this position","at  BUFThis is a 3 star matchup. WRs perform close to their average vs. BUF who currently ranks #18 against this position","vs.  LVThis is a 3 star matchup. WRs perform close to their average vs. LV who currently ranks #19 against this position","vs.  NYJThis is a 4 star matchup. WRs perform close to their average vs. NYJ who currently ranks #9 against this position","at  CHIThis is a 4 star matchup. WRs perform better than their average vs. CHI who currently ranks #5 against this position","at  MIAThis is a 5 star matchup. WRs perform better than their average vs. MIA who currently ranks #2 against this position","vs.  GBThis is a 3 star matchup. WRs perform close to their average vs. GB who currently ranks #14 against this position","at  DETThis is a 4 star matchup. WRs perform better than their average vs. DET who currently ranks #8 against this position","BYE","at  LACThis is a 2 star matchup. WRs perform below their average vs. LAC who currently ranks #30 against this position","vs.  BUFThis is a 3 star matchup. WRs perform close to their average vs. BUF who currently ranks #18 against this position","vs.  MINThis is a 2 star matchup. WRs perform below their average vs. MIN who currently ranks #29 against this position","at  KCThis is a 2 star matchup. WRs perform close to their average vs. KC who currently ranks #25 against this position","at  NYJThis is a 4 star matchup. WRs perform close to their average vs. NYJ who currently ranks #9 against this position","vs.  DENThis is a 2 star matchup. WRs perform below their average vs. DEN who currently ranks #31 against this position","vs.  MIAThis is a 5 star matchup. WRs perform better than their average vs. MIA who currently ranks #2 against this position"
"51","Jalen CokerJ. Coker CAR","vs.  CHIThis is a 4 star matchup. WRs perform better than their average vs. CHI who currently ranks #5 against this position","at  ATLThis is a 4 star matchup. WRs perform better than their average vs. ATL who currently ranks #4 against this position","at  CLEThis is a 4 star matchup. WRs perform close to their average vs. CLE who currently ranks #10 against this position","vs.  DETThis is a 4 star matchup. WRs perform better than their average vs. DET who currently ranks #8 against this position","BYE","at  PHIThis is a 1 star matchup. WRs perform below their average vs. PHI who currently ranks #32 against this position","vs.  TBThis is a 2 star matchup. WRs perform below their average vs. TB who currently ranks #26 against this position","at  GBThis is a 3 star matchup. WRs perform close to their average vs. GB who currently ranks #14 against this position","vs.  DENThis is a 2 star matchup. WRs perform below their average vs. DEN who currently ranks #31 against this position","at  NOThis is a 4 star matchup. WRs perform close to their average vs. NO who currently ranks #11 against this position","vs.  BALThis is a 3 star matchup. WRs perform close to their average vs. BAL who currently ranks #13 against this position","at  TBThis is a 2 star matchup. WRs perform below their average vs. TB who currently ranks #26 against this position","at  MINThis is a 2 star matchup. WRs perform below their average vs. MIN who currently ranks #29 against this position","vs.  NOThis is a 4 star matchup. WRs perform close to their average vs. NO who currently ranks #11 against this position","vs.  CINThis is a 3 star matchup. WRs perform close to their average vs. CIN who currently ranks #12 against this position","at  PITThis is a 3 star matchup. WRs perform close to their average vs. PIT who currently ranks #22 against this position","vs.  SEAThis is a 2 star matchup. WRs perform below their average vs. SEA who currently ranks #27 against this position","vs.  ATLThis is a 4 star matchup. WRs perform better than their average vs. ATL who currently ranks #4 against this position"
"52","Matthew GoldenM. Golden GB","at  MINThis is a 2 star matchup. WRs perform below their average vs. MIN who currently ranks #29 against this position","at  NYJThis is a 4 star matchup. WRs perform close to their average vs. NYJ who currently ranks #9 against this position","vs.  ATLThis is a 4 star matchup. WRs perform better than their average vs. ATL who currently ranks #4 against this position","at  TBThis is a 2 star matchup. WRs perform below their average vs. TB who currently ranks #26 against this position","vs.  CHIThis is a 4 star matchup. WRs perform better than their average vs. CHI who currently ranks #5 against this position","vs.  DALThis is a 5 star matchup. WRs perform better than their average vs. DAL who currently ranks #1 against this position","at  DETThis is a 4 star matchup. WRs perform better than their average vs. DET who currently ranks #8 against this position","vs.  CARThis is a 3 star matchup. WRs perform close to their average vs. CAR who currently ranks #20 against this position","at  NEThis is a 4 star matchup. WRs perform better than their average vs. NE who currently ranks #6 against this position","vs.  MINThis is a 2 star matchup. WRs perform below their average vs. MIN who currently ranks #29 against this position","BYE","at  LARThis is a 3 star matchup. WRs perform close to their average vs. LAR who currently ranks #17 against this position","at  NOThis is a 4 star matchup. WRs perform close to their average vs. NO who currently ranks #11 against this position","vs.  BUFThis is a 3 star matchup. WRs perform close to their average vs. BUF who currently ranks #18 against this position","vs.  MIAThis is a 5 star matchup. WRs perform better than their average vs. MIA who currently ranks #2 against this position","at  CHIThis is a 4 star matchup. WRs perform better than their average vs. CHI who currently ranks #5 against this position","vs.  HOUThis is a 3 star matchup. WRs perform close to their average vs. HOU who currently ranks #21 against this position","vs.  DETThis is a 4 star matchup. WRs perform better than their average vs. DET who currently ranks #8 against this position"
"53","Rashid ShaheedR. Shaheed SEA","vs.  NEThis is a 4 star matchup. WRs perform better than their average vs. NE who currently ranks #6 against this position","at  ARIThis is a 3 star matchup. WRs perform close to their average vs. ARI who currently ranks #24 against this position","at  WASThis is a 4 star matchup. WRs perform better than their average vs. WAS who currently ranks #7 against this position","vs.  LACThis is a 2 star matchup. WRs perform below their average vs. LAC who currently ranks #30 against this position","vs.  SFThis is a 3 star matchup. WRs perform close to their average vs. SF who currently ranks #15 against this position","at  DENThis is a 2 star matchup. WRs perform below their average vs. DEN who currently ranks #31 against this position","vs.  KCThis is a 2 star matchup. WRs perform close to their average vs. KC who currently ranks #25 against this position","vs.  CHIThis is a 4 star matchup. WRs perform better than their average vs. CHI who currently ranks #5 against this position","vs.  ARIThis is a 3 star matchup. WRs perform close to their average vs. ARI who currently ranks #24 against this position","at  LVThis is a 3 star matchup. WRs perform close to their average vs. LV who currently ranks #19 against this position","BYE","at  SFThis is a 3 star matchup. WRs perform close to their average vs. SF who currently ranks #15 against this position","vs.  DALThis is a 5 star matchup. WRs perform better than their average vs. DAL who currently ranks #1 against this position","vs.  NYGThis is a 3 star matchup. WRs perform close to their average vs. NYG who currently ranks #23 against this position","at  PHIThis is a 1 star matchup. WRs perform below their average vs. PHI who currently ranks #32 against this position","vs.  LARThis is a 3 star matchup. WRs perform close to their average vs. LAR who currently ranks #17 against this position","at  CARThis is a 3 star matchup. WRs perform close to their average vs. CAR who currently ranks #20 against this position","at  LARThis is a 3 star matchup. WRs perform close to their average vs. LAR who currently ranks #17 against this position"
"54","Khalil ShakirK. Shakir BUF","at  HOUThis is a 3 star matchup. WRs perform close to their average vs. HOU who currently ranks #21 against this position","vs.  DETThis is a 4 star matchup. WRs perform better than their average vs. DET who currently ranks #8 against this position","vs.  LACThis is a 2 star matchup. WRs perform below their average vs. LAC who currently ranks #30 against this position","vs.  NEThis is a 4 star matchup. WRs perform better than their average vs. NE who currently ranks #6 against this position","at  LARThis is a 3 star matchup. WRs perform close to their average vs. LAR who currently ranks #17 against this position","at  LVThis is a 3 star matchup. WRs perform close to their average vs. LV who currently ranks #19 against this position","BYE","vs.  BALThis is a 3 star matchup. WRs perform close to their average vs. BAL who currently ranks #13 against this position","at  MINThis is a 2 star matchup. WRs perform below their average vs. MIN who currently ranks #29 against this position","at  NYJThis is a 4 star matchup. WRs perform close to their average vs. NYJ who currently ranks #9 against this position","vs.  MIAThis is a 5 star matchup. WRs perform better than their average vs. MIA who currently ranks #2 against this position","vs.  KCThis is a 2 star matchup. WRs perform close to their average vs. KC who currently ranks #25 against this position","at  NEThis is a 4 star matchup. WRs perform better than their average vs. NE who currently ranks #6 against this position","at  GBThis is a 3 star matchup. WRs perform close to their average vs. GB who currently ranks #14 against this position","vs.  CHIThis is a 4 star matchup. WRs perform better than their average vs. CHI who currently ranks #5 against this position","at  DENThis is a 2 star matchup. WRs perform below their average vs. DEN who currently ranks #31 against this position","at  MIAThis is a 5 star matchup. WRs perform better than their average vs. MIA who currently ranks #2 against this position","vs.  NYJThis is a 4 star matchup. WRs perform close to their average vs. NYJ who currently ranks #9 against this position"
"55","KC ConcepcionKC Concepcion CLE","at  JACThis is a 2 star matchup. WRs perform below their average vs. JAC who currently ranks #28 against this position","at  TBThis is a 2 star matchup. WRs perform below their average vs. TB who currently ranks #26 against this position","vs.  CARThis is a 3 star matchup. WRs perform close to their average vs. CAR who currently ranks #20 against this position","vs.  PITThis is a 3 star matchup. WRs perform close to their average vs. PIT who currently ranks #22 against this position","at  NYJThis is a 4 star matchup. WRs perform close to their average vs. NYJ who currently ranks #9 against this position","vs.  BALThis is a 3 star matchup. WRs perform close to their average vs. BAL who currently ranks #13 against this position","at  TENThis is a 4 star matchup. WRs perform better than their average vs. TEN who currently ranks #3 against this position","at  PITThis is a 3 star matchup. WRs perform close to their average vs. PIT who currently ranks #22 against this position","at  NOThis is a 4 star matchup. WRs perform close to their average vs. NO who currently ranks #11 against this position","vs.  HOUThis is a 3 star matchup. WRs perform close to their average vs. HOU who currently ranks #21 against this position","BYE","vs.  LVThis is a 3 star matchup. WRs perform close to their average vs. LV who currently ranks #19 against this position","vs.  CINThis is a 3 star matchup. WRs perform close to their average vs. CIN who currently ranks #12 against this position","vs.  ATLThis is a 4 star matchup. WRs perform better than their average vs. ATL who currently ranks #4 against this position","at  NYGThis is a 3 star matchup. WRs perform close to their average vs. NYG who currently ranks #23 against this position","at  BALThis is a 3 star matchup. WRs perform close to their average vs. BAL who currently ranks #13 against this position","vs.  INDThis is a 3 star matchup. WRs perform close to their average vs. IND who currently ranks #16 against this position","at  CINThis is a 3 star matchup. WRs perform close to their average vs. CIN who currently ranks #12 against this position"
"56","Jerry JeudyJ. Jeudy CLE","at  JACThis is a 2 star matchup. WRs perform below their average vs. JAC who currently ranks #28 against this position","at  TBThis is a 2 star matchup. WRs perform below their average vs. TB who currently ranks #26 against this position","vs.  CARThis is a 3 star matchup. WRs perform close to their average vs. CAR who currently ranks #20 against this position","vs.  PITThis is a 3 star matchup. WRs perform close to their average vs. PIT who currently ranks #22 against this position","at  NYJThis is a 4 star matchup. WRs perform close to their average vs. NYJ who currently ranks #9 against this position","vs.  BALThis is a 3 star matchup. WRs perform close to their average vs. BAL who currently ranks #13 against this position","at  TENThis is a 4 star matchup. WRs perform better than their average vs. TEN who currently ranks #3 against this position","at  PITThis is a 3 star matchup. WRs perform close to their average vs. PIT who currently ranks #22 against this position","at  NOThis is a 4 star matchup. WRs perform close to their average vs. NO who currently ranks #11 against this position","vs.  HOUThis is a 3 star matchup. WRs perform close to their average vs. HOU who currently ranks #21 against this position","BYE","vs.  LVThis is a 3 star matchup. WRs perform close to their average vs. LV who currently ranks #19 against this position","vs.  CINThis is a 3 star matchup. WRs perform close to their average vs. CIN who currently ranks #12 against this position","vs.  ATLThis is a 4 star matchup. WRs perform better than their average vs. ATL who currently ranks #4 against this position","at  NYGThis is a 3 star matchup. WRs perform close to their average vs. NYG who currently ranks #23 against this position","at  BALThis is a 3 star matchup. WRs perform close to their average vs. BAL who currently ranks #13 against this position","vs.  INDThis is a 3 star matchup. WRs perform close to their average vs. IND who currently ranks #16 against this position","at  CINThis is a 3 star matchup. WRs perform close to their average vs. CIN who currently ranks #12 against this position"
"57","Jauan JenningsJ. Jennings MIN","vs.  GBThis is a 3 star matchup. WRs perform close to their average vs. GB who currently ranks #14 against this position","at  CHIThis is a 4 star matchup. WRs perform better than their average vs. CHI who currently ranks #5 against this position","at  TBThis is a 2 star matchup. WRs perform below their average vs. TB who currently ranks #26 against this position","vs.  MIAThis is a 5 star matchup. WRs perform better than their average vs. MIA who currently ranks #2 against this position","at  NOThis is a 4 star matchup. WRs perform close to their average vs. NO who currently ranks #11 against this position","BYE","vs.  INDThis is a 3 star matchup. WRs perform close to their average vs. IND who currently ranks #16 against this position","at  DETThis is a 4 star matchup. WRs perform better than their average vs. DET who currently ranks #8 against this position","vs.  BUFThis is a 3 star matchup. WRs perform close to their average vs. BUF who currently ranks #18 against this position","at  GBThis is a 3 star matchup. WRs perform close to their average vs. GB who currently ranks #14 against this position","at  SFThis is a 3 star matchup. WRs perform close to their average vs. SF who currently ranks #15 against this position","vs.  ATLThis is a 4 star matchup. WRs perform better than their average vs. ATL who currently ranks #4 against this position","vs.  CARThis is a 3 star matchup. WRs perform close to their average vs. CAR who currently ranks #20 against this position","at  NEThis is a 4 star matchup. WRs perform better than their average vs. NE who currently ranks #6 against this position","vs.  DETThis is a 4 star matchup. WRs perform better than their average vs. DET who currently ranks #8 against this position","vs.  WASThis is a 4 star matchup. WRs perform better than their average vs. WAS who currently ranks #7 against this position","at  NYJThis is a 4 star matchup. WRs perform close to their average vs. NYJ who currently ranks #9 against this position","vs.  CHIThis is a 4 star matchup. WRs perform better than their average vs. CHI who currently ranks #5 against this position"
"58","Jalen McMillanJ. McMillan TB","at  CINThis is a 3 star matchup. WRs perform close to their average vs. CIN who currently ranks #12 against this position","vs.  CLEThis is a 4 star matchup. WRs perform close to their average vs. CLE who currently ranks #10 against this position","vs.  MINThis is a 2 star matchup. WRs perform below their average vs. MIN who currently ranks #29 against this position","vs.  GBThis is a 3 star matchup. WRs perform close to their average vs. GB who currently ranks #14 against this position","at  DALThis is a 5 star matchup. WRs perform better than their average vs. DAL who currently ranks #1 against this position","vs.  PITThis is a 3 star matchup. WRs perform close to their average vs. PIT who currently ranks #22 against this position","at  CARThis is a 3 star matchup. WRs perform close to their average vs. CAR who currently ranks #20 against this position","vs.  ATLThis is a 4 star matchup. WRs perform better than their average vs. ATL who currently ranks #4 against this position","at  CHIThis is a 4 star matchup. WRs perform better than their average vs. CHI who currently ranks #5 against this position","BYE","at  DETThis is a 4 star matchup. WRs perform better than their average vs. DET who currently ranks #8 against this position","vs.  CARThis is a 3 star matchup. WRs perform close to their average vs. CAR who currently ranks #20 against this position","vs.  LACThis is a 2 star matchup. WRs perform below their average vs. LAC who currently ranks #30 against this position","at  BALThis is a 3 star matchup. WRs perform close to their average vs. BAL who currently ranks #13 against this position","vs.  NOThis is a 4 star matchup. WRs perform close to their average vs. NO who currently ranks #11 against this position","at  ATLThis is a 4 star matchup. WRs perform better than their average vs. ATL who currently ranks #4 against this position","vs.  LARThis is a 3 star matchup. WRs perform close to their average vs. LAR who currently ranks #17 against this position","at  NOThis is a 4 star matchup. WRs perform close to their average vs. NO who currently ranks #11 against this position"
"59","Adonai MitchellA. Mitchell NYJ","at  TENThis is a 4 star matchup. WRs perform better than their average vs. TEN who currently ranks #3 against this position","vs.  GBThis is a 3 star matchup. WRs perform close to their average vs. GB who currently ranks #14 against this position","at  DETThis is a 4 star matchup. WRs perform better than their average vs. DET who currently ranks #8 against this position","at  CHIThis is a 4 star matchup. WRs perform better than their average vs. CHI who currently ranks #5 against this position","vs.  CLEThis is a 4 star matchup. WRs perform close to their average vs. CLE who currently ranks #10 against this position","at  NEThis is a 4 star matchup. WRs perform better than their average vs. NE who currently ranks #6 against this position","vs.  MIAThis is a 5 star matchup. WRs perform better than their average vs. MIA who currently ranks #2 against this position","vs.  LVThis is a 3 star matchup. WRs perform close to their average vs. LV who currently ranks #19 against this position","at  KCThis is a 2 star matchup. WRs perform close to their average vs. KC who currently ranks #25 against this position","vs.  BUFThis is a 3 star matchup. WRs perform close to their average vs. BUF who currently ranks #18 against this position","at  LACThis is a 2 star matchup. WRs perform below their average vs. LAC who currently ranks #30 against this position","at  MIAThis is a 5 star matchup. WRs perform better than their average vs. MIA who currently ranks #2 against this position","BYE","vs.  DENThis is a 2 star matchup. WRs perform below their average vs. DEN who currently ranks #31 against this position","at  ARIThis is a 3 star matchup. WRs perform close to their average vs. ARI who currently ranks #24 against this position","vs.  NEThis is a 4 star matchup. WRs perform better than their average vs. NE who currently ranks #6 against this position","vs.  MINThis is a 2 star matchup. WRs perform below their average vs. MIN who currently ranks #29 against this position","at  BUFThis is a 3 star matchup. WRs perform close to their average vs. BUF who currently ranks #18 against this position"
"60","Tre TuckerT. Tucker LV","vs.  MIAThis is a 5 star matchup. WRs perform better than their average vs. MIA who currently ranks #2 against this position","at  LACThis is a 2 star matchup. WRs perform below their average vs. LAC who currently ranks #30 against this position","at  NOThis is a 4 star matchup. WRs perform close to their average vs. NO who currently ranks #11 against this position","vs.  KCThis is a 2 star matchup. WRs perform close to their average vs. KC who currently ranks #25 against this position","at  NEThis is a 4 star matchup. WRs perform better than their average vs. NE who currently ranks #6 against this position","vs.  BUFThis is a 3 star matchup. WRs perform close to their average vs. BUF who currently ranks #18 against this position","vs.  LARThis is a 3 star matchup. WRs perform close to their average vs. LAR who currently ranks #17 against this position","at  NYJThis is a 4 star matchup. WRs perform close to their average vs. NYJ who currently ranks #9 against this position","at  SFThis is a 3 star matchup. WRs perform close to their average vs. SF who currently ranks #15 against this position","vs.  SEAThis is a 2 star matchup. WRs perform below their average vs. SEA who currently ranks #27 against this position","at  DENThis is a 2 star matchup. WRs perform below their average vs. DEN who currently ranks #31 against this position","at  CLEThis is a 4 star matchup. WRs perform close to their average vs. CLE who currently ranks #10 against this position","BYE","vs.  LACThis is a 2 star matchup. WRs perform below their average vs. LAC who currently ranks #30 against this position","vs.  DENThis is a 2 star matchup. WRs perform below their average vs. DEN who currently ranks #31 against this position","vs.  TENThis is a 4 star matchup. WRs perform better than their average vs. TEN who currently ranks #3 against this position","at  ARIThis is a 3 star matchup. WRs perform close to their average vs. ARI who currently ranks #24 against this position","at  KCThis is a 2 star matchup. WRs perform close to their average vs. KC who currently ranks #25 against this position"
"61","Omar Cooper Jr.O. Cooper Jr. NYJ","at  TENThis is a 4 star matchup. WRs perform better than their average vs. TEN who currently ranks #3 against this position","vs.  GBThis is a 3 star matchup. WRs perform close to their average vs. GB who currently ranks #14 against this position","at  DETThis is a 4 star matchup. WRs perform better than their average vs. DET who currently ranks #8 against this position","at  CHIThis is a 4 star matchup. WRs perform better than their average vs. CHI who currently ranks #5 against this position","vs.  CLEThis is a 4 star matchup. WRs perform close to their average vs. CLE who currently ranks #10 against this position","at  NEThis is a 4 star matchup. WRs perform better than their average vs. NE who currently ranks #6 against this position","vs.  MIAThis is a 5 star matchup. WRs perform better than their average vs. MIA who currently ranks #2 against this position","vs.  LVThis is a 3 star matchup. WRs perform close to their average vs. LV who currently ranks #19 against this position","at  KCThis is a 2 star matchup. WRs perform close to their average vs. KC who currently ranks #25 against this position","vs.  BUFThis is a 3 star matchup. WRs perform close to their average vs. BUF who currently ranks #18 against this position","at  LACThis is a 2 star matchup. WRs perform below their average vs. LAC who currently ranks #30 against this position","at  MIAThis is a 5 star matchup. WRs perform better than their average vs. MIA who currently ranks #2 against this position","BYE","vs.  DENThis is a 2 star matchup. WRs perform below their average vs. DEN who currently ranks #31 against this position","at  ARIThis is a 3 star matchup. WRs perform close to their average vs. ARI who currently ranks #24 against this position","vs.  NEThis is a 4 star matchup. WRs perform better than their average vs. NE who currently ranks #6 against this position","vs.  MINThis is a 2 star matchup. WRs perform below their average vs. MIN who currently ranks #29 against this position","at  BUFThis is a 3 star matchup. WRs perform close to their average vs. BUF who currently ranks #18 against this position"
"62","Travis HunterT. Hunter JAC","vs.  CLEThis is a 4 star matchup. WRs perform close to their average vs. CLE who currently ranks #10 against this position","at  DENThis is a 2 star matchup. WRs perform below their average vs. DEN who currently ranks #31 against this position","vs.  NEThis is a 4 star matchup. WRs perform better than their average vs. NE who currently ranks #6 against this position","at  CINThis is a 3 star matchup. WRs perform close to their average vs. CIN who currently ranks #12 against this position","vs.  PHIThis is a 1 star matchup. WRs perform below their average vs. PHI who currently ranks #32 against this position","vs.  HOUThis is a 3 star matchup. WRs perform close to their average vs. HOU who currently ranks #21 against this position","BYE","vs.  INDThis is a 3 star matchup. WRs perform close to their average vs. IND who currently ranks #16 against this position","at  BALThis is a 3 star matchup. WRs perform close to their average vs. BAL who currently ranks #13 against this position","at  TENThis is a 4 star matchup. WRs perform better than their average vs. TEN who currently ranks #3 against this position","at  NYGThis is a 3 star matchup. WRs perform close to their average vs. NYG who currently ranks #23 against this position","vs.  TENThis is a 4 star matchup. WRs perform better than their average vs. TEN who currently ranks #3 against this position","at  CHIThis is a 4 star matchup. WRs perform better than their average vs. CHI who currently ranks #5 against this position","vs.  PITThis is a 3 star matchup. WRs perform close to their average vs. PIT who currently ranks #22 against this position","at  HOUThis is a 3 star matchup. WRs perform close to their average vs. HOU who currently ranks #21 against this position","at  DALThis is a 5 star matchup. WRs perform better than their average vs. DAL who currently ranks #1 against this position","vs.  WASThis is a 4 star matchup. WRs perform better than their average vs. WAS who currently ranks #7 against this position","at  INDThis is a 3 star matchup. WRs perform close to their average vs. IND who currently ranks #16 against this position"
"63","Denzel BostonD. Boston CLE","at  JACThis is a 2 star matchup. WRs perform below their average vs. JAC who currently ranks #28 against this position","at  TBThis is a 2 star matchup. WRs perform below their average vs. TB who currently ranks #26 against this position","vs.  CARThis is a 3 star matchup. WRs perform close to their average vs. CAR who currently ranks #20 against this position","vs.  PITThis is a 3 star matchup. WRs perform close to their average vs. PIT who currently ranks #22 against this position","at  NYJThis is a 4 star matchup. WRs perform close to their average vs. NYJ who currently ranks #9 against this position","vs.  BALThis is a 3 star matchup. WRs perform close to their average vs. BAL who currently ranks #13 against this position","at  TENThis is a 4 star matchup. WRs perform better than their average vs. TEN who currently ranks #3 against this position","at  PITThis is a 3 star matchup. WRs perform close to their average vs. PIT who currently ranks #22 against this position","at  NOThis is a 4 star matchup. WRs perform close to their average vs. NO who currently ranks #11 against this position","vs.  HOUThis is a 3 star matchup. WRs perform close to their average vs. HOU who currently ranks #21 against this position","BYE","vs.  LVThis is a 3 star matchup. WRs perform close to their average vs. LV who currently ranks #19 against this position","vs.  CINThis is a 3 star matchup. WRs perform close to their average vs. CIN who currently ranks #12 against this position","vs.  ATLThis is a 4 star matchup. WRs perform better than their average vs. ATL who currently ranks #4 against this position","at  NYGThis is a 3 star matchup. WRs perform close to their average vs. NYG who currently ranks #23 against this position","at  BALThis is a 3 star matchup. WRs perform close to their average vs. BAL who currently ranks #13 against this position","vs.  INDThis is a 3 star matchup. WRs perform close to their average vs. IND who currently ranks #16 against this position","at  CINThis is a 3 star matchup. WRs perform close to their average vs. CIN who currently ranks #12 against this position"
"64","Tre' HarrisT. Harris LAC","vs.  ARIThis is a 3 star matchup. WRs perform close to their average vs. ARI who currently ranks #24 against this position","vs.  LVThis is a 3 star matchup. WRs perform close to their average vs. LV who currently ranks #19 against this position","at  BUFThis is a 3 star matchup. WRs perform close to their average vs. BUF who currently ranks #18 against this position","at  SEAThis is a 2 star matchup. WRs perform below their average vs. SEA who currently ranks #27 against this position","vs.  DENThis is a 2 star matchup. WRs perform below their average vs. DEN who currently ranks #31 against this position","at  KCThis is a 2 star matchup. WRs perform close to their average vs. KC who currently ranks #25 against this position","BYE","at  LARThis is a 3 star matchup. WRs perform close to their average vs. LAR who currently ranks #17 against this position","vs.  HOUThis is a 3 star matchup. WRs perform close to their average vs. HOU who currently ranks #21 against this position","at  BALThis is a 3 star matchup. WRs perform close to their average vs. BAL who currently ranks #13 against this position","vs.  NYJThis is a 4 star matchup. WRs perform close to their average vs. NYJ who currently ranks #9 against this position","vs.  NEThis is a 4 star matchup. WRs perform better than their average vs. NE who currently ranks #6 against this position","at  TBThis is a 2 star matchup. WRs perform below their average vs. TB who currently ranks #26 against this position","at  LVThis is a 3 star matchup. WRs perform close to their average vs. LV who currently ranks #19 against this position","vs.  SFThis is a 3 star matchup. WRs perform close to their average vs. SF who currently ranks #15 against this position","at  MIAThis is a 5 star matchup. WRs perform better than their average vs. MIA who currently ranks #2 against this position","vs.  KCThis is a 2 star matchup. WRs perform close to their average vs. KC who currently ranks #25 against this position","at  DENThis is a 2 star matchup. WRs perform below their average vs. DEN who currently ranks #31 against this position"
"65","Ryan FlournoyR. Flournoy DAL","at  NYGThis is a 3 star matchup. WRs perform close to their average vs. NYG who currently ranks #23 against this position","vs.  WASThis is a 4 star matchup. WRs perform better than their average vs. WAS who currently ranks #7 against this position","vs.  BALThis is a 3 star matchup. WRs perform close to their average vs. BAL who currently ranks #13 against this position","at  HOUThis is a 3 star matchup. WRs perform close to their average vs. HOU who currently ranks #21 against this position","vs.  TBThis is a 2 star matchup. WRs perform below their average vs. TB who currently ranks #26 against this position","at  GBThis is a 3 star matchup. WRs perform close to their average vs. GB who currently ranks #14 against this position","at  PHIThis is a 1 star matchup. WRs perform below their average vs. PHI who currently ranks #32 against this position","vs.  ARIThis is a 3 star matchup. WRs perform close to their average vs. ARI who currently ranks #24 against this position","at  INDThis is a 3 star matchup. WRs perform close to their average vs. IND who currently ranks #16 against this position","vs.  SFThis is a 3 star matchup. WRs perform close to their average vs. SF who currently ranks #15 against this position","vs.  TENThis is a 4 star matchup. WRs perform better than their average vs. TEN who currently ranks #3 against this position","vs.  PHIThis is a 1 star matchup. WRs perform below their average vs. PHI who currently ranks #32 against this position","at  SEAThis is a 2 star matchup. WRs perform below their average vs. SEA who currently ranks #27 against this position","BYE","at  LARThis is a 3 star matchup. WRs perform close to their average vs. LAR who currently ranks #17 against this position","vs.  JACThis is a 2 star matchup. WRs perform below their average vs. JAC who currently ranks #28 against this position","vs.  NYGThis is a 3 star matchup. WRs perform close to their average vs. NYG who currently ranks #23 against this position","at  WASThis is a 4 star matchup. WRs perform better than their average vs. WAS who currently ranks #7 against this position"
"66","Kayshon BoutteK. Boutte NE","at  SEAThis is a 2 star matchup. WRs perform below their average vs. SEA who currently ranks #27 against this position","vs.  PITThis is a 3 star matchup. WRs perform close to their average vs. PIT who currently ranks #22 against this position","at  JACThis is a 2 star matchup. WRs perform below their average vs. JAC who currently ranks #28 against this position","at  BUFThis is a 3 star matchup. WRs perform close to their average vs. BUF who currently ranks #18 against this position","vs.  LVThis is a 3 star matchup. WRs perform close to their average vs. LV who currently ranks #19 against this position","vs.  NYJThis is a 4 star matchup. WRs perform close to their average vs. NYJ who currently ranks #9 against this position","at  CHIThis is a 4 star matchup. WRs perform better than their average vs. CHI who currently ranks #5 against this position","at  MIAThis is a 5 star matchup. WRs perform better than their average vs. MIA who currently ranks #2 against this position","vs.  GBThis is a 3 star matchup. WRs perform close to their average vs. GB who currently ranks #14 against this position","at  DETThis is a 4 star matchup. WRs perform better than their average vs. DET who currently ranks #8 against this position","BYE","at  LACThis is a 2 star matchup. WRs perform below their average vs. LAC who currently ranks #30 against this position","vs.  BUFThis is a 3 star matchup. WRs perform close to their average vs. BUF who currently ranks #18 against this position","vs.  MINThis is a 2 star matchup. WRs perform below their average vs. MIN who currently ranks #29 against this position","at  KCThis is a 2 star matchup. WRs perform close to their average vs. KC who currently ranks #25 against this position","at  NYJThis is a 4 star matchup. WRs perform close to their average vs. NYJ who currently ranks #9 against this position","vs.  DENThis is a 2 star matchup. WRs perform below their average vs. DEN who currently ranks #31 against this position","vs.  MIAThis is a 5 star matchup. WRs perform better than their average vs. MIA who currently ranks #2 against this position"
"67","Deebo Samuel Sr.D. Samuel Sr. SF","at  LARThis is a 3 star matchup. WRs perform close to their average vs. LAR who currently ranks #17 against this position","vs.  MIAThis is a 5 star matchup. WRs perform better than their average vs. MIA who currently ranks #2 against this position","vs.  ARIThis is a 3 star matchup. WRs perform close to their average vs. ARI who currently ranks #24 against this position","vs.  DENThis is a 2 star matchup. WRs perform below their average vs. DEN who currently ranks #31 against this position","at  SEAThis is a 2 star matchup. WRs perform below their average vs. SEA who currently ranks #27 against this position","vs.  WASThis is a 4 star matchup. WRs perform better than their average vs. WAS who currently ranks #7 against this position","at  ATLThis is a 4 star matchup. WRs perform better than their average vs. ATL who currently ranks #4 against this position","BYE","vs.  LVThis is a 3 star matchup. WRs perform close to their average vs. LV who currently ranks #19 against this position","at  DALThis is a 5 star matchup. WRs perform better than their average vs. DAL who currently ranks #1 against this position","vs.  MINThis is a 2 star matchup. WRs perform below their average vs. MIN who currently ranks #29 against this position","vs.  SEAThis is a 2 star matchup. WRs perform below their average vs. SEA who currently ranks #27 against this position","at  NYGThis is a 3 star matchup. WRs perform close to their average vs. NYG who currently ranks #23 against this position","vs.  LARThis is a 3 star matchup. WRs perform close to their average vs. LAR who currently ranks #17 against this position","at  LACThis is a 2 star matchup. WRs perform below their average vs. LAC who currently ranks #30 against this position","at  KCThis is a 2 star matchup. WRs perform close to their average vs. KC who currently ranks #25 against this position","vs.  PHIThis is a 1 star matchup. WRs perform below their average vs. PHI who currently ranks #32 against this position","at  ARIThis is a 3 star matchup. WRs perform close to their average vs. ARI who currently ranks #24 against this position"
"68","De'Zhaun StriblingD. Stribling SF","at  LARThis is a 3 star matchup. WRs perform close to their average vs. LAR who currently ranks #17 against this position","vs.  MIAThis is a 5 star matchup. WRs perform better than their average vs. MIA who currently ranks #2 against this position","vs.  ARIThis is a 3 star matchup. WRs perform close to their average vs. ARI who currently ranks #24 against this position","vs.  DENThis is a 2 star matchup. WRs perform below their average vs. DEN who currently ranks #31 against this position","at  SEAThis is a 2 star matchup. WRs perform below their average vs. SEA who currently ranks #27 against this position","vs.  WASThis is a 4 star matchup. WRs perform better than their average vs. WAS who currently ranks #7 against this position","at  ATLThis is a 4 star matchup. WRs perform better than their average vs. ATL who currently ranks #4 against this position","BYE","vs.  LVThis is a 3 star matchup. WRs perform close to their average vs. LV who currently ranks #19 against this position","at  DALThis is a 5 star matchup. WRs perform better than their average vs. DAL who currently ranks #1 against this position","vs.  MINThis is a 2 star matchup. WRs perform below their average vs. MIN who currently ranks #29 against this position","vs.  SEAThis is a 2 star matchup. WRs perform below their average vs. SEA who currently ranks #27 against this position","at  NYGThis is a 3 star matchup. WRs perform close to their average vs. NYG who currently ranks #23 against this position","vs.  LARThis is a 3 star matchup. WRs perform close to their average vs. LAR who currently ranks #17 against this position","at  LACThis is a 2 star matchup. WRs perform below their average vs. LAC who currently ranks #30 against this position","at  KCThis is a 2 star matchup. WRs perform close to their average vs. KC who currently ranks #25 against this position","vs.  PHIThis is a 1 star matchup. WRs perform below their average vs. PHI who currently ranks #32 against this position","at  ARIThis is a 3 star matchup. WRs perform close to their average vs. ARI who currently ranks #24 against this position"
"69","Calvin RidleyC. Ridley TEN","vs.  NYJThis is a 4 star matchup. WRs perform close to their average vs. NYJ who currently ranks #9 against this position","vs.  PHIThis is a 1 star matchup. WRs perform below their average vs. PHI who currently ranks #32 against this position","at  NYGThis is a 3 star matchup. WRs perform close to their average vs. NYG who currently ranks #23 against this position","at  BALThis is a 3 star matchup. WRs perform close to their average vs. BAL who currently ranks #13 against this position","vs.  HOUThis is a 3 star matchup. WRs perform close to their average vs. HOU who currently ranks #21 against this position","at  INDThis is a 3 star matchup. WRs perform close to their average vs. IND who currently ranks #16 against this position","vs.  CLEThis is a 4 star matchup. WRs perform close to their average vs. CLE who currently ranks #10 against this position","at  CINThis is a 3 star matchup. WRs perform close to their average vs. CIN who currently ranks #12 against this position","BYE","vs.  JACThis is a 2 star matchup. WRs perform below their average vs. JAC who currently ranks #28 against this position","at  DALThis is a 5 star matchup. WRs perform better than their average vs. DAL who currently ranks #1 against this position","at  JACThis is a 2 star matchup. WRs perform below their average vs. JAC who currently ranks #28 against this position","vs.  WASThis is a 4 star matchup. WRs perform better than their average vs. WAS who currently ranks #7 against this position","at  DETThis is a 4 star matchup. WRs perform better than their average vs. DET who currently ranks #8 against this position","vs.  INDThis is a 3 star matchup. WRs perform close to their average vs. IND who currently ranks #16 against this position","at  LVThis is a 3 star matchup. WRs perform close to their average vs. LV who currently ranks #19 against this position","vs.  PITThis is a 3 star matchup. WRs perform close to their average vs. PIT who currently ranks #22 against this position","at  HOUThis is a 3 star matchup. WRs perform close to their average vs. HOU who currently ranks #21 against this position"
"70","Rashod BatemanR. Bateman BAL","at  INDThis is a 3 star matchup. WRs perform close to their average vs. IND who currently ranks #16 against this position","vs.  NOThis is a 4 star matchup. WRs perform close to their average vs. NO who currently ranks #11 against this position","at  DALThis is a 5 star matchup. WRs perform better than their average vs. DAL who currently ranks #1 against this position","vs.  TENThis is a 4 star matchup. WRs perform better than their average vs. TEN who currently ranks #3 against this position","at  ATLThis is a 4 star matchup. WRs perform better than their average vs. ATL who currently ranks #4 against this position","at  CLEThis is a 4 star matchup. WRs perform close to their average vs. CLE who currently ranks #10 against this position","vs.  CINThis is a 3 star matchup. WRs perform close to their average vs. CIN who currently ranks #12 against this position","at  BUFThis is a 3 star matchup. WRs perform close to their average vs. BUF who currently ranks #18 against this position","vs.  JACThis is a 2 star matchup. WRs perform below their average vs. JAC who currently ranks #28 against this position","vs.  LACThis is a 2 star matchup. WRs perform below their average vs. LAC who currently ranks #30 against this position","at  CARThis is a 3 star matchup. WRs perform close to their average vs. CAR who currently ranks #20 against this position","at  HOUThis is a 3 star matchup. WRs perform close to their average vs. HOU who currently ranks #21 against this position","BYE","vs.  TBThis is a 2 star matchup. WRs perform below their average vs. TB who currently ranks #26 against this position","at  PITThis is a 3 star matchup. WRs perform close to their average vs. PIT who currently ranks #22 against this position","vs.  CLEThis is a 4 star matchup. WRs perform close to their average vs. CLE who currently ranks #10 against this position","at  CINThis is a 3 star matchup. WRs perform close to their average vs. CIN who currently ranks #12 against this position","vs.  PITThis is a 3 star matchup. WRs perform close to their average vs. PIT who currently ranks #22 against this position"
"71","Jalen NailorJ. Nailor LV","vs.  MIAThis is a 5 star matchup. WRs perform better than their average vs. MIA who currently ranks #2 against this position","at  LACThis is a 2 star matchup. WRs perform below their average vs. LAC who currently ranks #30 against this position","at  NOThis is a 4 star matchup. WRs perform close to their average vs. NO who currently ranks #11 against this position","vs.  KCThis is a 2 star matchup. WRs perform close to their average vs. KC who currently ranks #25 against this position","at  NEThis is a 4 star matchup. WRs perform better than their average vs. NE who currently ranks #6 against this position","vs.  BUFThis is a 3 star matchup. WRs perform close to their average vs. BUF who currently ranks #18 against this position","vs.  LARThis is a 3 star matchup. WRs perform close to their average vs. LAR who currently ranks #17 against this position","at  NYJThis is a 4 star matchup. WRs perform close to their average vs. NYJ who currently ranks #9 against this position","at  SFThis is a 3 star matchup. WRs perform close to their average vs. SF who currently ranks #15 against this position","vs.  SEAThis is a 2 star matchup. WRs perform below their average vs. SEA who currently ranks #27 against this position","at  DENThis is a 2 star matchup. WRs perform below their average vs. DEN who currently ranks #31 against this position","at  CLEThis is a 4 star matchup. WRs perform close to their average vs. CLE who currently ranks #10 against this position","BYE","vs.  LACThis is a 2 star matchup. WRs perform below their average vs. LAC who currently ranks #30 against this position","vs.  DENThis is a 2 star matchup. WRs perform below their average vs. DEN who currently ranks #31 against this position","vs.  TENThis is a 4 star matchup. WRs perform better than their average vs. TEN who currently ranks #3 against this position","at  ARIThis is a 3 star matchup. WRs perform close to their average vs. ARI who currently ranks #24 against this position","at  KCThis is a 2 star matchup. WRs perform close to their average vs. KC who currently ranks #25 against this position"
"72","Darnell MooneyD. Mooney NYG","vs.  DALThis is a 5 star matchup. WRs perform better than their average vs. DAL who currently ranks #1 against this position","at  LARThis is a 3 star matchup. WRs perform close to their average vs. LAR who currently ranks #17 against this position","vs.  TENThis is a 4 star matchup. WRs perform better than their average vs. TEN who currently ranks #3 against this position","vs.  ARIThis is a 3 star matchup. WRs perform close to their average vs. ARI who currently ranks #24 against this position","at  WASThis is a 4 star matchup. WRs perform better than their average vs. WAS who currently ranks #7 against this position","vs.  NOThis is a 4 star matchup. WRs perform close to their average vs. NO who currently ranks #11 against this position","at  HOUThis is a 3 star matchup. WRs perform close to their average vs. HOU who currently ranks #21 against this position","BYE","at  PHIThis is a 1 star matchup. WRs perform below their average vs. PHI who currently ranks #32 against this position","vs.  WASThis is a 4 star matchup. WRs perform better than their average vs. WAS who currently ranks #7 against this position","vs.  JACThis is a 2 star matchup. WRs perform below their average vs. JAC who currently ranks #28 against this position","at  INDThis is a 3 star matchup. WRs perform close to their average vs. IND who currently ranks #16 against this position","vs.  SFThis is a 3 star matchup. WRs perform close to their average vs. SF who currently ranks #15 against this position","at  SEAThis is a 2 star matchup. WRs perform below their average vs. SEA who currently ranks #27 against this position","vs.  CLEThis is a 4 star matchup. WRs perform close to their average vs. CLE who currently ranks #10 against this position","at  DETThis is a 4 star matchup. WRs perform better than their average vs. DET who currently ranks #8 against this position","at  DALThis is a 5 star matchup. WRs perform better than their average vs. DAL who currently ranks #1 against this position","vs.  PHIThis is a 1 star matchup. WRs perform below their average vs. PHI who currently ranks #32 against this position"
"73","Dontayvion WicksD. Wicks PHI","vs.  WASThis is a 4 star matchup. WRs perform better than their average vs. WAS who currently ranks #7 against this position","at  TENThis is a 4 star matchup. WRs perform better than their average vs. TEN who currently ranks #3 against this position","at  CHIThis is a 4 star matchup. WRs perform better than their average vs. CHI who currently ranks #5 against this position","vs.  LARThis is a 3 star matchup. WRs perform close to their average vs. LAR who currently ranks #17 against this position","at  JACThis is a 2 star matchup. WRs perform below their average vs. JAC who currently ranks #28 against this position","vs.  CARThis is a 3 star matchup. WRs perform close to their average vs. CAR who currently ranks #20 against this position","vs.  DALThis is a 5 star matchup. WRs perform better than their average vs. DAL who currently ranks #1 against this position","at  WASThis is a 4 star matchup. WRs perform better than their average vs. WAS who currently ranks #7 against this position","vs.  NYGThis is a 3 star matchup. WRs perform close to their average vs. NYG who currently ranks #23 against this position","BYE","vs.  PITThis is a 3 star matchup. WRs perform close to their average vs. PIT who currently ranks #22 against this position","at  DALThis is a 5 star matchup. WRs perform better than their average vs. DAL who currently ranks #1 against this position","at  ARIThis is a 3 star matchup. WRs perform close to their average vs. ARI who currently ranks #24 against this position","vs.  INDThis is a 3 star matchup. WRs perform close to their average vs. IND who currently ranks #16 against this position","vs.  SEAThis is a 2 star matchup. WRs perform below their average vs. SEA who currently ranks #27 against this position","vs.  HOUThis is a 3 star matchup. WRs perform close to their average vs. HOU who currently ranks #21 against this position","at  SFThis is a 3 star matchup. WRs perform close to their average vs. SF who currently ranks #15 against this position","at  NYGThis is a 3 star matchup. WRs perform close to their average vs. NYG who currently ranks #23 against this position"
"74","Isaac TeSlaaI. TeSlaa DET","vs.  NOThis is a 4 star matchup. WRs perform close to their average vs. NO who currently ranks #11 against this position","at  BUFThis is a 3 star matchup. WRs perform close to their average vs. BUF who currently ranks #18 against this position","vs.  NYJThis is a 4 star matchup. WRs perform close to their average vs. NYJ who currently ranks #9 against this position","at  CARThis is a 3 star matchup. WRs perform close to their average vs. CAR who currently ranks #20 against this position","at  ARIThis is a 3 star matchup. WRs perform close to their average vs. ARI who currently ranks #24 against this position","BYE","vs.  GBThis is a 3 star matchup. WRs perform close to their average vs. GB who currently ranks #14 against this position","vs.  MINThis is a 2 star matchup. WRs perform below their average vs. MIN who currently ranks #29 against this position","at  MIAThis is a 5 star matchup. WRs perform better than their average vs. MIA who currently ranks #2 against this position","vs.  NEThis is a 4 star matchup. WRs perform better than their average vs. NE who currently ranks #6 against this position","vs.  TBThis is a 2 star matchup. WRs perform below their average vs. TB who currently ranks #26 against this position","vs.  CHIThis is a 4 star matchup. WRs perform better than their average vs. CHI who currently ranks #5 against this position","at  ATLThis is a 4 star matchup. WRs perform better than their average vs. ATL who currently ranks #4 against this position","vs.  TENThis is a 4 star matchup. WRs perform better than their average vs. TEN who currently ranks #3 against this position","at  MINThis is a 2 star matchup. WRs perform below their average vs. MIN who currently ranks #29 against this position","vs.  NYGThis is a 3 star matchup. WRs perform close to their average vs. NYG who currently ranks #23 against this position","at  CHIThis is a 4 star matchup. WRs perform better than their average vs. CHI who currently ranks #5 against this position","at  GBThis is a 3 star matchup. WRs perform close to their average vs. GB who currently ranks #14 against this position"
"75","Troy FranklinT. Franklin DEN","at  KCThis is a 2 star matchup. WRs perform close to their average vs. KC who currently ranks #25 against this position","vs.  JACThis is a 2 star matchup. WRs perform below their average vs. JAC who currently ranks #28 against this position","vs.  LARThis is a 3 star matchup. WRs perform close to their average vs. LAR who currently ranks #17 against this position","at  SFThis is a 3 star matchup. WRs perform close to their average vs. SF who currently ranks #15 against this position","at  LACThis is a 2 star matchup. WRs perform below their average vs. LAC who currently ranks #30 against this position","vs.  SEAThis is a 2 star matchup. WRs perform below their average vs. SEA who currently ranks #27 against this position","at  ARIThis is a 3 star matchup. WRs perform close to their average vs. ARI who currently ranks #24 against this position","vs.  KCThis is a 2 star matchup. WRs perform close to their average vs. KC who currently ranks #25 against this position","at  CARThis is a 3 star matchup. WRs perform close to their average vs. CAR who currently ranks #20 against this position","BYE","vs.  LVThis is a 3 star matchup. WRs perform close to their average vs. LV who currently ranks #19 against this position","at  PITThis is a 3 star matchup. WRs perform close to their average vs. PIT who currently ranks #22 against this position","vs.  MIAThis is a 5 star matchup. WRs perform better than their average vs. MIA who currently ranks #2 against this position","at  NYJThis is a 4 star matchup. WRs perform close to their average vs. NYJ who currently ranks #9 against this position","at  LVThis is a 3 star matchup. WRs perform close to their average vs. LV who currently ranks #19 against this position","vs.  BUFThis is a 3 star matchup. WRs perform close to their average vs. BUF who currently ranks #18 against this position","at  NEThis is a 4 star matchup. WRs perform better than their average vs. NE who currently ranks #6 against this position","vs.  LACThis is a 2 star matchup. WRs perform below their average vs. LAC who currently ranks #30 against this position"
"76","Antonio WilliamsA. Williams WAS","at  PHIThis is a 1 star matchup. WRs perform below their average vs. PHI who currently ranks #32 against this position","at  DALThis is a 5 star matchup. WRs perform better than their average vs. DAL who currently ranks #1 against this position","vs.  SEAThis is a 2 star matchup. WRs perform below their average vs. SEA who currently ranks #27 against this position","vs.  INDThis is a 3 star matchup. WRs perform close to their average vs. IND who currently ranks #16 against this position","vs.  NYGThis is a 3 star matchup. WRs perform close to their average vs. NYG who currently ranks #23 against this position","at  SFThis is a 3 star matchup. WRs perform close to their average vs. SF who currently ranks #15 against this position","BYE","vs.  PHIThis is a 1 star matchup. WRs perform below their average vs. PHI who currently ranks #32 against this position","vs.  LARThis is a 3 star matchup. WRs perform close to their average vs. LAR who currently ranks #17 against this position","at  NYGThis is a 3 star matchup. WRs perform close to their average vs. NYG who currently ranks #23 against this position","vs.  CINThis is a 3 star matchup. WRs perform close to their average vs. CIN who currently ranks #12 against this position","at  ARIThis is a 3 star matchup. WRs perform close to their average vs. ARI who currently ranks #24 against this position","at  TENThis is a 4 star matchup. WRs perform better than their average vs. TEN who currently ranks #3 against this position","vs.  HOUThis is a 3 star matchup. WRs perform close to their average vs. HOU who currently ranks #21 against this position","vs.  ATLThis is a 4 star matchup. WRs perform better than their average vs. ATL who currently ranks #4 against this position","at  MINThis is a 2 star matchup. WRs perform below their average vs. MIN who currently ranks #29 against this position","at  JACThis is a 2 star matchup. WRs perform below their average vs. JAC who currently ranks #28 against this position","vs.  DALThis is a 5 star matchup. WRs perform better than their average vs. DAL who currently ranks #1 against this position"
"77","Jaylin NoelJ. Noel HOU","vs.  BUFThis is a 3 star matchup. WRs perform close to their average vs. BUF who currently ranks #18 against this position","vs.  CINThis is a 3 star matchup. WRs perform close to their average vs. CIN who currently ranks #12 against this position","at  INDThis is a 3 star matchup. WRs perform close to their average vs. IND who currently ranks #16 against this position","vs.  DALThis is a 5 star matchup. WRs perform better than their average vs. DAL who currently ranks #1 against this position","at  TENThis is a 4 star matchup. WRs perform better than their average vs. TEN who currently ranks #3 against this position","at  JACThis is a 2 star matchup. WRs perform below their average vs. JAC who currently ranks #28 against this position","vs.  NYGThis is a 3 star matchup. WRs perform close to their average vs. NYG who currently ranks #23 against this position","BYE","at  LACThis is a 2 star matchup. WRs perform below their average vs. LAC who currently ranks #30 against this position","at  CLEThis is a 4 star matchup. WRs perform close to their average vs. CLE who currently ranks #10 against this position","vs.  INDThis is a 3 star matchup. WRs perform close to their average vs. IND who currently ranks #16 against this position","vs.  BALThis is a 3 star matchup. WRs perform close to their average vs. BAL who currently ranks #13 against this position","at  PITThis is a 3 star matchup. WRs perform close to their average vs. PIT who currently ranks #22 against this position","at  WASThis is a 4 star matchup. WRs perform better than their average vs. WAS who currently ranks #7 against this position","vs.  JACThis is a 2 star matchup. WRs perform below their average vs. JAC who currently ranks #28 against this position","at  PHIThis is a 1 star matchup. WRs perform below their average vs. PHI who currently ranks #32 against this position","at  GBThis is a 3 star matchup. WRs perform close to their average vs. GB who currently ranks #14 against this position","vs.  TENThis is a 4 star matchup. WRs perform better than their average vs. TEN who currently ranks #3 against this position"
"78","Tank DellT. Dell HOU","vs.  BUFThis is a 3 star matchup. WRs perform close to their average vs. BUF who currently ranks #18 against this position","vs.  CINThis is a 3 star matchup. WRs perform close to their average vs. CIN who currently ranks #12 against this position","at  INDThis is a 3 star matchup. WRs perform close to their average vs. IND who currently ranks #16 against this position","vs.  DALThis is a 5 star matchup. WRs perform better than their average vs. DAL who currently ranks #1 against this position","at  TENThis is a 4 star matchup. WRs perform better than their average vs. TEN who currently ranks #3 against this position","at  JACThis is a 2 star matchup. WRs perform below their average vs. JAC who currently ranks #28 against this position","vs.  NYGThis is a 3 star matchup. WRs perform close to their average vs. NYG who currently ranks #23 against this position","BYE","at  LACThis is a 2 star matchup. WRs perform below their average vs. LAC who currently ranks #30 against this position","at  CLEThis is a 4 star matchup. WRs perform close to their average vs. CLE who currently ranks #10 against this position","vs.  INDThis is a 3 star matchup. WRs perform close to their average vs. IND who currently ranks #16 against this position","vs.  BALThis is a 3 star matchup. WRs perform close to their average vs. BAL who currently ranks #13 against this position","at  PITThis is a 3 star matchup. WRs perform close to their average vs. PIT who currently ranks #22 against this position","at  WASThis is a 4 star matchup. WRs perform better than their average vs. WAS who currently ranks #7 against this position","vs.  JACThis is a 2 star matchup. WRs perform below their average vs. JAC who currently ranks #28 against this position","at  PHIThis is a 1 star matchup. WRs perform below their average vs. PHI who currently ranks #32 against this position","at  GBThis is a 3 star matchup. WRs perform close to their average vs. GB who currently ranks #14 against this position","vs.  TENThis is a 4 star matchup. WRs perform better than their average vs. TEN who currently ranks #3 against this position"
"79","Malik WashingtonM. Washington MIA","at  LVThis is a 3 star matchup. WRs perform close to their average vs. LV who currently ranks #19 against this position","at  SFThis is a 3 star matchup. WRs perform close to their average vs. SF who currently ranks #15 against this position","vs.  KCThis is a 2 star matchup. WRs perform close to their average vs. KC who currently ranks #25 against this position","at  MINThis is a 2 star matchup. WRs perform below their average vs. MIN who currently ranks #29 against this position","vs.  CINThis is a 3 star matchup. WRs perform close to their average vs. CIN who currently ranks #12 against this position","BYE","at  NYJThis is a 4 star matchup. WRs perform close to their average vs. NYJ who currently ranks #9 against this position","vs.  NEThis is a 4 star matchup. WRs perform better than their average vs. NE who currently ranks #6 against this position","vs.  DETThis is a 4 star matchup. WRs perform better than their average vs. DET who currently ranks #8 against this position","at  INDThis is a 3 star matchup. WRs perform close to their average vs. IND who currently ranks #16 against this position","at  BUFThis is a 3 star matchup. WRs perform close to their average vs. BUF who currently ranks #18 against this position","vs.  NYJThis is a 4 star matchup. WRs perform close to their average vs. NYJ who currently ranks #9 against this position","at  DENThis is a 2 star matchup. WRs perform below their average vs. DEN who currently ranks #31 against this position","vs.  CHIThis is a 4 star matchup. WRs perform better than their average vs. CHI who currently ranks #5 against this position","at  GBThis is a 3 star matchup. WRs perform close to their average vs. GB who currently ranks #14 against this position","vs.  LACThis is a 2 star matchup. WRs perform below their average vs. LAC who currently ranks #30 against this position","vs.  BUFThis is a 3 star matchup. WRs perform close to their average vs. BUF who currently ranks #18 against this position","at  NEThis is a 4 star matchup. WRs perform better than their average vs. NE who currently ranks #6 against this position"
"80","Pat BryantP. Bryant DEN","at  KCThis is a 2 star matchup. WRs perform close to their average vs. KC who currently ranks #25 against this position","vs.  JACThis is a 2 star matchup. WRs perform below their average vs. JAC who currently ranks #28 against this position","vs.  LARThis is a 3 star matchup. WRs perform close to their average vs. LAR who currently ranks #17 against this position","at  SFThis is a 3 star matchup. WRs perform close to their average vs. SF who currently ranks #15 against this position","at  LACThis is a 2 star matchup. WRs perform below their average vs. LAC who currently ranks #30 against this position","vs.  SEAThis is a 2 star matchup. WRs perform below their average vs. SEA who currently ranks #27 against this position","at  ARIThis is a 3 star matchup. WRs perform close to their average vs. ARI who currently ranks #24 against this position","vs.  KCThis is a 2 star matchup. WRs perform close to their average vs. KC who currently ranks #25 against this position","at  CARThis is a 3 star matchup. WRs perform close to their average vs. CAR who currently ranks #20 against this position","BYE","vs.  LVThis is a 3 star matchup. WRs perform close to their average vs. LV who currently ranks #19 against this position","at  PITThis is a 3 star matchup. WRs perform close to their average vs. PIT who currently ranks #22 against this position","vs.  MIAThis is a 5 star matchup. WRs perform better than their average vs. MIA who currently ranks #2 against this position","at  NYJThis is a 4 star matchup. WRs perform close to their average vs. NYJ who currently ranks #9 against this position","at  LVThis is a 3 star matchup. WRs perform close to their average vs. LV who currently ranks #19 against this position","vs.  BUFThis is a 3 star matchup. WRs perform close to their average vs. BUF who currently ranks #18 against this position","at  NEThis is a 4 star matchup. WRs perform better than their average vs. NE who currently ranks #6 against this position","vs.  LACThis is a 2 star matchup. WRs perform below their average vs. LAC who currently ranks #30 against this position"
"81","Stefon DiggsS. Diggs FA","","","","","","","","","","","","","","","","","",""
"82","Ted Hurst IIIT. Hurst III TB","at  CINThis is a 3 star matchup. WRs perform close to their average vs. CIN who currently ranks #12 against this position","vs.  CLEThis is a 4 star matchup. WRs perform close to their average vs. CLE who currently ranks #10 against this position","vs.  MINThis is a 2 star matchup. WRs perform below their average vs. MIN who currently ranks #29 against this position","vs.  GBThis is a 3 star matchup. WRs perform close to their average vs. GB who currently ranks #14 against this position","at  DALThis is a 5 star matchup. WRs perform better than their average vs. DAL who currently ranks #1 against this position","vs.  PITThis is a 3 star matchup. WRs perform close to their average vs. PIT who currently ranks #22 against this position","at  CARThis is a 3 star matchup. WRs perform close to their average vs. CAR who currently ranks #20 against this position","vs.  ATLThis is a 4 star matchup. WRs perform better than their average vs. ATL who currently ranks #4 against this position","at  CHIThis is a 4 star matchup. WRs perform better than their average vs. CHI who currently ranks #5 against this position","BYE","at  DETThis is a 4 star matchup. WRs perform better than their average vs. DET who currently ranks #8 against this position","vs.  CARThis is a 3 star matchup. WRs perform close to their average vs. CAR who currently ranks #20 against this position","vs.  LACThis is a 2 star matchup. WRs perform below their average vs. LAC who currently ranks #30 against this position","at  BALThis is a 3 star matchup. WRs perform close to their average vs. BAL who currently ranks #13 against this position","vs.  NOThis is a 4 star matchup. WRs perform close to their average vs. NO who currently ranks #11 against this position","at  ATLThis is a 4 star matchup. WRs perform better than their average vs. ATL who currently ranks #4 against this position","vs.  LARThis is a 3 star matchup. WRs perform close to their average vs. LAR who currently ranks #17 against this position","at  NOThis is a 4 star matchup. WRs perform close to their average vs. NO who currently ranks #11 against this position"
"83","Cooper KuppC. Kupp SEA","vs.  NEThis is a 4 star matchup. WRs perform better than their average vs. NE who currently ranks #6 against this position","at  ARIThis is a 3 star matchup. WRs perform close to their average vs. ARI who currently ranks #24 against this position","at  WASThis is a 4 star matchup. WRs perform better than their average vs. WAS who currently ranks #7 against this position","vs.  LACThis is a 2 star matchup. WRs perform below their average vs. LAC who currently ranks #30 against this position","vs.  SFThis is a 3 star matchup. WRs perform close to their average vs. SF who currently ranks #15 against this position","at  DENThis is a 2 star matchup. WRs perform below their average vs. DEN who currently ranks #31 against this position","vs.  KCThis is a 2 star matchup. WRs perform close to their average vs. KC who currently ranks #25 against this position","vs.  CHIThis is a 4 star matchup. WRs perform better than their average vs. CHI who currently ranks #5 against this position","vs.  ARIThis is a 3 star matchup. WRs perform close to their average vs. ARI who currently ranks #24 against this position","at  LVThis is a 3 star matchup. WRs perform close to their average vs. LV who currently ranks #19 against this position","BYE","at  SFThis is a 3 star matchup. WRs perform close to their average vs. SF who currently ranks #15 against this position","vs.  DALThis is a 5 star matchup. WRs perform better than their average vs. DAL who currently ranks #1 against this position","vs.  NYGThis is a 3 star matchup. WRs perform close to their average vs. NYG who currently ranks #23 against this position","at  PHIThis is a 1 star matchup. WRs perform below their average vs. PHI who currently ranks #32 against this position","vs.  LARThis is a 3 star matchup. WRs perform close to their average vs. LAR who currently ranks #17 against this position","at  CARThis is a 3 star matchup. WRs perform close to their average vs. CAR who currently ranks #20 against this position","at  LARThis is a 3 star matchup. WRs perform close to their average vs. LAR who currently ranks #17 against this position"
"84","Keon ColemanK. Coleman BUF","at  HOUThis is a 3 star matchup. WRs perform close to their average vs. HOU who currently ranks #21 against this position","vs.  DETThis is a 4 star matchup. WRs perform better than their average vs. DET who currently ranks #8 against this position","vs.  LACThis is a 2 star matchup. WRs perform below their average vs. LAC who currently ranks #30 against this position","vs.  NEThis is a 4 star matchup. WRs perform better than their average vs. NE who currently ranks #6 against this position","at  LARThis is a 3 star matchup. WRs perform close to their average vs. LAR who currently ranks #17 against this position","at  LVThis is a 3 star matchup. WRs perform close to their average vs. LV who currently ranks #19 against this position","BYE","vs.  BALThis is a 3 star matchup. WRs perform close to their average vs. BAL who currently ranks #13 against this position","at  MINThis is a 2 star matchup. WRs perform below their average vs. MIN who currently ranks #29 against this position","at  NYJThis is a 4 star matchup. WRs perform close to their average vs. NYJ who currently ranks #9 against this position","vs.  MIAThis is a 5 star matchup. WRs perform better than their average vs. MIA who currently ranks #2 against this position","vs.  KCThis is a 2 star matchup. WRs perform close to their average vs. KC who currently ranks #25 against this position","at  NEThis is a 4 star matchup. WRs perform better than their average vs. NE who currently ranks #6 against this position","at  GBThis is a 3 star matchup. WRs perform close to their average vs. GB who currently ranks #14 against this position","vs.  CHIThis is a 4 star matchup. WRs perform better than their average vs. CHI who currently ranks #5 against this position","at  DENThis is a 2 star matchup. WRs perform below their average vs. DEN who currently ranks #31 against this position","at  MIAThis is a 5 star matchup. WRs perform better than their average vs. MIA who currently ranks #2 against this position","vs.  NYJThis is a 4 star matchup. WRs perform close to their average vs. NYJ who currently ranks #9 against this position"
"85","Zachariah BranchZ. Branch ATL","at  PITThis is a 3 star matchup. WRs perform close to their average vs. PIT who currently ranks #22 against this position","vs.  CARThis is a 3 star matchup. WRs perform close to their average vs. CAR who currently ranks #20 against this position","at  GBThis is a 3 star matchup. WRs perform close to their average vs. GB who currently ranks #14 against this position","at  NOThis is a 4 star matchup. WRs perform close to their average vs. NO who currently ranks #11 against this position","vs.  BALThis is a 3 star matchup. WRs perform close to their average vs. BAL who currently ranks #13 against this position","vs.  CHIThis is a 4 star matchup. WRs perform better than their average vs. CHI who currently ranks #5 against this position","vs.  SFThis is a 3 star matchup. WRs perform close to their average vs. SF who currently ranks #15 against this position","at  TBThis is a 2 star matchup. WRs perform below their average vs. TB who currently ranks #26 against this position","vs.  CINThis is a 3 star matchup. WRs perform close to their average vs. CIN who currently ranks #12 against this position","vs.  KCThis is a 2 star matchup. WRs perform close to their average vs. KC who currently ranks #25 against this position","BYE","at  MINThis is a 2 star matchup. WRs perform below their average vs. MIN who currently ranks #29 against this position","vs.  DETThis is a 4 star matchup. WRs perform better than their average vs. DET who currently ranks #8 against this position","at  CLEThis is a 4 star matchup. WRs perform close to their average vs. CLE who currently ranks #10 against this position","at  WASThis is a 4 star matchup. WRs perform better than their average vs. WAS who currently ranks #7 against this position","vs.  TBThis is a 2 star matchup. WRs perform below their average vs. TB who currently ranks #26 against this position","vs.  NOThis is a 4 star matchup. WRs perform close to their average vs. NO who currently ranks #11 against this position","at  CARThis is a 3 star matchup. WRs perform close to their average vs. CAR who currently ranks #20 against this position"
"86","Chimere DikeC. Dike TEN","vs.  NYJThis is a 4 star matchup. WRs perform close to their average vs. NYJ who currently ranks #9 against this position","vs.  PHIThis is a 1 star matchup. WRs perform below their average vs. PHI who currently ranks #32 against this position","at  NYGThis is a 3 star matchup. WRs perform close to their average vs. NYG who currently ranks #23 against this position","at  BALThis is a 3 star matchup. WRs perform close to their average vs. BAL who currently ranks #13 against this position","vs.  HOUThis is a 3 star matchup. WRs perform close to their average vs. HOU who currently ranks #21 against this position","at  INDThis is a 3 star matchup. WRs perform close to their average vs. IND who currently ranks #16 against this position","vs.  CLEThis is a 4 star matchup. WRs perform close to their average vs. CLE who currently ranks #10 against this position","at  CINThis is a 3 star matchup. WRs perform close to their average vs. CIN who currently ranks #12 against this position","BYE","vs.  JACThis is a 2 star matchup. WRs perform below their average vs. JAC who currently ranks #28 against this position","at  DALThis is a 5 star matchup. WRs perform better than their average vs. DAL who currently ranks #1 against this position","at  JACThis is a 2 star matchup. WRs perform below their average vs. JAC who currently ranks #28 against this position","vs.  WASThis is a 4 star matchup. WRs perform better than their average vs. WAS who currently ranks #7 against this position","at  DETThis is a 4 star matchup. WRs perform better than their average vs. DET who currently ranks #8 against this position","vs.  INDThis is a 3 star matchup. WRs perform close to their average vs. IND who currently ranks #16 against this position","at  LVThis is a 3 star matchup. WRs perform close to their average vs. LV who currently ranks #19 against this position","vs.  PITThis is a 3 star matchup. WRs perform close to their average vs. PIT who currently ranks #22 against this position","at  HOUThis is a 3 star matchup. WRs perform close to their average vs. HOU who currently ranks #21 against this position"
"87","Elic AyomanorE. Ayomanor TEN","vs.  NYJThis is a 4 star matchup. WRs perform close to their average vs. NYJ who currently ranks #9 against this position","vs.  PHIThis is a 1 star matchup. WRs perform below their average vs. PHI who currently ranks #32 against this position","at  NYGThis is a 3 star matchup. WRs perform close to their average vs. NYG who currently ranks #23 against this position","at  BALThis is a 3 star matchup. WRs perform close to their average vs. BAL who currently ranks #13 against this position","vs.  HOUThis is a 3 star matchup. WRs perform close to their average vs. HOU who currently ranks #21 against this position","at  INDThis is a 3 star matchup. WRs perform close to their average vs. IND who currently ranks #16 against this position","vs.  CLEThis is a 4 star matchup. WRs perform close to their average vs. CLE who currently ranks #10 against this position","at  CINThis is a 3 star matchup. WRs perform close to their average vs. CIN who currently ranks #12 against this position","BYE","vs.  JACThis is a 2 star matchup. WRs perform below their average vs. JAC who currently ranks #28 against this position","at  DALThis is a 5 star matchup. WRs perform better than their average vs. DAL who currently ranks #1 against this position","at  JACThis is a 2 star matchup. WRs perform below their average vs. JAC who currently ranks #28 against this position","vs.  WASThis is a 4 star matchup. WRs perform better than their average vs. WAS who currently ranks #7 against this position","at  DETThis is a 4 star matchup. WRs perform better than their average vs. DET who currently ranks #8 against this position","vs.  INDThis is a 3 star matchup. WRs perform close to their average vs. IND who currently ranks #16 against this position","at  LVThis is a 3 star matchup. WRs perform close to their average vs. LV who currently ranks #19 against this position","vs.  PITThis is a 3 star matchup. WRs perform close to their average vs. PIT who currently ranks #22 against this position","at  HOUThis is a 3 star matchup. WRs perform close to their average vs. HOU who currently ranks #21 against this position"
"88","Germie BernardG. Bernard PIT","vs.  ATLThis is a 4 star matchup. WRs perform better than their average vs. ATL who currently ranks #4 against this position","at  NEThis is a 4 star matchup. WRs perform better than their average vs. NE who currently ranks #6 against this position","vs.  CINThis is a 3 star matchup. WRs perform close to their average vs. CIN who currently ranks #12 against this position","at  CLEThis is a 4 star matchup. WRs perform close to their average vs. CLE who currently ranks #10 against this position","vs.  INDThis is a 3 star matchup. WRs perform close to their average vs. IND who currently ranks #16 against this position","at  TBThis is a 2 star matchup. WRs perform below their average vs. TB who currently ranks #26 against this position","at  NOThis is a 4 star matchup. WRs perform close to their average vs. NO who currently ranks #11 against this position","vs.  CLEThis is a 4 star matchup. WRs perform close to their average vs. CLE who currently ranks #10 against this position","BYE","at  CINThis is a 3 star matchup. WRs perform close to their average vs. CIN who currently ranks #12 against this position","at  PHIThis is a 1 star matchup. WRs perform below their average vs. PHI who currently ranks #32 against this position","vs.  DENThis is a 2 star matchup. WRs perform below their average vs. DEN who currently ranks #31 against this position","vs.  HOUThis is a 3 star matchup. WRs perform close to their average vs. HOU who currently ranks #21 against this position","at  JACThis is a 2 star matchup. WRs perform below their average vs. JAC who currently ranks #28 against this position","vs.  BALThis is a 3 star matchup. WRs perform close to their average vs. BAL who currently ranks #13 against this position","vs.  CARThis is a 3 star matchup. WRs perform close to their average vs. CAR who currently ranks #20 against this position","at  TENThis is a 4 star matchup. WRs perform better than their average vs. TEN who currently ranks #3 against this position","at  BALThis is a 3 star matchup. WRs perform close to their average vs. BAL who currently ranks #13 against this position"
"89","Jack BechJ. Bech LV","vs.  MIAThis is a 5 star matchup. WRs perform better than their average vs. MIA who currently ranks #2 against this position","at  LACThis is a 2 star matchup. WRs perform below their average vs. LAC who currently ranks #30 against this position","at  NOThis is a 4 star matchup. WRs perform close to their average vs. NO who currently ranks #11 against this position","vs.  KCThis is a 2 star matchup. WRs perform close to their average vs. KC who currently ranks #25 against this position","at  NEThis is a 4 star matchup. WRs perform better than their average vs. NE who currently ranks #6 against this position","vs.  BUFThis is a 3 star matchup. WRs perform close to their average vs. BUF who currently ranks #18 against this position","vs.  LARThis is a 3 star matchup. WRs perform close to their average vs. LAR who currently ranks #17 against this position","at  NYJThis is a 4 star matchup. WRs perform close to their average vs. NYJ who currently ranks #9 against this position","at  SFThis is a 3 star matchup. WRs perform close to their average vs. SF who currently ranks #15 against this position","vs.  SEAThis is a 2 star matchup. WRs perform below their average vs. SEA who currently ranks #27 against this position","at  DENThis is a 2 star matchup. WRs perform below their average vs. DEN who currently ranks #31 against this position","at  CLEThis is a 4 star matchup. WRs perform close to their average vs. CLE who currently ranks #10 against this position","BYE","vs.  LACThis is a 2 star matchup. WRs perform below their average vs. LAC who currently ranks #30 against this position","vs.  DENThis is a 2 star matchup. WRs perform below their average vs. DEN who currently ranks #31 against this position","vs.  TENThis is a 4 star matchup. WRs perform better than their average vs. TEN who currently ranks #3 against this position","at  ARIThis is a 3 star matchup. WRs perform close to their average vs. ARI who currently ranks #24 against this position","at  KCThis is a 2 star matchup. WRs perform close to their average vs. KC who currently ranks #25 against this position"
"90","Tory HortonT. Horton SEA","vs.  NEThis is a 4 star matchup. WRs perform better than their average vs. NE who currently ranks #6 against this position","at  ARIThis is a 3 star matchup. WRs perform close to their average vs. ARI who currently ranks #24 against this position","at  WASThis is a 4 star matchup. WRs perform better than their average vs. WAS who currently ranks #7 against this position","vs.  LACThis is a 2 star matchup. WRs perform below their average vs. LAC who currently ranks #30 against this position","vs.  SFThis is a 3 star matchup. WRs perform close to their average vs. SF who currently ranks #15 against this position","at  DENThis is a 2 star matchup. WRs perform below their average vs. DEN who currently ranks #31 against this position","vs.  KCThis is a 2 star matchup. WRs perform close to their average vs. KC who currently ranks #25 against this position","vs.  CHIThis is a 4 star matchup. WRs perform better than their average vs. CHI who currently ranks #5 against this position","vs.  ARIThis is a 3 star matchup. WRs perform close to their average vs. ARI who currently ranks #24 against this position","at  LVThis is a 3 star matchup. WRs perform close to their average vs. LV who currently ranks #19 against this position","BYE","at  SFThis is a 3 star matchup. WRs perform close to their average vs. SF who currently ranks #15 against this position","vs.  DALThis is a 5 star matchup. WRs perform better than their average vs. DAL who currently ranks #1 against this position","vs.  NYGThis is a 3 star matchup. WRs perform close to their average vs. NYG who currently ranks #23 against this position","at  PHIThis is a 1 star matchup. WRs perform below their average vs. PHI who currently ranks #32 against this position","vs.  LARThis is a 3 star matchup. WRs perform close to their average vs. LAR who currently ranks #17 against this position","at  CARThis is a 3 star matchup. WRs perform close to their average vs. CAR who currently ranks #20 against this position","at  LARThis is a 3 star matchup. WRs perform close to their average vs. LAR who currently ranks #17 against this position"
"91","Tyquan ThorntonT. Thornton KC","vs.  DENThis is a 2 star matchup. WRs perform below their average vs. DEN who currently ranks #31 against this position","vs.  INDThis is a 3 star matchup. WRs perform close to their average vs. IND who currently ranks #16 against this position","at  MIAThis is a 5 star matchup. WRs perform better than their average vs. MIA who currently ranks #2 against this position","at  LVThis is a 3 star matchup. WRs perform close to their average vs. LV who currently ranks #19 against this position","BYE","vs.  LACThis is a 2 star matchup. WRs perform below their average vs. LAC who currently ranks #30 against this position","at  SEAThis is a 2 star matchup. WRs perform below their average vs. SEA who currently ranks #27 against this position","at  DENThis is a 2 star matchup. WRs perform below their average vs. DEN who currently ranks #31 against this position","vs.  NYJThis is a 4 star matchup. WRs perform close to their average vs. NYJ who currently ranks #9 against this position","at  ATLThis is a 4 star matchup. WRs perform better than their average vs. ATL who currently ranks #4 against this position","vs.  ARIThis is a 3 star matchup. WRs perform close to their average vs. ARI who currently ranks #24 against this position","at  BUFThis is a 3 star matchup. WRs perform close to their average vs. BUF who currently ranks #18 against this position","at  LARThis is a 3 star matchup. WRs perform close to their average vs. LAR who currently ranks #17 against this position","at  CINThis is a 3 star matchup. WRs perform close to their average vs. CIN who currently ranks #12 against this position","vs.  NEThis is a 4 star matchup. WRs perform better than their average vs. NE who currently ranks #6 against this position","vs.  SFThis is a 3 star matchup. WRs perform close to their average vs. SF who currently ranks #15 against this position","at  LACThis is a 2 star matchup. WRs perform below their average vs. LAC who currently ranks #30 against this position","vs.  LVThis is a 3 star matchup. WRs perform close to their average vs. LV who currently ranks #19 against this position"
"92","Christian KirkC. Kirk SF","at  LARThis is a 3 star matchup. WRs perform close to their average vs. LAR who currently ranks #17 against this position","vs.  MIAThis is a 5 star matchup. WRs perform better than their average vs. MIA who currently ranks #2 against this position","vs.  ARIThis is a 3 star matchup. WRs perform close to their average vs. ARI who currently ranks #24 against this position","vs.  DENThis is a 2 star matchup. WRs perform below their average vs. DEN who currently ranks #31 against this position","at  SEAThis is a 2 star matchup. WRs perform below their average vs. SEA who currently ranks #27 against this position","vs.  WASThis is a 4 star matchup. WRs perform better than their average vs. WAS who currently ranks #7 against this position","at  ATLThis is a 4 star matchup. WRs perform better than their average vs. ATL who currently ranks #4 against this position","BYE","vs.  LVThis is a 3 star matchup. WRs perform close to their average vs. LV who currently ranks #19 against this position","at  DALThis is a 5 star matchup. WRs perform better than their average vs. DAL who currently ranks #1 against this position","vs.  MINThis is a 2 star matchup. WRs perform below their average vs. MIN who currently ranks #29 against this position","vs.  SEAThis is a 2 star matchup. WRs perform below their average vs. SEA who currently ranks #27 against this position","at  NYGThis is a 3 star matchup. WRs perform close to their average vs. NYG who currently ranks #23 against this position","vs.  LARThis is a 3 star matchup. WRs perform close to their average vs. LAR who currently ranks #17 against this position","at  LACThis is a 2 star matchup. WRs perform below their average vs. LAC who currently ranks #30 against this position","at  KCThis is a 2 star matchup. WRs perform close to their average vs. KC who currently ranks #25 against this position","vs.  PHIThis is a 1 star matchup. WRs perform below their average vs. PHI who currently ranks #32 against this position","at  ARIThis is a 3 star matchup. WRs perform close to their average vs. ARI who currently ranks #24 against this position"
"93","Elijah SarrattE. Sarratt BAL","at  INDThis is a 3 star matchup. WRs perform close to their average vs. IND who currently ranks #16 against this position","vs.  NOThis is a 4 star matchup. WRs perform close to their average vs. NO who currently ranks #11 against this position","at  DALThis is a 5 star matchup. WRs perform better than their average vs. DAL who currently ranks #1 against this position","vs.  TENThis is a 4 star matchup. WRs perform better than their average vs. TEN who currently ranks #3 against this position","at  ATLThis is a 4 star matchup. WRs perform better than their average vs. ATL who currently ranks #4 against this position","at  CLEThis is a 4 star matchup. WRs perform close to their average vs. CLE who currently ranks #10 against this position","vs.  CINThis is a 3 star matchup. WRs perform close to their average vs. CIN who currently ranks #12 against this position","at  BUFThis is a 3 star matchup. WRs perform close to their average vs. BUF who currently ranks #18 against this position","vs.  JACThis is a 2 star matchup. WRs perform below their average vs. JAC who currently ranks #28 against this position","vs.  LACThis is a 2 star matchup. WRs perform below their average vs. LAC who currently ranks #30 against this position","at  CARThis is a 3 star matchup. WRs perform close to their average vs. CAR who currently ranks #20 against this position","at  HOUThis is a 3 star matchup. WRs perform close to their average vs. HOU who currently ranks #21 against this position","BYE","vs.  TBThis is a 2 star matchup. WRs perform below their average vs. TB who currently ranks #26 against this position","at  PITThis is a 3 star matchup. WRs perform close to their average vs. PIT who currently ranks #22 against this position","vs.  CLEThis is a 4 star matchup. WRs perform close to their average vs. CLE who currently ranks #10 against this position","at  CINThis is a 3 star matchup. WRs perform close to their average vs. CIN who currently ranks #12 against this position","vs.  PITThis is a 3 star matchup. WRs perform close to their average vs. PIT who currently ranks #22 against this position"
"94","Darius SlaytonD. Slayton NYG","vs.  DALThis is a 5 star matchup. WRs perform better than their average vs. DAL who currently ranks #1 against this position","at  LARThis is a 3 star matchup. WRs perform close to their average vs. LAR who currently ranks #17 against this position","vs.  TENThis is a 4 star matchup. WRs perform better than their average vs. TEN who currently ranks #3 against this position","vs.  ARIThis is a 3 star matchup. WRs perform close to their average vs. ARI who currently ranks #24 against this position","at  WASThis is a 4 star matchup. WRs perform better than their average vs. WAS who currently ranks #7 against this position","vs.  NOThis is a 4 star matchup. WRs perform close to their average vs. NO who currently ranks #11 against this position","at  HOUThis is a 3 star matchup. WRs perform close to their average vs. HOU who currently ranks #21 against this position","BYE","at  PHIThis is a 1 star matchup. WRs perform below their average vs. PHI who currently ranks #32 against this position","vs.  WASThis is a 4 star matchup. WRs perform better than their average vs. WAS who currently ranks #7 against this position","vs.  JACThis is a 2 star matchup. WRs perform below their average vs. JAC who currently ranks #28 against this position","at  INDThis is a 3 star matchup. WRs perform close to their average vs. IND who currently ranks #16 against this position","vs.  SFThis is a 3 star matchup. WRs perform close to their average vs. SF who currently ranks #15 against this position","at  SEAThis is a 2 star matchup. WRs perform below their average vs. SEA who currently ranks #27 against this position","vs.  CLEThis is a 4 star matchup. WRs perform close to their average vs. CLE who currently ranks #10 against this position","at  DETThis is a 4 star matchup. WRs perform better than their average vs. DET who currently ranks #8 against this position","at  DALThis is a 5 star matchup. WRs perform better than their average vs. DAL who currently ranks #1 against this position","vs.  PHIThis is a 1 star matchup. WRs perform below their average vs. PHI who currently ranks #32 against this position"
"95","Malachi FieldsM. Fields NYG","vs.  DALThis is a 5 star matchup. WRs perform better than their average vs. DAL who currently ranks #1 against this position","at  LARThis is a 3 star matchup. WRs perform close to their average vs. LAR who currently ranks #17 against this position","vs.  TENThis is a 4 star matchup. WRs perform better than their average vs. TEN who currently ranks #3 against this position","vs.  ARIThis is a 3 star matchup. WRs perform close to their average vs. ARI who currently ranks #24 against this position","at  WASThis is a 4 star matchup. WRs perform better than their average vs. WAS who currently ranks #7 against this position","vs.  NOThis is a 4 star matchup. WRs perform close to their average vs. NO who currently ranks #11 against this position","at  HOUThis is a 3 star matchup. WRs perform close to their average vs. HOU who currently ranks #21 against this position","BYE","at  PHIThis is a 1 star matchup. WRs perform below their average vs. PHI who currently ranks #32 against this position","vs.  WASThis is a 4 star matchup. WRs perform better than their average vs. WAS who currently ranks #7 against this position","vs.  JACThis is a 2 star matchup. WRs perform below their average vs. JAC who currently ranks #28 against this position","at  INDThis is a 3 star matchup. WRs perform close to their average vs. IND who currently ranks #16 against this position","vs.  SFThis is a 3 star matchup. WRs perform close to their average vs. SF who currently ranks #15 against this position","at  SEAThis is a 2 star matchup. WRs perform below their average vs. SEA who currently ranks #27 against this position","vs.  CLEThis is a 4 star matchup. WRs perform close to their average vs. CLE who currently ranks #10 against this position","at  DETThis is a 4 star matchup. WRs perform better than their average vs. DET who currently ranks #8 against this position","at  DALThis is a 5 star matchup. WRs perform better than their average vs. DAL who currently ranks #1 against this position","vs.  PHIThis is a 1 star matchup. WRs perform below their average vs. PHI who currently ranks #32 against this position"
"96","Marvin Mims Jr.M. Mims Jr. DEN","at  KCThis is a 2 star matchup. WRs perform close to their average vs. KC who currently ranks #25 against this position","vs.  JACThis is a 2 star matchup. WRs perform below their average vs. JAC who currently ranks #28 against this position","vs.  LARThis is a 3 star matchup. WRs perform close to their average vs. LAR who currently ranks #17 against this position","at  SFThis is a 3 star matchup. WRs perform close to their average vs. SF who currently ranks #15 against this position","at  LACThis is a 2 star matchup. WRs perform below their average vs. LAC who currently ranks #30 against this position","vs.  SEAThis is a 2 star matchup. WRs perform below their average vs. SEA who currently ranks #27 against this position","at  ARIThis is a 3 star matchup. WRs perform close to their average vs. ARI who currently ranks #24 against this position","vs.  KCThis is a 2 star matchup. WRs perform close to their average vs. KC who currently ranks #25 against this position","at  CARThis is a 3 star matchup. WRs perform close to their average vs. CAR who currently ranks #20 against this position","BYE","vs.  LVThis is a 3 star matchup. WRs perform close to their average vs. LV who currently ranks #19 against this position","at  PITThis is a 3 star matchup. WRs perform close to their average vs. PIT who currently ranks #22 against this position","vs.  MIAThis is a 5 star matchup. WRs perform better than their average vs. MIA who currently ranks #2 against this position","at  NYJThis is a 4 star matchup. WRs perform close to their average vs. NYJ who currently ranks #9 against this position","at  LVThis is a 3 star matchup. WRs perform close to their average vs. LV who currently ranks #19 against this position","vs.  BUFThis is a 3 star matchup. WRs perform close to their average vs. BUF who currently ranks #18 against this position","at  NEThis is a 4 star matchup. WRs perform better than their average vs. NE who currently ranks #6 against this position","vs.  LACThis is a 2 star matchup. WRs perform below their average vs. LAC who currently ranks #30 against this position"
"97","Chris BellC. Bell MIA","at  LVThis is a 3 star matchup. WRs perform close to their average vs. LV who currently ranks #19 against this position","at  SFThis is a 3 star matchup. WRs perform close to their average vs. SF who currently ranks #15 against this position","vs.  KCThis is a 2 star matchup. WRs perform close to their average vs. KC who currently ranks #25 against this position","at  MINThis is a 2 star matchup. WRs perform below their average vs. MIN who currently ranks #29 against this position","vs.  CINThis is a 3 star matchup. WRs perform close to their average vs. CIN who currently ranks #12 against this position","BYE","at  NYJThis is a 4 star matchup. WRs perform close to their average vs. NYJ who currently ranks #9 against this position","vs.  NEThis is a 4 star matchup. WRs perform better than their average vs. NE who currently ranks #6 against this position","vs.  DETThis is a 4 star matchup. WRs perform better than their average vs. DET who currently ranks #8 against this position","at  INDThis is a 3 star matchup. WRs perform close to their average vs. IND who currently ranks #16 against this position","at  BUFThis is a 3 star matchup. WRs perform close to their average vs. BUF who currently ranks #18 against this position","vs.  NYJThis is a 4 star matchup. WRs perform close to their average vs. NYJ who currently ranks #9 against this position","at  DENThis is a 2 star matchup. WRs perform below their average vs. DEN who currently ranks #31 against this position","vs.  CHIThis is a 4 star matchup. WRs perform better than their average vs. CHI who currently ranks #5 against this position","at  GBThis is a 3 star matchup. WRs perform close to their average vs. GB who currently ranks #14 against this position","vs.  LACThis is a 2 star matchup. WRs perform below their average vs. LAC who currently ranks #30 against this position","vs.  BUFThis is a 3 star matchup. WRs perform close to their average vs. BUF who currently ranks #18 against this position","at  NEThis is a 4 star matchup. WRs perform better than their average vs. NE who currently ranks #6 against this position"
"98","Brandon AiyukB. Aiyuk SF","at  LARThis is a 3 star matchup. WRs perform close to their average vs. LAR who currently ranks #17 against this position","vs.  MIAThis is a 5 star matchup. WRs perform better than their average vs. MIA who currently ranks #2 against this position","vs.  ARIThis is a 3 star matchup. WRs perform close to their average vs. ARI who currently ranks #24 against this position","vs.  DENThis is a 2 star matchup. WRs perform below their average vs. DEN who currently ranks #31 against this position","at  SEAThis is a 2 star matchup. WRs perform below their average vs. SEA who currently ranks #27 against this position","vs.  WASThis is a 4 star matchup. WRs perform better than their average vs. WAS who currently ranks #7 against this position","at  ATLThis is a 4 star matchup. WRs perform better than their average vs. ATL who currently ranks #4 against this position","BYE","vs.  LVThis is a 3 star matchup. WRs perform close to their average vs. LV who currently ranks #19 against this position","at  DALThis is a 5 star matchup. WRs perform better than their average vs. DAL who currently ranks #1 against this position","vs.  MINThis is a 2 star matchup. WRs perform below their average vs. MIN who currently ranks #29 against this position","vs.  SEAThis is a 2 star matchup. WRs perform below their average vs. SEA who currently ranks #27 against this position","at  NYGThis is a 3 star matchup. WRs perform close to their average vs. NYG who currently ranks #23 against this position","vs.  LARThis is a 3 star matchup. WRs perform close to their average vs. LAR who currently ranks #17 against this position","at  LACThis is a 2 star matchup. WRs perform below their average vs. LAC who currently ranks #30 against this position","at  KCThis is a 2 star matchup. WRs perform close to their average vs. KC who currently ranks #25 against this position","vs.  PHIThis is a 1 star matchup. WRs perform below their average vs. PHI who currently ranks #32 against this position","at  ARIThis is a 3 star matchup. WRs perform close to their average vs. ARI who currently ranks #24 against this position"
"99","Devaughn VeleD. Vele NO","at  DETThis is a 4 star matchup. WRs perform better than their average vs. DET who currently ranks #8 against this position","at  BALThis is a 3 star matchup. WRs perform close to their average vs. BAL who currently ranks #13 against this position","vs.  LVThis is a 3 star matchup. WRs perform close to their average vs. LV who currently ranks #19 against this position","vs.  ATLThis is a 4 star matchup. WRs perform better than their average vs. ATL who currently ranks #4 against this position","vs.  MINThis is a 2 star matchup. WRs perform below their average vs. MIN who currently ranks #29 against this position","at  NYGThis is a 3 star matchup. WRs perform close to their average vs. NYG who currently ranks #23 against this position","vs.  PITThis is a 3 star matchup. WRs perform close to their average vs. PIT who currently ranks #22 against this position","BYE","vs.  CLEThis is a 4 star matchup. WRs perform close to their average vs. CLE who currently ranks #10 against this position","vs.  CARThis is a 3 star matchup. WRs perform close to their average vs. CAR who currently ranks #20 against this position","at  CHIThis is a 4 star matchup. WRs perform better than their average vs. CHI who currently ranks #5 against this position","at  CINThis is a 3 star matchup. WRs perform close to their average vs. CIN who currently ranks #12 against this position","vs.  GBThis is a 3 star matchup. WRs perform close to their average vs. GB who currently ranks #14 against this position","at  CARThis is a 3 star matchup. WRs perform close to their average vs. CAR who currently ranks #20 against this position","at  TBThis is a 2 star matchup. WRs perform below their average vs. TB who currently ranks #26 against this position","vs.  ARIThis is a 3 star matchup. WRs perform close to their average vs. ARI who currently ranks #24 against this position","at  ATLThis is a 4 star matchup. WRs perform better than their average vs. ATL who currently ranks #4 against this position","vs.  TBThis is a 2 star matchup. WRs perform below their average vs. TB who currently ranks #26 against this position"
"100","Xavier LegetteX. Legette CAR","vs.  CHIThis is a 4 star matchup. WRs perform better than their average vs. CHI who currently ranks #5 against this position","at  ATLThis is a 4 star matchup. WRs perform better than their average vs. ATL who currently ranks #4 against this position","at  CLEThis is a 4 star matchup. WRs perform close to their average vs. CLE who currently ranks #10 against this position","vs.  DETThis is a 4 star matchup. WRs perform better than their average vs. DET who currently ranks #8 against this position","BYE","at  PHIThis is a 1 star matchup. WRs perform below their average vs. PHI who currently ranks #32 against this position","vs.  TBThis is a 2 star matchup. WRs perform below their average vs. TB who currently ranks #26 against this position","at  GBThis is a 3 star matchup. WRs perform close to their average vs. GB who currently ranks #14 against this position","vs.  DENThis is a 2 star matchup. WRs perform below their average vs. DEN who currently ranks #31 against this position","at  NOThis is a 4 star matchup. WRs perform close to their average vs. NO who currently ranks #11 against this position","vs.  BALThis is a 3 star matchup. WRs perform close to their average vs. BAL who currently ranks #13 against this position","at  TBThis is a 2 star matchup. WRs perform below their average vs. TB who currently ranks #26 against this position","at  MINThis is a 2 star matchup. WRs perform below their average vs. MIN who currently ranks #29 against this position","vs.  NOThis is a 4 star matchup. WRs perform close to their average vs. NO who currently ranks #11 against this position","vs.  CINThis is a 3 star matchup. WRs perform close to their average vs. CIN who currently ranks #12 against this position","at  PITThis is a 3 star matchup. WRs perform close to their average vs. PIT who currently ranks #22 against this position","vs.  SEAThis is a 2 star matchup. WRs perform below their average vs. SEA who currently ranks #27 against this position","vs.  ATLThis is a 4 star matchup. WRs perform better than their average vs. ATL who currently ranks #4 against this position"
"101","Hollywood BrownH. Brown PHI","vs.  WASThis is a 4 star matchup. WRs perform better than their average vs. WAS who currently ranks #7 against this position","at  TENThis is a 4 star matchup. WRs perform better than their average vs. TEN who currently ranks #3 against this position","at  CHIThis is a 4 star matchup. WRs perform better than their average vs. CHI who currently ranks #5 against this position","vs.  LARThis is a 3 star matchup. WRs perform close to their average vs. LAR who currently ranks #17 against this position","at  JACThis is a 2 star matchup. WRs perform below their average vs. JAC who currently ranks #28 against this position","vs.  CARThis is a 3 star matchup. WRs perform close to their average vs. CAR who currently ranks #20 against this position","vs.  DALThis is a 5 star matchup. WRs perform better than their average vs. DAL who currently ranks #1 against this position","at  WASThis is a 4 star matchup. WRs perform better than their average vs. WAS who currently ranks #7 against this position","vs.  NYGThis is a 3 star matchup. WRs perform close to their average vs. NYG who currently ranks #23 against this position","BYE","vs.  PITThis is a 3 star matchup. WRs perform close to their average vs. PIT who currently ranks #22 against this position","at  DALThis is a 5 star matchup. WRs perform better than their average vs. DAL who currently ranks #1 against this position","at  ARIThis is a 3 star matchup. WRs perform close to their average vs. ARI who currently ranks #24 against this position","vs.  INDThis is a 3 star matchup. WRs perform close to their average vs. IND who currently ranks #16 against this position","vs.  SEAThis is a 2 star matchup. WRs perform below their average vs. SEA who currently ranks #27 against this position","vs.  HOUThis is a 3 star matchup. WRs perform close to their average vs. HOU who currently ranks #21 against this position","at  SFThis is a 3 star matchup. WRs perform close to their average vs. SF who currently ranks #15 against this position","at  NYGThis is a 3 star matchup. WRs perform close to their average vs. NYG who currently ranks #23 against this position"
"102","Kyle WilliamsK. Williams NE","at  SEAThis is a 2 star matchup. WRs perform below their average vs. SEA who currently ranks #27 against this position","vs.  PITThis is a 3 star matchup. WRs perform close to their average vs. PIT who currently ranks #22 against this position","at  JACThis is a 2 star matchup. WRs perform below their average vs. JAC who currently ranks #28 against this position","at  BUFThis is a 3 star matchup. WRs perform close to their average vs. BUF who currently ranks #18 against this position","vs.  LVThis is a 3 star matchup. WRs perform close to their average vs. LV who currently ranks #19 against this position","vs.  NYJThis is a 4 star matchup. WRs perform close to their average vs. NYJ who currently ranks #9 against this position","at  CHIThis is a 4 star matchup. WRs perform better than their average vs. CHI who currently ranks #5 against this position","at  MIAThis is a 5 star matchup. WRs perform better than their average vs. MIA who currently ranks #2 against this position","vs.  GBThis is a 3 star matchup. WRs perform close to their average vs. GB who currently ranks #14 against this position","at  DETThis is a 4 star matchup. WRs perform better than their average vs. DET who currently ranks #8 against this position","BYE","at  LACThis is a 2 star matchup. WRs perform below their average vs. LAC who currently ranks #30 against this position","vs.  BUFThis is a 3 star matchup. WRs perform close to their average vs. BUF who currently ranks #18 against this position","vs.  MINThis is a 2 star matchup. WRs perform below their average vs. MIN who currently ranks #29 against this position","at  KCThis is a 2 star matchup. WRs perform close to their average vs. KC who currently ranks #25 against this position","at  NYJThis is a 4 star matchup. WRs perform close to their average vs. NYJ who currently ranks #9 against this position","vs.  DENThis is a 2 star matchup. WRs perform below their average vs. DEN who currently ranks #31 against this position","vs.  MIAThis is a 5 star matchup. WRs perform better than their average vs. MIA who currently ranks #2 against this position"
"103","Keenan AllenK. Allen LAC","vs.  ARIThis is a 3 star matchup. WRs perform close to their average vs. ARI who currently ranks #24 against this position","vs.  LVThis is a 3 star matchup. WRs perform close to their average vs. LV who currently ranks #19 against this position","at  BUFThis is a 3 star matchup. WRs perform close to their average vs. BUF who currently ranks #18 against this position","at  SEAThis is a 2 star matchup. WRs perform below their average vs. SEA who currently ranks #27 against this position","vs.  DENThis is a 2 star matchup. WRs perform below their average vs. DEN who currently ranks #31 against this position","at  KCThis is a 2 star matchup. WRs perform close to their average vs. KC who currently ranks #25 against this position","BYE","at  LARThis is a 3 star matchup. WRs perform close to their average vs. LAR who currently ranks #17 against this position","vs.  HOUThis is a 3 star matchup. WRs perform close to their average vs. HOU who currently ranks #21 against this position","at  BALThis is a 3 star matchup. WRs perform close to their average vs. BAL who currently ranks #13 against this position","vs.  NYJThis is a 4 star matchup. WRs perform close to their average vs. NYJ who currently ranks #9 against this position","vs.  NEThis is a 4 star matchup. WRs perform better than their average vs. NE who currently ranks #6 against this position","at  TBThis is a 2 star matchup. WRs perform below their average vs. TB who currently ranks #26 against this position","at  LVThis is a 3 star matchup. WRs perform close to their average vs. LV who currently ranks #19 against this position","vs.  SFThis is a 3 star matchup. WRs perform close to their average vs. SF who currently ranks #15 against this position","at  MIAThis is a 5 star matchup. WRs perform better than their average vs. MIA who currently ranks #2 against this position","vs.  KCThis is a 2 star matchup. WRs perform close to their average vs. KC who currently ranks #25 against this position","at  DENThis is a 2 star matchup. WRs perform below their average vs. DEN who currently ranks #31 against this position"
"104","Skyler BellS. Bell BUF","at  HOUThis is a 3 star matchup. WRs perform close to their average vs. HOU who currently ranks #21 against this position","vs.  DETThis is a 4 star matchup. WRs perform better than their average vs. DET who currently ranks #8 against this position","vs.  LACThis is a 2 star matchup. WRs perform below their average vs. LAC who currently ranks #30 against this position","vs.  NEThis is a 4 star matchup. WRs perform better than their average vs. NE who currently ranks #6 against this position","at  LARThis is a 3 star matchup. WRs perform close to their average vs. LAR who currently ranks #17 against this position","at  LVThis is a 3 star matchup. WRs perform close to their average vs. LV who currently ranks #19 against this position","BYE","vs.  BALThis is a 3 star matchup. WRs perform close to their average vs. BAL who currently ranks #13 against this position","at  MINThis is a 2 star matchup. WRs perform below their average vs. MIN who currently ranks #29 against this position","at  NYJThis is a 4 star matchup. WRs perform close to their average vs. NYJ who currently ranks #9 against this position","vs.  MIAThis is a 5 star matchup. WRs perform better than their average vs. MIA who currently ranks #2 against this position","vs.  KCThis is a 2 star matchup. WRs perform close to their average vs. KC who currently ranks #25 against this position","at  NEThis is a 4 star matchup. WRs perform better than their average vs. NE who currently ranks #6 against this position","at  GBThis is a 3 star matchup. WRs perform close to their average vs. GB who currently ranks #14 against this position","vs.  CHIThis is a 4 star matchup. WRs perform better than their average vs. CHI who currently ranks #5 against this position","at  DENThis is a 2 star matchup. WRs perform below their average vs. DEN who currently ranks #31 against this position","at  MIAThis is a 5 star matchup. WRs perform better than their average vs. MIA who currently ranks #2 against this position","vs.  NYJThis is a 4 star matchup. WRs perform close to their average vs. NYJ who currently ranks #9 against this position"
"105","Mack HollinsM. Hollins NE","at  SEAThis is a 2 star matchup. WRs perform below their average vs. SEA who currently ranks #27 against this position","vs.  PITThis is a 3 star matchup. WRs perform close to their average vs. PIT who currently ranks #22 against this position","at  JACThis is a 2 star matchup. WRs perform below their average vs. JAC who currently ranks #28 against this position","at  BUFThis is a 3 star matchup. WRs perform close to their average vs. BUF who currently ranks #18 against this position","vs.  LVThis is a 3 star matchup. WRs perform close to their average vs. LV who currently ranks #19 against this position","vs.  NYJThis is a 4 star matchup. WRs perform close to their average vs. NYJ who currently ranks #9 against this position","at  CHIThis is a 4 star matchup. WRs perform better than their average vs. CHI who currently ranks #5 against this position","at  MIAThis is a 5 star matchup. WRs perform better than their average vs. MIA who currently ranks #2 against this position","vs.  GBThis is a 3 star matchup. WRs perform close to their average vs. GB who currently ranks #14 against this position","at  DETThis is a 4 star matchup. WRs perform better than their average vs. DET who currently ranks #8 against this position","BYE","at  LACThis is a 2 star matchup. WRs perform below their average vs. LAC who currently ranks #30 against this position","vs.  BUFThis is a 3 star matchup. WRs perform close to their average vs. BUF who currently ranks #18 against this position","vs.  MINThis is a 2 star matchup. WRs perform below their average vs. MIN who currently ranks #29 against this position","at  KCThis is a 2 star matchup. WRs perform close to their average vs. KC who currently ranks #25 against this position","at  NYJThis is a 4 star matchup. WRs perform close to their average vs. NYJ who currently ranks #9 against this position","vs.  DENThis is a 2 star matchup. WRs perform below their average vs. DEN who currently ranks #31 against this position","vs.  MIAThis is a 5 star matchup. WRs perform better than their average vs. MIA who currently ranks #2 against this position"
"106","Isaiah BondI. Bond CLE","at  JACThis is a 2 star matchup. WRs perform below their average vs. JAC who currently ranks #28 against this position","at  TBThis is a 2 star matchup. WRs perform below their average vs. TB who currently ranks #26 against this position","vs.  CARThis is a 3 star matchup. WRs perform close to their average vs. CAR who currently ranks #20 against this position","vs.  PITThis is a 3 star matchup. WRs perform close to their average vs. PIT who currently ranks #22 against this position","at  NYJThis is a 4 star matchup. WRs perform close to their average vs. NYJ who currently ranks #9 against this position","vs.  BALThis is a 3 star matchup. WRs perform close to their average vs. BAL who currently ranks #13 against this position","at  TENThis is a 4 star matchup. WRs perform better than their average vs. TEN who currently ranks #3 against this position","at  PITThis is a 3 star matchup. WRs perform close to their average vs. PIT who currently ranks #22 against this position","at  NOThis is a 4 star matchup. WRs perform close to their average vs. NO who currently ranks #11 against this position","vs.  HOUThis is a 3 star matchup. WRs perform close to their average vs. HOU who currently ranks #21 against this position","BYE","vs.  LVThis is a 3 star matchup. WRs perform close to their average vs. LV who currently ranks #19 against this position","vs.  CINThis is a 3 star matchup. WRs perform close to their average vs. CIN who currently ranks #12 against this position","vs.  ATLThis is a 4 star matchup. WRs perform better than their average vs. ATL who currently ranks #4 against this position","at  NYGThis is a 3 star matchup. WRs perform close to their average vs. NYG who currently ranks #23 against this position","at  BALThis is a 3 star matchup. WRs perform close to their average vs. BAL who currently ranks #13 against this position","vs.  INDThis is a 3 star matchup. WRs perform close to their average vs. IND who currently ranks #16 against this position","at  CINThis is a 3 star matchup. WRs perform close to their average vs. CIN who currently ranks #12 against this position"
"107","Ja'Kobi LaneJ. Lane BAL","at  INDThis is a 3 star matchup. WRs perform close to their average vs. IND who currently ranks #16 against this position","vs.  NOThis is a 4 star matchup. WRs perform close to their average vs. NO who currently ranks #11 against this position","at  DALThis is a 5 star matchup. WRs perform better than their average vs. DAL who currently ranks #1 against this position","vs.  TENThis is a 4 star matchup. WRs perform better than their average vs. TEN who currently ranks #3 against this position","at  ATLThis is a 4 star matchup. WRs perform better than their average vs. ATL who currently ranks #4 against this position","at  CLEThis is a 4 star matchup. WRs perform close to their average vs. CLE who currently ranks #10 against this position","vs.  CINThis is a 3 star matchup. WRs perform close to their average vs. CIN who currently ranks #12 against this position","at  BUFThis is a 3 star matchup. WRs perform close to their average vs. BUF who currently ranks #18 against this position","vs.  JACThis is a 2 star matchup. WRs perform below their average vs. JAC who currently ranks #28 against this position","vs.  LACThis is a 2 star matchup. WRs perform below their average vs. LAC who currently ranks #30 against this position","at  CARThis is a 3 star matchup. WRs perform close to their average vs. CAR who currently ranks #20 against this position","at  HOUThis is a 3 star matchup. WRs perform close to their average vs. HOU who currently ranks #21 against this position","BYE","vs.  TBThis is a 2 star matchup. WRs perform below their average vs. TB who currently ranks #26 against this position","at  PITThis is a 3 star matchup. WRs perform close to their average vs. PIT who currently ranks #22 against this position","vs.  CLEThis is a 4 star matchup. WRs perform close to their average vs. CLE who currently ranks #10 against this position","at  CINThis is a 3 star matchup. WRs perform close to their average vs. CIN who currently ranks #12 against this position","vs.  PITThis is a 3 star matchup. WRs perform close to their average vs. PIT who currently ranks #22 against this position"
"108","Tyreek HillT. Hill FA","","","","","","","","","","","","","","","","","",""
"109","Chris Brazzell IIC. Brazzell II CAR","vs.  CHIThis is a 4 star matchup. WRs perform better than their average vs. CHI who currently ranks #5 against this position","at  ATLThis is a 4 star matchup. WRs perform better than their average vs. ATL who currently ranks #4 against this position","at  CLEThis is a 4 star matchup. WRs perform close to their average vs. CLE who currently ranks #10 against this position","vs.  DETThis is a 4 star matchup. WRs perform better than their average vs. DET who currently ranks #8 against this position","BYE","at  PHIThis is a 1 star matchup. WRs perform below their average vs. PHI who currently ranks #32 against this position","vs.  TBThis is a 2 star matchup. WRs perform below their average vs. TB who currently ranks #26 against this position","at  GBThis is a 3 star matchup. WRs perform close to their average vs. GB who currently ranks #14 against this position","vs.  DENThis is a 2 star matchup. WRs perform below their average vs. DEN who currently ranks #31 against this position","at  NOThis is a 4 star matchup. WRs perform close to their average vs. NO who currently ranks #11 against this position","vs.  BALThis is a 3 star matchup. WRs perform close to their average vs. BAL who currently ranks #13 against this position","at  TBThis is a 2 star matchup. WRs perform below their average vs. TB who currently ranks #26 against this position","at  MINThis is a 2 star matchup. WRs perform below their average vs. MIN who currently ranks #29 against this position","vs.  NOThis is a 4 star matchup. WRs perform close to their average vs. NO who currently ranks #11 against this position","vs.  CINThis is a 3 star matchup. WRs perform close to their average vs. CIN who currently ranks #12 against this position","at  PITThis is a 3 star matchup. WRs perform close to their average vs. PIT who currently ranks #22 against this position","vs.  SEAThis is a 2 star matchup. WRs perform below their average vs. SEA who currently ranks #27 against this position","vs.  ATLThis is a 4 star matchup. WRs perform better than their average vs. ATL who currently ranks #4 against this position"
"110","Andrei IosivasA. Iosivas CIN","vs.  TBThis is a 2 star matchup. WRs perform below their average vs. TB who currently ranks #26 against this position","at  HOUThis is a 3 star matchup. WRs perform close to their average vs. HOU who currently ranks #21 against this position","at  PITThis is a 3 star matchup. WRs perform close to their average vs. PIT who currently ranks #22 against this position","vs.  JACThis is a 2 star matchup. WRs perform below their average vs. JAC who currently ranks #28 against this position","at  MIAThis is a 5 star matchup. WRs perform better than their average vs. MIA who currently ranks #2 against this position","BYE","at  BALThis is a 3 star matchup. WRs perform close to their average vs. BAL who currently ranks #13 against this position","vs.  TENThis is a 4 star matchup. WRs perform better than their average vs. TEN who currently ranks #3 against this position","at  ATLThis is a 4 star matchup. WRs perform better than their average vs. ATL who currently ranks #4 against this position","vs.  PITThis is a 3 star matchup. WRs perform close to their average vs. PIT who currently ranks #22 against this position","at  WASThis is a 4 star matchup. WRs perform better than their average vs. WAS who currently ranks #7 against this position","vs.  NOThis is a 4 star matchup. WRs perform close to their average vs. NO who currently ranks #11 against this position","at  CLEThis is a 4 star matchup. WRs perform close to their average vs. CLE who currently ranks #10 against this position","vs.  KCThis is a 2 star matchup. WRs perform close to their average vs. KC who currently ranks #25 against this position","at  CARThis is a 3 star matchup. WRs perform close to their average vs. CAR who currently ranks #20 against this position","at  INDThis is a 3 star matchup. WRs perform close to their average vs. IND who currently ranks #16 against this position","vs.  BALThis is a 3 star matchup. WRs perform close to their average vs. BAL who currently ranks #13 against this position","vs.  CLEThis is a 4 star matchup. WRs perform close to their average vs. CLE who currently ranks #10 against this position"
"111","Tez JohnsonT. Johnson TB","at  CINThis is a 3 star matchup. WRs perform close to their average vs. CIN who currently ranks #12 against this position","vs.  CLEThis is a 4 star matchup. WRs perform close to their average vs. CLE who currently ranks #10 against this position","vs.  MINThis is a 2 star matchup. WRs perform below their average vs. MIN who currently ranks #29 against this position","vs.  GBThis is a 3 star matchup. WRs perform close to their average vs. GB who currently ranks #14 against this position","at  DALThis is a 5 star matchup. WRs perform better than their average vs. DAL who currently ranks #1 against this position","vs.  PITThis is a 3 star matchup. WRs perform close to their average vs. PIT who currently ranks #22 against this position","at  CARThis is a 3 star matchup. WRs perform close to their average vs. CAR who currently ranks #20 against this position","vs.  ATLThis is a 4 star matchup. WRs perform better than their average vs. ATL who currently ranks #4 against this position","at  CHIThis is a 4 star matchup. WRs perform better than their average vs. CHI who currently ranks #5 against this position","BYE","at  DETThis is a 4 star matchup. WRs perform better than their average vs. DET who currently ranks #8 against this position","vs.  CARThis is a 3 star matchup. WRs perform close to their average vs. CAR who currently ranks #20 against this position","vs.  LACThis is a 2 star matchup. WRs perform below their average vs. LAC who currently ranks #30 against this position","at  BALThis is a 3 star matchup. WRs perform close to their average vs. BAL who currently ranks #13 against this position","vs.  NOThis is a 4 star matchup. WRs perform close to their average vs. NO who currently ranks #11 against this position","at  ATLThis is a 4 star matchup. WRs perform better than their average vs. ATL who currently ranks #4 against this position","vs.  LARThis is a 3 star matchup. WRs perform close to their average vs. LAR who currently ranks #17 against this position","at  NOThis is a 4 star matchup. WRs perform close to their average vs. NO who currently ranks #11 against this position"
"112","Cedric TillmanC. Tillman CLE","at  JACThis is a 2 star matchup. WRs perform below their average vs. JAC who currently ranks #28 against this position","at  TBThis is a 2 star matchup. WRs perform below their average vs. TB who currently ranks #26 against this position","vs.  CARThis is a 3 star matchup. WRs perform close to their average vs. CAR who currently ranks #20 against this position","vs.  PITThis is a 3 star matchup. WRs perform close to their average vs. PIT who currently ranks #22 against this position","at  NYJThis is a 4 star matchup. WRs perform close to their average vs. NYJ who currently ranks #9 against this position","vs.  BALThis is a 3 star matchup. WRs perform close to their average vs. BAL who currently ranks #13 against this position","at  TENThis is a 4 star matchup. WRs perform better than their average vs. TEN who currently ranks #3 against this position","at  PITThis is a 3 star matchup. WRs perform close to their average vs. PIT who currently ranks #22 against this position","at  NOThis is a 4 star matchup. WRs perform close to their average vs. NO who currently ranks #11 against this position","vs.  HOUThis is a 3 star matchup. WRs perform close to their average vs. HOU who currently ranks #21 against this position","BYE","vs.  LVThis is a 3 star matchup. WRs perform close to their average vs. LV who currently ranks #19 against this position","vs.  CINThis is a 3 star matchup. WRs perform close to their average vs. CIN who currently ranks #12 against this position","vs.  ATLThis is a 4 star matchup. WRs perform better than their average vs. ATL who currently ranks #4 against this position","at  NYGThis is a 3 star matchup. WRs perform close to their average vs. NYG who currently ranks #23 against this position","at  BALThis is a 3 star matchup. WRs perform close to their average vs. BAL who currently ranks #13 against this position","vs.  INDThis is a 3 star matchup. WRs perform close to their average vs. IND who currently ranks #16 against this position","at  CINThis is a 3 star matchup. WRs perform close to their average vs. CIN who currently ranks #12 against this position"
"113","Caleb DouglasC. Douglas MIA","at  LVThis is a 3 star matchup. WRs perform close to their average vs. LV who currently ranks #19 against this position","at  SFThis is a 3 star matchup. WRs perform close to their average vs. SF who currently ranks #15 against this position","vs.  KCThis is a 2 star matchup. WRs perform close to their average vs. KC who currently ranks #25 against this position","at  MINThis is a 2 star matchup. WRs perform below their average vs. MIN who currently ranks #29 against this position","vs.  CINThis is a 3 star matchup. WRs perform close to their average vs. CIN who currently ranks #12 against this position","BYE","at  NYJThis is a 4 star matchup. WRs perform close to their average vs. NYJ who currently ranks #9 against this position","vs.  NEThis is a 4 star matchup. WRs perform better than their average vs. NE who currently ranks #6 against this position","vs.  DETThis is a 4 star matchup. WRs perform better than their average vs. DET who currently ranks #8 against this position","at  INDThis is a 3 star matchup. WRs perform close to their average vs. IND who currently ranks #16 against this position","at  BUFThis is a 3 star matchup. WRs perform close to their average vs. BUF who currently ranks #18 against this position","vs.  NYJThis is a 4 star matchup. WRs perform close to their average vs. NYJ who currently ranks #9 against this position","at  DENThis is a 2 star matchup. WRs perform below their average vs. DEN who currently ranks #31 against this position","vs.  CHIThis is a 4 star matchup. WRs perform better than their average vs. CHI who currently ranks #5 against this position","at  GBThis is a 3 star matchup. WRs perform close to their average vs. GB who currently ranks #14 against this position","vs.  LACThis is a 2 star matchup. WRs perform below their average vs. LAC who currently ranks #30 against this position","vs.  BUFThis is a 3 star matchup. WRs perform close to their average vs. BUF who currently ranks #18 against this position","at  NEThis is a 4 star matchup. WRs perform better than their average vs. NE who currently ranks #6 against this position"
"114","Luke McCaffreyL. McCaffrey WAS","at  PHIThis is a 1 star matchup. WRs perform below their average vs. PHI who currently ranks #32 against this position","at  DALThis is a 5 star matchup. WRs perform better than their average vs. DAL who currently ranks #1 against this position","vs.  SEAThis is a 2 star matchup. WRs perform below their average vs. SEA who currently ranks #27 against this position","vs.  INDThis is a 3 star matchup. WRs perform close to their average vs. IND who currently ranks #16 against this position","vs.  NYGThis is a 3 star matchup. WRs perform close to their average vs. NYG who currently ranks #23 against this position","at  SFThis is a 3 star matchup. WRs perform close to their average vs. SF who currently ranks #15 against this position","BYE","vs.  PHIThis is a 1 star matchup. WRs perform below their average vs. PHI who currently ranks #32 against this position","vs.  LARThis is a 3 star matchup. WRs perform close to their average vs. LAR who currently ranks #17 against this position","at  NYGThis is a 3 star matchup. WRs perform close to their average vs. NYG who currently ranks #23 against this position","vs.  CINThis is a 3 star matchup. WRs perform close to their average vs. CIN who currently ranks #12 against this position","at  ARIThis is a 3 star matchup. WRs perform close to their average vs. ARI who currently ranks #24 against this position","at  TENThis is a 4 star matchup. WRs perform better than their average vs. TEN who currently ranks #3 against this position","vs.  HOUThis is a 3 star matchup. WRs perform close to their average vs. HOU who currently ranks #21 against this position","vs.  ATLThis is a 4 star matchup. WRs perform better than their average vs. ATL who currently ranks #4 against this position","at  MINThis is a 2 star matchup. WRs perform below their average vs. MIN who currently ranks #29 against this position","at  JACThis is a 2 star matchup. WRs perform below their average vs. JAC who currently ranks #28 against this position","vs.  DALThis is a 5 star matchup. WRs perform better than their average vs. DAL who currently ranks #1 against this position"
"115","Jalen RoyalsJ. Royals KC","vs.  DENThis is a 2 star matchup. WRs perform below their average vs. DEN who currently ranks #31 against this position","vs.  INDThis is a 3 star matchup. WRs perform close to their average vs. IND who currently ranks #16 against this position","at  MIAThis is a 5 star matchup. WRs perform better than their average vs. MIA who currently ranks #2 against this position","at  LVThis is a 3 star matchup. WRs perform close to their average vs. LV who currently ranks #19 against this position","BYE","vs.  LACThis is a 2 star matchup. WRs perform below their average vs. LAC who currently ranks #30 against this position","at  SEAThis is a 2 star matchup. WRs perform below their average vs. SEA who currently ranks #27 against this position","at  DENThis is a 2 star matchup. WRs perform below their average vs. DEN who currently ranks #31 against this position","vs.  NYJThis is a 4 star matchup. WRs perform close to their average vs. NYJ who currently ranks #9 against this position","at  ATLThis is a 4 star matchup. WRs perform better than their average vs. ATL who currently ranks #4 against this position","vs.  ARIThis is a 3 star matchup. WRs perform close to their average vs. ARI who currently ranks #24 against this position","at  BUFThis is a 3 star matchup. WRs perform close to their average vs. BUF who currently ranks #18 against this position","at  LARThis is a 3 star matchup. WRs perform close to their average vs. LAR who currently ranks #17 against this position","at  CINThis is a 3 star matchup. WRs perform close to their average vs. CIN who currently ranks #12 against this position","vs.  NEThis is a 4 star matchup. WRs perform better than their average vs. NE who currently ranks #6 against this position","vs.  SFThis is a 3 star matchup. WRs perform close to their average vs. SF who currently ranks #15 against this position","at  LACThis is a 2 star matchup. WRs perform below their average vs. LAC who currently ranks #30 against this position","vs.  LVThis is a 3 star matchup. WRs perform close to their average vs. LV who currently ranks #19 against this position"
"116","Jalen TolbertJ. Tolbert MIA","at  LVThis is a 3 star matchup. WRs perform close to their average vs. LV who currently ranks #19 against this position","at  SFThis is a 3 star matchup. WRs perform close to their average vs. SF who currently ranks #15 against this position","vs.  KCThis is a 2 star matchup. WRs perform close to their average vs. KC who currently ranks #25 against this position","at  MINThis is a 2 star matchup. WRs perform below their average vs. MIN who currently ranks #29 against this position","vs.  CINThis is a 3 star matchup. WRs perform close to their average vs. CIN who currently ranks #12 against this position","BYE","at  NYJThis is a 4 star matchup. WRs perform close to their average vs. NYJ who currently ranks #9 against this position","vs.  NEThis is a 4 star matchup. WRs perform better than their average vs. NE who currently ranks #6 against this position","vs.  DETThis is a 4 star matchup. WRs perform better than their average vs. DET who currently ranks #8 against this position","at  INDThis is a 3 star matchup. WRs perform close to their average vs. IND who currently ranks #16 against this position","at  BUFThis is a 3 star matchup. WRs perform close to their average vs. BUF who currently ranks #18 against this position","vs.  NYJThis is a 4 star matchup. WRs perform close to their average vs. NYJ who currently ranks #9 against this position","at  DENThis is a 2 star matchup. WRs perform below their average vs. DEN who currently ranks #31 against this position","vs.  CHIThis is a 4 star matchup. WRs perform better than their average vs. CHI who currently ranks #5 against this position","at  GBThis is a 3 star matchup. WRs perform close to their average vs. GB who currently ranks #14 against this position","vs.  LACThis is a 2 star matchup. WRs perform below their average vs. LAC who currently ranks #30 against this position","vs.  BUFThis is a 3 star matchup. WRs perform close to their average vs. BUF who currently ranks #18 against this position","at  NEThis is a 4 star matchup. WRs perform better than their average vs. NE who currently ranks #6 against this position"
"117","Konata MumpfieldK. Mumpfield LAR","vs.  SFThis is a 3 star matchup. WRs perform close to their average vs. SF who currently ranks #15 against this position","vs.  NYGThis is a 3 star matchup. WRs perform close to their average vs. NYG who currently ranks #23 against this position","at  DENThis is a 2 star matchup. WRs perform below their average vs. DEN who currently ranks #31 against this position","at  PHIThis is a 1 star matchup. WRs perform below their average vs. PHI who currently ranks #32 against this position","vs.  BUFThis is a 3 star matchup. WRs perform close to their average vs. BUF who currently ranks #18 against this position","vs.  ARIThis is a 3 star matchup. WRs perform close to their average vs. ARI who currently ranks #24 against this position","at  LVThis is a 3 star matchup. WRs perform close to their average vs. LV who currently ranks #19 against this position","vs.  LACThis is a 2 star matchup. WRs perform below their average vs. LAC who currently ranks #30 against this position","at  WASThis is a 4 star matchup. WRs perform better than their average vs. WAS who currently ranks #7 against this position","at  ARIThis is a 3 star matchup. WRs perform close to their average vs. ARI who currently ranks #24 against this position","BYE","vs.  GBThis is a 3 star matchup. WRs perform close to their average vs. GB who currently ranks #14 against this position","vs.  KCThis is a 2 star matchup. WRs perform close to their average vs. KC who currently ranks #25 against this position","at  SFThis is a 3 star matchup. WRs perform close to their average vs. SF who currently ranks #15 against this position","vs.  DALThis is a 5 star matchup. WRs perform better than their average vs. DAL who currently ranks #1 against this position","at  SEAThis is a 2 star matchup. WRs perform below their average vs. SEA who currently ranks #27 against this position","at  TBThis is a 2 star matchup. WRs perform below their average vs. TB who currently ranks #26 against this position","vs.  SEAThis is a 2 star matchup. WRs perform below their average vs. SEA who currently ranks #27 against this position"
"118","Calvin Austin IIIC. Austin III NYG","vs.  DALThis is a 5 star matchup. WRs perform better than their average vs. DAL who currently ranks #1 against this position","at  LARThis is a 3 star matchup. WRs perform close to their average vs. LAR who currently ranks #17 against this position","vs.  TENThis is a 4 star matchup. WRs perform better than their average vs. TEN who currently ranks #3 against this position","vs.  ARIThis is a 3 star matchup. WRs perform close to their average vs. ARI who currently ranks #24 against this position","at  WASThis is a 4 star matchup. WRs perform better than their average vs. WAS who currently ranks #7 against this position","vs.  NOThis is a 4 star matchup. WRs perform close to their average vs. NO who currently ranks #11 against this position","at  HOUThis is a 3 star matchup. WRs perform close to their average vs. HOU who currently ranks #21 against this position","BYE","at  PHIThis is a 1 star matchup. WRs perform below their average vs. PHI who currently ranks #32 against this position","vs.  WASThis is a 4 star matchup. WRs perform better than their average vs. WAS who currently ranks #7 against this position","vs.  JACThis is a 2 star matchup. WRs perform below their average vs. JAC who currently ranks #28 against this position","at  INDThis is a 3 star matchup. WRs perform close to their average vs. IND who currently ranks #16 against this position","vs.  SFThis is a 3 star matchup. WRs perform close to their average vs. SF who currently ranks #15 against this position","at  SEAThis is a 2 star matchup. WRs perform below their average vs. SEA who currently ranks #27 against this position","vs.  CLEThis is a 4 star matchup. WRs perform close to their average vs. CLE who currently ranks #10 against this position","at  DETThis is a 4 star matchup. WRs perform better than their average vs. DET who currently ranks #8 against this position","at  DALThis is a 5 star matchup. WRs perform better than their average vs. DAL who currently ranks #1 against this position","vs.  PHIThis is a 1 star matchup. WRs perform below their average vs. PHI who currently ranks #32 against this position"
"119","DeMario DouglasD. Douglas NE","at  SEAThis is a 2 star matchup. WRs perform below their average vs. SEA who currently ranks #27 against this position","vs.  PITThis is a 3 star matchup. WRs perform close to their average vs. PIT who currently ranks #22 against this position","at  JACThis is a 2 star matchup. WRs perform below their average vs. JAC who currently ranks #28 against this position","at  BUFThis is a 3 star matchup. WRs perform close to their average vs. BUF who currently ranks #18 against this position","vs.  LVThis is a 3 star matchup. WRs perform close to their average vs. LV who currently ranks #19 against this position","vs.  NYJThis is a 4 star matchup. WRs perform close to their average vs. NYJ who currently ranks #9 against this position","at  CHIThis is a 4 star matchup. WRs perform better than their average vs. CHI who currently ranks #5 against this position","at  MIAThis is a 5 star matchup. WRs perform better than their average vs. MIA who currently ranks #2 against this position","vs.  GBThis is a 3 star matchup. WRs perform close to their average vs. GB who currently ranks #14 against this position","at  DETThis is a 4 star matchup. WRs perform better than their average vs. DET who currently ranks #8 against this position","BYE","at  LACThis is a 2 star matchup. WRs perform below their average vs. LAC who currently ranks #30 against this position","vs.  BUFThis is a 3 star matchup. WRs perform close to their average vs. BUF who currently ranks #18 against this position","vs.  MINThis is a 2 star matchup. WRs perform below their average vs. MIN who currently ranks #29 against this position","at  KCThis is a 2 star matchup. WRs perform close to their average vs. KC who currently ranks #25 against this position","at  NYJThis is a 4 star matchup. WRs perform close to their average vs. NYJ who currently ranks #9 against this position","vs.  DENThis is a 2 star matchup. WRs perform below their average vs. DEN who currently ranks #31 against this position","vs.  MIAThis is a 5 star matchup. WRs perform better than their average vs. MIA who currently ranks #2 against this position"
"120","Olamide ZaccheausO. Zaccheaus ATL","at  PITThis is a 3 star matchup. WRs perform close to their average vs. PIT who currently ranks #22 against this position","vs.  CARThis is a 3 star matchup. WRs perform close to their average vs. CAR who currently ranks #20 against this position","at  GBThis is a 3 star matchup. WRs perform close to their average vs. GB who currently ranks #14 against this position","at  NOThis is a 4 star matchup. WRs perform close to their average vs. NO who currently ranks #11 against this position","vs.  BALThis is a 3 star matchup. WRs perform close to their average vs. BAL who currently ranks #13 against this position","vs.  CHIThis is a 4 star matchup. WRs perform better than their average vs. CHI who currently ranks #5 against this position","vs.  SFThis is a 3 star matchup. WRs perform close to their average vs. SF who currently ranks #15 against this position","at  TBThis is a 2 star matchup. WRs perform below their average vs. TB who currently ranks #26 against this position","vs.  CINThis is a 3 star matchup. WRs perform close to their average vs. CIN who currently ranks #12 against this position","vs.  KCThis is a 2 star matchup. WRs perform close to their average vs. KC who currently ranks #25 against this position","BYE","at  MINThis is a 2 star matchup. WRs perform below their average vs. MIN who currently ranks #29 against this position","vs.  DETThis is a 4 star matchup. WRs perform better than their average vs. DET who currently ranks #8 against this position","at  CLEThis is a 4 star matchup. WRs perform close to their average vs. CLE who currently ranks #10 against this position","at  WASThis is a 4 star matchup. WRs perform better than their average vs. WAS who currently ranks #7 against this position","vs.  TBThis is a 2 star matchup. WRs perform below their average vs. TB who currently ranks #26 against this position","vs.  NOThis is a 4 star matchup. WRs perform close to their average vs. NO who currently ranks #11 against this position","at  CARThis is a 3 star matchup. WRs perform close to their average vs. CAR who currently ranks #20 against this position"
"121","Jahan DotsonJ. Dotson ATL","at  PITThis is a 3 star matchup. WRs perform close to their average vs. PIT who currently ranks #22 against this position","vs.  CARThis is a 3 star matchup. WRs perform close to their average vs. CAR who currently ranks #20 against this position","at  GBThis is a 3 star matchup. WRs perform close to their average vs. GB who currently ranks #14 against this position","at  NOThis is a 4 star matchup. WRs perform close to their average vs. NO who currently ranks #11 against this position","vs.  BALThis is a 3 star matchup. WRs perform close to their average vs. BAL who currently ranks #13 against this position","vs.  CHIThis is a 4 star matchup. WRs perform better than their average vs. CHI who currently ranks #5 against this position","vs.  SFThis is a 3 star matchup. WRs perform close to their average vs. SF who currently ranks #15 against this position","at  TBThis is a 2 star matchup. WRs perform below their average vs. TB who currently ranks #26 against this position","vs.  CINThis is a 3 star matchup. WRs perform close to their average vs. CIN who currently ranks #12 against this position","vs.  KCThis is a 2 star matchup. WRs perform close to their average vs. KC who currently ranks #25 against this position","BYE","at  MINThis is a 2 star matchup. WRs perform below their average vs. MIN who currently ranks #29 against this position","vs.  DETThis is a 4 star matchup. WRs perform better than their average vs. DET who currently ranks #8 against this position","at  CLEThis is a 4 star matchup. WRs perform close to their average vs. CLE who currently ranks #10 against this position","at  WASThis is a 4 star matchup. WRs perform better than their average vs. WAS who currently ranks #7 against this position","vs.  TBThis is a 2 star matchup. WRs perform below their average vs. TB who currently ranks #26 against this position","vs.  NOThis is a 4 star matchup. WRs perform close to their average vs. NO who currently ranks #11 against this position","at  CARThis is a 3 star matchup. WRs perform close to their average vs. CAR who currently ranks #20 against this position"
"122","Treylon BurksT. Burks WAS","at  PHIThis is a 1 star matchup. WRs perform below their average vs. PHI who currently ranks #32 against this position","at  DALThis is a 5 star matchup. WRs perform better than their average vs. DAL who currently ranks #1 against this position","vs.  SEAThis is a 2 star matchup. WRs perform below their average vs. SEA who currently ranks #27 against this position","vs.  INDThis is a 3 star matchup. WRs perform close to their average vs. IND who currently ranks #16 against this position","vs.  NYGThis is a 3 star matchup. WRs perform close to their average vs. NYG who currently ranks #23 against this position","at  SFThis is a 3 star matchup. WRs perform close to their average vs. SF who currently ranks #15 against this position","BYE","vs.  PHIThis is a 1 star matchup. WRs perform below their average vs. PHI who currently ranks #32 against this position","vs.  LARThis is a 3 star matchup. WRs perform close to their average vs. LAR who currently ranks #17 against this position","at  NYGThis is a 3 star matchup. WRs perform close to their average vs. NYG who currently ranks #23 against this position","vs.  CINThis is a 3 star matchup. WRs perform close to their average vs. CIN who currently ranks #12 against this position","at  ARIThis is a 3 star matchup. WRs perform close to their average vs. ARI who currently ranks #24 against this position","at  TENThis is a 4 star matchup. WRs perform better than their average vs. TEN who currently ranks #3 against this position","vs.  HOUThis is a 3 star matchup. WRs perform close to their average vs. HOU who currently ranks #21 against this position","vs.  ATLThis is a 4 star matchup. WRs perform better than their average vs. ATL who currently ranks #4 against this position","at  MINThis is a 2 star matchup. WRs perform below their average vs. MIN who currently ranks #29 against this position","at  JACThis is a 2 star matchup. WRs perform below their average vs. JAC who currently ranks #28 against this position","vs.  DALThis is a 5 star matchup. WRs perform better than their average vs. DAL who currently ranks #1 against this position"
"123","Cyrus AllenC. Allen KC","vs.  DENThis is a 2 star matchup. WRs perform below their average vs. DEN who currently ranks #31 against this position","vs.  INDThis is a 3 star matchup. WRs perform close to their average vs. IND who currently ranks #16 against this position","at  MIAThis is a 5 star matchup. WRs perform better than their average vs. MIA who currently ranks #2 against this position","at  LVThis is a 3 star matchup. WRs perform close to their average vs. LV who currently ranks #19 against this position","BYE","vs.  LACThis is a 2 star matchup. WRs perform below their average vs. LAC who currently ranks #30 against this position","at  SEAThis is a 2 star matchup. WRs perform below their average vs. SEA who currently ranks #27 against this position","at  DENThis is a 2 star matchup. WRs perform below their average vs. DEN who currently ranks #31 against this position","vs.  NYJThis is a 4 star matchup. WRs perform close to their average vs. NYJ who currently ranks #9 against this position","at  ATLThis is a 4 star matchup. WRs perform better than their average vs. ATL who currently ranks #4 against this position","vs.  ARIThis is a 3 star matchup. WRs perform close to their average vs. ARI who currently ranks #24 against this position","at  BUFThis is a 3 star matchup. WRs perform close to their average vs. BUF who currently ranks #18 against this position","at  LARThis is a 3 star matchup. WRs perform close to their average vs. LAR who currently ranks #17 against this position","at  CINThis is a 3 star matchup. WRs perform close to their average vs. CIN who currently ranks #12 against this position","vs.  NEThis is a 4 star matchup. WRs perform better than their average vs. NE who currently ranks #6 against this position","vs.  SFThis is a 3 star matchup. WRs perform close to their average vs. SF who currently ranks #15 against this position","at  LACThis is a 2 star matchup. WRs perform below their average vs. LAC who currently ranks #30 against this position","vs.  LVThis is a 3 star matchup. WRs perform close to their average vs. LV who currently ranks #19 against this position"
"124","Joshua PalmerJ. Palmer BUF","at  HOUThis is a 3 star matchup. WRs perform close to their average vs. HOU who currently ranks #21 against this position","vs.  DETThis is a 4 star matchup. WRs perform better than their average vs. DET who currently ranks #8 against this position","vs.  LACThis is a 2 star matchup. WRs perform below their average vs. LAC who currently ranks #30 against this position","vs.  NEThis is a 4 star matchup. WRs perform better than their average vs. NE who currently ranks #6 against this position","at  LARThis is a 3 star matchup. WRs perform close to their average vs. LAR who currently ranks #17 against this position","at  LVThis is a 3 star matchup. WRs perform close to their average vs. LV who currently ranks #19 against this position","BYE","vs.  BALThis is a 3 star matchup. WRs perform close to their average vs. BAL who currently ranks #13 against this position","at  MINThis is a 2 star matchup. WRs perform below their average vs. MIN who currently ranks #29 against this position","at  NYJThis is a 4 star matchup. WRs perform close to their average vs. NYJ who currently ranks #9 against this position","vs.  MIAThis is a 5 star matchup. WRs perform better than their average vs. MIA who currently ranks #2 against this position","vs.  KCThis is a 2 star matchup. WRs perform close to their average vs. KC who currently ranks #25 against this position","at  NEThis is a 4 star matchup. WRs perform better than their average vs. NE who currently ranks #6 against this position","at  GBThis is a 3 star matchup. WRs perform close to their average vs. GB who currently ranks #14 against this position","vs.  CHIThis is a 4 star matchup. WRs perform better than their average vs. CHI who currently ranks #5 against this position","at  DENThis is a 2 star matchup. WRs perform below their average vs. DEN who currently ranks #31 against this position","at  MIAThis is a 5 star matchup. WRs perform better than their average vs. MIA who currently ranks #2 against this position","vs.  NYJThis is a 4 star matchup. WRs perform close to their average vs. NYJ who currently ranks #9 against this position"
"125","Kendrick BourneK. Bourne ARI","at  LACThis is a 2 star matchup. WRs perform below their average vs. LAC who currently ranks #30 against this position","vs.  SEAThis is a 2 star matchup. WRs perform below their average vs. SEA who currently ranks #27 against this position","at  SFThis is a 3 star matchup. WRs perform close to their average vs. SF who currently ranks #15 against this position","at  NYGThis is a 3 star matchup. WRs perform close to their average vs. NYG who currently ranks #23 against this position","vs.  DETThis is a 4 star matchup. WRs perform better than their average vs. DET who currently ranks #8 against this position","at  LARThis is a 3 star matchup. WRs perform close to their average vs. LAR who currently ranks #17 against this position","vs.  DENThis is a 2 star matchup. WRs perform below their average vs. DEN who currently ranks #31 against this position","at  DALThis is a 5 star matchup. WRs perform better than their average vs. DAL who currently ranks #1 against this position","at  SEAThis is a 2 star matchup. WRs perform below their average vs. SEA who currently ranks #27 against this position","vs.  LARThis is a 3 star matchup. WRs perform close to their average vs. LAR who currently ranks #17 against this position","at  KCThis is a 2 star matchup. WRs perform close to their average vs. KC who currently ranks #25 against this position","vs.  WASThis is a 4 star matchup. WRs perform better than their average vs. WAS who currently ranks #7 against this position","vs.  PHIThis is a 1 star matchup. WRs perform below their average vs. PHI who currently ranks #32 against this position","BYE","vs.  NYJThis is a 4 star matchup. WRs perform close to their average vs. NYJ who currently ranks #9 against this position","at  NOThis is a 4 star matchup. WRs perform close to their average vs. NO who currently ranks #11 against this position","vs.  LVThis is a 3 star matchup. WRs perform close to their average vs. LV who currently ranks #19 against this position","vs.  SFThis is a 3 star matchup. WRs perform close to their average vs. SF who currently ranks #15 against this position"
"126","Brenen ThompsonB. Thompson LAC","vs.  ARIThis is a 3 star matchup. WRs perform close to their average vs. ARI who currently ranks #24 against this position","vs.  LVThis is a 3 star matchup. WRs perform close to their average vs. LV who currently ranks #19 against this position","at  BUFThis is a 3 star matchup. WRs perform close to their average vs. BUF who currently ranks #18 against this position","at  SEAThis is a 2 star matchup. WRs perform below their average vs. SEA who currently ranks #27 against this position","vs.  DENThis is a 2 star matchup. WRs perform below their average vs. DEN who currently ranks #31 against this position","at  KCThis is a 2 star matchup. WRs perform close to their average vs. KC who currently ranks #25 against this position","BYE","at  LARThis is a 3 star matchup. WRs perform close to their average vs. LAR who currently ranks #17 against this position","vs.  HOUThis is a 3 star matchup. WRs perform close to their average vs. HOU who currently ranks #21 against this position","at  BALThis is a 3 star matchup. WRs perform close to their average vs. BAL who currently ranks #13 against this position","vs.  NYJThis is a 4 star matchup. WRs perform close to their average vs. NYJ who currently ranks #9 against this position","vs.  NEThis is a 4 star matchup. WRs perform better than their average vs. NE who currently ranks #6 against this position","at  TBThis is a 2 star matchup. WRs perform below their average vs. TB who currently ranks #26 against this position","at  LVThis is a 3 star matchup. WRs perform close to their average vs. LV who currently ranks #19 against this position","vs.  SFThis is a 3 star matchup. WRs perform close to their average vs. SF who currently ranks #15 against this position","at  MIAThis is a 5 star matchup. WRs perform better than their average vs. MIA who currently ranks #2 against this position","vs.  KCThis is a 2 star matchup. WRs perform close to their average vs. KC who currently ranks #25 against this position","at  DENThis is a 2 star matchup. WRs perform below their average vs. DEN who currently ranks #31 against this position"
"127","Dont'e Thornton Jr.D. Thornton Jr. LV","vs.  MIAThis is a 5 star matchup. WRs perform better than their average vs. MIA who currently ranks #2 against this position","at  LACThis is a 2 star matchup. WRs perform below their average vs. LAC who currently ranks #30 against this position","at  NOThis is a 4 star matchup. WRs perform close to their average vs. NO who currently ranks #11 against this position","vs.  KCThis is a 2 star matchup. WRs perform close to their average vs. KC who currently ranks #25 against this position","at  NEThis is a 4 star matchup. WRs perform better than their average vs. NE who currently ranks #6 against this position","vs.  BUFThis is a 3 star matchup. WRs perform close to their average vs. BUF who currently ranks #18 against this position","vs.  LARThis is a 3 star matchup. WRs perform close to their average vs. LAR who currently ranks #17 against this position","at  NYJThis is a 4 star matchup. WRs perform close to their average vs. NYJ who currently ranks #9 against this position","at  SFThis is a 3 star matchup. WRs perform close to their average vs. SF who currently ranks #15 against this position","vs.  SEAThis is a 2 star matchup. WRs perform below their average vs. SEA who currently ranks #27 against this position","at  DENThis is a 2 star matchup. WRs perform below their average vs. DEN who currently ranks #31 against this position","at  CLEThis is a 4 star matchup. WRs perform close to their average vs. CLE who currently ranks #10 against this position","BYE","vs.  LACThis is a 2 star matchup. WRs perform below their average vs. LAC who currently ranks #30 against this position","vs.  DENThis is a 2 star matchup. WRs perform below their average vs. DEN who currently ranks #31 against this position","vs.  TENThis is a 4 star matchup. WRs perform better than their average vs. TEN who currently ranks #3 against this position","at  ARIThis is a 3 star matchup. WRs perform close to their average vs. ARI who currently ranks #24 against this position","at  KCThis is a 2 star matchup. WRs perform close to their average vs. KC who currently ranks #25 against this position"
"128","Bryce LanceB. Lance NO","at  DETThis is a 4 star matchup. WRs perform better than their average vs. DET who currently ranks #8 against this position","at  BALThis is a 3 star matchup. WRs perform close to their average vs. BAL who currently ranks #13 against this position","vs.  LVThis is a 3 star matchup. WRs perform close to their average vs. LV who currently ranks #19 against this position","vs.  ATLThis is a 4 star matchup. WRs perform better than their average vs. ATL who currently ranks #4 against this position","vs.  MINThis is a 2 star matchup. WRs perform below their average vs. MIN who currently ranks #29 against this position","at  NYGThis is a 3 star matchup. WRs perform close to their average vs. NYG who currently ranks #23 against this position","vs.  PITThis is a 3 star matchup. WRs perform close to their average vs. PIT who currently ranks #22 against this position","BYE","vs.  CLEThis is a 4 star matchup. WRs perform close to their average vs. CLE who currently ranks #10 against this position","vs.  CARThis is a 3 star matchup. WRs perform close to their average vs. CAR who currently ranks #20 against this position","at  CHIThis is a 4 star matchup. WRs perform better than their average vs. CHI who currently ranks #5 against this position","at  CINThis is a 3 star matchup. WRs perform close to their average vs. CIN who currently ranks #12 against this position","vs.  GBThis is a 3 star matchup. WRs perform close to their average vs. GB who currently ranks #14 against this position","at  CARThis is a 3 star matchup. WRs perform close to their average vs. CAR who currently ranks #20 against this position","at  TBThis is a 2 star matchup. WRs perform below their average vs. TB who currently ranks #26 against this position","vs.  ARIThis is a 3 star matchup. WRs perform close to their average vs. ARI who currently ranks #24 against this position","at  ATLThis is a 4 star matchup. WRs perform better than their average vs. ATL who currently ranks #4 against this position","vs.  TBThis is a 2 star matchup. WRs perform below their average vs. TB who currently ranks #26 against this position"
"129","Jaylin LaneJ. Lane WAS","at  PHIThis is a 1 star matchup. WRs perform below their average vs. PHI who currently ranks #32 against this position","at  DALThis is a 5 star matchup. WRs perform better than their average vs. DAL who currently ranks #1 against this position","vs.  SEAThis is a 2 star matchup. WRs perform below their average vs. SEA who currently ranks #27 against this position","vs.  INDThis is a 3 star matchup. WRs perform close to their average vs. IND who currently ranks #16 against this position","vs.  NYGThis is a 3 star matchup. WRs perform close to their average vs. NYG who currently ranks #23 against this position","at  SFThis is a 3 star matchup. WRs perform close to their average vs. SF who currently ranks #15 against this position","BYE","vs.  PHIThis is a 1 star matchup. WRs perform below their average vs. PHI who currently ranks #32 against this position","vs.  LARThis is a 3 star matchup. WRs perform close to their average vs. LAR who currently ranks #17 against this position","at  NYGThis is a 3 star matchup. WRs perform close to their average vs. NYG who currently ranks #23 against this position","vs.  CINThis is a 3 star matchup. WRs perform close to their average vs. CIN who currently ranks #12 against this position","at  ARIThis is a 3 star matchup. WRs perform close to their average vs. ARI who currently ranks #24 against this position","at  TENThis is a 4 star matchup. WRs perform better than their average vs. TEN who currently ranks #3 against this position","vs.  HOUThis is a 3 star matchup. WRs perform close to their average vs. HOU who currently ranks #21 against this position","vs.  ATLThis is a 4 star matchup. WRs perform better than their average vs. ATL who currently ranks #4 against this position","at  MINThis is a 2 star matchup. WRs perform below their average vs. MIN who currently ranks #29 against this position","at  JACThis is a 2 star matchup. WRs perform below their average vs. JAC who currently ranks #28 against this position","vs.  DALThis is a 5 star matchup. WRs perform better than their average vs. DAL who currently ranks #1 against this position"
"130","John Metchie IIIJ. Metchie III CAR","vs.  CHIThis is a 4 star matchup. WRs perform better than their average vs. CHI who currently ranks #5 against this position","at  ATLThis is a 4 star matchup. WRs perform better than their average vs. ATL who currently ranks #4 against this position","at  CLEThis is a 4 star matchup. WRs perform close to their average vs. CLE who currently ranks #10 against this position","vs.  DETThis is a 4 star matchup. WRs perform better than their average vs. DET who currently ranks #8 against this position","BYE","at  PHIThis is a 1 star matchup. WRs perform below their average vs. PHI who currently ranks #32 against this position","vs.  TBThis is a 2 star matchup. WRs perform below their average vs. TB who currently ranks #26 against this position","at  GBThis is a 3 star matchup. WRs perform close to their average vs. GB who currently ranks #14 against this position","vs.  DENThis is a 2 star matchup. WRs perform below their average vs. DEN who currently ranks #31 against this position","at  NOThis is a 4 star matchup. WRs perform close to their average vs. NO who currently ranks #11 against this position","vs.  BALThis is a 3 star matchup. WRs perform close to their average vs. BAL who currently ranks #13 against this position","at  TBThis is a 2 star matchup. WRs perform below their average vs. TB who currently ranks #26 against this position","at  MINThis is a 2 star matchup. WRs perform below their average vs. MIN who currently ranks #29 against this position","vs.  NOThis is a 4 star matchup. WRs perform close to their average vs. NO who currently ranks #11 against this position","vs.  CINThis is a 3 star matchup. WRs perform close to their average vs. CIN who currently ranks #12 against this position","at  PITThis is a 3 star matchup. WRs perform close to their average vs. PIT who currently ranks #22 against this position","vs.  SEAThis is a 2 star matchup. WRs perform below their average vs. SEA who currently ranks #27 against this position","vs.  ATLThis is a 4 star matchup. WRs perform better than their average vs. ATL who currently ranks #4 against this position"
"131","Xavier HutchinsonX. Hutchinson HOU","vs.  BUFThis is a 3 star matchup. WRs perform close to their average vs. BUF who currently ranks #18 against this position","vs.  CINThis is a 3 star matchup. WRs perform close to their average vs. CIN who currently ranks #12 against this position","at  INDThis is a 3 star matchup. WRs perform close to their average vs. IND who currently ranks #16 against this position","vs.  DALThis is a 5 star matchup. WRs perform better than their average vs. DAL who currently ranks #1 against this position","at  TENThis is a 4 star matchup. WRs perform better than their average vs. TEN who currently ranks #3 against this position","at  JACThis is a 2 star matchup. WRs perform below their average vs. JAC who currently ranks #28 against this position","vs.  NYGThis is a 3 star matchup. WRs perform close to their average vs. NYG who currently ranks #23 against this position","BYE","at  LACThis is a 2 star matchup. WRs perform below their average vs. LAC who currently ranks #30 against this position","at  CLEThis is a 4 star matchup. WRs perform close to their average vs. CLE who currently ranks #10 against this position","vs.  INDThis is a 3 star matchup. WRs perform close to their average vs. IND who currently ranks #16 against this position","vs.  BALThis is a 3 star matchup. WRs perform close to their average vs. BAL who currently ranks #13 against this position","at  PITThis is a 3 star matchup. WRs perform close to their average vs. PIT who currently ranks #22 against this position","at  WASThis is a 4 star matchup. WRs perform better than their average vs. WAS who currently ranks #7 against this position","vs.  JACThis is a 2 star matchup. WRs perform below their average vs. JAC who currently ranks #28 against this position","at  PHIThis is a 1 star matchup. WRs perform below their average vs. PHI who currently ranks #32 against this position","at  GBThis is a 3 star matchup. WRs perform close to their average vs. GB who currently ranks #14 against this position","vs.  TENThis is a 4 star matchup. WRs perform better than their average vs. TEN who currently ranks #3 against this position"
"132","Savion WilliamsS. Williams GB","at  MINThis is a 2 star matchup. WRs perform below their average vs. MIN who currently ranks #29 against this position","at  NYJThis is a 4 star matchup. WRs perform close to their average vs. NYJ who currently ranks #9 against this position","vs.  ATLThis is a 4 star matchup. WRs perform better than their average vs. ATL who currently ranks #4 against this position","at  TBThis is a 2 star matchup. WRs perform below their average vs. TB who currently ranks #26 against this position","vs.  CHIThis is a 4 star matchup. WRs perform better than their average vs. CHI who currently ranks #5 against this position","vs.  DALThis is a 5 star matchup. WRs perform better than their average vs. DAL who currently ranks #1 against this position","at  DETThis is a 4 star matchup. WRs perform better than their average vs. DET who currently ranks #8 against this position","vs.  CARThis is a 3 star matchup. WRs perform close to their average vs. CAR who currently ranks #20 against this position","at  NEThis is a 4 star matchup. WRs perform better than their average vs. NE who currently ranks #6 against this position","vs.  MINThis is a 2 star matchup. WRs perform below their average vs. MIN who currently ranks #29 against this position","BYE","at  LARThis is a 3 star matchup. WRs perform close to their average vs. LAR who currently ranks #17 against this position","at  NOThis is a 4 star matchup. WRs perform close to their average vs. NO who currently ranks #11 against this position","vs.  BUFThis is a 3 star matchup. WRs perform close to their average vs. BUF who currently ranks #18 against this position","vs.  MIAThis is a 5 star matchup. WRs perform better than their average vs. MIA who currently ranks #2 against this position","at  CHIThis is a 4 star matchup. WRs perform better than their average vs. CHI who currently ranks #5 against this position","vs.  HOUThis is a 3 star matchup. WRs perform close to their average vs. HOU who currently ranks #21 against this position","vs.  DETThis is a 4 star matchup. WRs perform better than their average vs. DET who currently ranks #8 against this position"
"133","Tutu AtwellT. Atwell MIA","at  LVThis is a 3 star matchup. WRs perform close to their average vs. LV who currently ranks #19 against this position","at  SFThis is a 3 star matchup. WRs perform close to their average vs. SF who currently ranks #15 against this position","vs.  KCThis is a 2 star matchup. WRs perform close to their average vs. KC who currently ranks #25 against this position","at  MINThis is a 2 star matchup. WRs perform below their average vs. MIN who currently ranks #29 against this position","vs.  CINThis is a 3 star matchup. WRs perform close to their average vs. CIN who currently ranks #12 against this position","BYE","at  NYJThis is a 4 star matchup. WRs perform close to their average vs. NYJ who currently ranks #9 against this position","vs.  NEThis is a 4 star matchup. WRs perform better than their average vs. NE who currently ranks #6 against this position","vs.  DETThis is a 4 star matchup. WRs perform better than their average vs. DET who currently ranks #8 against this position","at  INDThis is a 3 star matchup. WRs perform close to their average vs. IND who currently ranks #16 against this position","at  BUFThis is a 3 star matchup. WRs perform close to their average vs. BUF who currently ranks #18 against this position","vs.  NYJThis is a 4 star matchup. WRs perform close to their average vs. NYJ who currently ranks #9 against this position","at  DENThis is a 2 star matchup. WRs perform below their average vs. DEN who currently ranks #31 against this position","vs.  CHIThis is a 4 star matchup. WRs perform better than their average vs. CHI who currently ranks #5 against this position","at  GBThis is a 3 star matchup. WRs perform close to their average vs. GB who currently ranks #14 against this position","vs.  LACThis is a 2 star matchup. WRs perform below their average vs. LAC who currently ranks #30 against this position","vs.  BUFThis is a 3 star matchup. WRs perform close to their average vs. BUF who currently ranks #18 against this position","at  NEThis is a 4 star matchup. WRs perform better than their average vs. NE who currently ranks #6 against this position"
"134","Kalif RaymondK. Raymond CHI","at  CARThis is a 3 star matchup. WRs perform close to their average vs. CAR who currently ranks #20 against this position","vs.  MINThis is a 2 star matchup. WRs perform below their average vs. MIN who currently ranks #29 against this position","vs.  PHIThis is a 1 star matchup. WRs perform below their average vs. PHI who currently ranks #32 against this position","vs.  NYJThis is a 4 star matchup. WRs perform close to their average vs. NYJ who currently ranks #9 against this position","at  GBThis is a 3 star matchup. WRs perform close to their average vs. GB who currently ranks #14 against this position","at  ATLThis is a 4 star matchup. WRs perform better than their average vs. ATL who currently ranks #4 against this position","vs.  NEThis is a 4 star matchup. WRs perform better than their average vs. NE who currently ranks #6 against this position","at  SEAThis is a 2 star matchup. WRs perform below their average vs. SEA who currently ranks #27 against this position","vs.  TBThis is a 2 star matchup. WRs perform below their average vs. TB who currently ranks #26 against this position","BYE","vs.  NOThis is a 4 star matchup. WRs perform close to their average vs. NO who currently ranks #11 against this position","at  DETThis is a 4 star matchup. WRs perform better than their average vs. DET who currently ranks #8 against this position","vs.  JACThis is a 2 star matchup. WRs perform below their average vs. JAC who currently ranks #28 against this position","at  MIAThis is a 5 star matchup. WRs perform better than their average vs. MIA who currently ranks #2 against this position","at  BUFThis is a 3 star matchup. WRs perform close to their average vs. BUF who currently ranks #18 against this position","vs.  GBThis is a 3 star matchup. WRs perform close to their average vs. GB who currently ranks #14 against this position","vs.  DETThis is a 4 star matchup. WRs perform better than their average vs. DET who currently ranks #8 against this position","at  MINThis is a 2 star matchup. WRs perform below their average vs. MIN who currently ranks #29 against this position"
"135","Kevin Coleman Jr.K. Coleman Jr. MIA","at  LVThis is a 3 star matchup. WRs perform close to their average vs. LV who currently ranks #19 against this position","at  SFThis is a 3 star matchup. WRs perform close to their average vs. SF who currently ranks #15 against this position","vs.  KCThis is a 2 star matchup. WRs perform close to their average vs. KC who currently ranks #25 against this position","at  MINThis is a 2 star matchup. WRs perform below their average vs. MIN who currently ranks #29 against this position","vs.  CINThis is a 3 star matchup. WRs perform close to their average vs. CIN who currently ranks #12 against this position","BYE","at  NYJThis is a 4 star matchup. WRs perform close to their average vs. NYJ who currently ranks #9 against this position","vs.  NEThis is a 4 star matchup. WRs perform better than their average vs. NE who currently ranks #6 against this position","vs.  DETThis is a 4 star matchup. WRs perform better than their average vs. DET who currently ranks #8 against this position","at  INDThis is a 3 star matchup. WRs perform close to their average vs. IND who currently ranks #16 against this position","at  BUFThis is a 3 star matchup. WRs perform close to their average vs. BUF who currently ranks #18 against this position","vs.  NYJThis is a 4 star matchup. WRs perform close to their average vs. NYJ who currently ranks #9 against this position","at  DENThis is a 2 star matchup. WRs perform below their average vs. DEN who currently ranks #31 against this position","vs.  CHIThis is a 4 star matchup. WRs perform better than their average vs. CHI who currently ranks #5 against this position","at  GBThis is a 3 star matchup. WRs perform close to their average vs. GB who currently ranks #14 against this position","vs.  LACThis is a 2 star matchup. WRs perform below their average vs. LAC who currently ranks #30 against this position","vs.  BUFThis is a 3 star matchup. WRs perform close to their average vs. BUF who currently ranks #18 against this position","at  NEThis is a 4 star matchup. WRs perform better than their average vs. NE who currently ranks #6 against this position"
"136","KaVontae TurpinK. Turpin DAL","at  NYGThis is a 3 star matchup. WRs perform close to their average vs. NYG who currently ranks #23 against this position","vs.  WASThis is a 4 star matchup. WRs perform better than their average vs. WAS who currently ranks #7 against this position","vs.  BALThis is a 3 star matchup. WRs perform close to their average vs. BAL who currently ranks #13 against this position","at  HOUThis is a 3 star matchup. WRs perform close to their average vs. HOU who currently ranks #21 against this position","vs.  TBThis is a 2 star matchup. WRs perform below their average vs. TB who currently ranks #26 against this position","at  GBThis is a 3 star matchup. WRs perform close to their average vs. GB who currently ranks #14 against this position","at  PHIThis is a 1 star matchup. WRs perform below their average vs. PHI who currently ranks #32 against this position","vs.  ARIThis is a 3 star matchup. WRs perform close to their average vs. ARI who currently ranks #24 against this position","at  INDThis is a 3 star matchup. WRs perform close to their average vs. IND who currently ranks #16 against this position","vs.  SFThis is a 3 star matchup. WRs perform close to their average vs. SF who currently ranks #15 against this position","vs.  TENThis is a 4 star matchup. WRs perform better than their average vs. TEN who currently ranks #3 against this position","vs.  PHIThis is a 1 star matchup. WRs perform below their average vs. PHI who currently ranks #32 against this position","at  SEAThis is a 2 star matchup. WRs perform below their average vs. SEA who currently ranks #27 against this position","BYE","at  LARThis is a 3 star matchup. WRs perform close to their average vs. LAR who currently ranks #17 against this position","vs.  JACThis is a 2 star matchup. WRs perform below their average vs. JAC who currently ranks #28 against this position","vs.  NYGThis is a 3 star matchup. WRs perform close to their average vs. NYG who currently ranks #23 against this position","at  WASThis is a 4 star matchup. WRs perform better than their average vs. WAS who currently ranks #7 against this position"
"137","Jordan WhittingtonJ. Whittington LAR","vs.  SFThis is a 3 star matchup. WRs perform close to their average vs. SF who currently ranks #15 against this position","vs.  NYGThis is a 3 star matchup. WRs perform close to their average vs. NYG who currently ranks #23 against this position","at  DENThis is a 2 star matchup. WRs perform below their average vs. DEN who currently ranks #31 against this position","at  PHIThis is a 1 star matchup. WRs perform below their average vs. PHI who currently ranks #32 against this position","vs.  BUFThis is a 3 star matchup. WRs perform close to their average vs. BUF who currently ranks #18 against this position","vs.  ARIThis is a 3 star matchup. WRs perform close to their average vs. ARI who currently ranks #24 against this position","at  LVThis is a 3 star matchup. WRs perform close to their average vs. LV who currently ranks #19 against this position","vs.  LACThis is a 2 star matchup. WRs perform below their average vs. LAC who currently ranks #30 against this position","at  WASThis is a 4 star matchup. WRs perform better than their average vs. WAS who currently ranks #7 against this position","at  ARIThis is a 3 star matchup. WRs perform close to their average vs. ARI who currently ranks #24 against this position","BYE","vs.  GBThis is a 3 star matchup. WRs perform close to their average vs. GB who currently ranks #14 against this position","vs.  KCThis is a 2 star matchup. WRs perform close to their average vs. KC who currently ranks #25 against this position","at  SFThis is a 3 star matchup. WRs perform close to their average vs. SF who currently ranks #15 against this position","vs.  DALThis is a 5 star matchup. WRs perform better than their average vs. DAL who currently ranks #1 against this position","at  SEAThis is a 2 star matchup. WRs perform below their average vs. SEA who currently ranks #27 against this position","at  TBThis is a 2 star matchup. WRs perform below their average vs. TB who currently ranks #26 against this position","vs.  SEAThis is a 2 star matchup. WRs perform below their average vs. SEA who currently ranks #27 against this position"
"138","Nick Westbrook-IkhineN. Westbrook-Ikhine IND","vs.  BALThis is a 3 star matchup. WRs perform close to their average vs. BAL who currently ranks #13 against this position","at  KCThis is a 2 star matchup. WRs perform close to their average vs. KC who currently ranks #25 against this position","vs.  HOUThis is a 3 star matchup. WRs perform close to their average vs. HOU who currently ranks #21 against this position","at  WASThis is a 4 star matchup. WRs perform better than their average vs. WAS who currently ranks #7 against this position","at  PITThis is a 3 star matchup. WRs perform close to their average vs. PIT who currently ranks #22 against this position","vs.  TENThis is a 4 star matchup. WRs perform better than their average vs. TEN who currently ranks #3 against this position","at  MINThis is a 2 star matchup. WRs perform below their average vs. MIN who currently ranks #29 against this position","at  JACThis is a 2 star matchup. WRs perform below their average vs. JAC who currently ranks #28 against this position","vs.  DALThis is a 5 star matchup. WRs perform better than their average vs. DAL who currently ranks #1 against this position","vs.  MIAThis is a 5 star matchup. WRs perform better than their average vs. MIA who currently ranks #2 against this position","at  HOUThis is a 3 star matchup. WRs perform close to their average vs. HOU who currently ranks #21 against this position","vs.  NYGThis is a 3 star matchup. WRs perform close to their average vs. NYG who currently ranks #23 against this position","BYE","at  PHIThis is a 1 star matchup. WRs perform below their average vs. PHI who currently ranks #32 against this position","at  TENThis is a 4 star matchup. WRs perform better than their average vs. TEN who currently ranks #3 against this position","vs.  CINThis is a 3 star matchup. WRs perform close to their average vs. CIN who currently ranks #12 against this position","at  CLEThis is a 4 star matchup. WRs perform close to their average vs. CLE who currently ranks #10 against this position","vs.  JACThis is a 2 star matchup. WRs perform below their average vs. JAC who currently ranks #28 against this position"
"139","Dyami BrownD. Brown WAS","at  PHIThis is a 1 star matchup. WRs perform below their average vs. PHI who currently ranks #32 against this position","at  DALThis is a 5 star matchup. WRs perform better than their average vs. DAL who currently ranks #1 against this position","vs.  SEAThis is a 2 star matchup. WRs perform below their average vs. SEA who currently ranks #27 against this position","vs.  INDThis is a 3 star matchup. WRs perform close to their average vs. IND who currently ranks #16 against this position","vs.  NYGThis is a 3 star matchup. WRs perform close to their average vs. NYG who currently ranks #23 against this position","at  SFThis is a 3 star matchup. WRs perform close to their average vs. SF who currently ranks #15 against this position","BYE","vs.  PHIThis is a 1 star matchup. WRs perform below their average vs. PHI who currently ranks #32 against this position","vs.  LARThis is a 3 star matchup. WRs perform close to their average vs. LAR who currently ranks #17 against this position","at  NYGThis is a 3 star matchup. WRs perform close to their average vs. NYG who currently ranks #23 against this position","vs.  CINThis is a 3 star matchup. WRs perform close to their average vs. CIN who currently ranks #12 against this position","at  ARIThis is a 3 star matchup. WRs perform close to their average vs. ARI who currently ranks #24 against this position","at  TENThis is a 4 star matchup. WRs perform better than their average vs. TEN who currently ranks #3 against this position","vs.  HOUThis is a 3 star matchup. WRs perform close to their average vs. HOU who currently ranks #21 against this position","vs.  ATLThis is a 4 star matchup. WRs perform better than their average vs. ATL who currently ranks #4 against this position","at  MINThis is a 2 star matchup. WRs perform below their average vs. MIN who currently ranks #29 against this position","at  JACThis is a 2 star matchup. WRs perform below their average vs. JAC who currently ranks #28 against this position","vs.  DALThis is a 5 star matchup. WRs perform better than their average vs. DAL who currently ranks #1 against this position"
"140","Zavion ThomasZ. Thomas CHI","at  CARThis is a 3 star matchup. WRs perform close to their average vs. CAR who currently ranks #20 against this position","vs.  MINThis is a 2 star matchup. WRs perform below their average vs. MIN who currently ranks #29 against this position","vs.  PHIThis is a 1 star matchup. WRs perform below their average vs. PHI who currently ranks #32 against this position","vs.  NYJThis is a 4 star matchup. WRs perform close to their average vs. NYJ who currently ranks #9 against this position","at  GBThis is a 3 star matchup. WRs perform close to their average vs. GB who currently ranks #14 against this position","at  ATLThis is a 4 star matchup. WRs perform better than their average vs. ATL who currently ranks #4 against this position","vs.  NEThis is a 4 star matchup. WRs perform better than their average vs. NE who currently ranks #6 against this position","at  SEAThis is a 2 star matchup. WRs perform below their average vs. SEA who currently ranks #27 against this position","vs.  TBThis is a 2 star matchup. WRs perform below their average vs. TB who currently ranks #26 against this position","BYE","vs.  NOThis is a 4 star matchup. WRs perform close to their average vs. NO who currently ranks #11 against this position","at  DETThis is a 4 star matchup. WRs perform better than their average vs. DET who currently ranks #8 against this position","vs.  JACThis is a 2 star matchup. WRs perform below their average vs. JAC who currently ranks #28 against this position","at  MIAThis is a 5 star matchup. WRs perform better than their average vs. MIA who currently ranks #2 against this position","at  BUFThis is a 3 star matchup. WRs perform close to their average vs. BUF who currently ranks #18 against this position","vs.  GBThis is a 3 star matchup. WRs perform close to their average vs. GB who currently ranks #14 against this position","vs.  DETThis is a 4 star matchup. WRs perform better than their average vs. DET who currently ranks #8 against this position","at  MINThis is a 2 star matchup. WRs perform below their average vs. MIN who currently ranks #29 against this position"
"141","Devontez WalkerD. Walker BAL","at  INDThis is a 3 star matchup. WRs perform close to their average vs. IND who currently ranks #16 against this position","vs.  NOThis is a 4 star matchup. WRs perform close to their average vs. NO who currently ranks #11 against this position","at  DALThis is a 5 star matchup. WRs perform better than their average vs. DAL who currently ranks #1 against this position","vs.  TENThis is a 4 star matchup. WRs perform better than their average vs. TEN who currently ranks #3 against this position","at  ATLThis is a 4 star matchup. WRs perform better than their average vs. ATL who currently ranks #4 against this position","at  CLEThis is a 4 star matchup. WRs perform close to their average vs. CLE who currently ranks #10 against this position","vs.  CINThis is a 3 star matchup. WRs perform close to their average vs. CIN who currently ranks #12 against this position","at  BUFThis is a 3 star matchup. WRs perform close to their average vs. BUF who currently ranks #18 against this position","vs.  JACThis is a 2 star matchup. WRs perform below their average vs. JAC who currently ranks #28 against this position","vs.  LACThis is a 2 star matchup. WRs perform below their average vs. LAC who currently ranks #30 against this position","at  CARThis is a 3 star matchup. WRs perform close to their average vs. CAR who currently ranks #20 against this position","at  HOUThis is a 3 star matchup. WRs perform close to their average vs. HOU who currently ranks #21 against this position","BYE","vs.  TBThis is a 2 star matchup. WRs perform below their average vs. TB who currently ranks #26 against this position","at  PITThis is a 3 star matchup. WRs perform close to their average vs. PIT who currently ranks #22 against this position","vs.  CLEThis is a 4 star matchup. WRs perform close to their average vs. CLE who currently ranks #10 against this position","at  CINThis is a 3 star matchup. WRs perform close to their average vs. CIN who currently ranks #12 against this position","vs.  PITThis is a 3 star matchup. WRs perform close to their average vs. PIT who currently ranks #22 against this position"
"142","Deion BurksD. Burks IND","vs.  BALThis is a 3 star matchup. WRs perform close to their average vs. BAL who currently ranks #13 against this position","at  KCThis is a 2 star matchup. WRs perform close to their average vs. KC who currently ranks #25 against this position","vs.  HOUThis is a 3 star matchup. WRs perform close to their average vs. HOU who currently ranks #21 against this position","at  WASThis is a 4 star matchup. WRs perform better than their average vs. WAS who currently ranks #7 against this position","at  PITThis is a 3 star matchup. WRs perform close to their average vs. PIT who currently ranks #22 against this position","vs.  TENThis is a 4 star matchup. WRs perform better than their average vs. TEN who currently ranks #3 against this position","at  MINThis is a 2 star matchup. WRs perform below their average vs. MIN who currently ranks #29 against this position","at  JACThis is a 2 star matchup. WRs perform below their average vs. JAC who currently ranks #28 against this position","vs.  DALThis is a 5 star matchup. WRs perform better than their average vs. DAL who currently ranks #1 against this position","vs.  MIAThis is a 5 star matchup. WRs perform better than their average vs. MIA who currently ranks #2 against this position","at  HOUThis is a 3 star matchup. WRs perform close to their average vs. HOU who currently ranks #21 against this position","vs.  NYGThis is a 3 star matchup. WRs perform close to their average vs. NYG who currently ranks #23 against this position","BYE","at  PHIThis is a 1 star matchup. WRs perform below their average vs. PHI who currently ranks #32 against this position","at  TENThis is a 4 star matchup. WRs perform better than their average vs. TEN who currently ranks #3 against this position","vs.  CINThis is a 3 star matchup. WRs perform close to their average vs. CIN who currently ranks #12 against this position","at  CLEThis is a 4 star matchup. WRs perform close to their average vs. CLE who currently ranks #10 against this position","vs.  JACThis is a 2 star matchup. WRs perform below their average vs. JAC who currently ranks #28 against this position"
"143","Malik BensonM. Benson LV","vs.  MIAThis is a 5 star matchup. WRs perform better than their average vs. MIA who currently ranks #2 against this position","at  LACThis is a 2 star matchup. WRs perform below their average vs. LAC who currently ranks #30 against this position","at  NOThis is a 4 star matchup. WRs perform close to their average vs. NO who currently ranks #11 against this position","vs.  KCThis is a 2 star matchup. WRs perform close to their average vs. KC who currently ranks #25 against this position","at  NEThis is a 4 star matchup. WRs perform better than their average vs. NE who currently ranks #6 against this position","vs.  BUFThis is a 3 star matchup. WRs perform close to their average vs. BUF who currently ranks #18 against this position","vs.  LARThis is a 3 star matchup. WRs perform close to their average vs. LAR who currently ranks #17 against this position","at  NYJThis is a 4 star matchup. WRs perform close to their average vs. NYJ who currently ranks #9 against this position","at  SFThis is a 3 star matchup. WRs perform close to their average vs. SF who currently ranks #15 against this position","vs.  SEAThis is a 2 star matchup. WRs perform below their average vs. SEA who currently ranks #27 against this position","at  DENThis is a 2 star matchup. WRs perform below their average vs. DEN who currently ranks #31 against this position","at  CLEThis is a 4 star matchup. WRs perform close to their average vs. CLE who currently ranks #10 against this position","BYE","vs.  LACThis is a 2 star matchup. WRs perform below their average vs. LAC who currently ranks #30 against this position","vs.  DENThis is a 2 star matchup. WRs perform below their average vs. DEN who currently ranks #31 against this position","vs.  TENThis is a 4 star matchup. WRs perform better than their average vs. TEN who currently ranks #3 against this position","at  ARIThis is a 3 star matchup. WRs perform close to their average vs. ARI who currently ranks #24 against this position","at  KCThis is a 2 star matchup. WRs perform close to their average vs. KC who currently ranks #25 against this position"
"144","Ashton DulinA. Dulin IND","vs.  BALThis is a 3 star matchup. WRs perform close to their average vs. BAL who currently ranks #13 against this position","at  KCThis is a 2 star matchup. WRs perform close to their average vs. KC who currently ranks #25 against this position","vs.  HOUThis is a 3 star matchup. WRs perform close to their average vs. HOU who currently ranks #21 against this position","at  WASThis is a 4 star matchup. WRs perform better than their average vs. WAS who currently ranks #7 against this position","at  PITThis is a 3 star matchup. WRs perform close to their average vs. PIT who currently ranks #22 against this position","vs.  TENThis is a 4 star matchup. WRs perform better than their average vs. TEN who currently ranks #3 against this position","at  MINThis is a 2 star matchup. WRs perform below their average vs. MIN who currently ranks #29 against this position","at  JACThis is a 2 star matchup. WRs perform below their average vs. JAC who currently ranks #28 against this position","vs.  DALThis is a 5 star matchup. WRs perform better than their average vs. DAL who currently ranks #1 against this position","vs.  MIAThis is a 5 star matchup. WRs perform better than their average vs. MIA who currently ranks #2 against this position","at  HOUThis is a 3 star matchup. WRs perform close to their average vs. HOU who currently ranks #21 against this position","vs.  NYGThis is a 3 star matchup. WRs perform close to their average vs. NYG who currently ranks #23 against this position","BYE","at  PHIThis is a 1 star matchup. WRs perform below their average vs. PHI who currently ranks #32 against this position","at  TENThis is a 4 star matchup. WRs perform better than their average vs. TEN who currently ranks #3 against this position","vs.  CINThis is a 3 star matchup. WRs perform close to their average vs. CIN who currently ranks #12 against this position","at  CLEThis is a 4 star matchup. WRs perform close to their average vs. CLE who currently ranks #10 against this position","vs.  JACThis is a 2 star matchup. WRs perform below their average vs. JAC who currently ranks #28 against this position"
"145","Demarcus RobinsonD. Robinson SF","at  LARThis is a 3 star matchup. WRs perform close to their average vs. LAR who currently ranks #17 against this position","vs.  MIAThis is a 5 star matchup. WRs perform better than their average vs. MIA who currently ranks #2 against this position","vs.  ARIThis is a 3 star matchup. WRs perform close to their average vs. ARI who currently ranks #24 against this position","vs.  DENThis is a 2 star matchup. WRs perform below their average vs. DEN who currently ranks #31 against this position","at  SEAThis is a 2 star matchup. WRs perform below their average vs. SEA who currently ranks #27 against this position","vs.  WASThis is a 4 star matchup. WRs perform better than their average vs. WAS who currently ranks #7 against this position","at  ATLThis is a 4 star matchup. WRs perform better than their average vs. ATL who currently ranks #4 against this position","BYE","vs.  LVThis is a 3 star matchup. WRs perform close to their average vs. LV who currently ranks #19 against this position","at  DALThis is a 5 star matchup. WRs perform better than their average vs. DAL who currently ranks #1 against this position","vs.  MINThis is a 2 star matchup. WRs perform below their average vs. MIN who currently ranks #29 against this position","vs.  SEAThis is a 2 star matchup. WRs perform below their average vs. SEA who currently ranks #27 against this position","at  NYGThis is a 3 star matchup. WRs perform close to their average vs. NYG who currently ranks #23 against this position","vs.  LARThis is a 3 star matchup. WRs perform close to their average vs. LAR who currently ranks #17 against this position","at  LACThis is a 2 star matchup. WRs perform below their average vs. LAC who currently ranks #30 against this position","at  KCThis is a 2 star matchup. WRs perform close to their average vs. KC who currently ranks #25 against this position","vs.  PHIThis is a 1 star matchup. WRs perform below their average vs. PHI who currently ranks #32 against this position","at  ARIThis is a 3 star matchup. WRs perform close to their average vs. ARI who currently ranks #24 against this position"
"146","Greg DortchG. Dortch DET","vs.  NOThis is a 4 star matchup. WRs perform close to their average vs. NO who currently ranks #11 against this position","at  BUFThis is a 3 star matchup. WRs perform close to their average vs. BUF who currently ranks #18 against this position","vs.  NYJThis is a 4 star matchup. WRs perform close to their average vs. NYJ who currently ranks #9 against this position","at  CARThis is a 3 star matchup. WRs perform close to their average vs. CAR who currently ranks #20 against this position","at  ARIThis is a 3 star matchup. WRs perform close to their average vs. ARI who currently ranks #24 against this position","BYE","vs.  GBThis is a 3 star matchup. WRs perform close to their average vs. GB who currently ranks #14 against this position","vs.  MINThis is a 2 star matchup. WRs perform below their average vs. MIN who currently ranks #29 against this position","at  MIAThis is a 5 star matchup. WRs perform better than their average vs. MIA who currently ranks #2 against this position","vs.  NEThis is a 4 star matchup. WRs perform better than their average vs. NE who currently ranks #6 against this position","vs.  TBThis is a 2 star matchup. WRs perform below their average vs. TB who currently ranks #26 against this position","vs.  CHIThis is a 4 star matchup. WRs perform better than their average vs. CHI who currently ranks #5 against this position","at  ATLThis is a 4 star matchup. WRs perform better than their average vs. ATL who currently ranks #4 against this position","vs.  TENThis is a 4 star matchup. WRs perform better than their average vs. TEN who currently ranks #3 against this position","at  MINThis is a 2 star matchup. WRs perform below their average vs. MIN who currently ranks #29 against this position","vs.  NYGThis is a 3 star matchup. WRs perform close to their average vs. NYG who currently ranks #23 against this position","at  CHIThis is a 4 star matchup. WRs perform better than their average vs. CHI who currently ranks #5 against this position","at  GBThis is a 3 star matchup. WRs perform close to their average vs. GB who currently ranks #14 against this position"
"147","CJ DanielsCJ Daniels LAR","vs.  SFThis is a 3 star matchup. WRs perform close to their average vs. SF who currently ranks #15 against this position","vs.  NYGThis is a 3 star matchup. WRs perform close to their average vs. NYG who currently ranks #23 against this position","at  DENThis is a 2 star matchup. WRs perform below their average vs. DEN who currently ranks #31 against this position","at  PHIThis is a 1 star matchup. WRs perform below their average vs. PHI who currently ranks #32 against this position","vs.  BUFThis is a 3 star matchup. WRs perform close to their average vs. BUF who currently ranks #18 against this position","vs.  ARIThis is a 3 star matchup. WRs perform close to their average vs. ARI who currently ranks #24 against this position","at  LVThis is a 3 star matchup. WRs perform close to their average vs. LV who currently ranks #19 against this position","vs.  LACThis is a 2 star matchup. WRs perform below their average vs. LAC who currently ranks #30 against this position","at  WASThis is a 4 star matchup. WRs perform better than their average vs. WAS who currently ranks #7 against this position","at  ARIThis is a 3 star matchup. WRs perform close to their average vs. ARI who currently ranks #24 against this position","BYE","vs.  GBThis is a 3 star matchup. WRs perform close to their average vs. GB who currently ranks #14 against this position","vs.  KCThis is a 2 star matchup. WRs perform close to their average vs. KC who currently ranks #25 against this position","at  SFThis is a 3 star matchup. WRs perform close to their average vs. SF who currently ranks #15 against this position","vs.  DALThis is a 5 star matchup. WRs perform better than their average vs. DAL who currently ranks #1 against this position","at  SEAThis is a 2 star matchup. WRs perform below their average vs. SEA who currently ranks #27 against this position","at  TBThis is a 2 star matchup. WRs perform below their average vs. TB who currently ranks #26 against this position","vs.  SEAThis is a 2 star matchup. WRs perform below their average vs. SEA who currently ranks #27 against this position"
"148","Mitch TinsleyM. Tinsley CIN","vs.  TBThis is a 2 star matchup. WRs perform below their average vs. TB who currently ranks #26 against this position","at  HOUThis is a 3 star matchup. WRs perform close to their average vs. HOU who currently ranks #21 against this position","at  PITThis is a 3 star matchup. WRs perform close to their average vs. PIT who currently ranks #22 against this position","vs.  JACThis is a 2 star matchup. WRs perform below their average vs. JAC who currently ranks #28 against this position","at  MIAThis is a 5 star matchup. WRs perform better than their average vs. MIA who currently ranks #2 against this position","BYE","at  BALThis is a 3 star matchup. WRs perform close to their average vs. BAL who currently ranks #13 against this position","vs.  TENThis is a 4 star matchup. WRs perform better than their average vs. TEN who currently ranks #3 against this position","at  ATLThis is a 4 star matchup. WRs perform better than their average vs. ATL who currently ranks #4 against this position","vs.  PITThis is a 3 star matchup. WRs perform close to their average vs. PIT who currently ranks #22 against this position","at  WASThis is a 4 star matchup. WRs perform better than their average vs. WAS who currently ranks #7 against this position","vs.  NOThis is a 4 star matchup. WRs perform close to their average vs. NO who currently ranks #11 against this position","at  CLEThis is a 4 star matchup. WRs perform close to their average vs. CLE who currently ranks #10 against this position","vs.  KCThis is a 2 star matchup. WRs perform close to their average vs. KC who currently ranks #25 against this position","at  CARThis is a 3 star matchup. WRs perform close to their average vs. CAR who currently ranks #20 against this position","at  INDThis is a 3 star matchup. WRs perform close to their average vs. IND who currently ranks #16 against this position","vs.  BALThis is a 3 star matchup. WRs perform close to their average vs. BAL who currently ranks #13 against this position","vs.  CLEThis is a 4 star matchup. WRs perform close to their average vs. CLE who currently ranks #10 against this position"
"149","Colbie YoungC. Young CIN","vs.  TBThis is a 2 star matchup. WRs perform below their average vs. TB who currently ranks #26 against this position","at  HOUThis is a 3 star matchup. WRs perform close to their average vs. HOU who currently ranks #21 against this position","at  PITThis is a 3 star matchup. WRs perform close to their average vs. PIT who currently ranks #22 against this position","vs.  JACThis is a 2 star matchup. WRs perform below their average vs. JAC who currently ranks #28 against this position","at  MIAThis is a 5 star matchup. WRs perform better than their average vs. MIA who currently ranks #2 against this position","BYE","at  BALThis is a 3 star matchup. WRs perform close to their average vs. BAL who currently ranks #13 against this position","vs.  TENThis is a 4 star matchup. WRs perform better than their average vs. TEN who currently ranks #3 against this position","at  ATLThis is a 4 star matchup. WRs perform better than their average vs. ATL who currently ranks #4 against this position","vs.  PITThis is a 3 star matchup. WRs perform close to their average vs. PIT who currently ranks #22 against this position","at  WASThis is a 4 star matchup. WRs perform better than their average vs. WAS who currently ranks #7 against this position","vs.  NOThis is a 4 star matchup. WRs perform close to their average vs. NO who currently ranks #11 against this position","at  CLEThis is a 4 star matchup. WRs perform close to their average vs. CLE who currently ranks #10 against this position","vs.  KCThis is a 2 star matchup. WRs perform close to their average vs. KC who currently ranks #25 against this position","at  CARThis is a 3 star matchup. WRs perform close to their average vs. CAR who currently ranks #20 against this position","at  INDThis is a 3 star matchup. WRs perform close to their average vs. IND who currently ranks #16 against this position","vs.  BALThis is a 3 star matchup. WRs perform close to their average vs. BAL who currently ranks #13 against this position","vs.  CLEThis is a 4 star matchup. WRs perform close to their average vs. CLE who currently ranks #10 against this position"
"150","Tim PatrickT. Patrick NYJ","at  TENThis is a 4 star matchup. WRs perform better than their average vs. TEN who currently ranks #3 against this position","vs.  GBThis is a 3 star matchup. WRs perform close to their average vs. GB who currently ranks #14 against this position","at  DETThis is a 4 star matchup. WRs perform better than their average vs. DET who currently ranks #8 against this position","at  CHIThis is a 4 star matchup. WRs perform better than their average vs. CHI who currently ranks #5 against this position","vs.  CLEThis is a 4 star matchup. WRs perform close to their average vs. CLE who currently ranks #10 against this position","at  NEThis is a 4 star matchup. WRs perform better than their average vs. NE who currently ranks #6 against this position","vs.  MIAThis is a 5 star matchup. WRs perform better than their average vs. MIA who currently ranks #2 against this position","vs.  LVThis is a 3 star matchup. WRs perform close to their average vs. LV who currently ranks #19 against this position","at  KCThis is a 2 star matchup. WRs perform close to their average vs. KC who currently ranks #25 against this position","vs.  BUFThis is a 3 star matchup. WRs perform close to their average vs. BUF who currently ranks #18 against this position","at  LACThis is a 2 star matchup. WRs perform below their average vs. LAC who currently ranks #30 against this position","at  MIAThis is a 5 star matchup. WRs perform better than their average vs. MIA who currently ranks #2 against this position","BYE","vs.  DENThis is a 2 star matchup. WRs perform below their average vs. DEN who currently ranks #31 against this position","at  ARIThis is a 3 star matchup. WRs perform close to their average vs. ARI who currently ranks #24 against this position","vs.  NEThis is a 4 star matchup. WRs perform better than their average vs. NE who currently ranks #6 against this position","vs.  MINThis is a 2 star matchup. WRs perform below their average vs. MIN who currently ranks #29 against this position","at  BUFThis is a 3 star matchup. WRs perform close to their average vs. BUF who currently ranks #18 against this position"
"151","Marquez Valdes-ScantlingM. Valdes-Scantling DAL","at  NYGThis is a 3 star matchup. WRs perform close to their average vs. NYG who currently ranks #23 against this position","vs.  WASThis is a 4 star matchup. WRs perform better than their average vs. WAS who currently ranks #7 against this position","vs.  BALThis is a 3 star matchup. WRs perform close to their average vs. BAL who currently ranks #13 against this position","at  HOUThis is a 3 star matchup. WRs perform close to their average vs. HOU who currently ranks #21 against this position","vs.  TBThis is a 2 star matchup. WRs perform below their average vs. TB who currently ranks #26 against this position","at  GBThis is a 3 star matchup. WRs perform close to their average vs. GB who currently ranks #14 against this position","at  PHIThis is a 1 star matchup. WRs perform below their average vs. PHI who currently ranks #32 against this position","vs.  ARIThis is a 3 star matchup. WRs perform close to their average vs. ARI who currently ranks #24 against this position","at  INDThis is a 3 star matchup. WRs perform close to their average vs. IND who currently ranks #16 against this position","vs.  SFThis is a 3 star matchup. WRs perform close to their average vs. SF who currently ranks #15 against this position","vs.  TENThis is a 4 star matchup. WRs perform better than their average vs. TEN who currently ranks #3 against this position","vs.  PHIThis is a 1 star matchup. WRs perform below their average vs. PHI who currently ranks #32 against this position","at  SEAThis is a 2 star matchup. WRs perform below their average vs. SEA who currently ranks #27 against this position","BYE","at  LARThis is a 3 star matchup. WRs perform close to their average vs. LAR who currently ranks #17 against this position","vs.  JACThis is a 2 star matchup. WRs perform below their average vs. JAC who currently ranks #28 against this position","vs.  NYGThis is a 3 star matchup. WRs perform close to their average vs. NYG who currently ranks #23 against this position","at  WASThis is a 4 star matchup. WRs perform better than their average vs. WAS who currently ranks #7 against this position"
"152","Roman WilsonR. Wilson PIT","vs.  ATLThis is a 4 star matchup. WRs perform better than their average vs. ATL who currently ranks #4 against this position","at  NEThis is a 4 star matchup. WRs perform better than their average vs. NE who currently ranks #6 against this position","vs.  CINThis is a 3 star matchup. WRs perform close to their average vs. CIN who currently ranks #12 against this position","at  CLEThis is a 4 star matchup. WRs perform close to their average vs. CLE who currently ranks #10 against this position","vs.  INDThis is a 3 star matchup. WRs perform close to their average vs. IND who currently ranks #16 against this position","at  TBThis is a 2 star matchup. WRs perform below their average vs. TB who currently ranks #26 against this position","at  NOThis is a 4 star matchup. WRs perform close to their average vs. NO who currently ranks #11 against this position","vs.  CLEThis is a 4 star matchup. WRs perform close to their average vs. CLE who currently ranks #10 against this position","BYE","at  CINThis is a 3 star matchup. WRs perform close to their average vs. CIN who currently ranks #12 against this position","at  PHIThis is a 1 star matchup. WRs perform below their average vs. PHI who currently ranks #32 against this position","vs.  DENThis is a 2 star matchup. WRs perform below their average vs. DEN who currently ranks #31 against this position","vs.  HOUThis is a 3 star matchup. WRs perform close to their average vs. HOU who currently ranks #21 against this position","at  JACThis is a 2 star matchup. WRs perform below their average vs. JAC who currently ranks #28 against this position","vs.  BALThis is a 3 star matchup. WRs perform close to their average vs. BAL who currently ranks #13 against this position","vs.  CARThis is a 3 star matchup. WRs perform close to their average vs. CAR who currently ranks #20 against this position","at  TENThis is a 4 star matchup. WRs perform better than their average vs. TEN who currently ranks #3 against this position","at  BALThis is a 3 star matchup. WRs perform close to their average vs. BAL who currently ranks #13 against this position"
"153","Scotty MillerS. Miller CHI","at  CARThis is a 3 star matchup. WRs perform close to their average vs. CAR who currently ranks #20 against this position","vs.  MINThis is a 2 star matchup. WRs perform below their average vs. MIN who currently ranks #29 against this position","vs.  PHIThis is a 1 star matchup. WRs perform below their average vs. PHI who currently ranks #32 against this position","vs.  NYJThis is a 4 star matchup. WRs perform close to their average vs. NYJ who currently ranks #9 against this position","at  GBThis is a 3 star matchup. WRs perform close to their average vs. GB who currently ranks #14 against this position","at  ATLThis is a 4 star matchup. WRs perform better than their average vs. ATL who currently ranks #4 against this position","vs.  NEThis is a 4 star matchup. WRs perform better than their average vs. NE who currently ranks #6 against this position","at  SEAThis is a 2 star matchup. WRs perform below their average vs. SEA who currently ranks #27 against this position","vs.  TBThis is a 2 star matchup. WRs perform below their average vs. TB who currently ranks #26 against this position","BYE","vs.  NOThis is a 4 star matchup. WRs perform close to their average vs. NO who currently ranks #11 against this position","at  DETThis is a 4 star matchup. WRs perform better than their average vs. DET who currently ranks #8 against this position","vs.  JACThis is a 2 star matchup. WRs perform below their average vs. JAC who currently ranks #28 against this position","at  MIAThis is a 5 star matchup. WRs perform better than their average vs. MIA who currently ranks #2 against this position","at  BUFThis is a 3 star matchup. WRs perform close to their average vs. BUF who currently ranks #18 against this position","vs.  GBThis is a 3 star matchup. WRs perform close to their average vs. GB who currently ranks #14 against this position","vs.  DETThis is a 4 star matchup. WRs perform better than their average vs. DET who currently ranks #8 against this position","at  MINThis is a 2 star matchup. WRs perform below their average vs. MIN who currently ranks #29 against this position"
"154","Tai FeltonT. Felton MIN","vs.  GBThis is a 3 star matchup. WRs perform close to their average vs. GB who currently ranks #14 against this position","at  CHIThis is a 4 star matchup. WRs perform better than their average vs. CHI who currently ranks #5 against this position","at  TBThis is a 2 star matchup. WRs perform below their average vs. TB who currently ranks #26 against this position","vs.  MIAThis is a 5 star matchup. WRs perform better than their average vs. MIA who currently ranks #2 against this position","at  NOThis is a 4 star matchup. WRs perform close to their average vs. NO who currently ranks #11 against this position","BYE","vs.  INDThis is a 3 star matchup. WRs perform close to their average vs. IND who currently ranks #16 against this position","at  DETThis is a 4 star matchup. WRs perform better than their average vs. DET who currently ranks #8 against this position","vs.  BUFThis is a 3 star matchup. WRs perform close to their average vs. BUF who currently ranks #18 against this position","at  GBThis is a 3 star matchup. WRs perform close to their average vs. GB who currently ranks #14 against this position","at  SFThis is a 3 star matchup. WRs perform close to their average vs. SF who currently ranks #15 against this position","vs.  ATLThis is a 4 star matchup. WRs perform better than their average vs. ATL who currently ranks #4 against this position","vs.  CARThis is a 3 star matchup. WRs perform close to their average vs. CAR who currently ranks #20 against this position","at  NEThis is a 4 star matchup. WRs perform better than their average vs. NE who currently ranks #6 against this position","vs.  DETThis is a 4 star matchup. WRs perform better than their average vs. DET who currently ranks #8 against this position","vs.  WASThis is a 4 star matchup. WRs perform better than their average vs. WAS who currently ranks #7 against this position","at  NYJThis is a 4 star matchup. WRs perform close to their average vs. NYJ who currently ranks #9 against this position","vs.  CHIThis is a 4 star matchup. WRs perform better than their average vs. CHI who currently ranks #5 against this position"
"155","Jahdae WalkerJ. Walker CHI","at  CARThis is a 3 star matchup. WRs perform close to their average vs. CAR who currently ranks #20 against this position","vs.  MINThis is a 2 star matchup. WRs perform below their average vs. MIN who currently ranks #29 against this position","vs.  PHIThis is a 1 star matchup. WRs perform below their average vs. PHI who currently ranks #32 against this position","vs.  NYJThis is a 4 star matchup. WRs perform close to their average vs. NYJ who currently ranks #9 against this position","at  GBThis is a 3 star matchup. WRs perform close to their average vs. GB who currently ranks #14 against this position","at  ATLThis is a 4 star matchup. WRs perform better than their average vs. ATL who currently ranks #4 against this position","vs.  NEThis is a 4 star matchup. WRs perform better than their average vs. NE who currently ranks #6 against this position","at  SEAThis is a 2 star matchup. WRs perform below their average vs. SEA who currently ranks #27 against this position","vs.  TBThis is a 2 star matchup. WRs perform below their average vs. TB who currently ranks #26 against this position","BYE","vs.  NOThis is a 4 star matchup. WRs perform close to their average vs. NO who currently ranks #11 against this position","at  DETThis is a 4 star matchup. WRs perform better than their average vs. DET who currently ranks #8 against this position","vs.  JACThis is a 2 star matchup. WRs perform below their average vs. JAC who currently ranks #28 against this position","at  MIAThis is a 5 star matchup. WRs perform better than their average vs. MIA who currently ranks #2 against this position","at  BUFThis is a 3 star matchup. WRs perform close to their average vs. BUF who currently ranks #18 against this position","vs.  GBThis is a 3 star matchup. WRs perform close to their average vs. GB who currently ranks #14 against this position","vs.  DETThis is a 4 star matchup. WRs perform better than their average vs. DET who currently ranks #8 against this position","at  MINThis is a 2 star matchup. WRs perform below their average vs. MIN who currently ranks #29 against this position"
"156","Jake BoboJ. Bobo SEA","vs.  NEThis is a 4 star matchup. WRs perform better than their average vs. NE who currently ranks #6 against this position","at  ARIThis is a 3 star matchup. WRs perform close to their average vs. ARI who currently ranks #24 against this position","at  WASThis is a 4 star matchup. WRs perform better than their average vs. WAS who currently ranks #7 against this position","vs.  LACThis is a 2 star matchup. WRs perform below their average vs. LAC who currently ranks #30 against this position","vs.  SFThis is a 3 star matchup. WRs perform close to their average vs. SF who currently ranks #15 against this position","at  DENThis is a 2 star matchup. WRs perform below their average vs. DEN who currently ranks #31 against this position","vs.  KCThis is a 2 star matchup. WRs perform close to their average vs. KC who currently ranks #25 against this position","vs.  CHIThis is a 4 star matchup. WRs perform better than their average vs. CHI who currently ranks #5 against this position","vs.  ARIThis is a 3 star matchup. WRs perform close to their average vs. ARI who currently ranks #24 against this position","at  LVThis is a 3 star matchup. WRs perform close to their average vs. LV who currently ranks #19 against this position","BYE","at  SFThis is a 3 star matchup. WRs perform close to their average vs. SF who currently ranks #15 against this position","vs.  DALThis is a 5 star matchup. WRs perform better than their average vs. DAL who currently ranks #1 against this position","vs.  NYGThis is a 3 star matchup. WRs perform close to their average vs. NYG who currently ranks #23 against this position","at  PHIThis is a 1 star matchup. WRs perform below their average vs. PHI who currently ranks #32 against this position","vs.  LARThis is a 3 star matchup. WRs perform close to their average vs. LAR who currently ranks #17 against this position","at  CARThis is a 3 star matchup. WRs perform close to their average vs. CAR who currently ranks #20 against this position","at  LARThis is a 3 star matchup. WRs perform close to their average vs. LAR who currently ranks #17 against this position"
"157","Tyler LockettT. Lockett LV","vs.  MIAThis is a 5 star matchup. WRs perform better than their average vs. MIA who currently ranks #2 against this position","at  LACThis is a 2 star matchup. WRs perform below their average vs. LAC who currently ranks #30 against this position","at  NOThis is a 4 star matchup. WRs perform close to their average vs. NO who currently ranks #11 against this position","vs.  KCThis is a 2 star matchup. WRs perform close to their average vs. KC who currently ranks #25 against this position","at  NEThis is a 4 star matchup. WRs perform better than their average vs. NE who currently ranks #6 against this position","vs.  BUFThis is a 3 star matchup. WRs perform close to their average vs. BUF who currently ranks #18 against this position","vs.  LARThis is a 3 star matchup. WRs perform close to their average vs. LAR who currently ranks #17 against this position","at  NYJThis is a 4 star matchup. WRs perform close to their average vs. NYJ who currently ranks #9 against this position","at  SFThis is a 3 star matchup. WRs perform close to their average vs. SF who currently ranks #15 against this position","vs.  SEAThis is a 2 star matchup. WRs perform below their average vs. SEA who currently ranks #27 against this position","at  DENThis is a 2 star matchup. WRs perform below their average vs. DEN who currently ranks #31 against this position","at  CLEThis is a 4 star matchup. WRs perform close to their average vs. CLE who currently ranks #10 against this position","BYE","vs.  LACThis is a 2 star matchup. WRs perform below their average vs. LAC who currently ranks #30 against this position","vs.  DENThis is a 2 star matchup. WRs perform below their average vs. DEN who currently ranks #31 against this position","vs.  TENThis is a 4 star matchup. WRs perform better than their average vs. TEN who currently ranks #3 against this position","at  ARIThis is a 3 star matchup. WRs perform close to their average vs. ARI who currently ranks #24 against this position","at  KCThis is a 2 star matchup. WRs perform close to their average vs. KC who currently ranks #25 against this position"
"158","KeAndre Lambert-SmithK. Lambert-Smith LAC","vs.  ARIThis is a 3 star matchup. WRs perform close to their average vs. ARI who currently ranks #24 against this position","vs.  LVThis is a 3 star matchup. WRs perform close to their average vs. LV who currently ranks #19 against this position","at  BUFThis is a 3 star matchup. WRs perform close to their average vs. BUF who currently ranks #18 against this position","at  SEAThis is a 2 star matchup. WRs perform below their average vs. SEA who currently ranks #27 against this position","vs.  DENThis is a 2 star matchup. WRs perform below their average vs. DEN who currently ranks #31 against this position","at  KCThis is a 2 star matchup. WRs perform close to their average vs. KC who currently ranks #25 against this position","BYE","at  LARThis is a 3 star matchup. WRs perform close to their average vs. LAR who currently ranks #17 against this position","vs.  HOUThis is a 3 star matchup. WRs perform close to their average vs. HOU who currently ranks #21 against this position","at  BALThis is a 3 star matchup. WRs perform close to their average vs. BAL who currently ranks #13 against this position","vs.  NYJThis is a 4 star matchup. WRs perform close to their average vs. NYJ who currently ranks #9 against this position","vs.  NEThis is a 4 star matchup. WRs perform better than their average vs. NE who currently ranks #6 against this position","at  TBThis is a 2 star matchup. WRs perform below their average vs. TB who currently ranks #26 against this position","at  LVThis is a 3 star matchup. WRs perform close to their average vs. LV who currently ranks #19 against this position","vs.  SFThis is a 3 star matchup. WRs perform close to their average vs. SF who currently ranks #15 against this position","at  MIAThis is a 5 star matchup. WRs perform better than their average vs. MIA who currently ranks #2 against this position","vs.  KCThis is a 2 star matchup. WRs perform close to their average vs. KC who currently ranks #25 against this position","at  DENThis is a 2 star matchup. WRs perform below their average vs. DEN who currently ranks #31 against this position"
"159","Xavier SmithX. Smith LAR","vs.  SFThis is a 3 star matchup. WRs perform close to their average vs. SF who currently ranks #15 against this position","vs.  NYGThis is a 3 star matchup. WRs perform close to their average vs. NYG who currently ranks #23 against this position","at  DENThis is a 2 star matchup. WRs perform below their average vs. DEN who currently ranks #31 against this position","at  PHIThis is a 1 star matchup. WRs perform below their average vs. PHI who currently ranks #32 against this position","vs.  BUFThis is a 3 star matchup. WRs perform close to their average vs. BUF who currently ranks #18 against this position","vs.  ARIThis is a 3 star matchup. WRs perform close to their average vs. ARI who currently ranks #24 against this position","at  LVThis is a 3 star matchup. WRs perform close to their average vs. LV who currently ranks #19 against this position","vs.  LACThis is a 2 star matchup. WRs perform below their average vs. LAC who currently ranks #30 against this position","at  WASThis is a 4 star matchup. WRs perform better than their average vs. WAS who currently ranks #7 against this position","at  ARIThis is a 3 star matchup. WRs perform close to their average vs. ARI who currently ranks #24 against this position","BYE","vs.  GBThis is a 3 star matchup. WRs perform close to their average vs. GB who currently ranks #14 against this position","vs.  KCThis is a 2 star matchup. WRs perform close to their average vs. KC who currently ranks #25 against this position","at  SFThis is a 3 star matchup. WRs perform close to their average vs. SF who currently ranks #15 against this position","vs.  DALThis is a 5 star matchup. WRs perform better than their average vs. DAL who currently ranks #1 against this position","at  SEAThis is a 2 star matchup. WRs perform below their average vs. SEA who currently ranks #27 against this position","at  TBThis is a 2 star matchup. WRs perform below their average vs. TB who currently ranks #26 against this position","vs.  SEAThis is a 2 star matchup. WRs perform below their average vs. SEA who currently ranks #27 against this position"
"160","Lil'Jordan HumphreyL. Humphrey DEN","at  KCThis is a 2 star matchup. WRs perform close to their average vs. KC who currently ranks #25 against this position","vs.  JACThis is a 2 star matchup. WRs perform below their average vs. JAC who currently ranks #28 against this position","vs.  LARThis is a 3 star matchup. WRs perform close to their average vs. LAR who currently ranks #17 against this position","at  SFThis is a 3 star matchup. WRs perform close to their average vs. SF who currently ranks #15 against this position","at  LACThis is a 2 star matchup. WRs perform below their average vs. LAC who currently ranks #30 against this position","vs.  SEAThis is a 2 star matchup. WRs perform below their average vs. SEA who currently ranks #27 against this position","at  ARIThis is a 3 star matchup. WRs perform close to their average vs. ARI who currently ranks #24 against this position","vs.  KCThis is a 2 star matchup. WRs perform close to their average vs. KC who currently ranks #25 against this position","at  CARThis is a 3 star matchup. WRs perform close to their average vs. CAR who currently ranks #20 against this position","BYE","vs.  LVThis is a 3 star matchup. WRs perform close to their average vs. LV who currently ranks #19 against this position","at  PITThis is a 3 star matchup. WRs perform close to their average vs. PIT who currently ranks #22 against this position","vs.  MIAThis is a 5 star matchup. WRs perform better than their average vs. MIA who currently ranks #2 against this position","at  NYJThis is a 4 star matchup. WRs perform close to their average vs. NYJ who currently ranks #9 against this position","at  LVThis is a 3 star matchup. WRs perform close to their average vs. LV who currently ranks #19 against this position","vs.  BUFThis is a 3 star matchup. WRs perform close to their average vs. BUF who currently ranks #18 against this position","at  NEThis is a 4 star matchup. WRs perform better than their average vs. NE who currently ranks #6 against this position","vs.  LACThis is a 2 star matchup. WRs perform below their average vs. LAC who currently ranks #30 against this position"
"161","Kevin Austin Jr.K. Austin Jr. NO","at  DETThis is a 4 star matchup. WRs perform better than their average vs. DET who currently ranks #8 against this position","at  BALThis is a 3 star matchup. WRs perform close to their average vs. BAL who currently ranks #13 against this position","vs.  LVThis is a 3 star matchup. WRs perform close to their average vs. LV who currently ranks #19 against this position","vs.  ATLThis is a 4 star matchup. WRs perform better than their average vs. ATL who currently ranks #4 against this position","vs.  MINThis is a 2 star matchup. WRs perform below their average vs. MIN who currently ranks #29 against this position","at  NYGThis is a 3 star matchup. WRs perform close to their average vs. NYG who currently ranks #23 against this position","vs.  PITThis is a 3 star matchup. WRs perform close to their average vs. PIT who currently ranks #22 against this position","BYE","vs.  CLEThis is a 4 star matchup. WRs perform close to their average vs. CLE who currently ranks #10 against this position","vs.  CARThis is a 3 star matchup. WRs perform close to their average vs. CAR who currently ranks #20 against this position","at  CHIThis is a 4 star matchup. WRs perform better than their average vs. CHI who currently ranks #5 against this position","at  CINThis is a 3 star matchup. WRs perform close to their average vs. CIN who currently ranks #12 against this position","vs.  GBThis is a 3 star matchup. WRs perform close to their average vs. GB who currently ranks #14 against this position","at  CARThis is a 3 star matchup. WRs perform close to their average vs. CAR who currently ranks #20 against this position","at  TBThis is a 2 star matchup. WRs perform below their average vs. TB who currently ranks #26 against this position","vs.  ARIThis is a 3 star matchup. WRs perform close to their average vs. ARI who currently ranks #24 against this position","at  ATLThis is a 4 star matchup. WRs perform better than their average vs. ATL who currently ranks #4 against this position","vs.  TBThis is a 2 star matchup. WRs perform below their average vs. TB who currently ranks #26 against this position"
"162","Elijah MooreE. Moore PHI","vs.  WASThis is a 4 star matchup. WRs perform better than their average vs. WAS who currently ranks #7 against this position","at  TENThis is a 4 star matchup. WRs perform better than their average vs. TEN who currently ranks #3 against this position","at  CHIThis is a 4 star matchup. WRs perform better than their average vs. CHI who currently ranks #5 against this position","vs.  LARThis is a 3 star matchup. WRs perform close to their average vs. LAR who currently ranks #17 against this position","at  JACThis is a 2 star matchup. WRs perform below their average vs. JAC who currently ranks #28 against this position","vs.  CARThis is a 3 star matchup. WRs perform close to their average vs. CAR who currently ranks #20 against this position","vs.  DALThis is a 5 star matchup. WRs perform better than their average vs. DAL who currently ranks #1 against this position","at  WASThis is a 4 star matchup. WRs perform better than their average vs. WAS who currently ranks #7 against this position","vs.  NYGThis is a 3 star matchup. WRs perform close to their average vs. NYG who currently ranks #23 against this position","BYE","vs.  PITThis is a 3 star matchup. WRs perform close to their average vs. PIT who currently ranks #22 against this position","at  DALThis is a 5 star matchup. WRs perform better than their average vs. DAL who currently ranks #1 against this position","at  ARIThis is a 3 star matchup. WRs perform close to their average vs. ARI who currently ranks #24 against this position","vs.  INDThis is a 3 star matchup. WRs perform close to their average vs. IND who currently ranks #16 against this position","vs.  SEAThis is a 2 star matchup. WRs perform below their average vs. SEA who currently ranks #27 against this position","vs.  HOUThis is a 3 star matchup. WRs perform close to their average vs. HOU who currently ranks #21 against this position","at  SFThis is a 3 star matchup. WRs perform close to their average vs. SF who currently ranks #15 against this position","at  NYGThis is a 3 star matchup. WRs perform close to their average vs. NYG who currently ranks #23 against this position"
"163","Kendric PryorK. Pryor CIN","vs.  TBThis is a 2 star matchup. WRs perform below their average vs. TB who currently ranks #26 against this position","at  HOUThis is a 3 star matchup. WRs perform close to their average vs. HOU who currently ranks #21 against this position","at  PITThis is a 3 star matchup. WRs perform close to their average vs. PIT who currently ranks #22 against this position","vs.  JACThis is a 2 star matchup. WRs perform below their average vs. JAC who currently ranks #28 against this position","at  MIAThis is a 5 star matchup. WRs perform better than their average vs. MIA who currently ranks #2 against this position","BYE","at  BALThis is a 3 star matchup. WRs perform close to their average vs. BAL who currently ranks #13 against this position","vs.  TENThis is a 4 star matchup. WRs perform better than their average vs. TEN who currently ranks #3 against this position","at  ATLThis is a 4 star matchup. WRs perform better than their average vs. ATL who currently ranks #4 against this position","vs.  PITThis is a 3 star matchup. WRs perform close to their average vs. PIT who currently ranks #22 against this position","at  WASThis is a 4 star matchup. WRs perform better than their average vs. WAS who currently ranks #7 against this position","vs.  NOThis is a 4 star matchup. WRs perform close to their average vs. NO who currently ranks #11 against this position","at  CLEThis is a 4 star matchup. WRs perform close to their average vs. CLE who currently ranks #10 against this position","vs.  KCThis is a 2 star matchup. WRs perform close to their average vs. KC who currently ranks #25 against this position","at  CARThis is a 3 star matchup. WRs perform close to their average vs. CAR who currently ranks #20 against this position","at  INDThis is a 3 star matchup. WRs perform close to their average vs. IND who currently ranks #16 against this position","vs.  BALThis is a 3 star matchup. WRs perform close to their average vs. BAL who currently ranks #13 against this position","vs.  CLEThis is a 4 star matchup. WRs perform close to their average vs. CLE who currently ranks #10 against this position"
"164","Jordan WatkinsJ. Watkins SF","at  LARThis is a 3 star matchup. WRs perform close to their average vs. LAR who currently ranks #17 against this position","vs.  MIAThis is a 5 star matchup. WRs perform better than their average vs. MIA who currently ranks #2 against this position","vs.  ARIThis is a 3 star matchup. WRs perform close to their average vs. ARI who currently ranks #24 against this position","vs.  DENThis is a 2 star matchup. WRs perform below their average vs. DEN who currently ranks #31 against this position","at  SEAThis is a 2 star matchup. WRs perform below their average vs. SEA who currently ranks #27 against this position","vs.  WASThis is a 4 star matchup. WRs perform better than their average vs. WAS who currently ranks #7 against this position","at  ATLThis is a 4 star matchup. WRs perform better than their average vs. ATL who currently ranks #4 against this position","BYE","vs.  LVThis is a 3 star matchup. WRs perform close to their average vs. LV who currently ranks #19 against this position","at  DALThis is a 5 star matchup. WRs perform better than their average vs. DAL who currently ranks #1 against this position","vs.  MINThis is a 2 star matchup. WRs perform below their average vs. MIN who currently ranks #29 against this position","vs.  SEAThis is a 2 star matchup. WRs perform below their average vs. SEA who currently ranks #27 against this position","at  NYGThis is a 3 star matchup. WRs perform close to their average vs. NYG who currently ranks #23 against this position","vs.  LARThis is a 3 star matchup. WRs perform close to their average vs. LAR who currently ranks #17 against this position","at  LACThis is a 2 star matchup. WRs perform below their average vs. LAC who currently ranks #30 against this position","at  KCThis is a 2 star matchup. WRs perform close to their average vs. KC who currently ranks #25 against this position","vs.  PHIThis is a 1 star matchup. WRs perform below their average vs. PHI who currently ranks #32 against this position","at  ARIThis is a 3 star matchup. WRs perform close to their average vs. ARI who currently ranks #24 against this position"
"165","Derius DavisD. Davis LAC","vs.  ARIThis is a 3 star matchup. WRs perform close to their average vs. ARI who currently ranks #24 against this position","vs.  LVThis is a 3 star matchup. WRs perform close to their average vs. LV who currently ranks #19 against this position","at  BUFThis is a 3 star matchup. WRs perform close to their average vs. BUF who currently ranks #18 against this position","at  SEAThis is a 2 star matchup. WRs perform below their average vs. SEA who currently ranks #27 against this position","vs.  DENThis is a 2 star matchup. WRs perform below their average vs. DEN who currently ranks #31 against this position","at  KCThis is a 2 star matchup. WRs perform close to their average vs. KC who currently ranks #25 against this position","BYE","at  LARThis is a 3 star matchup. WRs perform close to their average vs. LAR who currently ranks #17 against this position","vs.  HOUThis is a 3 star matchup. WRs perform close to their average vs. HOU who currently ranks #21 against this position","at  BALThis is a 3 star matchup. WRs perform close to their average vs. BAL who currently ranks #13 against this position","vs.  NYJThis is a 4 star matchup. WRs perform close to their average vs. NYJ who currently ranks #9 against this position","vs.  NEThis is a 4 star matchup. WRs perform better than their average vs. NE who currently ranks #6 against this position","at  TBThis is a 2 star matchup. WRs perform below their average vs. TB who currently ranks #26 against this position","at  LVThis is a 3 star matchup. WRs perform close to their average vs. LV who currently ranks #19 against this position","vs.  SFThis is a 3 star matchup. WRs perform close to their average vs. SF who currently ranks #15 against this position","at  MIAThis is a 5 star matchup. WRs perform better than their average vs. MIA who currently ranks #2 against this position","vs.  KCThis is a 2 star matchup. WRs perform close to their average vs. KC who currently ranks #25 against this position","at  DENThis is a 2 star matchup. WRs perform below their average vs. DEN who currently ranks #31 against this position"
"166","Jakobie Keeney-JamesJ. Keeney-James PIT","vs.  ATLThis is a 4 star matchup. WRs perform better than their average vs. ATL who currently ranks #4 against this position","at  NEThis is a 4 star matchup. WRs perform better than their average vs. NE who currently ranks #6 against this position","vs.  CINThis is a 3 star matchup. WRs perform close to their average vs. CIN who currently ranks #12 against this position","at  CLEThis is a 4 star matchup. WRs perform close to their average vs. CLE who currently ranks #10 against this position","vs.  INDThis is a 3 star matchup. WRs perform close to their average vs. IND who currently ranks #16 against this position","at  TBThis is a 2 star matchup. WRs perform below their average vs. TB who currently ranks #26 against this position","at  NOThis is a 4 star matchup. WRs perform close to their average vs. NO who currently ranks #11 against this position","vs.  CLEThis is a 4 star matchup. WRs perform close to their average vs. CLE who currently ranks #10 against this position","BYE","at  CINThis is a 3 star matchup. WRs perform close to their average vs. CIN who currently ranks #12 against this position","at  PHIThis is a 1 star matchup. WRs perform below their average vs. PHI who currently ranks #32 against this position","vs.  DENThis is a 2 star matchup. WRs perform below their average vs. DEN who currently ranks #31 against this position","vs.  HOUThis is a 3 star matchup. WRs perform close to their average vs. HOU who currently ranks #21 against this position","at  JACThis is a 2 star matchup. WRs perform below their average vs. JAC who currently ranks #28 against this position","vs.  BALThis is a 3 star matchup. WRs perform close to their average vs. BAL who currently ranks #13 against this position","vs.  CARThis is a 3 star matchup. WRs perform close to their average vs. CAR who currently ranks #20 against this position","at  TENThis is a 4 star matchup. WRs perform better than their average vs. TEN who currently ranks #3 against this position","at  BALThis is a 3 star matchup. WRs perform close to their average vs. BAL who currently ranks #13 against this position"
"167","Odell Beckham Jr.O. Beckham Jr. NYG","vs.  DALThis is a 5 star matchup. WRs perform better than their average vs. DAL who currently ranks #1 against this position","at  LARThis is a 3 star matchup. WRs perform close to their average vs. LAR who currently ranks #17 against this position","vs.  TENThis is a 4 star matchup. WRs perform better than their average vs. TEN who currently ranks #3 against this position","vs.  ARIThis is a 3 star matchup. WRs perform close to their average vs. ARI who currently ranks #24 against this position","at  WASThis is a 4 star matchup. WRs perform better than their average vs. WAS who currently ranks #7 against this position","vs.  NOThis is a 4 star matchup. WRs perform close to their average vs. NO who currently ranks #11 against this position","at  HOUThis is a 3 star matchup. WRs perform close to their average vs. HOU who currently ranks #21 against this position","BYE","at  PHIThis is a 1 star matchup. WRs perform below their average vs. PHI who currently ranks #32 against this position","vs.  WASThis is a 4 star matchup. WRs perform better than their average vs. WAS who currently ranks #7 against this position","vs.  JACThis is a 2 star matchup. WRs perform below their average vs. JAC who currently ranks #28 against this position","at  INDThis is a 3 star matchup. WRs perform close to their average vs. IND who currently ranks #16 against this position","vs.  SFThis is a 3 star matchup. WRs perform close to their average vs. SF who currently ranks #15 against this position","at  SEAThis is a 2 star matchup. WRs perform below their average vs. SEA who currently ranks #27 against this position","vs.  CLEThis is a 4 star matchup. WRs perform close to their average vs. CLE who currently ranks #10 against this position","at  DETThis is a 4 star matchup. WRs perform better than their average vs. DET who currently ranks #8 against this position","at  DALThis is a 5 star matchup. WRs perform better than their average vs. DAL who currently ranks #1 against this position","vs.  PHIThis is a 1 star matchup. WRs perform below their average vs. PHI who currently ranks #32 against this position"
"168","Theo Wease Jr.T. Wease Jr. MIA","at  LVThis is a 3 star matchup. WRs perform close to their average vs. LV who currently ranks #19 against this position","at  SFThis is a 3 star matchup. WRs perform close to their average vs. SF who currently ranks #15 against this position","vs.  KCThis is a 2 star matchup. WRs perform close to their average vs. KC who currently ranks #25 against this position","at  MINThis is a 2 star matchup. WRs perform below their average vs. MIN who currently ranks #29 against this position","vs.  CINThis is a 3 star matchup. WRs perform close to their average vs. CIN who currently ranks #12 against this position","BYE","at  NYJThis is a 4 star matchup. WRs perform close to their average vs. NYJ who currently ranks #9 against this position","vs.  NEThis is a 4 star matchup. WRs perform better than their average vs. NE who currently ranks #6 against this position","vs.  DETThis is a 4 star matchup. WRs perform better than their average vs. DET who currently ranks #8 against this position","at  INDThis is a 3 star matchup. WRs perform close to their average vs. IND who currently ranks #16 against this position","at  BUFThis is a 3 star matchup. WRs perform close to their average vs. BUF who currently ranks #18 against this position","vs.  NYJThis is a 4 star matchup. WRs perform close to their average vs. NYJ who currently ranks #9 against this position","at  DENThis is a 2 star matchup. WRs perform below their average vs. DEN who currently ranks #31 against this position","vs.  CHIThis is a 4 star matchup. WRs perform better than their average vs. CHI who currently ranks #5 against this position","at  GBThis is a 3 star matchup. WRs perform close to their average vs. GB who currently ranks #14 against this position","vs.  LACThis is a 2 star matchup. WRs perform below their average vs. LAC who currently ranks #30 against this position","vs.  BUFThis is a 3 star matchup. WRs perform close to their average vs. BUF who currently ranks #18 against this position","at  NEThis is a 4 star matchup. WRs perform better than their average vs. NE who currently ranks #6 against this position"
"169","Myles PriceM. Price MIN","vs.  GBThis is a 3 star matchup. WRs perform close to their average vs. GB who currently ranks #14 against this position","at  CHIThis is a 4 star matchup. WRs perform better than their average vs. CHI who currently ranks #5 against this position","at  TBThis is a 2 star matchup. WRs perform below their average vs. TB who currently ranks #26 against this position","vs.  MIAThis is a 5 star matchup. WRs perform better than their average vs. MIA who currently ranks #2 against this position","at  NOThis is a 4 star matchup. WRs perform close to their average vs. NO who currently ranks #11 against this position","BYE","vs.  INDThis is a 3 star matchup. WRs perform close to their average vs. IND who currently ranks #16 against this position","at  DETThis is a 4 star matchup. WRs perform better than their average vs. DET who currently ranks #8 against this position","vs.  BUFThis is a 3 star matchup. WRs perform close to their average vs. BUF who currently ranks #18 against this position","at  GBThis is a 3 star matchup. WRs perform close to their average vs. GB who currently ranks #14 against this position","at  SFThis is a 3 star matchup. WRs perform close to their average vs. SF who currently ranks #15 against this position","vs.  ATLThis is a 4 star matchup. WRs perform better than their average vs. ATL who currently ranks #4 against this position","vs.  CARThis is a 3 star matchup. WRs perform close to their average vs. CAR who currently ranks #20 against this position","at  NEThis is a 4 star matchup. WRs perform better than their average vs. NE who currently ranks #6 against this position","vs.  DETThis is a 4 star matchup. WRs perform better than their average vs. DET who currently ranks #8 against this position","vs.  WASThis is a 4 star matchup. WRs perform better than their average vs. WAS who currently ranks #7 against this position","at  NYJThis is a 4 star matchup. WRs perform close to their average vs. NYJ who currently ranks #9 against this position","vs.  CHIThis is a 4 star matchup. WRs perform better than their average vs. CHI who currently ranks #5 against this position"
"170","Josh CameronJ. Cameron JAC","vs.  CLEThis is a 4 star matchup. WRs perform close to their average vs. CLE who currently ranks #10 against this position","at  DENThis is a 2 star matchup. WRs perform below their average vs. DEN who currently ranks #31 against this position","vs.  NEThis is a 4 star matchup. WRs perform better than their average vs. NE who currently ranks #6 against this position","at  CINThis is a 3 star matchup. WRs perform close to their average vs. CIN who currently ranks #12 against this position","vs.  PHIThis is a 1 star matchup. WRs perform below their average vs. PHI who currently ranks #32 against this position","vs.  HOUThis is a 3 star matchup. WRs perform close to their average vs. HOU who currently ranks #21 against this position","BYE","vs.  INDThis is a 3 star matchup. WRs perform close to their average vs. IND who currently ranks #16 against this position","at  BALThis is a 3 star matchup. WRs perform close to their average vs. BAL who currently ranks #13 against this position","at  TENThis is a 4 star matchup. WRs perform better than their average vs. TEN who currently ranks #3 against this position","at  NYGThis is a 3 star matchup. WRs perform close to their average vs. NYG who currently ranks #23 against this position","vs.  TENThis is a 4 star matchup. WRs perform better than their average vs. TEN who currently ranks #3 against this position","at  CHIThis is a 4 star matchup. WRs perform better than their average vs. CHI who currently ranks #5 against this position","vs.  PITThis is a 3 star matchup. WRs perform close to their average vs. PIT who currently ranks #22 against this position","at  HOUThis is a 3 star matchup. WRs perform close to their average vs. HOU who currently ranks #21 against this position","at  DALThis is a 5 star matchup. WRs perform better than their average vs. DAL who currently ranks #1 against this position","vs.  WASThis is a 4 star matchup. WRs perform better than their average vs. WAS who currently ranks #7 against this position","at  INDThis is a 3 star matchup. WRs perform close to their average vs. IND who currently ranks #16 against this position"
"171","Jeshaun JonesJ. Jones MIN","vs.  GBThis is a 3 star matchup. WRs perform close to their average vs. GB who currently ranks #14 against this position","at  CHIThis is a 4 star matchup. WRs perform better than their average vs. CHI who currently ranks #5 against this position","at  TBThis is a 2 star matchup. WRs perform below their average vs. TB who currently ranks #26 against this position","vs.  MIAThis is a 5 star matchup. WRs perform better than their average vs. MIA who currently ranks #2 against this position","at  NOThis is a 4 star matchup. WRs perform close to their average vs. NO who currently ranks #11 against this position","BYE","vs.  INDThis is a 3 star matchup. WRs perform close to their average vs. IND who currently ranks #16 against this position","at  DETThis is a 4 star matchup. WRs perform better than their average vs. DET who currently ranks #8 against this position","vs.  BUFThis is a 3 star matchup. WRs perform close to their average vs. BUF who currently ranks #18 against this position","at  GBThis is a 3 star matchup. WRs perform close to their average vs. GB who currently ranks #14 against this position","at  SFThis is a 3 star matchup. WRs perform close to their average vs. SF who currently ranks #15 against this position","vs.  ATLThis is a 4 star matchup. WRs perform better than their average vs. ATL who currently ranks #4 against this position","vs.  CARThis is a 3 star matchup. WRs perform close to their average vs. CAR who currently ranks #20 against this position","at  NEThis is a 4 star matchup. WRs perform better than their average vs. NE who currently ranks #6 against this position","vs.  DETThis is a 4 star matchup. WRs perform better than their average vs. DET who currently ranks #8 against this position","vs.  WASThis is a 4 star matchup. WRs perform better than their average vs. WAS who currently ranks #7 against this position","at  NYJThis is a 4 star matchup. WRs perform close to their average vs. NYJ who currently ranks #9 against this position","vs.  CHIThis is a 4 star matchup. WRs perform better than their average vs. CHI who currently ranks #5 against this position"
"172","Jimmy Horn Jr.J. Horn Jr. CAR","vs.  CHIThis is a 4 star matchup. WRs perform better than their average vs. CHI who currently ranks #5 against this position","at  ATLThis is a 4 star matchup. WRs perform better than their average vs. ATL who currently ranks #4 against this position","at  CLEThis is a 4 star matchup. WRs perform close to their average vs. CLE who currently ranks #10 against this position","vs.  DETThis is a 4 star matchup. WRs perform better than their average vs. DET who currently ranks #8 against this position","BYE","at  PHIThis is a 1 star matchup. WRs perform below their average vs. PHI who currently ranks #32 against this position","vs.  TBThis is a 2 star matchup. WRs perform below their average vs. TB who currently ranks #26 against this position","at  GBThis is a 3 star matchup. WRs perform close to their average vs. GB who currently ranks #14 against this position","vs.  DENThis is a 2 star matchup. WRs perform below their average vs. DEN who currently ranks #31 against this position","at  NOThis is a 4 star matchup. WRs perform close to their average vs. NO who currently ranks #11 against this position","vs.  BALThis is a 3 star matchup. WRs perform close to their average vs. BAL who currently ranks #13 against this position","at  TBThis is a 2 star matchup. WRs perform below their average vs. TB who currently ranks #26 against this position","at  MINThis is a 2 star matchup. WRs perform below their average vs. MIN who currently ranks #29 against this position","vs.  NOThis is a 4 star matchup. WRs perform close to their average vs. NO who currently ranks #11 against this position","vs.  CINThis is a 3 star matchup. WRs perform close to their average vs. CIN who currently ranks #12 against this position","at  PITThis is a 3 star matchup. WRs perform close to their average vs. PIT who currently ranks #22 against this position","vs.  SEAThis is a 2 star matchup. WRs perform below their average vs. SEA who currently ranks #27 against this position","vs.  ATLThis is a 4 star matchup. WRs perform better than their average vs. ATL who currently ranks #4 against this position"
"173","Xavier RestrepoX. Restrepo TEN","vs.  NYJThis is a 4 star matchup. WRs perform close to their average vs. NYJ who currently ranks #9 against this position","vs.  PHIThis is a 1 star matchup. WRs perform below their average vs. PHI who currently ranks #32 against this position","at  NYGThis is a 3 star matchup. WRs perform close to their average vs. NYG who currently ranks #23 against this position","at  BALThis is a 3 star matchup. WRs perform close to their average vs. BAL who currently ranks #13 against this position","vs.  HOUThis is a 3 star matchup. WRs perform close to their average vs. HOU who currently ranks #21 against this position","at  INDThis is a 3 star matchup. WRs perform close to their average vs. IND who currently ranks #16 against this position","vs.  CLEThis is a 4 star matchup. WRs perform close to their average vs. CLE who currently ranks #10 against this position","at  CINThis is a 3 star matchup. WRs perform close to their average vs. CIN who currently ranks #12 against this position","BYE","vs.  JACThis is a 2 star matchup. WRs perform below their average vs. JAC who currently ranks #28 against this position","at  DALThis is a 5 star matchup. WRs perform better than their average vs. DAL who currently ranks #1 against this position","at  JACThis is a 2 star matchup. WRs perform below their average vs. JAC who currently ranks #28 against this position","vs.  WASThis is a 4 star matchup. WRs perform better than their average vs. WAS who currently ranks #7 against this position","at  DETThis is a 4 star matchup. WRs perform better than their average vs. DET who currently ranks #8 against this position","vs.  INDThis is a 3 star matchup. WRs perform close to their average vs. IND who currently ranks #16 against this position","at  LVThis is a 3 star matchup. WRs perform close to their average vs. LV who currently ranks #19 against this position","vs.  PITThis is a 3 star matchup. WRs perform close to their average vs. PIT who currently ranks #22 against this position","at  HOUThis is a 3 star matchup. WRs perform close to their average vs. HOU who currently ranks #21 against this position"
"174","Reggie VirgilR. Virgil ARI","at  LACThis is a 2 star matchup. WRs perform below their average vs. LAC who currently ranks #30 against this position","vs.  SEAThis is a 2 star matchup. WRs perform below their average vs. SEA who currently ranks #27 against this position","at  SFThis is a 3 star matchup. WRs perform close to their average vs. SF who currently ranks #15 against this position","at  NYGThis is a 3 star matchup. WRs perform close to their average vs. NYG who currently ranks #23 against this position","vs.  DETThis is a 4 star matchup. WRs perform better than their average vs. DET who currently ranks #8 against this position","at  LARThis is a 3 star matchup. WRs perform close to their average vs. LAR who currently ranks #17 against this position","vs.  DENThis is a 2 star matchup. WRs perform below their average vs. DEN who currently ranks #31 against this position","at  DALThis is a 5 star matchup. WRs perform better than their average vs. DAL who currently ranks #1 against this position","at  SEAThis is a 2 star matchup. WRs perform below their average vs. SEA who currently ranks #27 against this position","vs.  LARThis is a 3 star matchup. WRs perform close to their average vs. LAR who currently ranks #17 against this position","at  KCThis is a 2 star matchup. WRs perform close to their average vs. KC who currently ranks #25 against this position","vs.  WASThis is a 4 star matchup. WRs perform better than their average vs. WAS who currently ranks #7 against this position","vs.  PHIThis is a 1 star matchup. WRs perform below their average vs. PHI who currently ranks #32 against this position","BYE","vs.  NYJThis is a 4 star matchup. WRs perform close to their average vs. NYJ who currently ranks #9 against this position","at  NOThis is a 4 star matchup. WRs perform close to their average vs. NO who currently ranks #11 against this position","vs.  LVThis is a 3 star matchup. WRs perform close to their average vs. LV who currently ranks #19 against this position","vs.  SFThis is a 3 star matchup. WRs perform close to their average vs. SF who currently ranks #15 against this position"
"175","Anthony GouldA. Gould IND","vs.  BALThis is a 3 star matchup. WRs perform close to their average vs. BAL who currently ranks #13 against this position","at  KCThis is a 2 star matchup. WRs perform close to their average vs. KC who currently ranks #25 against this position","vs.  HOUThis is a 3 star matchup. WRs perform close to their average vs. HOU who currently ranks #21 against this position","at  WASThis is a 4 star matchup. WRs perform better than their average vs. WAS who currently ranks #7 against this position","at  PITThis is a 3 star matchup. WRs perform close to their average vs. PIT who currently ranks #22 against this position","vs.  TENThis is a 4 star matchup. WRs perform better than their average vs. TEN who currently ranks #3 against this position","at  MINThis is a 2 star matchup. WRs perform below their average vs. MIN who currently ranks #29 against this position","at  JACThis is a 2 star matchup. WRs perform below their average vs. JAC who currently ranks #28 against this position","vs.  DALThis is a 5 star matchup. WRs perform better than their average vs. DAL who currently ranks #1 against this position","vs.  MIAThis is a 5 star matchup. WRs perform better than their average vs. MIA who currently ranks #2 against this position","at  HOUThis is a 3 star matchup. WRs perform close to their average vs. HOU who currently ranks #21 against this position","vs.  NYGThis is a 3 star matchup. WRs perform close to their average vs. NYG who currently ranks #23 against this position","BYE","at  PHIThis is a 1 star matchup. WRs perform below their average vs. PHI who currently ranks #32 against this position","at  TENThis is a 4 star matchup. WRs perform better than their average vs. TEN who currently ranks #3 against this position","vs.  CINThis is a 3 star matchup. WRs perform close to their average vs. CIN who currently ranks #12 against this position","at  CLEThis is a 4 star matchup. WRs perform close to their average vs. CLE who currently ranks #10 against this position","vs.  JACThis is a 2 star matchup. WRs perform below their average vs. JAC who currently ranks #28 against this position"
"176","Skyy MooreS. Moore GB","at  MINThis is a 2 star matchup. WRs perform below their average vs. MIN who currently ranks #29 against this position","at  NYJThis is a 4 star matchup. WRs perform close to their average vs. NYJ who currently ranks #9 against this position","vs.  ATLThis is a 4 star matchup. WRs perform better than their average vs. ATL who currently ranks #4 against this position","at  TBThis is a 2 star matchup. WRs perform below their average vs. TB who currently ranks #26 against this position","vs.  CHIThis is a 4 star matchup. WRs perform better than their average vs. CHI who currently ranks #5 against this position","vs.  DALThis is a 5 star matchup. WRs perform better than their average vs. DAL who currently ranks #1 against this position","at  DETThis is a 4 star matchup. WRs perform better than their average vs. DET who currently ranks #8 against this position","vs.  CARThis is a 3 star matchup. WRs perform close to their average vs. CAR who currently ranks #20 against this position","at  NEThis is a 4 star matchup. WRs perform better than their average vs. NE who currently ranks #6 against this position","vs.  MINThis is a 2 star matchup. WRs perform below their average vs. MIN who currently ranks #29 against this position","BYE","at  LARThis is a 3 star matchup. WRs perform close to their average vs. LAR who currently ranks #17 against this position","at  NOThis is a 4 star matchup. WRs perform close to their average vs. NO who currently ranks #11 against this position","vs.  BUFThis is a 3 star matchup. WRs perform close to their average vs. BUF who currently ranks #18 against this position","vs.  MIAThis is a 5 star matchup. WRs perform better than their average vs. MIA who currently ranks #2 against this position","at  CHIThis is a 4 star matchup. WRs perform better than their average vs. CHI who currently ranks #5 against this position","vs.  HOUThis is a 3 star matchup. WRs perform close to their average vs. HOU who currently ranks #21 against this position","vs.  DETThis is a 4 star matchup. WRs perform better than their average vs. DET who currently ranks #8 against this position"
"177","Michael Woods IIM. Woods II DEN","at  KCThis is a 2 star matchup. WRs perform close to their average vs. KC who currently ranks #25 against this position","vs.  JACThis is a 2 star matchup. WRs perform below their average vs. JAC who currently ranks #28 against this position","vs.  LARThis is a 3 star matchup. WRs perform close to their average vs. LAR who currently ranks #17 against this position","at  SFThis is a 3 star matchup. WRs perform close to their average vs. SF who currently ranks #15 against this position","at  LACThis is a 2 star matchup. WRs perform below their average vs. LAC who currently ranks #30 against this position","vs.  SEAThis is a 2 star matchup. WRs perform below their average vs. SEA who currently ranks #27 against this position","at  ARIThis is a 3 star matchup. WRs perform close to their average vs. ARI who currently ranks #24 against this position","vs.  KCThis is a 2 star matchup. WRs perform close to their average vs. KC who currently ranks #25 against this position","at  CARThis is a 3 star matchup. WRs perform close to their average vs. CAR who currently ranks #20 against this position","BYE","vs.  LVThis is a 3 star matchup. WRs perform close to their average vs. LV who currently ranks #19 against this position","at  PITThis is a 3 star matchup. WRs perform close to their average vs. PIT who currently ranks #22 against this position","vs.  MIAThis is a 5 star matchup. WRs perform better than their average vs. MIA who currently ranks #2 against this position","at  NYJThis is a 4 star matchup. WRs perform close to their average vs. NYJ who currently ranks #9 against this position","at  LVThis is a 3 star matchup. WRs perform close to their average vs. LV who currently ranks #19 against this position","vs.  BUFThis is a 3 star matchup. WRs perform close to their average vs. BUF who currently ranks #18 against this position","at  NEThis is a 4 star matchup. WRs perform better than their average vs. NE who currently ranks #6 against this position","vs.  LACThis is a 2 star matchup. WRs perform below their average vs. LAC who currently ranks #30 against this position"
"178","Van JeffersonV. Jefferson WAS","at  PHIThis is a 1 star matchup. WRs perform below their average vs. PHI who currently ranks #32 against this position","at  DALThis is a 5 star matchup. WRs perform better than their average vs. DAL who currently ranks #1 against this position","vs.  SEAThis is a 2 star matchup. WRs perform below their average vs. SEA who currently ranks #27 against this position","vs.  INDThis is a 3 star matchup. WRs perform close to their average vs. IND who currently ranks #16 against this position","vs.  NYGThis is a 3 star matchup. WRs perform close to their average vs. NYG who currently ranks #23 against this position","at  SFThis is a 3 star matchup. WRs perform close to their average vs. SF who currently ranks #15 against this position","BYE","vs.  PHIThis is a 1 star matchup. WRs perform below their average vs. PHI who currently ranks #32 against this position","vs.  LARThis is a 3 star matchup. WRs perform close to their average vs. LAR who currently ranks #17 against this position","at  NYGThis is a 3 star matchup. WRs perform close to their average vs. NYG who currently ranks #23 against this position","vs.  CINThis is a 3 star matchup. WRs perform close to their average vs. CIN who currently ranks #12 against this position","at  ARIThis is a 3 star matchup. WRs perform close to their average vs. ARI who currently ranks #24 against this position","at  TENThis is a 4 star matchup. WRs perform better than their average vs. TEN who currently ranks #3 against this position","vs.  HOUThis is a 3 star matchup. WRs perform close to their average vs. HOU who currently ranks #21 against this position","vs.  ATLThis is a 4 star matchup. WRs perform better than their average vs. ATL who currently ranks #4 against this position","at  MINThis is a 2 star matchup. WRs perform below their average vs. MIN who currently ranks #29 against this position","at  JACThis is a 2 star matchup. WRs perform below their average vs. JAC who currently ranks #28 against this position","vs.  DALThis is a 5 star matchup. WRs perform better than their average vs. DAL who currently ranks #1 against this position"
"179","Justin WatsonJ. Watson HOU","vs.  BUFThis is a 3 star matchup. WRs perform close to their average vs. BUF who currently ranks #18 against this position","vs.  CINThis is a 3 star matchup. WRs perform close to their average vs. CIN who currently ranks #12 against this position","at  INDThis is a 3 star matchup. WRs perform close to their average vs. IND who currently ranks #16 against this position","vs.  DALThis is a 5 star matchup. WRs perform better than their average vs. DAL who currently ranks #1 against this position","at  TENThis is a 4 star matchup. WRs perform better than their average vs. TEN who currently ranks #3 against this position","at  JACThis is a 2 star matchup. WRs perform below their average vs. JAC who currently ranks #28 against this position","vs.  NYGThis is a 3 star matchup. WRs perform close to their average vs. NYG who currently ranks #23 against this position","BYE","at  LACThis is a 2 star matchup. WRs perform below their average vs. LAC who currently ranks #30 against this position","at  CLEThis is a 4 star matchup. WRs perform close to their average vs. CLE who currently ranks #10 against this position","vs.  INDThis is a 3 star matchup. WRs perform close to their average vs. IND who currently ranks #16 against this position","vs.  BALThis is a 3 star matchup. WRs perform close to their average vs. BAL who currently ranks #13 against this position","at  PITThis is a 3 star matchup. WRs perform close to their average vs. PIT who currently ranks #22 against this position","at  WASThis is a 4 star matchup. WRs perform better than their average vs. WAS who currently ranks #7 against this position","vs.  JACThis is a 2 star matchup. WRs perform below their average vs. JAC who currently ranks #28 against this position","at  PHIThis is a 1 star matchup. WRs perform below their average vs. PHI who currently ranks #32 against this position","at  GBThis is a 3 star matchup. WRs perform close to their average vs. GB who currently ranks #14 against this position","vs.  TENThis is a 4 star matchup. WRs perform better than their average vs. TEN who currently ranks #3 against this position"
"180","Ronnie BellR. Bell NO","at  DETThis is a 4 star matchup. WRs perform better than their average vs. DET who currently ranks #8 against this position","at  BALThis is a 3 star matchup. WRs perform close to their average vs. BAL who currently ranks #13 against this position","vs.  LVThis is a 3 star matchup. WRs perform close to their average vs. LV who currently ranks #19 against this position","vs.  ATLThis is a 4 star matchup. WRs perform better than their average vs. ATL who currently ranks #4 against this position","vs.  MINThis is a 2 star matchup. WRs perform below their average vs. MIN who currently ranks #29 against this position","at  NYGThis is a 3 star matchup. WRs perform close to their average vs. NYG who currently ranks #23 against this position","vs.  PITThis is a 3 star matchup. WRs perform close to their average vs. PIT who currently ranks #22 against this position","BYE","vs.  CLEThis is a 4 star matchup. WRs perform close to their average vs. CLE who currently ranks #10 against this position","vs.  CARThis is a 3 star matchup. WRs perform close to their average vs. CAR who currently ranks #20 against this position","at  CHIThis is a 4 star matchup. WRs perform better than their average vs. CHI who currently ranks #5 against this position","at  CINThis is a 3 star matchup. WRs perform close to their average vs. CIN who currently ranks #12 against this position","vs.  GBThis is a 3 star matchup. WRs perform close to their average vs. GB who currently ranks #14 against this position","at  CARThis is a 3 star matchup. WRs perform close to their average vs. CAR who currently ranks #20 against this position","at  TBThis is a 2 star matchup. WRs perform below their average vs. TB who currently ranks #26 against this position","vs.  ARIThis is a 3 star matchup. WRs perform close to their average vs. ARI who currently ranks #24 against this position","at  ATLThis is a 4 star matchup. WRs perform better than their average vs. ATL who currently ranks #4 against this position","vs.  TBThis is a 2 star matchup. WRs perform below their average vs. TB who currently ranks #26 against this position"
"181","Xavier WeaverX. Weaver ARI","at  LACThis is a 2 star matchup. WRs perform below their average vs. LAC who currently ranks #30 against this position","vs.  SEAThis is a 2 star matchup. WRs perform below their average vs. SEA who currently ranks #27 against this position","at  SFThis is a 3 star matchup. WRs perform close to their average vs. SF who currently ranks #15 against this position","at  NYGThis is a 3 star matchup. WRs perform close to their average vs. NYG who currently ranks #23 against this position","vs.  DETThis is a 4 star matchup. WRs perform better than their average vs. DET who currently ranks #8 against this position","at  LARThis is a 3 star matchup. WRs perform close to their average vs. LAR who currently ranks #17 against this position","vs.  DENThis is a 2 star matchup. WRs perform below their average vs. DEN who currently ranks #31 against this position","at  DALThis is a 5 star matchup. WRs perform better than their average vs. DAL who currently ranks #1 against this position","at  SEAThis is a 2 star matchup. WRs perform below their average vs. SEA who currently ranks #27 against this position","vs.  LARThis is a 3 star matchup. WRs perform close to their average vs. LAR who currently ranks #17 against this position","at  KCThis is a 2 star matchup. WRs perform close to their average vs. KC who currently ranks #25 against this position","vs.  WASThis is a 4 star matchup. WRs perform better than their average vs. WAS who currently ranks #7 against this position","vs.  PHIThis is a 1 star matchup. WRs perform below their average vs. PHI who currently ranks #32 against this position","BYE","vs.  NYJThis is a 4 star matchup. WRs perform close to their average vs. NYJ who currently ranks #9 against this position","at  NOThis is a 4 star matchup. WRs perform close to their average vs. NO who currently ranks #11 against this position","vs.  LVThis is a 3 star matchup. WRs perform close to their average vs. LV who currently ranks #19 against this position","vs.  SFThis is a 3 star matchup. WRs perform close to their average vs. SF who currently ranks #15 against this position"
"182","David Sills VD. Sills V TB","at  CINThis is a 3 star matchup. WRs perform close to their average vs. CIN who currently ranks #12 against this position","vs.  CLEThis is a 4 star matchup. WRs perform close to their average vs. CLE who currently ranks #10 against this position","vs.  MINThis is a 2 star matchup. WRs perform below their average vs. MIN who currently ranks #29 against this position","vs.  GBThis is a 3 star matchup. WRs perform close to their average vs. GB who currently ranks #14 against this position","at  DALThis is a 5 star matchup. WRs perform better than their average vs. DAL who currently ranks #1 against this position","vs.  PITThis is a 3 star matchup. WRs perform close to their average vs. PIT who currently ranks #22 against this position","at  CARThis is a 3 star matchup. WRs perform close to their average vs. CAR who currently ranks #20 against this position","vs.  ATLThis is a 4 star matchup. WRs perform better than their average vs. ATL who currently ranks #4 against this position","at  CHIThis is a 4 star matchup. WRs perform better than their average vs. CHI who currently ranks #5 against this position","BYE","at  DETThis is a 4 star matchup. WRs perform better than their average vs. DET who currently ranks #8 against this position","vs.  CARThis is a 3 star matchup. WRs perform close to their average vs. CAR who currently ranks #20 against this position","vs.  LACThis is a 2 star matchup. WRs perform below their average vs. LAC who currently ranks #30 against this position","at  BALThis is a 3 star matchup. WRs perform close to their average vs. BAL who currently ranks #13 against this position","vs.  NOThis is a 4 star matchup. WRs perform close to their average vs. NO who currently ranks #11 against this position","at  ATLThis is a 4 star matchup. WRs perform better than their average vs. ATL who currently ranks #4 against this position","vs.  LARThis is a 3 star matchup. WRs perform close to their average vs. LAR who currently ranks #17 against this position","at  NOThis is a 4 star matchup. WRs perform close to their average vs. NO who currently ranks #11 against this position"
"183","Efton Chism IIIE. Chism III NE","at  SEAThis is a 2 star matchup. WRs perform below their average vs. SEA who currently ranks #27 against this position","vs.  PITThis is a 3 star matchup. WRs perform close to their average vs. PIT who currently ranks #22 against this position","at  JACThis is a 2 star matchup. WRs perform below their average vs. JAC who currently ranks #28 against this position","at  BUFThis is a 3 star matchup. WRs perform close to their average vs. BUF who currently ranks #18 against this position","vs.  LVThis is a 3 star matchup. WRs perform close to their average vs. LV who currently ranks #19 against this position","vs.  NYJThis is a 4 star matchup. WRs perform close to their average vs. NYJ who currently ranks #9 against this position","at  CHIThis is a 4 star matchup. WRs perform better than their average vs. CHI who currently ranks #5 against this position","at  MIAThis is a 5 star matchup. WRs perform better than their average vs. MIA who currently ranks #2 against this position","vs.  GBThis is a 3 star matchup. WRs perform close to their average vs. GB who currently ranks #14 against this position","at  DETThis is a 4 star matchup. WRs perform better than their average vs. DET who currently ranks #8 against this position","BYE","at  LACThis is a 2 star matchup. WRs perform below their average vs. LAC who currently ranks #30 against this position","vs.  BUFThis is a 3 star matchup. WRs perform close to their average vs. BUF who currently ranks #18 against this position","vs.  MINThis is a 2 star matchup. WRs perform below their average vs. MIN who currently ranks #29 against this position","at  KCThis is a 2 star matchup. WRs perform close to their average vs. KC who currently ranks #25 against this position","at  NYJThis is a 4 star matchup. WRs perform close to their average vs. NYJ who currently ranks #9 against this position","vs.  DENThis is a 2 star matchup. WRs perform below their average vs. DEN who currently ranks #31 against this position","vs.  MIAThis is a 5 star matchup. WRs perform better than their average vs. MIA who currently ranks #2 against this position"
"184","Mecole Hardman Jr.M. Hardman Jr. BUF","at  HOUThis is a 3 star matchup. WRs perform close to their average vs. HOU who currently ranks #21 against this position","vs.  DETThis is a 4 star matchup. WRs perform better than their average vs. DET who currently ranks #8 against this position","vs.  LACThis is a 2 star matchup. WRs perform below their average vs. LAC who currently ranks #30 against this position","vs.  NEThis is a 4 star matchup. WRs perform better than their average vs. NE who currently ranks #6 against this position","at  LARThis is a 3 star matchup. WRs perform close to their average vs. LAR who currently ranks #17 against this position","at  LVThis is a 3 star matchup. WRs perform close to their average vs. LV who currently ranks #19 against this position","BYE","vs.  BALThis is a 3 star matchup. WRs perform close to their average vs. BAL who currently ranks #13 against this position","at  MINThis is a 2 star matchup. WRs perform below their average vs. MIN who currently ranks #29 against this position","at  NYJThis is a 4 star matchup. WRs perform close to their average vs. NYJ who currently ranks #9 against this position","vs.  MIAThis is a 5 star matchup. WRs perform better than their average vs. MIA who currently ranks #2 against this position","vs.  KCThis is a 2 star matchup. WRs perform close to their average vs. KC who currently ranks #25 against this position","at  NEThis is a 4 star matchup. WRs perform better than their average vs. NE who currently ranks #6 against this position","at  GBThis is a 3 star matchup. WRs perform close to their average vs. GB who currently ranks #14 against this position","vs.  CHIThis is a 4 star matchup. WRs perform better than their average vs. CHI who currently ranks #5 against this position","at  DENThis is a 2 star matchup. WRs perform below their average vs. DEN who currently ranks #31 against this position","at  MIAThis is a 5 star matchup. WRs perform better than their average vs. MIA who currently ranks #2 against this position","vs.  NYJThis is a 4 star matchup. WRs perform close to their average vs. NYJ who currently ranks #9 against this position"
"185","Kendrick LawK. Law DET","vs.  NOThis is a 4 star matchup. WRs perform close to their average vs. NO who currently ranks #11 against this position","at  BUFThis is a 3 star matchup. WRs perform close to their average vs. BUF who currently ranks #18 against this position","vs.  NYJThis is a 4 star matchup. WRs perform close to their average vs. NYJ who currently ranks #9 against this position","at  CARThis is a 3 star matchup. WRs perform close to their average vs. CAR who currently ranks #20 against this position","at  ARIThis is a 3 star matchup. WRs perform close to their average vs. ARI who currently ranks #24 against this position","BYE","vs.  GBThis is a 3 star matchup. WRs perform close to their average vs. GB who currently ranks #14 against this position","vs.  MINThis is a 2 star matchup. WRs perform below their average vs. MIN who currently ranks #29 against this position","at  MIAThis is a 5 star matchup. WRs perform better than their average vs. MIA who currently ranks #2 against this position","vs.  NEThis is a 4 star matchup. WRs perform better than their average vs. NE who currently ranks #6 against this position","vs.  TBThis is a 2 star matchup. WRs perform below their average vs. TB who currently ranks #26 against this position","vs.  CHIThis is a 4 star matchup. WRs perform better than their average vs. CHI who currently ranks #5 against this position","at  ATLThis is a 4 star matchup. WRs perform better than their average vs. ATL who currently ranks #4 against this position","vs.  TENThis is a 4 star matchup. WRs perform better than their average vs. TEN who currently ranks #3 against this position","at  MINThis is a 2 star matchup. WRs perform below their average vs. MIN who currently ranks #29 against this position","vs.  NYGThis is a 3 star matchup. WRs perform close to their average vs. NYG who currently ranks #23 against this position","at  CHIThis is a 4 star matchup. WRs perform better than their average vs. CHI who currently ranks #5 against this position","at  GBThis is a 3 star matchup. WRs perform close to their average vs. GB who currently ranks #14 against this position"
"186","Coleman OwenC. Owen IND","vs.  BALThis is a 3 star matchup. WRs perform close to their average vs. BAL who currently ranks #13 against this position","at  KCThis is a 2 star matchup. WRs perform close to their average vs. KC who currently ranks #25 against this position","vs.  HOUThis is a 3 star matchup. WRs perform close to their average vs. HOU who currently ranks #21 against this position","at  WASThis is a 4 star matchup. WRs perform better than their average vs. WAS who currently ranks #7 against this position","at  PITThis is a 3 star matchup. WRs perform close to their average vs. PIT who currently ranks #22 against this position","vs.  TENThis is a 4 star matchup. WRs perform better than their average vs. TEN who currently ranks #3 against this position","at  MINThis is a 2 star matchup. WRs perform below their average vs. MIN who currently ranks #29 against this position","at  JACThis is a 2 star matchup. WRs perform below their average vs. JAC who currently ranks #28 against this position","vs.  DALThis is a 5 star matchup. WRs perform better than their average vs. DAL who currently ranks #1 against this position","vs.  MIAThis is a 5 star matchup. WRs perform better than their average vs. MIA who currently ranks #2 against this position","at  HOUThis is a 3 star matchup. WRs perform close to their average vs. HOU who currently ranks #21 against this position","vs.  NYGThis is a 3 star matchup. WRs perform close to their average vs. NYG who currently ranks #23 against this position","BYE","at  PHIThis is a 1 star matchup. WRs perform below their average vs. PHI who currently ranks #32 against this position","at  TENThis is a 4 star matchup. WRs perform better than their average vs. TEN who currently ranks #3 against this position","vs.  CINThis is a 3 star matchup. WRs perform close to their average vs. CIN who currently ranks #12 against this position","at  CLEThis is a 4 star matchup. WRs perform close to their average vs. CLE who currently ranks #10 against this position","vs.  JACThis is a 2 star matchup. WRs perform below their average vs. JAC who currently ranks #28 against this position"
"187","Dohnte MeyersD. Meyers CIN","vs.  TBThis is a 2 star matchup. WRs perform below their average vs. TB who currently ranks #26 against this position","at  HOUThis is a 3 star matchup. WRs perform close to their average vs. HOU who currently ranks #21 against this position","at  PITThis is a 3 star matchup. WRs perform close to their average vs. PIT who currently ranks #22 against this position","vs.  JACThis is a 2 star matchup. WRs perform below their average vs. JAC who currently ranks #28 against this position","at  MIAThis is a 5 star matchup. WRs perform better than their average vs. MIA who currently ranks #2 against this position","BYE","at  BALThis is a 3 star matchup. WRs perform close to their average vs. BAL who currently ranks #13 against this position","vs.  TENThis is a 4 star matchup. WRs perform better than their average vs. TEN who currently ranks #3 against this position","at  ATLThis is a 4 star matchup. WRs perform better than their average vs. ATL who currently ranks #4 against this position","vs.  PITThis is a 3 star matchup. WRs perform close to their average vs. PIT who currently ranks #22 against this position","at  WASThis is a 4 star matchup. WRs perform better than their average vs. WAS who currently ranks #7 against this position","vs.  NOThis is a 4 star matchup. WRs perform close to their average vs. NO who currently ranks #11 against this position","at  CLEThis is a 4 star matchup. WRs perform close to their average vs. CLE who currently ranks #10 against this position","vs.  KCThis is a 2 star matchup. WRs perform close to their average vs. KC who currently ranks #25 against this position","at  CARThis is a 3 star matchup. WRs perform close to their average vs. CAR who currently ranks #20 against this position","at  INDThis is a 3 star matchup. WRs perform close to their average vs. IND who currently ranks #16 against this position","vs.  BALThis is a 3 star matchup. WRs perform close to their average vs. BAL who currently ranks #13 against this position","vs.  CLEThis is a 4 star matchup. WRs perform close to their average vs. CLE who currently ranks #10 against this position"
"188","DeAndre HopkinsD. Hopkins BAL","at  INDThis is a 3 star matchup. WRs perform close to their average vs. IND who currently ranks #16 against this position","vs.  NOThis is a 4 star matchup. WRs perform close to their average vs. NO who currently ranks #11 against this position","at  DALThis is a 5 star matchup. WRs perform better than their average vs. DAL who currently ranks #1 against this position","vs.  TENThis is a 4 star matchup. WRs perform better than their average vs. TEN who currently ranks #3 against this position","at  ATLThis is a 4 star matchup. WRs perform better than their average vs. ATL who currently ranks #4 against this position","at  CLEThis is a 4 star matchup. WRs perform close to their average vs. CLE who currently ranks #10 against this position","vs.  CINThis is a 3 star matchup. WRs perform close to their average vs. CIN who currently ranks #12 against this position","at  BUFThis is a 3 star matchup. WRs perform close to their average vs. BUF who currently ranks #18 against this position","vs.  JACThis is a 2 star matchup. WRs perform below their average vs. JAC who currently ranks #28 against this position","vs.  LACThis is a 2 star matchup. WRs perform below their average vs. LAC who currently ranks #30 against this position","at  CARThis is a 3 star matchup. WRs perform close to their average vs. CAR who currently ranks #20 against this position","at  HOUThis is a 3 star matchup. WRs perform close to their average vs. HOU who currently ranks #21 against this position","BYE","vs.  TBThis is a 2 star matchup. WRs perform below their average vs. TB who currently ranks #26 against this position","at  PITThis is a 3 star matchup. WRs perform close to their average vs. PIT who currently ranks #22 against this position","vs.  CLEThis is a 4 star matchup. WRs perform close to their average vs. CLE who currently ranks #10 against this position","at  CINThis is a 3 star matchup. WRs perform close to their average vs. CIN who currently ranks #12 against this position","vs.  PITThis is a 3 star matchup. WRs perform close to their average vs. PIT who currently ranks #22 against this position"
"189","Isaiah WilliamsI. Williams FA","","","","","","","","","","","","","","","","","",""
"190","Sterling ShepardS. Shepard FA","","","","","","","","","","","","","","","","","",""
"191","Ben SkowronekB. Skowronek PIT","vs.  ATLThis is a 4 star matchup. WRs perform better than their average vs. ATL who currently ranks #4 against this position","at  NEThis is a 4 star matchup. WRs perform better than their average vs. NE who currently ranks #6 against this position","vs.  CINThis is a 3 star matchup. WRs perform close to their average vs. CIN who currently ranks #12 against this position","at  CLEThis is a 4 star matchup. WRs perform close to their average vs. CLE who currently ranks #10 against this position","vs.  INDThis is a 3 star matchup. WRs perform close to their average vs. IND who currently ranks #16 against this position","at  TBThis is a 2 star matchup. WRs perform below their average vs. TB who currently ranks #26 against this position","at  NOThis is a 4 star matchup. WRs perform close to their average vs. NO who currently ranks #11 against this position","vs.  CLEThis is a 4 star matchup. WRs perform close to their average vs. CLE who currently ranks #10 against this position","BYE","at  CINThis is a 3 star matchup. WRs perform close to their average vs. CIN who currently ranks #12 against this position","at  PHIThis is a 1 star matchup. WRs perform below their average vs. PHI who currently ranks #32 against this position","vs.  DENThis is a 2 star matchup. WRs perform below their average vs. DEN who currently ranks #31 against this position","vs.  HOUThis is a 3 star matchup. WRs perform close to their average vs. HOU who currently ranks #21 against this position","at  JACThis is a 2 star matchup. WRs perform below their average vs. JAC who currently ranks #28 against this position","vs.  BALThis is a 3 star matchup. WRs perform close to their average vs. BAL who currently ranks #13 against this position","vs.  CARThis is a 3 star matchup. WRs perform close to their average vs. CAR who currently ranks #20 against this position","at  TENThis is a 4 star matchup. WRs perform better than their average vs. TEN who currently ranks #3 against this position","at  BALThis is a 3 star matchup. WRs perform close to their average vs. BAL who currently ranks #13 against this position"
"192","Zay JonesZ. Jones FA","","","","","","","","","","","","","","","","","",""
"193","Jacob CowingJ. Cowing SF","at  LARThis is a 3 star matchup. WRs perform close to their average vs. LAR who currently ranks #17 against this position","vs.  MIAThis is a 5 star matchup. WRs perform better than their average vs. MIA who currently ranks #2 against this position","vs.  ARIThis is a 3 star matchup. WRs perform close to their average vs. ARI who currently ranks #24 against this position","vs.  DENThis is a 2 star matchup. WRs perform below their average vs. DEN who currently ranks #31 against this position","at  SEAThis is a 2 star matchup. WRs perform below their average vs. SEA who currently ranks #27 against this position","vs.  WASThis is a 4 star matchup. WRs perform better than their average vs. WAS who currently ranks #7 against this position","at  ATLThis is a 4 star matchup. WRs perform better than their average vs. ATL who currently ranks #4 against this position","BYE","vs.  LVThis is a 3 star matchup. WRs perform close to their average vs. LV who currently ranks #19 against this position","at  DALThis is a 5 star matchup. WRs perform better than their average vs. DAL who currently ranks #1 against this position","vs.  MINThis is a 2 star matchup. WRs perform below their average vs. MIN who currently ranks #29 against this position","vs.  SEAThis is a 2 star matchup. WRs perform below their average vs. SEA who currently ranks #27 against this position","at  NYGThis is a 3 star matchup. WRs perform close to their average vs. NYG who currently ranks #23 against this position","vs.  LARThis is a 3 star matchup. WRs perform close to their average vs. LAR who currently ranks #17 against this position","at  LACThis is a 2 star matchup. WRs perform below their average vs. LAC who currently ranks #30 against this position","at  KCThis is a 2 star matchup. WRs perform close to their average vs. KC who currently ranks #25 against this position","vs.  PHIThis is a 1 star matchup. WRs perform below their average vs. PHI who currently ranks #32 against this position","at  ARIThis is a 3 star matchup. WRs perform close to their average vs. ARI who currently ranks #24 against this position"
"194","Mason TiptonM. Tipton NO","at  DETThis is a 4 star matchup. WRs perform better than their average vs. DET who currently ranks #8 against this position","at  BALThis is a 3 star matchup. WRs perform close to their average vs. BAL who currently ranks #13 against this position","vs.  LVThis is a 3 star matchup. WRs perform close to their average vs. LV who currently ranks #19 against this position","vs.  ATLThis is a 4 star matchup. WRs perform better than their average vs. ATL who currently ranks #4 against this position","vs.  MINThis is a 2 star matchup. WRs perform below their average vs. MIN who currently ranks #29 against this position","at  NYGThis is a 3 star matchup. WRs perform close to their average vs. NYG who currently ranks #23 against this position","vs.  PITThis is a 3 star matchup. WRs perform close to their average vs. PIT who currently ranks #22 against this position","BYE","vs.  CLEThis is a 4 star matchup. WRs perform close to their average vs. CLE who currently ranks #10 against this position","vs.  CARThis is a 3 star matchup. WRs perform close to their average vs. CAR who currently ranks #20 against this position","at  CHIThis is a 4 star matchup. WRs perform better than their average vs. CHI who currently ranks #5 against this position","at  CINThis is a 3 star matchup. WRs perform close to their average vs. CIN who currently ranks #12 against this position","vs.  GBThis is a 3 star matchup. WRs perform close to their average vs. GB who currently ranks #14 against this position","at  CARThis is a 3 star matchup. WRs perform close to their average vs. CAR who currently ranks #20 against this position","at  TBThis is a 2 star matchup. WRs perform below their average vs. TB who currently ranks #26 against this position","vs.  ARIThis is a 3 star matchup. WRs perform close to their average vs. ARI who currently ranks #24 against this position","at  ATLThis is a 4 star matchup. WRs perform better than their average vs. ATL who currently ranks #4 against this position","vs.  TBThis is a 2 star matchup. WRs perform below their average vs. TB who currently ranks #26 against this position"
"195","Arian SmithA. Smith NYJ","at  TENThis is a 4 star matchup. WRs perform better than their average vs. TEN who currently ranks #3 against this position","vs.  GBThis is a 3 star matchup. WRs perform close to their average vs. GB who currently ranks #14 against this position","at  DETThis is a 4 star matchup. WRs perform better than their average vs. DET who currently ranks #8 against this position","at  CHIThis is a 4 star matchup. WRs perform better than their average vs. CHI who currently ranks #5 against this position","vs.  CLEThis is a 4 star matchup. WRs perform close to their average vs. CLE who currently ranks #10 against this position","at  NEThis is a 4 star matchup. WRs perform better than their average vs. NE who currently ranks #6 against this position","vs.  MIAThis is a 5 star matchup. WRs perform better than their average vs. MIA who currently ranks #2 against this position","vs.  LVThis is a 3 star matchup. WRs perform close to their average vs. LV who currently ranks #19 against this position","at  KCThis is a 2 star matchup. WRs perform close to their average vs. KC who currently ranks #25 against this position","vs.  BUFThis is a 3 star matchup. WRs perform close to their average vs. BUF who currently ranks #18 against this position","at  LACThis is a 2 star matchup. WRs perform below their average vs. LAC who currently ranks #30 against this position","at  MIAThis is a 5 star matchup. WRs perform better than their average vs. MIA who currently ranks #2 against this position","BYE","vs.  DENThis is a 2 star matchup. WRs perform below their average vs. DEN who currently ranks #31 against this position","at  ARIThis is a 3 star matchup. WRs perform close to their average vs. ARI who currently ranks #24 against this position","vs.  NEThis is a 4 star matchup. WRs perform better than their average vs. NE who currently ranks #6 against this position","vs.  MINThis is a 2 star matchup. WRs perform below their average vs. MIN who currently ranks #29 against this position","at  BUFThis is a 3 star matchup. WRs perform close to their average vs. BUF who currently ranks #18 against this position"
"196","Emmanuel Henderson Jr.E. Henderson Jr. SEA","vs.  NEThis is a 4 star matchup. WRs perform better than their average vs. NE who currently ranks #6 against this position","at  ARIThis is a 3 star matchup. WRs perform close to their average vs. ARI who currently ranks #24 against this position","at  WASThis is a 4 star matchup. WRs perform better than their average vs. WAS who currently ranks #7 against this position","vs.  LACThis is a 2 star matchup. WRs perform below their average vs. LAC who currently ranks #30 against this position","vs.  SFThis is a 3 star matchup. WRs perform close to their average vs. SF who currently ranks #15 against this position","at  DENThis is a 2 star matchup. WRs perform below their average vs. DEN who currently ranks #31 against this position","vs.  KCThis is a 2 star matchup. WRs perform close to their average vs. KC who currently ranks #25 against this position","vs.  CHIThis is a 4 star matchup. WRs perform better than their average vs. CHI who currently ranks #5 against this position","vs.  ARIThis is a 3 star matchup. WRs perform close to their average vs. ARI who currently ranks #24 against this position","at  LVThis is a 3 star matchup. WRs perform close to their average vs. LV who currently ranks #19 against this position","BYE","at  SFThis is a 3 star matchup. WRs perform close to their average vs. SF who currently ranks #15 against this position","vs.  DALThis is a 5 star matchup. WRs perform better than their average vs. DAL who currently ranks #1 against this position","vs.  NYGThis is a 3 star matchup. WRs perform close to their average vs. NYG who currently ranks #23 against this position","at  PHIThis is a 1 star matchup. WRs perform below their average vs. PHI who currently ranks #32 against this position","vs.  LARThis is a 3 star matchup. WRs perform close to their average vs. LAR who currently ranks #17 against this position","at  CARThis is a 3 star matchup. WRs perform close to their average vs. CAR who currently ranks #20 against this position","at  LARThis is a 3 star matchup. WRs perform close to their average vs. LAR who currently ranks #17 against this position"
"197","Quez WatkinsQ. Watkins PHI","vs.  WASThis is a 4 star matchup. WRs perform better than their average vs. WAS who currently ranks #7 against this position","at  TENThis is a 4 star matchup. WRs perform better than their average vs. TEN who currently ranks #3 against this position","at  CHIThis is a 4 star matchup. WRs perform better than their average vs. CHI who currently ranks #5 against this position","vs.  LARThis is a 3 star matchup. WRs perform close to their average vs. LAR who currently ranks #17 against this position","at  JACThis is a 2 star matchup. WRs perform below their average vs. JAC who currently ranks #28 against this position","vs.  CARThis is a 3 star matchup. WRs perform close to their average vs. CAR who currently ranks #20 against this position","vs.  DALThis is a 5 star matchup. WRs perform better than their average vs. DAL who currently ranks #1 against this position","at  WASThis is a 4 star matchup. WRs perform better than their average vs. WAS who currently ranks #7 against this position","vs.  NYGThis is a 3 star matchup. WRs perform close to their average vs. NYG who currently ranks #23 against this position","BYE","vs.  PITThis is a 3 star matchup. WRs perform close to their average vs. PIT who currently ranks #22 against this position","at  DALThis is a 5 star matchup. WRs perform better than their average vs. DAL who currently ranks #1 against this position","at  ARIThis is a 3 star matchup. WRs perform close to their average vs. ARI who currently ranks #24 against this position","vs.  INDThis is a 3 star matchup. WRs perform close to their average vs. IND who currently ranks #16 against this position","vs.  SEAThis is a 2 star matchup. WRs perform below their average vs. SEA who currently ranks #27 against this position","vs.  HOUThis is a 3 star matchup. WRs perform close to their average vs. HOU who currently ranks #21 against this position","at  SFThis is a 3 star matchup. WRs perform close to their average vs. SF who currently ranks #15 against this position","at  NYGThis is a 3 star matchup. WRs perform close to their average vs. NYG who currently ranks #23 against this position"
"198","Montorie Foster Jr.M. Foster Jr. SEA","vs.  NEThis is a 4 star matchup. WRs perform better than their average vs. NE who currently ranks #6 against this position","at  ARIThis is a 3 star matchup. WRs perform close to their average vs. ARI who currently ranks #24 against this position","at  WASThis is a 4 star matchup. WRs perform better than their average vs. WAS who currently ranks #7 against this position","vs.  LACThis is a 2 star matchup. WRs perform below their average vs. LAC who currently ranks #30 against this position","vs.  SFThis is a 3 star matchup. WRs perform close to their average vs. SF who currently ranks #15 against this position","at  DENThis is a 2 star matchup. WRs perform below their average vs. DEN who currently ranks #31 against this position","vs.  KCThis is a 2 star matchup. WRs perform close to their average vs. KC who currently ranks #25 against this position","vs.  CHIThis is a 4 star matchup. WRs perform better than their average vs. CHI who currently ranks #5 against this position","vs.  ARIThis is a 3 star matchup. WRs perform close to their average vs. ARI who currently ranks #24 against this position","at  LVThis is a 3 star matchup. WRs perform close to their average vs. LV who currently ranks #19 against this position","BYE","at  SFThis is a 3 star matchup. WRs perform close to their average vs. SF who currently ranks #15 against this position","vs.  DALThis is a 5 star matchup. WRs perform better than their average vs. DAL who currently ranks #1 against this position","vs.  NYGThis is a 3 star matchup. WRs perform close to their average vs. NYG who currently ranks #23 against this position","at  PHIThis is a 1 star matchup. WRs perform below their average vs. PHI who currently ranks #32 against this position","vs.  LARThis is a 3 star matchup. WRs perform close to their average vs. LAR who currently ranks #17 against this position","at  CARThis is a 3 star matchup. WRs perform close to their average vs. CAR who currently ranks #20 against this position","at  LARThis is a 3 star matchup. WRs perform close to their average vs. LAR who currently ranks #17 against this position"
"199","Brandin CooksB. Cooks FA","","","","","","","","","","","","","","","","","",""
"200","Barion BrownB. Brown NO","at  DETThis is a 4 star matchup. WRs perform better than their average vs. DET who currently ranks #8 against this position","at  BALThis is a 3 star matchup. WRs perform close to their average vs. BAL who currently ranks #13 against this position","vs.  LVThis is a 3 star matchup. WRs perform close to their average vs. LV who currently ranks #19 against this position","vs.  ATLThis is a 4 star matchup. WRs perform better than their average vs. ATL who currently ranks #4 against this position","vs.  MINThis is a 2 star matchup. WRs perform below their average vs. MIN who currently ranks #29 against this position","at  NYGThis is a 3 star matchup. WRs perform close to their average vs. NYG who currently ranks #23 against this position","vs.  PITThis is a 3 star matchup. WRs perform close to their average vs. PIT who currently ranks #22 against this position","BYE","vs.  CLEThis is a 4 star matchup. WRs perform close to their average vs. CLE who currently ranks #10 against this position","vs.  CARThis is a 3 star matchup. WRs perform close to their average vs. CAR who currently ranks #20 against this position","at  CHIThis is a 4 star matchup. WRs perform better than their average vs. CHI who currently ranks #5 against this position","at  CINThis is a 3 star matchup. WRs perform close to their average vs. CIN who currently ranks #12 against this position","vs.  GBThis is a 3 star matchup. WRs perform close to their average vs. GB who currently ranks #14 against this position","at  CARThis is a 3 star matchup. WRs perform close to their average vs. CAR who currently ranks #20 against this position","at  TBThis is a 2 star matchup. WRs perform below their average vs. TB who currently ranks #26 against this position","vs.  ARIThis is a 3 star matchup. WRs perform close to their average vs. ARI who currently ranks #24 against this position","at  ATLThis is a 4 star matchup. WRs perform better than their average vs. ATL who currently ranks #4 against this position","vs.  TBThis is a 2 star matchup. WRs perform below their average vs. TB who currently ranks #26 against this position"
"201","Jermaine BurtonJ. Burton FA","","","","","","","","","","","","","","","","","",""
"202","J. Michael SturdivantJ. Michael Sturdivant GB","at  MINThis is a 2 star matchup. WRs perform below their average vs. MIN who currently ranks #29 against this position","at  NYJThis is a 4 star matchup. WRs perform close to their average vs. NYJ who currently ranks #9 against this position","vs.  ATLThis is a 4 star matchup. WRs perform better than their average vs. ATL who currently ranks #4 against this position","at  TBThis is a 2 star matchup. WRs perform below their average vs. TB who currently ranks #26 against this position","vs.  CHIThis is a 4 star matchup. WRs perform better than their average vs. CHI who currently ranks #5 against this position","vs.  DALThis is a 5 star matchup. WRs perform better than their average vs. DAL who currently ranks #1 against this position","at  DETThis is a 4 star matchup. WRs perform better than their average vs. DET who currently ranks #8 against this position","vs.  CARThis is a 3 star matchup. WRs perform close to their average vs. CAR who currently ranks #20 against this position","at  NEThis is a 4 star matchup. WRs perform better than their average vs. NE who currently ranks #6 against this position","vs.  MINThis is a 2 star matchup. WRs perform below their average vs. MIN who currently ranks #29 against this position","BYE","at  LARThis is a 3 star matchup. WRs perform close to their average vs. LAR who currently ranks #17 against this position","at  NOThis is a 4 star matchup. WRs perform close to their average vs. NO who currently ranks #11 against this position","vs.  BUFThis is a 3 star matchup. WRs perform close to their average vs. BUF who currently ranks #18 against this position","vs.  MIAThis is a 5 star matchup. WRs perform better than their average vs. MIA who currently ranks #2 against this position","at  CHIThis is a 4 star matchup. WRs perform better than their average vs. CHI who currently ranks #5 against this position","vs.  HOUThis is a 3 star matchup. WRs perform close to their average vs. HOU who currently ranks #21 against this position","vs.  DETThis is a 4 star matchup. WRs perform better than their average vs. DET who currently ranks #8 against this position"
"203","Michael BandyM. Bandy DEN","at  KCThis is a 2 star matchup. WRs perform close to their average vs. KC who currently ranks #25 against this position","vs.  JACThis is a 2 star matchup. WRs perform below their average vs. JAC who currently ranks #28 against this position","vs.  LARThis is a 3 star matchup. WRs perform close to their average vs. LAR who currently ranks #17 against this position","at  SFThis is a 3 star matchup. WRs perform close to their average vs. SF who currently ranks #15 against this position","at  LACThis is a 2 star matchup. WRs perform below their average vs. LAC who currently ranks #30 against this position","vs.  SEAThis is a 2 star matchup. WRs perform below their average vs. SEA who currently ranks #27 against this position","at  ARIThis is a 3 star matchup. WRs perform close to their average vs. ARI who currently ranks #24 against this position","vs.  KCThis is a 2 star matchup. WRs perform close to their average vs. KC who currently ranks #25 against this position","at  CARThis is a 3 star matchup. WRs perform close to their average vs. CAR who currently ranks #20 against this position","BYE","vs.  LVThis is a 3 star matchup. WRs perform close to their average vs. LV who currently ranks #19 against this position","at  PITThis is a 3 star matchup. WRs perform close to their average vs. PIT who currently ranks #22 against this position","vs.  MIAThis is a 5 star matchup. WRs perform better than their average vs. MIA who currently ranks #2 against this position","at  NYJThis is a 4 star matchup. WRs perform close to their average vs. NYJ who currently ranks #9 against this position","at  LVThis is a 3 star matchup. WRs perform close to their average vs. LV who currently ranks #19 against this position","vs.  BUFThis is a 3 star matchup. WRs perform close to their average vs. BUF who currently ranks #18 against this position","at  NEThis is a 4 star matchup. WRs perform better than their average vs. NE who currently ranks #6 against this position","vs.  LACThis is a 2 star matchup. WRs perform below their average vs. LAC who currently ranks #30 against this position"
"204","Darius CooperD. Cooper PHI","vs.  WASThis is a 4 star matchup. WRs perform better than their average vs. WAS who currently ranks #7 against this position","at  TENThis is a 4 star matchup. WRs perform better than their average vs. TEN who currently ranks #3 against this position","at  CHIThis is a 4 star matchup. WRs perform better than their average vs. CHI who currently ranks #5 against this position","vs.  LARThis is a 3 star matchup. WRs perform close to their average vs. LAR who currently ranks #17 against this position","at  JACThis is a 2 star matchup. WRs perform below their average vs. JAC who currently ranks #28 against this position","vs.  CARThis is a 3 star matchup. WRs perform close to their average vs. CAR who currently ranks #20 against this position","vs.  DALThis is a 5 star matchup. WRs perform better than their average vs. DAL who currently ranks #1 against this position","at  WASThis is a 4 star matchup. WRs perform better than their average vs. WAS who currently ranks #7 against this position","vs.  NYGThis is a 3 star matchup. WRs perform close to their average vs. NYG who currently ranks #23 against this position","BYE","vs.  PITThis is a 3 star matchup. WRs perform close to their average vs. PIT who currently ranks #22 against this position","at  DALThis is a 5 star matchup. WRs perform better than their average vs. DAL who currently ranks #1 against this position","at  ARIThis is a 3 star matchup. WRs perform close to their average vs. ARI who currently ranks #24 against this position","vs.  INDThis is a 3 star matchup. WRs perform close to their average vs. IND who currently ranks #16 against this position","vs.  SEAThis is a 2 star matchup. WRs perform below their average vs. SEA who currently ranks #27 against this position","vs.  HOUThis is a 3 star matchup. WRs perform close to their average vs. HOU who currently ranks #21 against this position","at  SFThis is a 3 star matchup. WRs perform close to their average vs. SF who currently ranks #15 against this position","at  NYGThis is a 3 star matchup. WRs perform close to their average vs. NYG who currently ranks #23 against this position"
"205","Kaden WetjenK. Wetjen PIT","vs.  ATLThis is a 4 star matchup. WRs perform better than their average vs. ATL who currently ranks #4 against this position","at  NEThis is a 4 star matchup. WRs perform better than their average vs. NE who currently ranks #6 against this position","vs.  CINThis is a 3 star matchup. WRs perform close to their average vs. CIN who currently ranks #12 against this position","at  CLEThis is a 4 star matchup. WRs perform close to their average vs. CLE who currently ranks #10 against this position","vs.  INDThis is a 3 star matchup. WRs perform close to their average vs. IND who currently ranks #16 against this position","at  TBThis is a 2 star matchup. WRs perform below their average vs. TB who currently ranks #26 against this position","at  NOThis is a 4 star matchup. WRs perform close to their average vs. NO who currently ranks #11 against this position","vs.  CLEThis is a 4 star matchup. WRs perform close to their average vs. CLE who currently ranks #10 against this position","BYE","at  CINThis is a 3 star matchup. WRs perform close to their average vs. CIN who currently ranks #12 against this position","at  PHIThis is a 1 star matchup. WRs perform below their average vs. PHI who currently ranks #32 against this position","vs.  DENThis is a 2 star matchup. WRs perform below their average vs. DEN who currently ranks #31 against this position","vs.  HOUThis is a 3 star matchup. WRs perform close to their average vs. HOU who currently ranks #21 against this position","at  JACThis is a 2 star matchup. WRs perform below their average vs. JAC who currently ranks #28 against this position","vs.  BALThis is a 3 star matchup. WRs perform close to their average vs. BAL who currently ranks #13 against this position","vs.  CARThis is a 3 star matchup. WRs perform close to their average vs. CAR who currently ranks #20 against this position","at  TENThis is a 4 star matchup. WRs perform better than their average vs. TEN who currently ranks #3 against this position","at  BALThis is a 3 star matchup. WRs perform close to their average vs. BAL who currently ranks #13 against this position"
"206","Josh ReynoldsJ. Reynolds FA","","","","","","","","","","","","","","","","","",""
"207","Bryce OliverB. Oliver TEN","vs.  NYJThis is a 4 star matchup. WRs perform close to their average vs. NYJ who currently ranks #9 against this position","vs.  PHIThis is a 1 star matchup. WRs perform below their average vs. PHI who currently ranks #32 against this position","at  NYGThis is a 3 star matchup. WRs perform close to their average vs. NYG who currently ranks #23 against this position","at  BALThis is a 3 star matchup. WRs perform close to their average vs. BAL who currently ranks #13 against this position","vs.  HOUThis is a 3 star matchup. WRs perform close to their average vs. HOU who currently ranks #21 against this position","at  INDThis is a 3 star matchup. WRs perform close to their average vs. IND who currently ranks #16 against this position","vs.  CLEThis is a 4 star matchup. WRs perform close to their average vs. CLE who currently ranks #10 against this position","at  CINThis is a 3 star matchup. WRs perform close to their average vs. CIN who currently ranks #12 against this position","BYE","vs.  JACThis is a 2 star matchup. WRs perform below their average vs. JAC who currently ranks #28 against this position","at  DALThis is a 5 star matchup. WRs perform better than their average vs. DAL who currently ranks #1 against this position","at  JACThis is a 2 star matchup. WRs perform below their average vs. JAC who currently ranks #28 against this position","vs.  WASThis is a 4 star matchup. WRs perform better than their average vs. WAS who currently ranks #7 against this position","at  DETThis is a 4 star matchup. WRs perform better than their average vs. DET who currently ranks #8 against this position","vs.  INDThis is a 3 star matchup. WRs perform close to their average vs. IND who currently ranks #16 against this position","at  LVThis is a 3 star matchup. WRs perform close to their average vs. LV who currently ranks #19 against this position","vs.  PITThis is a 3 star matchup. WRs perform close to their average vs. PIT who currently ranks #22 against this position","at  HOUThis is a 3 star matchup. WRs perform close to their average vs. HOU who currently ranks #21 against this position"
"208","JuJu Smith-SchusterJ. Smith-Schuster NYG","vs.  DALThis is a 5 star matchup. WRs perform better than their average vs. DAL who currently ranks #1 against this position","at  LARThis is a 3 star matchup. WRs perform close to their average vs. LAR who currently ranks #17 against this position","vs.  TENThis is a 4 star matchup. WRs perform better than their average vs. TEN who currently ranks #3 against this position","vs.  ARIThis is a 3 star matchup. WRs perform close to their average vs. ARI who currently ranks #24 against this position","at  WASThis is a 4 star matchup. WRs perform better than their average vs. WAS who currently ranks #7 against this position","vs.  NOThis is a 4 star matchup. WRs perform close to their average vs. NO who currently ranks #11 against this position","at  HOUThis is a 3 star matchup. WRs perform close to their average vs. HOU who currently ranks #21 against this position","BYE","at  PHIThis is a 1 star matchup. WRs perform below their average vs. PHI who currently ranks #32 against this position","vs.  WASThis is a 4 star matchup. WRs perform better than their average vs. WAS who currently ranks #7 against this position","vs.  JACThis is a 2 star matchup. WRs perform below their average vs. JAC who currently ranks #28 against this position","at  INDThis is a 3 star matchup. WRs perform close to their average vs. IND who currently ranks #16 against this position","vs.  SFThis is a 3 star matchup. WRs perform close to their average vs. SF who currently ranks #15 against this position","at  SEAThis is a 2 star matchup. WRs perform below their average vs. SEA who currently ranks #27 against this position","vs.  CLEThis is a 4 star matchup. WRs perform close to their average vs. CLE who currently ranks #10 against this position","at  DETThis is a 4 star matchup. WRs perform better than their average vs. DET who currently ranks #8 against this position","at  DALThis is a 5 star matchup. WRs perform better than their average vs. DAL who currently ranks #1 against this position","vs.  PHIThis is a 1 star matchup. WRs perform below their average vs. PHI who currently ranks #32 against this position"
"209","Tahj WashingtonT. Washington MIA","at  LVThis is a 3 star matchup. WRs perform close to their average vs. LV who currently ranks #19 against this position","at  SFThis is a 3 star matchup. WRs perform close to their average vs. SF who currently ranks #15 against this position","vs.  KCThis is a 2 star matchup. WRs perform close to their average vs. KC who currently ranks #25 against this position","at  MINThis is a 2 star matchup. WRs perform below their average vs. MIN who currently ranks #29 against this position","vs.  CINThis is a 3 star matchup. WRs perform close to their average vs. CIN who currently ranks #12 against this position","BYE","at  NYJThis is a 4 star matchup. WRs perform close to their average vs. NYJ who currently ranks #9 against this position","vs.  NEThis is a 4 star matchup. WRs perform better than their average vs. NE who currently ranks #6 against this position","vs.  DETThis is a 4 star matchup. WRs perform better than their average vs. DET who currently ranks #8 against this position","at  INDThis is a 3 star matchup. WRs perform close to their average vs. IND who currently ranks #16 against this position","at  BUFThis is a 3 star matchup. WRs perform close to their average vs. BUF who currently ranks #18 against this position","vs.  NYJThis is a 4 star matchup. WRs perform close to their average vs. NYJ who currently ranks #9 against this position","at  DENThis is a 2 star matchup. WRs perform below their average vs. DEN who currently ranks #31 against this position","vs.  CHIThis is a 4 star matchup. WRs perform better than their average vs. CHI who currently ranks #5 against this position","at  GBThis is a 3 star matchup. WRs perform close to their average vs. GB who currently ranks #14 against this position","vs.  LACThis is a 2 star matchup. WRs perform below their average vs. LAC who currently ranks #30 against this position","vs.  BUFThis is a 3 star matchup. WRs perform close to their average vs. BUF who currently ranks #18 against this position","at  NEThis is a 4 star matchup. WRs perform better than their average vs. NE who currently ranks #6 against this position"
"210","Russell Gage Jr.R. Gage Jr. FA","","","","","","","","","","","","","","","","","",""
"211","Nikko RemigioN. Remigio KC","vs.  DENThis is a 2 star matchup. WRs perform below their average vs. DEN who currently ranks #31 against this position","vs.  INDThis is a 3 star matchup. WRs perform close to their average vs. IND who currently ranks #16 against this position","at  MIAThis is a 5 star matchup. WRs perform better than their average vs. MIA who currently ranks #2 against this position","at  LVThis is a 3 star matchup. WRs perform close to their average vs. LV who currently ranks #19 against this position","BYE","vs.  LACThis is a 2 star matchup. WRs perform below their average vs. LAC who currently ranks #30 against this position","at  SEAThis is a 2 star matchup. WRs perform below their average vs. SEA who currently ranks #27 against this position","at  DENThis is a 2 star matchup. WRs perform below their average vs. DEN who currently ranks #31 against this position","vs.  NYJThis is a 4 star matchup. WRs perform close to their average vs. NYJ who currently ranks #9 against this position","at  ATLThis is a 4 star matchup. WRs perform better than their average vs. ATL who currently ranks #4 against this position","vs.  ARIThis is a 3 star matchup. WRs perform close to their average vs. ARI who currently ranks #24 against this position","at  BUFThis is a 3 star matchup. WRs perform close to their average vs. BUF who currently ranks #18 against this position","at  LARThis is a 3 star matchup. WRs perform close to their average vs. LAR who currently ranks #17 against this position","at  CINThis is a 3 star matchup. WRs perform close to their average vs. CIN who currently ranks #12 against this position","vs.  NEThis is a 4 star matchup. WRs perform better than their average vs. NE who currently ranks #6 against this position","vs.  SFThis is a 3 star matchup. WRs perform close to their average vs. SF who currently ranks #15 against this position","at  LACThis is a 2 star matchup. WRs perform below their average vs. LAC who currently ranks #30 against this position","vs.  LVThis is a 3 star matchup. WRs perform close to their average vs. LV who currently ranks #19 against this position"
"212","Jonathan MingoJ. Mingo DAL","at  NYGThis is a 3 star matchup. WRs perform close to their average vs. NYG who currently ranks #23 against this position","vs.  WASThis is a 4 star matchup. WRs perform better than their average vs. WAS who currently ranks #7 against this position","vs.  BALThis is a 3 star matchup. WRs perform close to their average vs. BAL who currently ranks #13 against this position","at  HOUThis is a 3 star matchup. WRs perform close to their average vs. HOU who currently ranks #21 against this position","vs.  TBThis is a 2 star matchup. WRs perform below their average vs. TB who currently ranks #26 against this position","at  GBThis is a 3 star matchup. WRs perform close to their average vs. GB who currently ranks #14 against this position","at  PHIThis is a 1 star matchup. WRs perform below their average vs. PHI who currently ranks #32 against this position","vs.  ARIThis is a 3 star matchup. WRs perform close to their average vs. ARI who currently ranks #24 against this position","at  INDThis is a 3 star matchup. WRs perform close to their average vs. IND who currently ranks #16 against this position","vs.  SFThis is a 3 star matchup. WRs perform close to their average vs. SF who currently ranks #15 against this position","vs.  TENThis is a 4 star matchup. WRs perform better than their average vs. TEN who currently ranks #3 against this position","vs.  PHIThis is a 1 star matchup. WRs perform below their average vs. PHI who currently ranks #32 against this position","at  SEAThis is a 2 star matchup. WRs perform below their average vs. SEA who currently ranks #27 against this position","BYE","at  LARThis is a 3 star matchup. WRs perform close to their average vs. LAR who currently ranks #17 against this position","vs.  JACThis is a 2 star matchup. WRs perform below their average vs. JAC who currently ranks #28 against this position","vs.  NYGThis is a 3 star matchup. WRs perform close to their average vs. NYG who currently ranks #23 against this position","at  WASThis is a 4 star matchup. WRs perform better than their average vs. WAS who currently ranks #7 against this position"
"213","Curtis SamuelC. Samuel FA","","","","","","","","","","","","","","","","","",""
"214","Bub MeansB. Means NO","at  DETThis is a 4 star matchup. WRs perform better than their average vs. DET who currently ranks #8 against this position","at  BALThis is a 3 star matchup. WRs perform close to their average vs. BAL who currently ranks #13 against this position","vs.  LVThis is a 3 star matchup. WRs perform close to their average vs. LV who currently ranks #19 against this position","vs.  ATLThis is a 4 star matchup. WRs perform better than their average vs. ATL who currently ranks #4 against this position","vs.  MINThis is a 2 star matchup. WRs perform below their average vs. MIN who currently ranks #29 against this position","at  NYGThis is a 3 star matchup. WRs perform close to their average vs. NYG who currently ranks #23 against this position","vs.  PITThis is a 3 star matchup. WRs perform close to their average vs. PIT who currently ranks #22 against this position","BYE","vs.  CLEThis is a 4 star matchup. WRs perform close to their average vs. CLE who currently ranks #10 against this position","vs.  CARThis is a 3 star matchup. WRs perform close to their average vs. CAR who currently ranks #20 against this position","at  CHIThis is a 4 star matchup. WRs perform better than their average vs. CHI who currently ranks #5 against this position","at  CINThis is a 3 star matchup. WRs perform close to their average vs. CIN who currently ranks #12 against this position","vs.  GBThis is a 3 star matchup. WRs perform close to their average vs. GB who currently ranks #14 against this position","at  CARThis is a 3 star matchup. WRs perform close to their average vs. CAR who currently ranks #20 against this position","at  TBThis is a 2 star matchup. WRs perform below their average vs. TB who currently ranks #26 against this position","vs.  ARIThis is a 3 star matchup. WRs perform close to their average vs. ARI who currently ranks #24 against this position","at  ATLThis is a 4 star matchup. WRs perform better than their average vs. ATL who currently ranks #4 against this position","vs.  TBThis is a 2 star matchup. WRs perform below their average vs. TB who currently ranks #26 against this position"
"215","Diontae JohnsonD. Johnson FA","","","","","","","","","","","","","","","","","",""
"216","Jared WayneJ. Wayne HOU","vs.  BUFThis is a 3 star matchup. WRs perform close to their average vs. BUF who currently ranks #18 against this position","vs.  CINThis is a 3 star matchup. WRs perform close to their average vs. CIN who currently ranks #12 against this position","at  INDThis is a 3 star matchup. WRs perform close to their average vs. IND who currently ranks #16 against this position","vs.  DALThis is a 5 star matchup. WRs perform better than their average vs. DAL who currently ranks #1 against this position","at  TENThis is a 4 star matchup. WRs perform better than their average vs. TEN who currently ranks #3 against this position","at  JACThis is a 2 star matchup. WRs perform below their average vs. JAC who currently ranks #28 against this position","vs.  NYGThis is a 3 star matchup. WRs perform close to their average vs. NYG who currently ranks #23 against this position","BYE","at  LACThis is a 2 star matchup. WRs perform below their average vs. LAC who currently ranks #30 against this position","at  CLEThis is a 4 star matchup. WRs perform close to their average vs. CLE who currently ranks #10 against this position","vs.  INDThis is a 3 star matchup. WRs perform close to their average vs. IND who currently ranks #16 against this position","vs.  BALThis is a 3 star matchup. WRs perform close to their average vs. BAL who currently ranks #13 against this position","at  PITThis is a 3 star matchup. WRs perform close to their average vs. PIT who currently ranks #22 against this position","at  WASThis is a 4 star matchup. WRs perform better than their average vs. WAS who currently ranks #7 against this position","vs.  JACThis is a 2 star matchup. WRs perform below their average vs. JAC who currently ranks #28 against this position","at  PHIThis is a 1 star matchup. WRs perform below their average vs. PHI who currently ranks #32 against this position","at  GBThis is a 3 star matchup. WRs perform close to their average vs. GB who currently ranks #14 against this position","vs.  TENThis is a 4 star matchup. WRs perform better than their average vs. TEN who currently ranks #3 against this position"
"217","Maurice AlexanderM. Alexander CHI","at  CARThis is a 3 star matchup. WRs perform close to their average vs. CAR who currently ranks #20 against this position","vs.  MINThis is a 2 star matchup. WRs perform below their average vs. MIN who currently ranks #29 against this position","vs.  PHIThis is a 1 star matchup. WRs perform below their average vs. PHI who currently ranks #32 against this position","vs.  NYJThis is a 4 star matchup. WRs perform close to their average vs. NYJ who currently ranks #9 against this position","at  GBThis is a 3 star matchup. WRs perform close to their average vs. GB who currently ranks #14 against this position","at  ATLThis is a 4 star matchup. WRs perform better than their average vs. ATL who currently ranks #4 against this position","vs.  NEThis is a 4 star matchup. WRs perform better than their average vs. NE who currently ranks #6 against this position","at  SEAThis is a 2 star matchup. WRs perform below their average vs. SEA who currently ranks #27 against this position","vs.  TBThis is a 2 star matchup. WRs perform below their average vs. TB who currently ranks #26 against this position","BYE","vs.  NOThis is a 4 star matchup. WRs perform close to their average vs. NO who currently ranks #11 against this position","at  DETThis is a 4 star matchup. WRs perform better than their average vs. DET who currently ranks #8 against this position","vs.  JACThis is a 2 star matchup. WRs perform below their average vs. JAC who currently ranks #28 against this position","at  MIAThis is a 5 star matchup. WRs perform better than their average vs. MIA who currently ranks #2 against this position","at  BUFThis is a 3 star matchup. WRs perform close to their average vs. BUF who currently ranks #18 against this position","vs.  GBThis is a 3 star matchup. WRs perform close to their average vs. GB who currently ranks #14 against this position","vs.  DETThis is a 4 star matchup. WRs perform better than their average vs. DET who currently ranks #8 against this position","at  MINThis is a 2 star matchup. WRs perform below their average vs. MIN who currently ranks #29 against this position"
"218","Cedrick Wilson Jr.C. Wilson Jr. DET","vs.  NOThis is a 4 star matchup. WRs perform close to their average vs. NO who currently ranks #11 against this position","at  BUFThis is a 3 star matchup. WRs perform close to their average vs. BUF who currently ranks #18 against this position","vs.  NYJThis is a 4 star matchup. WRs perform close to their average vs. NYJ who currently ranks #9 against this position","at  CARThis is a 3 star matchup. WRs perform close to their average vs. CAR who currently ranks #20 against this position","at  ARIThis is a 3 star matchup. WRs perform close to their average vs. ARI who currently ranks #24 against this position","BYE","vs.  GBThis is a 3 star matchup. WRs perform close to their average vs. GB who currently ranks #14 against this position","vs.  MINThis is a 2 star matchup. WRs perform below their average vs. MIN who currently ranks #29 against this position","at  MIAThis is a 5 star matchup. WRs perform better than their average vs. MIA who currently ranks #2 against this position","vs.  NEThis is a 4 star matchup. WRs perform better than their average vs. NE who currently ranks #6 against this position","vs.  TBThis is a 2 star matchup. WRs perform below their average vs. TB who currently ranks #26 against this position","vs.  CHIThis is a 4 star matchup. WRs perform better than their average vs. CHI who currently ranks #5 against this position","at  ATLThis is a 4 star matchup. WRs perform better than their average vs. ATL who currently ranks #4 against this position","vs.  TENThis is a 4 star matchup. WRs perform better than their average vs. TEN who currently ranks #3 against this position","at  MINThis is a 2 star matchup. WRs perform below their average vs. MIN who currently ranks #29 against this position","vs.  NYGThis is a 3 star matchup. WRs perform close to their average vs. NYG who currently ranks #23 against this position","at  CHIThis is a 4 star matchup. WRs perform better than their average vs. CHI who currently ranks #5 against this position","at  GBThis is a 3 star matchup. WRs perform close to their average vs. GB who currently ranks #14 against this position"
"219","Dylan DrummondD. Drummond ATL","at  PITThis is a 3 star matchup. WRs perform close to their average vs. PIT who currently ranks #22 against this position","vs.  CARThis is a 3 star matchup. WRs perform close to their average vs. CAR who currently ranks #20 against this position","at  GBThis is a 3 star matchup. WRs perform close to their average vs. GB who currently ranks #14 against this position","at  NOThis is a 4 star matchup. WRs perform close to their average vs. NO who currently ranks #11 against this position","vs.  BALThis is a 3 star matchup. WRs perform close to their average vs. BAL who currently ranks #13 against this position","vs.  CHIThis is a 4 star matchup. WRs perform better than their average vs. CHI who currently ranks #5 against this position","vs.  SFThis is a 3 star matchup. WRs perform close to their average vs. SF who currently ranks #15 against this position","at  TBThis is a 2 star matchup. WRs perform below their average vs. TB who currently ranks #26 against this position","vs.  CINThis is a 3 star matchup. WRs perform close to their average vs. CIN who currently ranks #12 against this position","vs.  KCThis is a 2 star matchup. WRs perform close to their average vs. KC who currently ranks #25 against this position","BYE","at  MINThis is a 2 star matchup. WRs perform below their average vs. MIN who currently ranks #29 against this position","vs.  DETThis is a 4 star matchup. WRs perform better than their average vs. DET who currently ranks #8 against this position","at  CLEThis is a 4 star matchup. WRs perform close to their average vs. CLE who currently ranks #10 against this position","at  WASThis is a 4 star matchup. WRs perform better than their average vs. WAS who currently ranks #7 against this position","vs.  TBThis is a 2 star matchup. WRs perform below their average vs. TB who currently ranks #26 against this position","vs.  NOThis is a 4 star matchup. WRs perform close to their average vs. NO who currently ranks #11 against this position","at  CARThis is a 3 star matchup. WRs perform close to their average vs. CAR who currently ranks #20 against this position"
"220","Terrace Marshall Jr.T. Marshall Jr. MIA","at  LVThis is a 3 star matchup. WRs perform close to their average vs. LV who currently ranks #19 against this position","at  SFThis is a 3 star matchup. WRs perform close to their average vs. SF who currently ranks #15 against this position","vs.  KCThis is a 2 star matchup. WRs perform close to their average vs. KC who currently ranks #25 against this position","at  MINThis is a 2 star matchup. WRs perform below their average vs. MIN who currently ranks #29 against this position","vs.  CINThis is a 3 star matchup. WRs perform close to their average vs. CIN who currently ranks #12 against this position","BYE","at  NYJThis is a 4 star matchup. WRs perform close to their average vs. NYJ who currently ranks #9 against this position","vs.  NEThis is a 4 star matchup. WRs perform better than their average vs. NE who currently ranks #6 against this position","vs.  DETThis is a 4 star matchup. WRs perform better than their average vs. DET who currently ranks #8 against this position","at  INDThis is a 3 star matchup. WRs perform close to their average vs. IND who currently ranks #16 against this position","at  BUFThis is a 3 star matchup. WRs perform close to their average vs. BUF who currently ranks #18 against this position","vs.  NYJThis is a 4 star matchup. WRs perform close to their average vs. NYJ who currently ranks #9 against this position","at  DENThis is a 2 star matchup. WRs perform below their average vs. DEN who currently ranks #31 against this position","vs.  CHIThis is a 4 star matchup. WRs perform better than their average vs. CHI who currently ranks #5 against this position","at  GBThis is a 3 star matchup. WRs perform close to their average vs. GB who currently ranks #14 against this position","vs.  LACThis is a 2 star matchup. WRs perform below their average vs. LAC who currently ranks #30 against this position","vs.  BUFThis is a 3 star matchup. WRs perform close to their average vs. BUF who currently ranks #18 against this position","at  NEThis is a 4 star matchup. WRs perform better than their average vs. NE who currently ranks #6 against this position"
"221","Michael BriscoeM. Briscoe MIN","vs.  GBThis is a 3 star matchup. WRs perform close to their average vs. GB who currently ranks #14 against this position","at  CHIThis is a 4 star matchup. WRs perform better than their average vs. CHI who currently ranks #5 against this position","at  TBThis is a 2 star matchup. WRs perform below their average vs. TB who currently ranks #26 against this position","vs.  MIAThis is a 5 star matchup. WRs perform better than their average vs. MIA who currently ranks #2 against this position","at  NOThis is a 4 star matchup. WRs perform close to their average vs. NO who currently ranks #11 against this position","BYE","vs.  INDThis is a 3 star matchup. WRs perform close to their average vs. IND who currently ranks #16 against this position","at  DETThis is a 4 star matchup. WRs perform better than their average vs. DET who currently ranks #8 against this position","vs.  BUFThis is a 3 star matchup. WRs perform close to their average vs. BUF who currently ranks #18 against this position","at  GBThis is a 3 star matchup. WRs perform close to their average vs. GB who currently ranks #14 against this position","at  SFThis is a 3 star matchup. WRs perform close to their average vs. SF who currently ranks #15 against this position","vs.  ATLThis is a 4 star matchup. WRs perform better than their average vs. ATL who currently ranks #4 against this position","vs.  CARThis is a 3 star matchup. WRs perform close to their average vs. CAR who currently ranks #20 against this position","at  NEThis is a 4 star matchup. WRs perform better than their average vs. NE who currently ranks #6 against this position","vs.  DETThis is a 4 star matchup. WRs perform better than their average vs. DET who currently ranks #8 against this position","vs.  WASThis is a 4 star matchup. WRs perform better than their average vs. WAS who currently ranks #7 against this position","at  NYJThis is a 4 star matchup. WRs perform close to their average vs. NYJ who currently ranks #9 against this position","vs.  CHIThis is a 4 star matchup. WRs perform better than their average vs. CHI who currently ranks #5 against this position"
"222","Tom KennedyT. Kennedy DET","vs.  NOThis is a 4 star matchup. WRs perform close to their average vs. NO who currently ranks #11 against this position","at  BUFThis is a 3 star matchup. WRs perform close to their average vs. BUF who currently ranks #18 against this position","vs.  NYJThis is a 4 star matchup. WRs perform close to their average vs. NYJ who currently ranks #9 against this position","at  CARThis is a 3 star matchup. WRs perform close to their average vs. CAR who currently ranks #20 against this position","at  ARIThis is a 3 star matchup. WRs perform close to their average vs. ARI who currently ranks #24 against this position","BYE","vs.  GBThis is a 3 star matchup. WRs perform close to their average vs. GB who currently ranks #14 against this position","vs.  MINThis is a 2 star matchup. WRs perform below their average vs. MIN who currently ranks #29 against this position","at  MIAThis is a 5 star matchup. WRs perform better than their average vs. MIA who currently ranks #2 against this position","vs.  NEThis is a 4 star matchup. WRs perform better than their average vs. NE who currently ranks #6 against this position","vs.  TBThis is a 2 star matchup. WRs perform below their average vs. TB who currently ranks #26 against this position","vs.  CHIThis is a 4 star matchup. WRs perform better than their average vs. CHI who currently ranks #5 against this position","at  ATLThis is a 4 star matchup. WRs perform better than their average vs. ATL who currently ranks #4 against this position","vs.  TENThis is a 4 star matchup. WRs perform better than their average vs. TEN who currently ranks #3 against this position","at  MINThis is a 2 star matchup. WRs perform below their average vs. MIN who currently ranks #29 against this position","vs.  NYGThis is a 3 star matchup. WRs perform close to their average vs. NYG who currently ranks #23 against this position","at  CHIThis is a 4 star matchup. WRs perform better than their average vs. CHI who currently ranks #5 against this position","at  GBThis is a 3 star matchup. WRs perform close to their average vs. GB who currently ranks #14 against this position"
"223","Velus Jones Jr.V. Jones Jr. SEA","vs.  NEThis is a 4 star matchup. WRs perform better than their average vs. NE who currently ranks #6 against this position","at  ARIThis is a 3 star matchup. WRs perform close to their average vs. ARI who currently ranks #24 against this position","at  WASThis is a 4 star matchup. WRs perform better than their average vs. WAS who currently ranks #7 against this position","vs.  LACThis is a 2 star matchup. WRs perform below their average vs. LAC who currently ranks #30 against this position","vs.  SFThis is a 3 star matchup. WRs perform close to their average vs. SF who currently ranks #15 against this position","at  DENThis is a 2 star matchup. WRs perform below their average vs. DEN who currently ranks #31 against this position","vs.  KCThis is a 2 star matchup. WRs perform close to their average vs. KC who currently ranks #25 against this position","vs.  CHIThis is a 4 star matchup. WRs perform better than their average vs. CHI who currently ranks #5 against this position","vs.  ARIThis is a 3 star matchup. WRs perform close to their average vs. ARI who currently ranks #24 against this position","at  LVThis is a 3 star matchup. WRs perform close to their average vs. LV who currently ranks #19 against this position","BYE","at  SFThis is a 3 star matchup. WRs perform close to their average vs. SF who currently ranks #15 against this position","vs.  DALThis is a 5 star matchup. WRs perform better than their average vs. DAL who currently ranks #1 against this position","vs.  NYGThis is a 3 star matchup. WRs perform close to their average vs. NYG who currently ranks #23 against this position","at  PHIThis is a 1 star matchup. WRs perform below their average vs. PHI who currently ranks #32 against this position","vs.  LARThis is a 3 star matchup. WRs perform close to their average vs. LAR who currently ranks #17 against this position","at  CARThis is a 3 star matchup. WRs perform close to their average vs. CAR who currently ranks #20 against this position","at  LARThis is a 3 star matchup. WRs perform close to their average vs. LAR who currently ranks #17 against this position"
"224","Joshua CephusJ. Cephus FA","","","","","","","","","","","","","","","","","",""
"225","K.J. OsbornK.J. Osborn TEN","vs.  NYJThis is a 4 star matchup. WRs perform close to their average vs. NYJ who currently ranks #9 against this position","vs.  PHIThis is a 1 star matchup. WRs perform below their average vs. PHI who currently ranks #32 against this position","at  NYGThis is a 3 star matchup. WRs perform close to their average vs. NYG who currently ranks #23 against this position","at  BALThis is a 3 star matchup. WRs perform close to their average vs. BAL who currently ranks #13 against this position","vs.  HOUThis is a 3 star matchup. WRs perform close to their average vs. HOU who currently ranks #21 against this position","at  INDThis is a 3 star matchup. WRs perform close to their average vs. IND who currently ranks #16 against this position","vs.  CLEThis is a 4 star matchup. WRs perform close to their average vs. CLE who currently ranks #10 against this position","at  CINThis is a 3 star matchup. WRs perform close to their average vs. CIN who currently ranks #12 against this position","BYE","vs.  JACThis is a 2 star matchup. WRs perform below their average vs. JAC who currently ranks #28 against this position","at  DALThis is a 5 star matchup. WRs perform better than their average vs. DAL who currently ranks #1 against this position","at  JACThis is a 2 star matchup. WRs perform below their average vs. JAC who currently ranks #28 against this position","vs.  WASThis is a 4 star matchup. WRs perform better than their average vs. WAS who currently ranks #7 against this position","at  DETThis is a 4 star matchup. WRs perform better than their average vs. DET who currently ranks #8 against this position","vs.  INDThis is a 3 star matchup. WRs perform close to their average vs. IND who currently ranks #16 against this position","at  LVThis is a 3 star matchup. WRs perform close to their average vs. LV who currently ranks #19 against this position","vs.  PITThis is a 3 star matchup. WRs perform close to their average vs. PIT who currently ranks #22 against this position","at  HOUThis is a 3 star matchup. WRs perform close to their average vs. HOU who currently ranks #21 against this position"
"226","Michael WorthamM. Wortham JAC","vs.  CLEThis is a 4 star matchup. WRs perform close to their average vs. CLE who currently ranks #10 against this position","at  DENThis is a 2 star matchup. WRs perform below their average vs. DEN who currently ranks #31 against this position","vs.  NEThis is a 4 star matchup. WRs perform better than their average vs. NE who currently ranks #6 against this position","at  CINThis is a 3 star matchup. WRs perform close to their average vs. CIN who currently ranks #12 against this position","vs.  PHIThis is a 1 star matchup. WRs perform below their average vs. PHI who currently ranks #32 against this position","vs.  HOUThis is a 3 star matchup. WRs perform close to their average vs. HOU who currently ranks #21 against this position","BYE","vs.  INDThis is a 3 star matchup. WRs perform close to their average vs. IND who currently ranks #16 against this position","at  BALThis is a 3 star matchup. WRs perform close to their average vs. BAL who currently ranks #13 against this position","at  TENThis is a 4 star matchup. WRs perform better than their average vs. TEN who currently ranks #3 against this position","at  NYGThis is a 3 star matchup. WRs perform close to their average vs. NYG who currently ranks #23 against this position","vs.  TENThis is a 4 star matchup. WRs perform better than their average vs. TEN who currently ranks #3 against this position","at  CHIThis is a 4 star matchup. WRs perform better than their average vs. CHI who currently ranks #5 against this position","vs.  PITThis is a 3 star matchup. WRs perform close to their average vs. PIT who currently ranks #22 against this position","at  HOUThis is a 3 star matchup. WRs perform close to their average vs. HOU who currently ranks #21 against this position","at  DALThis is a 5 star matchup. WRs perform better than their average vs. DAL who currently ranks #1 against this position","vs.  WASThis is a 4 star matchup. WRs perform better than their average vs. WAS who currently ranks #7 against this position","at  INDThis is a 3 star matchup. WRs perform close to their average vs. IND who currently ranks #16 against this position"
"227","Jalen ReagorJ. Reagor MIA","at  LVThis is a 3 star matchup. WRs perform close to their average vs. LV who currently ranks #19 against this position","at  SFThis is a 3 star matchup. WRs perform close to their average vs. SF who currently ranks #15 against this position","vs.  KCThis is a 2 star matchup. WRs perform close to their average vs. KC who currently ranks #25 against this position","at  MINThis is a 2 star matchup. WRs perform below their average vs. MIN who currently ranks #29 against this position","vs.  CINThis is a 3 star matchup. WRs perform close to their average vs. CIN who currently ranks #12 against this position","BYE","at  NYJThis is a 4 star matchup. WRs perform close to their average vs. NYJ who currently ranks #9 against this position","vs.  NEThis is a 4 star matchup. WRs perform better than their average vs. NE who currently ranks #6 against this position","vs.  DETThis is a 4 star matchup. WRs perform better than their average vs. DET who currently ranks #8 against this position","at  INDThis is a 3 star matchup. WRs perform close to their average vs. IND who currently ranks #16 against this position","at  BUFThis is a 3 star matchup. WRs perform close to their average vs. BUF who currently ranks #18 against this position","vs.  NYJThis is a 4 star matchup. WRs perform close to their average vs. NYJ who currently ranks #9 against this position","at  DENThis is a 2 star matchup. WRs perform below their average vs. DEN who currently ranks #31 against this position","vs.  CHIThis is a 4 star matchup. WRs perform better than their average vs. CHI who currently ranks #5 against this position","at  GBThis is a 3 star matchup. WRs perform close to their average vs. GB who currently ranks #14 against this position","vs.  LACThis is a 2 star matchup. WRs perform below their average vs. LAC who currently ranks #30 against this position","vs.  BUFThis is a 3 star matchup. WRs perform close to their average vs. BUF who currently ranks #18 against this position","at  NEThis is a 4 star matchup. WRs perform better than their average vs. NE who currently ranks #6 against this position"
"228","Eli PancolE. Pancol IND","vs.  BALThis is a 3 star matchup. WRs perform close to their average vs. BAL who currently ranks #13 against this position","at  KCThis is a 2 star matchup. WRs perform close to their average vs. KC who currently ranks #25 against this position","vs.  HOUThis is a 3 star matchup. WRs perform close to their average vs. HOU who currently ranks #21 against this position","at  WASThis is a 4 star matchup. WRs perform better than their average vs. WAS who currently ranks #7 against this position","at  PITThis is a 3 star matchup. WRs perform close to their average vs. PIT who currently ranks #22 against this position","vs.  TENThis is a 4 star matchup. WRs perform better than their average vs. TEN who currently ranks #3 against this position","at  MINThis is a 2 star matchup. WRs perform below their average vs. MIN who currently ranks #29 against this position","at  JACThis is a 2 star matchup. WRs perform below their average vs. JAC who currently ranks #28 against this position","vs.  DALThis is a 5 star matchup. WRs perform better than their average vs. DAL who currently ranks #1 against this position","vs.  MIAThis is a 5 star matchup. WRs perform better than their average vs. MIA who currently ranks #2 against this position","at  HOUThis is a 3 star matchup. WRs perform close to their average vs. HOU who currently ranks #21 against this position","vs.  NYGThis is a 3 star matchup. WRs perform close to their average vs. NYG who currently ranks #23 against this position","BYE","at  PHIThis is a 1 star matchup. WRs perform below their average vs. PHI who currently ranks #32 against this position","at  TENThis is a 4 star matchup. WRs perform better than their average vs. TEN who currently ranks #3 against this position","vs.  CINThis is a 3 star matchup. WRs perform close to their average vs. CIN who currently ranks #12 against this position","at  CLEThis is a 4 star matchup. WRs perform close to their average vs. CLE who currently ranks #10 against this position","vs.  JACThis is a 2 star matchup. WRs perform below their average vs. JAC who currently ranks #28 against this position"
"229","Chris BlairC. Blair ATL","at  PITThis is a 3 star matchup. WRs perform close to their average vs. PIT who currently ranks #22 against this position","vs.  CARThis is a 3 star matchup. WRs perform close to their average vs. CAR who currently ranks #20 against this position","at  GBThis is a 3 star matchup. WRs perform close to their average vs. GB who currently ranks #14 against this position","at  NOThis is a 4 star matchup. WRs perform close to their average vs. NO who currently ranks #11 against this position","vs.  BALThis is a 3 star matchup. WRs perform close to their average vs. BAL who currently ranks #13 against this position","vs.  CHIThis is a 4 star matchup. WRs perform better than their average vs. CHI who currently ranks #5 against this position","vs.  SFThis is a 3 star matchup. WRs perform close to their average vs. SF who currently ranks #15 against this position","at  TBThis is a 2 star matchup. WRs perform below their average vs. TB who currently ranks #26 against this position","vs.  CINThis is a 3 star matchup. WRs perform close to their average vs. CIN who currently ranks #12 against this position","vs.  KCThis is a 2 star matchup. WRs perform close to their average vs. KC who currently ranks #25 against this position","BYE","at  MINThis is a 2 star matchup. WRs perform below their average vs. MIN who currently ranks #29 against this position","vs.  DETThis is a 4 star matchup. WRs perform better than their average vs. DET who currently ranks #8 against this position","at  CLEThis is a 4 star matchup. WRs perform close to their average vs. CLE who currently ranks #10 against this position","at  WASThis is a 4 star matchup. WRs perform better than their average vs. WAS who currently ranks #7 against this position","vs.  TBThis is a 2 star matchup. WRs perform below their average vs. TB who currently ranks #26 against this position","vs.  NOThis is a 4 star matchup. WRs perform close to their average vs. NO who currently ranks #11 against this position","at  CARThis is a 3 star matchup. WRs perform close to their average vs. CAR who currently ranks #20 against this position"
"230","Ainias SmithA. Smith FA","","","","","","","","","","","","","","","","","",""
"231","Brandon JohnsonB. Johnson LV","vs.  MIAThis is a 5 star matchup. WRs perform better than their average vs. MIA who currently ranks #2 against this position","at  LACThis is a 2 star matchup. WRs perform below their average vs. LAC who currently ranks #30 against this position","at  NOThis is a 4 star matchup. WRs perform close to their average vs. NO who currently ranks #11 against this position","vs.  KCThis is a 2 star matchup. WRs perform close to their average vs. KC who currently ranks #25 against this position","at  NEThis is a 4 star matchup. WRs perform better than their average vs. NE who currently ranks #6 against this position","vs.  BUFThis is a 3 star matchup. WRs perform close to their average vs. BUF who currently ranks #18 against this position","vs.  LARThis is a 3 star matchup. WRs perform close to their average vs. LAR who currently ranks #17 against this position","at  NYJThis is a 4 star matchup. WRs perform close to their average vs. NYJ who currently ranks #9 against this position","at  SFThis is a 3 star matchup. WRs perform close to their average vs. SF who currently ranks #15 against this position","vs.  SEAThis is a 2 star matchup. WRs perform below their average vs. SEA who currently ranks #27 against this position","at  DENThis is a 2 star matchup. WRs perform below their average vs. DEN who currently ranks #31 against this position","at  CLEThis is a 4 star matchup. WRs perform close to their average vs. CLE who currently ranks #10 against this position","BYE","vs.  LACThis is a 2 star matchup. WRs perform below their average vs. LAC who currently ranks #30 against this position","vs.  DENThis is a 2 star matchup. WRs perform below their average vs. DEN who currently ranks #31 against this position","vs.  TENThis is a 4 star matchup. WRs perform better than their average vs. TEN who currently ranks #3 against this position","at  ARIThis is a 3 star matchup. WRs perform close to their average vs. ARI who currently ranks #24 against this position","at  KCThis is a 2 star matchup. WRs perform close to their average vs. KC who currently ranks #25 against this position"
"232","Noah BrownN. Brown FA","","","","","","","","","","","","","","","","","",""
"233","Omari KellyO. Kelly CHI","at  CARThis is a 3 star matchup. WRs perform close to their average vs. CAR who currently ranks #20 against this position","vs.  MINThis is a 2 star matchup. WRs perform below their average vs. MIN who currently ranks #29 against this position","vs.  PHIThis is a 1 star matchup. WRs perform below their average vs. PHI who currently ranks #32 against this position","vs.  NYJThis is a 4 star matchup. WRs perform close to their average vs. NYJ who currently ranks #9 against this position","at  GBThis is a 3 star matchup. WRs perform close to their average vs. GB who currently ranks #14 against this position","at  ATLThis is a 4 star matchup. WRs perform better than their average vs. ATL who currently ranks #4 against this position","vs.  NEThis is a 4 star matchup. WRs perform better than their average vs. NE who currently ranks #6 against this position","at  SEAThis is a 2 star matchup. WRs perform below their average vs. SEA who currently ranks #27 against this position","vs.  TBThis is a 2 star matchup. WRs perform below their average vs. TB who currently ranks #26 against this position","BYE","vs.  NOThis is a 4 star matchup. WRs perform close to their average vs. NO who currently ranks #11 against this position","at  DETThis is a 4 star matchup. WRs perform better than their average vs. DET who currently ranks #8 against this position","vs.  JACThis is a 2 star matchup. WRs perform below their average vs. JAC who currently ranks #28 against this position","at  MIAThis is a 5 star matchup. WRs perform better than their average vs. MIA who currently ranks #2 against this position","at  BUFThis is a 3 star matchup. WRs perform close to their average vs. BUF who currently ranks #18 against this position","vs.  GBThis is a 3 star matchup. WRs perform close to their average vs. GB who currently ranks #14 against this position","vs.  DETThis is a 4 star matchup. WRs perform better than their average vs. DET who currently ranks #8 against this position","at  MINThis is a 2 star matchup. WRs perform below their average vs. MIN who currently ranks #29 against this position"
"234","Isaiah NeyorI. Neyor GB","at  MINThis is a 2 star matchup. WRs perform below their average vs. MIN who currently ranks #29 against this position","at  NYJThis is a 4 star matchup. WRs perform close to their average vs. NYJ who currently ranks #9 against this position","vs.  ATLThis is a 4 star matchup. WRs perform better than their average vs. ATL who currently ranks #4 against this position","at  TBThis is a 2 star matchup. WRs perform below their average vs. TB who currently ranks #26 against this position","vs.  CHIThis is a 4 star matchup. WRs perform better than their average vs. CHI who currently ranks #5 against this position","vs.  DALThis is a 5 star matchup. WRs perform better than their average vs. DAL who currently ranks #1 against this position","at  DETThis is a 4 star matchup. WRs perform better than their average vs. DET who currently ranks #8 against this position","vs.  CARThis is a 3 star matchup. WRs perform close to their average vs. CAR who currently ranks #20 against this position","at  NEThis is a 4 star matchup. WRs perform better than their average vs. NE who currently ranks #6 against this position","vs.  MINThis is a 2 star matchup. WRs perform below their average vs. MIN who currently ranks #29 against this position","BYE","at  LARThis is a 3 star matchup. WRs perform close to their average vs. LAR who currently ranks #17 against this position","at  NOThis is a 4 star matchup. WRs perform close to their average vs. NO who currently ranks #11 against this position","vs.  BUFThis is a 3 star matchup. WRs perform close to their average vs. BUF who currently ranks #18 against this position","vs.  MIAThis is a 5 star matchup. WRs perform better than their average vs. MIA who currently ranks #2 against this position","at  CHIThis is a 4 star matchup. WRs perform better than their average vs. CHI who currently ranks #5 against this position","vs.  HOUThis is a 3 star matchup. WRs perform close to their average vs. HOU who currently ranks #21 against this position","vs.  DETThis is a 4 star matchup. WRs perform better than their average vs. DET who currently ranks #8 against this position"
"235","Isaiah HodginsI. Hodgins NYG","vs.  DALThis is a 5 star matchup. WRs perform better than their average vs. DAL who currently ranks #1 against this position","at  LARThis is a 3 star matchup. WRs perform close to their average vs. LAR who currently ranks #17 against this position","vs.  TENThis is a 4 star matchup. WRs perform better than their average vs. TEN who currently ranks #3 against this position","vs.  ARIThis is a 3 star matchup. WRs perform close to their average vs. ARI who currently ranks #24 against this position","at  WASThis is a 4 star matchup. WRs perform better than their average vs. WAS who currently ranks #7 against this position","vs.  NOThis is a 4 star matchup. WRs perform close to their average vs. NO who currently ranks #11 against this position","at  HOUThis is a 3 star matchup. WRs perform close to their average vs. HOU who currently ranks #21 against this position","BYE","at  PHIThis is a 1 star matchup. WRs perform below their average vs. PHI who currently ranks #32 against this position","vs.  WASThis is a 4 star matchup. WRs perform better than their average vs. WAS who currently ranks #7 against this position","vs.  JACThis is a 2 star matchup. WRs perform below their average vs. JAC who currently ranks #28 against this position","at  INDThis is a 3 star matchup. WRs perform close to their average vs. IND who currently ranks #16 against this position","vs.  SFThis is a 3 star matchup. WRs perform close to their average vs. SF who currently ranks #15 against this position","at  SEAThis is a 2 star matchup. WRs perform below their average vs. SEA who currently ranks #27 against this position","vs.  CLEThis is a 4 star matchup. WRs perform close to their average vs. CLE who currently ranks #10 against this position","at  DETThis is a 4 star matchup. WRs perform better than their average vs. DET who currently ranks #8 against this position","at  DALThis is a 5 star matchup. WRs perform better than their average vs. DAL who currently ranks #1 against this position","vs.  PHIThis is a 1 star matchup. WRs perform below their average vs. PHI who currently ranks #32 against this position"
"236","JP RichardsonJP Richardson CHI","at  CARThis is a 3 star matchup. WRs perform close to their average vs. CAR who currently ranks #20 against this position","vs.  MINThis is a 2 star matchup. WRs perform below their average vs. MIN who currently ranks #29 against this position","vs.  PHIThis is a 1 star matchup. WRs perform below their average vs. PHI who currently ranks #32 against this position","vs.  NYJThis is a 4 star matchup. WRs perform close to their average vs. NYJ who currently ranks #9 against this position","at  GBThis is a 3 star matchup. WRs perform close to their average vs. GB who currently ranks #14 against this position","at  ATLThis is a 4 star matchup. WRs perform better than their average vs. ATL who currently ranks #4 against this position","vs.  NEThis is a 4 star matchup. WRs perform better than their average vs. NE who currently ranks #6 against this position","at  SEAThis is a 2 star matchup. WRs perform below their average vs. SEA who currently ranks #27 against this position","vs.  TBThis is a 2 star matchup. WRs perform below their average vs. TB who currently ranks #26 against this position","BYE","vs.  NOThis is a 4 star matchup. WRs perform close to their average vs. NO who currently ranks #11 against this position","at  DETThis is a 4 star matchup. WRs perform better than their average vs. DET who currently ranks #8 against this position","vs.  JACThis is a 2 star matchup. WRs perform below their average vs. JAC who currently ranks #28 against this position","at  MIAThis is a 5 star matchup. WRs perform better than their average vs. MIA who currently ranks #2 against this position","at  BUFThis is a 3 star matchup. WRs perform close to their average vs. BUF who currently ranks #18 against this position","vs.  GBThis is a 3 star matchup. WRs perform close to their average vs. GB who currently ranks #14 against this position","vs.  DETThis is a 4 star matchup. WRs perform better than their average vs. DET who currently ranks #8 against this position","at  MINThis is a 2 star matchup. WRs perform below their average vs. MIN who currently ranks #29 against this position"
"237","Xavier LoydX. Loyd KC","vs.  DENThis is a 2 star matchup. WRs perform below their average vs. DEN who currently ranks #31 against this position","vs.  INDThis is a 3 star matchup. WRs perform close to their average vs. IND who currently ranks #16 against this position","at  MIAThis is a 5 star matchup. WRs perform better than their average vs. MIA who currently ranks #2 against this position","at  LVThis is a 3 star matchup. WRs perform close to their average vs. LV who currently ranks #19 against this position","BYE","vs.  LACThis is a 2 star matchup. WRs perform below their average vs. LAC who currently ranks #30 against this position","at  SEAThis is a 2 star matchup. WRs perform below their average vs. SEA who currently ranks #27 against this position","at  DENThis is a 2 star matchup. WRs perform below their average vs. DEN who currently ranks #31 against this position","vs.  NYJThis is a 4 star matchup. WRs perform close to their average vs. NYJ who currently ranks #9 against this position","at  ATLThis is a 4 star matchup. WRs perform better than their average vs. ATL who currently ranks #4 against this position","vs.  ARIThis is a 3 star matchup. WRs perform close to their average vs. ARI who currently ranks #24 against this position","at  BUFThis is a 3 star matchup. WRs perform close to their average vs. BUF who currently ranks #18 against this position","at  LARThis is a 3 star matchup. WRs perform close to their average vs. LAR who currently ranks #17 against this position","at  CINThis is a 3 star matchup. WRs perform close to their average vs. CIN who currently ranks #12 against this position","vs.  NEThis is a 4 star matchup. WRs perform better than their average vs. NE who currently ranks #6 against this position","vs.  SFThis is a 3 star matchup. WRs perform close to their average vs. SF who currently ranks #15 against this position","at  LACThis is a 2 star matchup. WRs perform below their average vs. LAC who currently ranks #30 against this position","vs.  LVThis is a 3 star matchup. WRs perform close to their average vs. LV who currently ranks #19 against this position"
"238","Kameron JohnsonK. Johnson TB","at  CINThis is a 3 star matchup. WRs perform close to their average vs. CIN who currently ranks #12 against this position","vs.  CLEThis is a 4 star matchup. WRs perform close to their average vs. CLE who currently ranks #10 against this position","vs.  MINThis is a 2 star matchup. WRs perform below their average vs. MIN who currently ranks #29 against this position","vs.  GBThis is a 3 star matchup. WRs perform close to their average vs. GB who currently ranks #14 against this position","at  DALThis is a 5 star matchup. WRs perform better than their average vs. DAL who currently ranks #1 against this position","vs.  PITThis is a 3 star matchup. WRs perform close to their average vs. PIT who currently ranks #22 against this position","at  CARThis is a 3 star matchup. WRs perform close to their average vs. CAR who currently ranks #20 against this position","vs.  ATLThis is a 4 star matchup. WRs perform better than their average vs. ATL who currently ranks #4 against this position","at  CHIThis is a 4 star matchup. WRs perform better than their average vs. CHI who currently ranks #5 against this position","BYE","at  DETThis is a 4 star matchup. WRs perform better than their average vs. DET who currently ranks #8 against this position","vs.  CARThis is a 3 star matchup. WRs perform close to their average vs. CAR who currently ranks #20 against this position","vs.  LACThis is a 2 star matchup. WRs perform below their average vs. LAC who currently ranks #30 against this position","at  BALThis is a 3 star matchup. WRs perform close to their average vs. BAL who currently ranks #13 against this position","vs.  NOThis is a 4 star matchup. WRs perform close to their average vs. NO who currently ranks #11 against this position","at  ATLThis is a 4 star matchup. WRs perform better than their average vs. ATL who currently ranks #4 against this position","vs.  LARThis is a 3 star matchup. WRs perform close to their average vs. LAR who currently ranks #17 against this position","at  NOThis is a 4 star matchup. WRs perform close to their average vs. NO who currently ranks #11 against this position"
"239","Brennan PresleyB. Presley LAR","vs.  SFThis is a 3 star matchup. WRs perform close to their average vs. SF who currently ranks #15 against this position","vs.  NYGThis is a 3 star matchup. WRs perform close to their average vs. NYG who currently ranks #23 against this position","at  DENThis is a 2 star matchup. WRs perform below their average vs. DEN who currently ranks #31 against this position","at  PHIThis is a 1 star matchup. WRs perform below their average vs. PHI who currently ranks #32 against this position","vs.  BUFThis is a 3 star matchup. WRs perform close to their average vs. BUF who currently ranks #18 against this position","vs.  ARIThis is a 3 star matchup. WRs perform close to their average vs. ARI who currently ranks #24 against this position","at  LVThis is a 3 star matchup. WRs perform close to their average vs. LV who currently ranks #19 against this position","vs.  LACThis is a 2 star matchup. WRs perform below their average vs. LAC who currently ranks #30 against this position","at  WASThis is a 4 star matchup. WRs perform better than their average vs. WAS who currently ranks #7 against this position","at  ARIThis is a 3 star matchup. WRs perform close to their average vs. ARI who currently ranks #24 against this position","BYE","vs.  GBThis is a 3 star matchup. WRs perform close to their average vs. GB who currently ranks #14 against this position","vs.  KCThis is a 2 star matchup. WRs perform close to their average vs. KC who currently ranks #25 against this position","at  SFThis is a 3 star matchup. WRs perform close to their average vs. SF who currently ranks #15 against this position","vs.  DALThis is a 5 star matchup. WRs perform better than their average vs. DAL who currently ranks #1 against this position","at  SEAThis is a 2 star matchup. WRs perform below their average vs. SEA who currently ranks #27 against this position","at  TBThis is a 2 star matchup. WRs perform below their average vs. TB who currently ranks #26 against this position","vs.  SEAThis is a 2 star matchup. WRs perform below their average vs. SEA who currently ranks #27 against this position"
"240","Anthony SmithA. Smith DAL","at  NYGThis is a 3 star matchup. WRs perform close to their average vs. NYG who currently ranks #23 against this position","vs.  WASThis is a 4 star matchup. WRs perform better than their average vs. WAS who currently ranks #7 against this position","vs.  BALThis is a 3 star matchup. WRs perform close to their average vs. BAL who currently ranks #13 against this position","at  HOUThis is a 3 star matchup. WRs perform close to their average vs. HOU who currently ranks #21 against this position","vs.  TBThis is a 2 star matchup. WRs perform below their average vs. TB who currently ranks #26 against this position","at  GBThis is a 3 star matchup. WRs perform close to their average vs. GB who currently ranks #14 against this position","at  PHIThis is a 1 star matchup. WRs perform below their average vs. PHI who currently ranks #32 against this position","vs.  ARIThis is a 3 star matchup. WRs perform close to their average vs. ARI who currently ranks #24 against this position","at  INDThis is a 3 star matchup. WRs perform close to their average vs. IND who currently ranks #16 against this position","vs.  SFThis is a 3 star matchup. WRs perform close to their average vs. SF who currently ranks #15 against this position","vs.  TENThis is a 4 star matchup. WRs perform better than their average vs. TEN who currently ranks #3 against this position","vs.  PHIThis is a 1 star matchup. WRs perform below their average vs. PHI who currently ranks #32 against this position","at  SEAThis is a 2 star matchup. WRs perform below their average vs. SEA who currently ranks #27 against this position","BYE","at  LARThis is a 3 star matchup. WRs perform close to their average vs. LAR who currently ranks #17 against this position","vs.  JACThis is a 2 star matchup. WRs perform below their average vs. JAC who currently ranks #28 against this position","vs.  NYGThis is a 3 star matchup. WRs perform close to their average vs. NYG who currently ranks #23 against this position","at  WASThis is a 4 star matchup. WRs perform better than their average vs. WAS who currently ranks #7 against this position"
"241","Stephen GosnellS. Gosnell BUF","at  HOUThis is a 3 star matchup. WRs perform close to their average vs. HOU who currently ranks #21 against this position","vs.  DETThis is a 4 star matchup. WRs perform better than their average vs. DET who currently ranks #8 against this position","vs.  LACThis is a 2 star matchup. WRs perform below their average vs. LAC who currently ranks #30 against this position","vs.  NEThis is a 4 star matchup. WRs perform better than their average vs. NE who currently ranks #6 against this position","at  LARThis is a 3 star matchup. WRs perform close to their average vs. LAR who currently ranks #17 against this position","at  LVThis is a 3 star matchup. WRs perform close to their average vs. LV who currently ranks #19 against this position","BYE","vs.  BALThis is a 3 star matchup. WRs perform close to their average vs. BAL who currently ranks #13 against this position","at  MINThis is a 2 star matchup. WRs perform below their average vs. MIN who currently ranks #29 against this position","at  NYJThis is a 4 star matchup. WRs perform close to their average vs. NYJ who currently ranks #9 against this position","vs.  MIAThis is a 5 star matchup. WRs perform better than their average vs. MIA who currently ranks #2 against this position","vs.  KCThis is a 2 star matchup. WRs perform close to their average vs. KC who currently ranks #25 against this position","at  NEThis is a 4 star matchup. WRs perform better than their average vs. NE who currently ranks #6 against this position","at  GBThis is a 3 star matchup. WRs perform close to their average vs. GB who currently ranks #14 against this position","vs.  CHIThis is a 4 star matchup. WRs perform better than their average vs. CHI who currently ranks #5 against this position","at  DENThis is a 2 star matchup. WRs perform below their average vs. DEN who currently ranks #31 against this position","at  MIAThis is a 5 star matchup. WRs perform better than their average vs. MIA who currently ranks #2 against this position","vs.  NYJThis is a 4 star matchup. WRs perform close to their average vs. NYJ who currently ranks #9 against this position"
""
""